yB_center,residual_center,count
0.1275,158.75,1
0.1275,243.75,1
0.1325,218.75,1
0.1375,183.75,1
0.1375,208.75,1
0.1375,261.25,1
0.1375,273.75,1
0.1375,293.75,1
0.1425,36.25,1
0.1425,46.25,1
0.1425,118.75,1
0.1425,136.25,2
0.1425,153.75,1
0.1425,166.25,1
0.1425,168.75,1
0.1425,178.75,1
0.1425,188.75,2
0.1425,198.75,3
0.1425,206.25,1
0.1425,208.75,2
0.1425,211.25,2
0.1425,223.75,1
0.1425,236.25,1
0.1425,241.25,1
0.1425,243.75,2
0.1425,248.75,1
0.1425,253.75,1
0.1425,258.75,2
0.1425,261.25,1
0.1425,268.75,1
0.1425,276.25,2
0.1425,286.25,3
0.1425,288.75,1
0.1425,291.25,1
0.1425,293.75,1
0.1425,298.75,1
0.1475,43.75,1
0.1475,51.25,1
0.1475,93.75,1
0.1475,106.25,1
0.1475,111.25,1
0.1475,116.25,1
0.1475,146.25,1
0.1475,151.25,1
0.1475,156.25,1
0.1475,161.25,1
0.1475,168.75,2
0.1475,171.25,1
0.1475,173.75,1
0.1475,178.75,3
0.1475,181.25,2
0.1475,188.75,2
0.1475,191.25,1
0.1475,196.25,1
0.1475,203.75,2
0.1475,206.25,5
0.1475,208.75,1
0.1475,211.25,2
0.1475,213.75,1
0.1475,218.75,1
0.1475,221.25,1
0.1475,223.75,1
0.1475,238.75,1
0.1475,241.25,4
0.1475,243.75,1
0.1475,246.25,1
0.1475,251.25,1
0.1475,253.75,1
0.1475,256.25,1
0.1475,261.25,1
0.1475,263.75,1
0.1475,266.25,1
0.1475,271.25,1
0.1475,278.75,1
0.1475,281.25,2
0.1475,291.25,1
0.1475,293.75,2
0.1475,296.25,1
0.1525,36.25,1
0.1525,38.75,1
0.1525,73.75,1
0.1525,98.75,1
0.1525,116.25,1
0.1525,121.25,2
0.1525,151.25,1
0.1525,153.75,1
0.1525,156.25,1
0.1525,158.75,2
0.1525,163.75,1
0.1525,166.25,1
0.1525,168.75,1
0.1525,171.25,1
0.1525,176.25,1
0.1525,186.25,1
0.1525,188.75,5
0.1525,191.25,5
0.1525,193.75,1
0.1525,196.25,4
0.1525,198.75,2
0.1525,201.25,3
0.1525,203.75,2
0.1525,206.25,1
0.1525,208.75,3
0.1525,213.75,3
0.1525,216.25,2
0.1525,218.75,5
0.1525,223.75,4
0.1525,226.25,3
0.1525,228.75,2
0.1525,231.25,4
0.1525,233.75,1
0.1525,236.25,4
0.1525,241.25,1
0.1525,243.75,1
0.1525,246.25,2
0.1525,248.75,3
0.1525,251.25,1
0.1525,253.75,1
0.1525,258.75,2
0.1525,261.25,3
0.1525,266.25,4
0.1525,268.75,1
0.1525,271.25,1
0.1525,273.75,2
0.1525,276.25,4
0.1525,278.75,5
0.1525,281.25,3
0.1525,283.75,4
0.1525,288.75,4
0.1525,291.25,2
0.1525,298.75,1
0.1575,1.25,1
0.1575,91.25,1
0.1575,93.75,1
0.1575,101.25,2
0.1575,106.25,1
0.1575,108.75,1
0.1575,111.25,1
0.1575,113.75,1
0.1575,121.25,1
0.1575,128.75,1
0.1575,133.75,1
0.1575,138.75,2
0.1575,146.25,2
0.1575,148.75,2
0.1575,151.25,1
0.1575,153.75,1
0.1575,156.25,3
0.1575,158.75,1
0.1575,163.75,2
0.1575,166.25,2
0.1575,168.75,4
0.1575,171.25,4
0.1575,173.75,4
0.1575,176.25,3
0.1575,178.75,3
0.1575,181.25,3
0.1575,183.75,2
0.1575,186.25,5
0.1575,188.75,4
0.1575,191.25,2
0.1575,193.75,5
0.1575,196.25,5
0.1575,198.75,3
0.1575,201.25,7
0.1575,203.75,4
0.1575,206.25,5
0.1575,208.75,4
0.1575,211.25,4
0.1575,213.75,4
0.1575,216.25,3
0.1575,218.75,1
0.1575,221.25,3
0.1575,223.75,6
0.1575,226.25,3
0.1575,228.75,3
0.1575,231.25,3
0.1575,233.75,3
0.1575,236.25,5
0.1575,238.75,1
0.1575,241.25,2
0.1575,248.75,2
0.1575,251.25,2
0.1575,253.75,4
0.1575,256.25,1
0.1575,258.75,4
0.1575,261.25,1
0.1575,263.75,1
0.1575,266.25,2
0.1575,268.75,1
0.1575,271.25,2
0.1575,273.75,3
0.1575,276.25,1
0.1575,278.75,1
0.1575,281.25,7
0.1575,283.75,1
0.1575,286.25,4
0.1575,288.75,3
0.1575,291.25,1
0.1575,293.75,2
0.1575,296.25,3
0.1575,298.75,1
0.1625,26.25,2
0.1625,31.25,1
0.1625,43.75,1
0.1625,46.25,1
0.1625,51.25,1
0.1625,78.75,1
0.1625,91.25,1
0.1625,93.75,1
0.1625,118.75,3
0.1625,121.25,1
0.1625,126.25,1
0.1625,128.75,1
0.1625,131.25,4
0.1625,133.75,1
0.1625,136.25,1
0.1625,138.75,1
0.1625,141.25,1
0.1625,143.75,1
0.1625,146.25,4
0.1625,148.75,6
0.1625,151.25,3
0.1625,153.75,1
0.1625,156.25,5
0.1625,158.75,4
0.1625,161.25,6
0.1625,163.75,3
0.1625,166.25,4
0.1625,168.75,8
0.1625,173.75,10
0.1625,176.25,12
0.1625,178.75,7
0.1625,181.25,6
0.1625,183.75,8
0.1625,186.25,6
0.1625,188.75,6
0.1625,191.25,8
0.1625,193.75,8
0.1625,196.25,5
0.1625,198.75,12
0.1625,201.25,7
0.1625,203.75,4
0.1625,206.25,7
0.1625,208.75,14
0.1625,211.25,3
0.1625,213.75,8
0.1625,216.25,12
0.1625,218.75,6
0.1625,221.25,7
0.1625,223.75,3
0.1625,226.25,5
0.1625,228.75,11
0.1625,231.25,6
0.1625,233.75,3
0.1625,236.25,5
0.1625,238.75,8
0.1625,241.25,3
0.1625,243.75,8
0.1625,246.25,1
0.1625,248.75,4
0.1625,251.25,5
0.1625,253.75,5
0.1625,258.75,4
0.1625,261.25,4
0.1625,263.75,4
0.1625,268.75,3
0.1625,271.25,5
0.1625,273.75,6
0.1625,276.25,1
0.1625,278.75,4
0.1625,281.25,4
0.1625,283.75,3
0.1625,286.25,1
0.1625,288.75,2
0.1625,291.25,4
0.1625,293.75,5
0.1625,296.25,4
0.1625,298.75,4
0.1675,-88.75,1
0.1675,33.75,1
0.1675,38.75,1
0.1675,46.25,1
0.1675,48.75,1
0.1675,56.25,2
0.1675,63.75,6
0.1675,71.25,1
0.1675,78.75,4
0.1675,93.75,3
0.1675,96.25,1
0.1675,98.75,1
0.1675,101.25,2
0.1675,103.75,1
0.1675,106.25,3
0.1675,108.75,2
0.1675,111.25,1
0.1675,116.25,1
0.1675,118.75,2
0.1675,123.75,3
0.1675,126.25,2
0.1675,128.75,4
0.1675,131.25,3
0.1675,133.75,4
0.1675,136.25,4
0.1675,138.75,4
0.1675,141.25,5
0.1675,143.75,2
0.1675,146.25,8
0.1675,148.75,6
0.1675,151.25,6
0.1675,153.75,5
0.1675,156.25,13
0.1675,158.75,8
0.1675,161.25,6
0.1675,163.75,8
0.1675,166.25,11
0.1675,168.75,7
0.1675,171.25,19
0.1675,173.75,14
0.1675,176.25,15
0.1675,178.75,5
0.1675,181.25,12
0.1675,183.75,13
0.1675,186.25,14
0.1675,188.75,20
0.1675,191.25,13
0.1675,193.75,14
0.1675,196.25,11
0.1675,198.75,12
0.1675,201.25,10
0.1675,203.75,16
0.1675,206.25,10
0.1675,208.75,10
0.1675,211.25,8
0.1675,213.75,14
0.1675,216.25,8
0.1675,218.75,6
0.1675,221.25,12
0.1675,223.75,3
0.1675,226.25,3
0.1675,228.75,10
0.1675,231.25,13
0.1675,233.75,5
0.1675,236.25,3
0.1675,238.75,8
0.1675,241.25,8
0.1675,243.75,2
0.1675,246.25,5
0.1675,248.75,7
0.1675,251.25,7
0.1675,253.75,4
0.1675,256.25,5
0.1675,258.75,6
0.1675,261.25,4
0.1675,263.75,5
0.1675,266.25,5
0.1675,268.75,5
0.1675,271.25,6
0.1675,273.75,2
0.1675,276.25,7
0.1675,278.75,6
0.1675,281.25,5
0.1675,283.75,5
0.1675,286.25,4
0.1675,288.75,6
0.1675,291.25,3
0.1675,293.75,5
0.1675,296.25,1
0.1675,298.75,3
0.1725,-96.25,1
0.1725,21.25,1
0.1725,31.25,1
0.1725,33.75,1
0.1725,38.75,2
0.1725,43.75,2
0.1725,46.25,2
0.1725,56.25,2
0.1725,58.75,2
0.1725,61.25,3
0.1725,63.75,1
0.1725,71.25,6
0.1725,73.75,1
0.1725,76.25,3
0.1725,83.75,3
0.1725,86.25,4
0.1725,88.75,2
0.1725,91.25,2
0.1725,93.75,3
0.1725,96.25,2
0.1725,98.75,4
0.1725,101.25,3
0.1725,103.75,3
0.1725,106.25,6
0.1725,108.75,1
0.1725,111.25,3
0.1725,113.75,4
0.1725,116.25,13
0.1725,118.75,3
0.1725,121.25,5
0.1725,123.75,8
0.1725,126.25,10
0.1725,128.75,9
0.1725,131.25,12
0.1725,133.75,9
0.1725,136.25,12
0.1725,138.75,12
0.1725,141.25,15
0.1725,143.75,16
0.1725,146.25,13
0.1725,148.75,10
0.1725,151.25,13
0.1725,153.75,17
0.1725,156.25,18
0.1725,158.75,17
0.1725,161.25,16
0.1725,163.75,25
0.1725,166.25,23
0.1725,168.75,14
0.1725,171.25,19
0.1725,173.75,16
0.1725,176.25,16
0.1725,178.75,20
0.1725,181.25,17
0.1725,183.75,8
0.1725,186.25,11
0.1725,188.75,13
0.1725,191.25,12
0.1725,193.75,15
0.1725,196.25,15
0.1725,198.75,19
0.1725,201.25,14
0.1725,203.75,17
0.1725,206.25,5
0.1725,208.75,19
0.1725,211.25,7
0.1725,213.75,6
0.1725,216.25,6
0.1725,218.75,6
0.1725,221.25,15
0.1725,223.75,11
0.1725,226.25,7
0.1725,228.75,12
0.1725,231.25,15
0.1725,233.75,6
0.1725,236.25,12
0.1725,238.75,13
0.1725,241.25,9
0.1725,243.75,13
0.1725,246.25,15
0.1725,248.75,11
0.1725,251.25,9
0.1725,253.75,13
0.1725,256.25,9
0.1725,258.75,4
0.1725,261.25,7
0.1725,263.75,15
0.1725,266.25,11
0.1725,268.75,9
0.1725,271.25,16
0.1725,273.75,9
0.1725,276.25,12
0.1725,278.75,4
0.1725,281.25,13
0.1725,283.75,10
0.1725,286.25,8
0.1725,288.75,8
0.1725,291.25,12
0.1725,293.75,12
0.1725,296.25,7
0.1725,298.75,7
0.1775,-16.25,1
0.1775,-1.25,1
0.1775,1.25,1
0.1775,16.25,1
0.1775,18.75,2
0.1775,26.25,1
0.1775,33.75,2
0.1775,38.75,1
0.1775,41.25,1
0.1775,43.75,1
0.1775,48.75,1
0.1775,51.25,3
0.1775,53.75,2
0.1775,58.75,1
0.1775,61.25,2
0.1775,63.75,1
0.1775,66.25,4
0.1775,68.75,2
0.1775,71.25,3
0.1775,73.75,4
0.1775,76.25,1
0.1775,78.75,11
0.1775,83.75,4
0.1775,86.25,3
0.1775,88.75,4
0.1775,91.25,5
0.1775,93.75,5
0.1775,96.25,7
0.1775,98.75,3
0.1775,101.25,10
0.1775,103.75,5
0.1775,106.25,7
0.1775,108.75,11
0.1775,111.25,11
0.1775,113.75,14
0.1775,116.25,13
0.1775,118.75,8
0.1775,121.25,15
0.1775,123.75,25
0.1775,126.25,29
0.1775,128.75,23
0.1775,131.25,39
0.1775,133.75,38
0.1775,136.25,41
0.1775,138.75,60
0.1775,141.25,46
0.1775,143.75,46
0.1775,146.25,47
0.1775,148.75,41
0.1775,151.25,58
0.1775,153.75,44
0.1775,156.25,41
0.1775,158.75,49
0.1775,161.25,39
0.1775,163.75,28
0.1775,166.25,37
0.1775,168.75,34
0.1775,171.25,32
0.1775,173.75,26
0.1775,176.25,31
0.1775,178.75,28
0.1775,181.25,27
0.1775,183.75,18
0.1775,186.25,20
0.1775,188.75,25
0.1775,191.25,27
0.1775,193.75,26
0.1775,196.25,18
0.1775,198.75,14
0.1775,201.25,27
0.1775,203.75,12
0.1775,206.25,16
0.1775,208.75,21
0.1775,211.25,19
0.1775,213.75,31
0.1775,216.25,28
0.1775,218.75,14
0.1775,221.25,23
0.1775,223.75,17
0.1775,226.25,18
0.1775,228.75,14
0.1775,231.25,16
0.1775,233.75,13
0.1775,236.25,13
0.1775,238.75,26
0.1775,241.25,14
0.1775,243.75,13
0.1775,246.25,14
0.1775,248.75,14
0.1775,251.25,18
0.1775,253.75,15
0.1775,256.25,14
0.1775,258.75,12
0.1775,261.25,17
0.1775,263.75,10
0.1775,266.25,14
0.1775,268.75,16
0.1775,271.25,17
0.1775,273.75,15
0.1775,276.25,15
0.1775,278.75,12
0.1775,281.25,11
0.1775,283.75,14
0.1775,286.25,18
0.1775,288.75,12
0.1775,291.25,13
0.1775,293.75,16
0.1775,296.25,14
0.1775,298.75,18
0.1825,-6.25,1
0.1825,-3.75,2
0.1825,8.75,1
0.1825,11.25,1
0.1825,13.75,1
0.1825,16.25,2
0.1825,18.75,2
0.1825,21.25,1
0.1825,26.25,1
0.1825,28.75,1
0.1825,31.25,5
0.1825,36.25,1
0.1825,41.25,3
0.1825,43.75,1
0.1825,48.75,1
0.1825,51.25,5
0.1825,53.75,2
0.1825,56.25,7
0.1825,58.75,3
0.1825,61.25,4
0.1825,63.75,2
0.1825,66.25,4
0.1825,68.75,8
0.1825,71.25,11
0.1825,73.75,6
0.1825,76.25,9
0.1825,78.75,14
0.1825,81.25,12
0.1825,83.75,13
0.1825,86.25,7
0.1825,88.75,19
0.1825,91.25,10
0.1825,93.75,23
0.1825,96.25,19
0.1825,98.75,16
0.1825,101.25,20
0.1825,103.75,23
0.1825,106.25,17
0.1825,108.75,29
0.1825,111.25,36
0.1825,113.75,28
0.1825,116.25,52
0.1825,118.75,38
0.1825,121.25,42
0.1825,123.75,74
0.1825,126.25,54
0.1825,128.75,70
0.1825,131.25,76
0.1825,133.75,76
0.1825,136.25,103
0.1825,138.75,96
0.1825,141.25,93
0.1825,143.75,121
0.1825,146.25,87
0.1825,148.75,96
0.1825,151.25,97
0.1825,153.75,99
0.1825,156.25,80
0.1825,158.75,75
0.1825,161.25,77
0.1825,163.75,83
0.1825,166.25,54
0.1825,168.75,53
0.1825,171.25,45
0.1825,173.75,52
0.1825,176.25,40
0.1825,178.75,34
0.1825,181.25,24
0.1825,183.75,37
0.1825,186.25,35
0.1825,188.75,28
0.1825,191.25,25
0.1825,193.75,37
0.1825,196.25,22
0.1825,198.75,32
0.1825,201.25,34
0.1825,203.75,18
0.1825,206.25,25
0.1825,208.75,19
0.1825,211.25,22
0.1825,213.75,21
0.1825,216.25,19
0.1825,218.75,16
0.1825,221.25,19
0.1825,223.75,24
0.1825,226.25,25
0.1825,228.75,15
0.1825,231.25,21
0.1825,233.75,15
0.1825,236.25,19
0.1825,238.75,34
0.1825,241.25,26
0.1825,243.75,18
0.1825,246.25,15
0.1825,248.75,12
0.1825,251.25,18
0.1825,253.75,19
0.1825,256.25,20
0.1825,258.75,21
0.1825,261.25,22
0.1825,263.75,16
0.1825,266.25,20
0.1825,268.75,20
0.1825,271.25,26
0.1825,273.75,19
0.1825,276.25,13
0.1825,278.75,15
0.1825,281.25,14
0.1825,283.75,13
0.1825,286.25,13
0.1825,288.75,20
0.1825,291.25,9
0.1825,293.75,12
0.1825,296.25,18
0.1825,298.75,19
0.1875,-73.75,1
0.1875,-28.75,1
0.1875,-26.25,1
0.1875,-8.75,2
0.1875,-3.75,1
0.1875,8.75,1
0.1875,11.25,1
0.1875,13.75,3
0.1875,16.25,1
0.1875,23.75,1
0.1875,28.75,1
0.1875,33.75,1
0.1875,38.75,2
0.1875,41.25,1
0.1875,43.75,4
0.1875,48.75,5
0.1875,51.25,7
0.1875,53.75,4
0.1875,56.25,13
0.1875,58.75,14
0.1875,61.25,7
0.1875,63.75,9
0.1875,66.25,14
0.1875,68.75,22
0.1875,71.25,22
0.1875,73.75,30
0.1875,76.25,23
0.1875,78.75,29
0.1875,81.25,16
0.1875,83.75,31
0.1875,86.25,21
0.1875,88.75,36
0.1875,91.25,42
0.1875,93.75,30
0.1875,96.25,28
0.1875,98.75,33
0.1875,101.25,38
0.1875,103.75,50
0.1875,106.25,51
0.1875,108.75,74
0.1875,111.25,61
0.1875,113.75,69
0.1875,116.25,92
0.1875,118.75,103
0.1875,121.25,106
0.1875,123.75,118
0.1875,126.25,136
0.1875,128.75,150
0.1875,131.25,158
0.1875,133.75,167
0.1875,136.25,171
0.1875,138.75,194
0.1875,141.25,169
0.1875,143.75,175
0.1875,146.25,180
0.1875,148.75,172
0.1875,151.25,125
0.1875,153.75,143
0.1875,156.25,118
0.1875,158.75,145
0.1875,161.25,101
0.1875,163.75,75
0.1875,166.25,79
0.1875,168.75,77
0.1875,171.25,58
0.1875,173.75,59
0.1875,176.25,63
0.1875,178.75,58
0.1875,181.25,48
0.1875,183.75,31
0.1875,186.25,43
0.1875,188.75,41
0.1875,191.25,31
0.1875,193.75,45
0.1875,196.25,33
0.1875,198.75,37
0.1875,201.25,49
0.1875,203.75,25
0.1875,206.25,23
0.1875,208.75,35
0.1875,211.25,22
0.1875,213.75,24
0.1875,216.25,27
0.1875,218.75,35
0.1875,221.25,22
0.1875,223.75,35
0.1875,226.25,22
0.1875,228.75,20
0.1875,231.25,32
0.1875,233.75,27
0.1875,236.25,21
0.1875,238.75,31
0.1875,241.25,36
0.1875,243.75,26
0.1875,246.25,30
0.1875,248.75,25
0.1875,251.25,31
0.1875,253.75,28
0.1875,256.25,32
0.1875,258.75,38
0.1875,261.25,23
0.1875,263.75,29
0.1875,266.25,22
0.1875,268.75,20
0.1875,271.25,16
0.1875,273.75,24
0.1875,276.25,28
0.1875,278.75,22
0.1875,281.25,21
0.1875,283.75,18
0.1875,286.25,19
0.1875,288.75,23
0.1875,291.25,14
0.1875,293.75,21
0.1875,296.25,10
0.1875,298.75,16
0.1925,-148.75,1
0.1925,-128.75,2
0.1925,-121.25,3
0.1925,-111.25,1
0.1925,-56.25,1
0.1925,-53.75,1
0.1925,-23.75,2
0.1925,-18.75,1
0.1925,-13.75,1
0.1925,-6.25,1
0.1925,1.25,1
0.1925,11.25,1
0.1925,13.75,2
0.1925,16.25,1
0.1925,21.25,1
0.1925,23.75,1
0.1925,26.25,1
0.1925,28.75,1
0.1925,31.25,5
0.1925,33.75,2
0.1925,36.25,3
0.1925,38.75,2
0.1925,41.25,1
0.1925,43.75,3
0.1925,46.25,7
0.1925,48.75,4
0.1925,51.25,7
0.1925,53.75,11
0.1925,56.25,12
0.1925,58.75,8
0.1925,61.25,19
0.1925,63.75,17
0.1925,66.25,26
0.1925,68.75,30
0.1925,71.25,32
0.1925,73.75,34
0.1925,76.25,57
0.1925,78.75,34
0.1925,81.25,50
0.1925,83.75,52
0.1925,86.25,56
0.1925,88.75,57
0.1925,91.25,56
0.1925,93.75,58
0.1925,96.25,79
0.1925,98.75,76
0.1925,101.25,78
0.1925,103.75,89
0.1925,106.25,106
0.1925,108.75,114
0.1925,111.25,119
0.1925,113.75,143
0.1925,116.25,137
0.1925,118.75,169
0.1925,121.25,186
0.1925,123.75,190
0.1925,126.25,209
0.1925,128.75,210
0.1925,131.25,247
0.1925,133.75,245
0.1925,136.25,237
0.1925,138.75,215
0.1925,141.25,258
0.1925,143.75,229
0.1925,146.25,216
0.1925,148.75,203
0.1925,151.25,201
0.1925,153.75,170
0.1925,156.25,156
0.1925,158.75,150
0.1925,161.25,111
0.1925,163.75,112
0.1925,166.25,82
0.1925,168.75,104
0.1925,171.25,81
0.1925,173.75,71
0.1925,176.25,54
0.1925,178.75,56
0.1925,181.25,54
0.1925,183.75,57
0.1925,186.25,40
0.1925,188.75,36
0.1925,191.25,35
0.1925,193.75,49
0.1925,196.25,50
0.1925,198.75,53
0.1925,201.25,38
0.1925,203.75,42
0.1925,206.25,46
0.1925,208.75,36
0.1925,211.25,38
0.1925,213.75,36
0.1925,216.25,49
0.1925,218.75,32
0.1925,221.25,49
0.1925,223.75,45
0.1925,226.25,38
0.1925,228.75,23
0.1925,231.25,32
0.1925,233.75,30
0.1925,236.25,24
0.1925,238.75,33
0.1925,241.25,42
0.1925,243.75,28
0.1925,246.25,28
0.1925,248.75,41
0.1925,251.25,26
0.1925,253.75,23
0.1925,256.25,29
0.1925,258.75,21
0.1925,261.25,33
0.1925,263.75,34
0.1925,266.25,27
0.1925,268.75,24
0.1925,271.25,20
0.1925,273.75,22
0.1925,276.25,17
0.1925,278.75,22
0.1925,281.25,18
0.1925,283.75,22
0.1925,286.25,25
0.1925,288.75,17
0.1925,291.25,13
0.1925,293.75,23
0.1925,296.25,17
0.1925,298.75,14
0.1975,-118.75,1
0.1975,-61.25,1
0.1975,-48.75,1
0.1975,-46.25,1
0.1975,-33.75,1
0.1975,-18.75,1
0.1975,-8.75,2
0.1975,1.25,4
0.1975,8.75,1
0.1975,11.25,3
0.1975,13.75,2
0.1975,18.75,1
0.1975,21.25,1
0.1975,26.25,3
0.1975,28.75,6
0.1975,31.25,3
0.1975,33.75,3
0.1975,36.25,7
0.1975,38.75,5
0.1975,41.25,2
0.1975,43.75,7
0.1975,46.25,4
0.1975,48.75,6
0.1975,51.25,8
0.1975,53.75,13
0.1975,56.25,18
0.1975,58.75,29
0.1975,61.25,30
0.1975,63.75,40
0.1975,66.25,44
0.1975,68.75,44
0.1975,71.25,54
0.1975,73.75,64
0.1975,76.25,66
0.1975,78.75,89
0.1975,81.25,89
0.1975,83.75,94
0.1975,86.25,91
0.1975,88.75,80
0.1975,91.25,96
0.1975,93.75,112
0.1975,96.25,124
0.1975,98.75,98
0.1975,101.25,144
0.1975,103.75,139
0.1975,106.25,147
0.1975,108.75,192
0.1975,111.25,180
0.1975,113.75,198
0.1975,116.25,216
0.1975,118.75,253
0.1975,121.25,282
0.1975,123.75,282
0.1975,126.25,275
0.1975,128.75,259
0.1975,131.25,292
0.1975,133.75,264
0.1975,136.25,274
0.1975,138.75,252
0.1975,141.25,256
0.1975,143.75,238
0.1975,146.25,199
0.1975,148.75,201
0.1975,151.25,193
0.1975,153.75,143
0.1975,156.25,147
0.1975,158.75,150
0.1975,161.25,132
0.1975,163.75,104
0.1975,166.25,103
0.1975,168.75,94
0.1975,171.25,84
0.1975,173.75,72
0.1975,176.25,65
0.1975,178.75,66
0.1975,181.25,54
0.1975,183.75,67
0.1975,186.25,51
0.1975,188.75,72
0.1975,191.25,54
0.1975,193.75,52
0.1975,196.25,38
0.1975,198.75,64
0.1975,201.25,51
0.1975,203.75,61
0.1975,206.25,49
0.1975,208.75,46
0.1975,211.25,48
0.1975,213.75,47
0.1975,216.25,54
0.1975,218.75,36
0.1975,221.25,49
0.1975,223.75,42
0.1975,226.25,49
0.1975,228.75,41
0.1975,231.25,31
0.1975,233.75,36
0.1975,236.25,37
0.1975,238.75,49
0.1975,241.25,43
0.1975,243.75,28
0.1975,246.25,36
0.1975,248.75,31
0.1975,251.25,41
0.1975,253.75,35
0.1975,256.25,31
0.1975,258.75,39
0.1975,261.25,34
0.1975,263.75,29
0.1975,266.25,27
0.1975,268.75,22
0.1975,271.25,24
0.1975,273.75,27
0.1975,276.25,19
0.1975,278.75,15
0.1975,281.25,31
0.1975,283.75,20
0.1975,286.25,26
0.1975,288.75,21
0.1975,291.25,11
0.1975,293.75,20
0.1975,296.25,18
0.1975,298.75,8
0.2025,-81.25,1
0.2025,-76.25,1
0.2025,-73.75,1
0.2025,-63.75,1
0.2025,-58.75,1
0.2025,-48.75,1
0.2025,-41.25,2
0.2025,-38.75,1
0.2025,-33.75,1
0.2025,-31.25,1
0.2025,-23.75,3
0.2025,-18.75,2
0.2025,-8.75,1
0.2025,-6.25,1
0.2025,-3.75,1
0.2025,1.25,1
0.2025,3.75,1
0.2025,6.25,1
0.2025,8.75,1
0.2025,11.25,2
0.2025,13.75,1
0.2025,16.25,1
0.2025,21.25,3
0.2025,23.75,3
0.2025,26.25,5
0.2025,28.75,3
0.2025,31.25,4
0.2025,33.75,4
0.2025,36.25,2
0.2025,38.75,6
0.2025,41.25,8
0.2025,43.75,15
0.2025,46.25,22
0.2025,48.75,16
0.2025,51.25,23
0.2025,53.75,27
0.2025,56.25,36
0.2025,58.75,47
0.2025,61.25,65
0.2025,63.75,61
0.2025,66.25,90
0.2025,68.75,101
0.2025,71.25,95
0.2025,73.75,106
0.2025,76.25,138
0.2025,78.75,87
0.2025,81.25,127
0.2025,83.75,129
0.2025,86.25,152
0.2025,88.75,169
0.2025,91.25,169
0.2025,93.75,191
0.2025,96.25,179
0.2025,98.75,204
0.2025,101.25,238
0.2025,103.75,239
0.2025,106.25,263
0.2025,108.75,286
0.2025,111.25,266
0.2025,113.75,238
0.2025,116.25,293
0.2025,118.75,297
0.2025,121.25,267
0.2025,123.75,287
0.2025,126.25,264
0.2025,128.75,315
0.2025,131.25,291
0.2025,133.75,254
0.2025,136.25,252
0.2025,138.75,253
0.2025,141.25,259
0.2025,143.75,202
0.2025,146.25,197
0.2025,148.75,177
0.2025,151.25,164
0.2025,153.75,139
0.2025,156.25,148
0.2025,158.75,127
0.2025,161.25,133
0.2025,163.75,106
0.2025,166.25,96
0.2025,168.75,103
0.2025,171.25,104
0.2025,173.75,73
0.2025,176.25,77
0.2025,178.75,73
0.2025,181.25,55
0.2025,183.75,75
0.2025,186.25,63
0.2025,188.75,52
0.2025,191.25,61
0.2025,193.75,77
0.2025,196.25,54
0.2025,198.75,60
0.2025,201.25,65
0.2025,203.75,66
0.2025,206.25,45
0.2025,208.75,50
0.2025,211.25,69
0.2025,213.75,58
0.2025,216.25,66
0.2025,218.75,48
0.2025,221.25,60
0.2025,223.75,53
0.2025,226.25,48
0.2025,228.75,39
0.2025,231.25,56
0.2025,233.75,37
0.2025,236.25,40
0.2025,238.75,27
0.2025,241.25,46
0.2025,243.75,39
0.2025,246.25,38
0.2025,248.75,43
0.2025,251.25,37
0.2025,253.75,31
0.2025,256.25,36
0.2025,258.75,39
0.2025,261.25,24
0.2025,263.75,34
0.2025,266.25,26
0.2025,268.75,30
0.2025,271.25,27
0.2025,273.75,18
0.2025,276.25,22
0.2025,278.75,30
0.2025,281.25,19
0.2025,283.75,13
0.2025,286.25,12
0.2025,288.75,16
0.2025,291.25,14
0.2025,293.75,13
0.2025,296.25,14
0.2025,298.75,6
0.2075,-146.25,1
0.2075,-128.75,1
0.2075,-121.25,1
0.2075,-48.75,1
0.2075,-46.25,1
0.2075,-36.25,3
0.2075,-33.75,2
0.2075,-31.25,1
0.2075,-28.75,1
0.2075,-26.25,2
0.2075,-23.75,2
0.2075,-21.25,1
0.2075,-18.75,1
0.2075,-16.25,2
0.2075,-13.75,4
0.2075,-11.25,3
0.2075,-8.75,1
0.2075,-3.75,2
0.2075,1.25,3
0.2075,3.75,1
0.2075,6.25,2
0.2075,8.75,2
0.2075,11.25,1
0.2075,16.25,5
0.2075,18.75,5
0.2075,21.25,2
0.2075,23.75,2
0.2075,26.25,3
0.2075,28.75,4
0.2075,31.25,7
0.2075,33.75,8
0.2075,36.25,10
0.2075,38.75,9
0.2075,41.25,13
0.2075,43.75,17
0.2075,46.25,20
0.2075,48.75,39
0.2075,51.25,38
0.2075,53.75,46
0.2075,56.25,64
0.2075,58.75,78
0.2075,61.25,99
0.2075,63.75,128
0.2075,66.25,114
0.2075,68.75,132
0.2075,71.25,162
0.2075,73.75,171
0.2075,76.25,199
0.2075,78.75,226
0.2075,81.25,227
0.2075,83.75,236
0.2075,86.25,267
0.2075,88.75,260
0.2075,91.25,245
0.2075,93.75,276
0.2075,96.25,245
0.2075,98.75,294
0.2075,101.25,277
0.2075,103.75,322
0.2075,106.25,329
0.2075,108.75,317
0.2075,111.25,327
0.2075,113.75,369
0.2075,116.25,344
0.2075,118.75,331
0.2075,121.25,332
0.2075,123.75,313
0.2075,126.25,305
0.2075,128.75,278
0.2075,131.25,282
0.2075,133.75,237
0.2075,136.25,219
0.2075,138.75,218
0.2075,141.25,203
0.2075,143.75,176
0.2075,146.25,178
0.2075,148.75,156
0.2075,151.25,141
0.2075,153.75,141
0.2075,156.25,124
0.2075,158.75,118
0.2075,161.25,125
0.2075,163.75,91
0.2075,166.25,100
0.2075,168.75,105
0.2075,171.25,95
0.2075,173.75,83
0.2075,176.25,94
0.2075,178.75,84
0.2075,181.25,68
0.2075,183.75,97
0.2075,186.25,95
0.2075,188.75,78
0.2075,191.25,65
0.2075,193.75,70
0.2075,196.25,80
0.2075,198.75,83
0.2075,201.25,78
0.2075,203.75,82
0.2075,206.25,65
0.2075,208.75,73
0.2075,211.25,58
0.2075,213.75,53
0.2075,216.25,76
0.2075,218.75,66
0.2075,221.25,56
0.2075,223.75,60
0.2075,226.25,54
0.2075,228.75,37
0.2075,231.25,46
0.2075,233.75,51
0.2075,236.25,34
0.2075,238.75,40
0.2075,241.25,37
0.2075,243.75,41
0.2075,246.25,41
0.2075,248.75,33
0.2075,251.25,42
0.2075,253.75,23
0.2075,256.25,23
0.2075,258.75,39
0.2075,261.25,31
0.2075,263.75,29
0.2075,266.25,26
0.2075,268.75,23
0.2075,271.25,30
0.2075,273.75,23
0.2075,276.25,22
0.2075,278.75,31
0.2075,281.25,14
0.2075,283.75,22
0.2075,286.25,15
0.2075,288.75,22
0.2075,291.25,21
0.2075,293.75,24
0.2075,296.25,19
0.2075,298.75,17
0.2125,-143.75,1
0.2125,-116.25,1
0.2125,-108.75,1
0.2125,-93.75,1
0.2125,-83.75,4
0.2125,-71.25,1
0.2125,-66.25,1
0.2125,-61.25,1
0.2125,-51.25,1
0.2125,-46.25,1
0.2125,-43.75,1
0.2125,-41.25,1
0.2125,-38.75,3
0.2125,-33.75,1
0.2125,-23.75,1
0.2125,-21.25,1
0.2125,-18.75,3
0.2125,-16.25,1
0.2125,-13.75,2
0.2125,-11.25,2
0.2125,-8.75,3
0.2125,-6.25,6
0.2125,-3.75,1
0.2125,-1.25,4
0.2125,1.25,4
0.2125,3.75,2
0.2125,6.25,2
0.2125,8.75,2
0.2125,11.25,4
0.2125,13.75,3
0.2125,16.25,5
0.2125,18.75,2
0.2125,21.25,4
0.2125,23.75,11
0.2125,26.25,3
0.2125,28.75,6
0.2125,31.25,8
0.2125,33.75,6
0.2125,36.25,15
0.2125,38.75,25
0.2125,41.25,15
0.2125,43.75,31
0.2125,46.25,43
0.2125,48.75,49
0.2125,51.25,67
0.2125,53.75,83
0.2125,56.25,94
0.2125,58.75,150
0.2125,61.25,174
0.2125,63.75,176
0.2125,66.25,211
0.2125,68.75,203
0.2125,71.25,260
0.2125,73.75,260
0.2125,76.25,283
0.2125,78.75,254
0.2125,81.25,324
0.2125,83.75,331
0.2125,86.25,358
0.2125,88.75,374
0.2125,91.25,374
0.2125,93.75,385
0.2125,96.25,374
0.2125,98.75,338
0.2125,101.25,357
0.2125,103.75,392
0.2125,106.25,403
0.2125,108.75,389
0.2125,111.25,355
0.2125,113.75,356
0.2125,116.25,304
0.2125,118.75,315
0.2125,121.25,349
0.2125,123.75,261
0.2125,126.25,290
0.2125,128.75,293
0.2125,131.25,231
0.2125,133.75,253
0.2125,136.25,164
0.2125,138.75,199
0.2125,141.25,183
0.2125,143.75,190
0.2125,146.25,142
0.2125,148.75,146
0.2125,151.25,143
0.2125,153.75,114
0.2125,156.25,128
0.2125,158.75,124
0.2125,161.25,124
0.2125,163.75,120
0.2125,166.25,142
0.2125,168.75,118
0.2125,171.25,96
0.2125,173.75,95
0.2125,176.25,97
0.2125,178.75,102
0.2125,181.25,94
0.2125,183.75,77
0.2125,186.25,97
0.2125,188.75,69
0.2125,191.25,77
0.2125,193.75,95
0.2125,196.25,77
0.2125,198.75,65
0.2125,201.25,86
0.2125,203.75,85
0.2125,206.25,63
0.2125,208.75,67
0.2125,211.25,78
0.2125,213.75,57
0.2125,216.25,72
0.2125,218.75,51
0.2125,221.25,70
0.2125,223.75,43
0.2125,226.25,51
0.2125,228.75,53
0.2125,231.25,52
0.2125,233.75,46
0.2125,236.25,51
0.2125,238.75,43
0.2125,241.25,35
0.2125,243.75,43
0.2125,246.25,34
0.2125,248.75,39
0.2125,251.25,31
0.2125,253.75,33
0.2125,256.25,23
0.2125,258.75,20
0.2125,261.25,24
0.2125,263.75,28
0.2125,266.25,27
0.2125,268.75,14
0.2125,271.25,26
0.2125,273.75,25
0.2125,276.25,30
0.2125,278.75,21
0.2125,281.25,20
0.2125,283.75,21
0.2125,286.25,10
0.2125,288.75,12
0.2125,291.25,20
0.2125,293.75,15
0.2125,296.25,15
0.2125,298.75,14
0.2175,-143.75,2
0.2175,-138.75,1
0.2175,-133.75,1
0.2175,-101.25,1
0.2175,-88.75,1
0.2175,-86.25,1
0.2175,-78.75,1
0.2175,-76.25,1
0.2175,-68.75,1
0.2175,-66.25,2
0.2175,-63.75,2
0.2175,-61.25,2
0.2175,-51.25,2
0.2175,-41.25,2
0.2175,-38.75,1
0.2175,-33.75,3
0.2175,-31.25,1
0.2175,-28.75,2
0.2175,-26.25,3
0.2175,-23.75,3
0.2175,-21.25,3
0.2175,-18.75,9
0.2175,-16.25,2
0.2175,-13.75,4
0.2175,-11.25,4
0.2175,-8.75,3
0.2175,-6.25,6
0.2175,-3.75,3
0.2175,-1.25,2
0.2175,1.25,14
0.2175,3.75,7
0.2175,6.25,7
0.2175,8.75,3
0.2175,11.25,2
0.2175,13.75,8
0.2175,16.25,3
0.2175,18.75,3
0.2175,21.25,6
0.2175,23.75,8
0.2175,26.25,4
0.2175,28.75,5
0.2175,31.25,17
0.2175,33.75,26
0.2175,36.25,26
0.2175,38.75,31
0.2175,41.25,47
0.2175,43.75,54
0.2175,46.25,80
0.2175,48.75,103
0.2175,51.25,113
0.2175,53.75,144
0.2175,56.25,203
0.2175,58.75,210
0.2175,61.25,251
0.2175,63.75,291
0.2175,66.25,317
0.2175,68.75,318
0.2175,71.25,414
0.2175,73.75,396
0.2175,76.25,438
0.2175,78.75,378
0.2175,81.25,440
0.2175,83.75,447
0.2175,86.25,489
0.2175,88.75,457
0.2175,91.25,462
0.2175,93.75,488
0.2175,96.25,418
0.2175,98.75,446
0.2175,101.25,393
0.2175,103.75,381
0.2175,106.25,368
0.2175,108.75,356
0.2175,111.25,349
0.2175,113.75,333
0.2175,116.25,382
0.2175,118.75,316
0.2175,121.25,310
0.2175,123.75,260
0.2175,126.25,250
0.2175,128.75,233
0.2175,131.25,244
0.2175,133.75,216
0.2175,136.25,182
0.2175,138.75,170
0.2175,141.25,196
0.2175,143.75,145
0.2175,146.25,147
0.2175,148.75,146
0.2175,151.25,161
0.2175,153.75,166
0.2175,156.25,156
0.2175,158.75,122
0.2175,161.25,127
0.2175,163.75,144
0.2175,166.25,138
0.2175,168.75,116
0.2175,171.25,124
0.2175,173.75,115
0.2175,176.25,93
0.2175,178.75,115
0.2175,181.25,93
0.2175,183.75,112
0.2175,186.25,94
0.2175,188.75,88
0.2175,191.25,84
0.2175,193.75,94
0.2175,196.25,95
0.2175,198.75,82
0.2175,201.25,88
0.2175,203.75,93
0.2175,206.25,69
0.2175,208.75,62
0.2175,211.25,69
0.2175,213.75,74
0.2175,216.25,63
0.2175,218.75,52
0.2175,221.25,66
0.2175,223.75,48
0.2175,226.25,49
0.2175,228.75,39
0.2175,231.25,36
0.2175,233.75,44
0.2175,236.25,51
0.2175,238.75,53
0.2175,241.25,35
0.2175,243.75,37
0.2175,246.25,33
0.2175,248.75,26
0.2175,251.25,23
0.2175,253.75,32
0.2175,256.25,33
0.2175,258.75,23
0.2175,261.25,22
0.2175,263.75,23
0.2175,266.25,21
0.2175,268.75,18
0.2175,271.25,20
0.2175,273.75,11
0.2175,276.25,12
0.2175,278.75,18
0.2175,281.25,14
0.2175,283.75,16
0.2175,286.25,16
0.2175,288.75,15
0.2175,291.25,14
0.2175,293.75,14
0.2175,296.25,14
0.2175,298.75,15
0.2225,-138.75,1
0.2225,-136.25,2
0.2225,-133.75,1
0.2225,-126.25,1
0.2225,-116.25,2
0.2225,-113.75,2
0.2225,-111.25,1
0.2225,-103.75,1
0.2225,-101.25,1
0.2225,-93.75,2
0.2225,-91.25,1
0.2225,-88.75,2
0.2225,-86.25,1
0.2225,-83.75,1
0.2225,-81.25,1
0.2225,-76.25,3
0.2225,-73.75,1
0.2225,-68.75,2
0.2225,-58.75,1
0.2225,-38.75,1
0.2225,-33.75,6
0.2225,-31.25,5
0.2225,-28.75,4
0.2225,-26.25,5
0.2225,-23.75,5
0.2225,-21.25,1
0.2225,-18.75,9
0.2225,-16.25,6
0.2225,-13.75,6
0.2225,-11.25,3
0.2225,-8.75,4
0.2225,-6.25,4
0.2225,-3.75,3
0.2225,-1.25,3
0.2225,1.25,32
0.2225,3.75,7
0.2225,6.25,10
0.2225,8.75,11
0.2225,11.25,5
0.2225,13.75,8
0.2225,16.25,7
0.2225,18.75,9
0.2225,21.25,14
0.2225,23.75,14
0.2225,26.25,15
0.2225,28.75,20
0.2225,31.25,30
0.2225,33.75,39
0.2225,36.25,57
0.2225,38.75,43
0.2225,41.25,62
0.2225,43.75,126
0.2225,46.25,153
0.2225,48.75,190
0.2225,51.25,258
0.2225,53.75,239
0.2225,56.25,311
0.2225,58.75,348
0.2225,61.25,383
0.2225,63.75,411
0.2225,66.25,460
0.2225,68.75,537
0.2225,71.25,503
0.2225,73.75,567
0.2225,76.25,562
0.2225,78.75,579
0.2225,81.25,574
0.2225,83.75,558
0.2225,86.25,542
0.2225,88.75,544
0.2225,91.25,551
0.2225,93.75,475
0.2225,96.25,477
0.2225,98.75,441
0.2225,101.25,422
0.2225,103.75,406
0.2225,106.25,343
0.2225,108.75,357
0.2225,111.25,321
0.2225,113.75,343
0.2225,116.25,328
0.2225,118.75,283
0.2225,121.25,276
0.2225,123.75,257
0.2225,126.25,237
0.2225,128.75,215
0.2225,131.25,188
0.2225,133.75,180
0.2225,136.25,225
0.2225,138.75,211
0.2225,141.25,184
0.2225,143.75,175
0.2225,146.25,190
0.2225,148.75,153
0.2225,151.25,167
0.2225,153.75,153
0.2225,156.25,142
0.2225,158.75,155
0.2225,161.25,151
0.2225,163.75,163
0.2225,166.25,147
0.2225,168.75,146
0.2225,171.25,124
0.2225,173.75,94
0.2225,176.25,137
0.2225,178.75,106
0.2225,181.25,111
0.2225,183.75,128
0.2225,186.25,108
0.2225,188.75,107
0.2225,191.25,99
0.2225,193.75,84
0.2225,196.25,111
0.2225,198.75,111
0.2225,201.25,83
0.2225,203.75,76
0.2225,206.25,60
0.2225,208.75,64
0.2225,211.25,51
0.2225,213.75,59
0.2225,216.25,46
0.2225,218.75,60
0.2225,221.25,57
0.2225,223.75,50
0.2225,226.25,63
0.2225,228.75,34
0.2225,231.25,44
0.2225,233.75,38
0.2225,236.25,39
0.2225,238.75,36
0.2225,241.25,34
0.2225,243.75,35
0.2225,246.25,25
0.2225,248.75,36
0.2225,251.25,30
0.2225,253.75,30
0.2225,256.25,34
0.2225,258.75,31
0.2225,261.25,20
0.2225,263.75,29
0.2225,266.25,33
0.2225,268.75,30
0.2225,271.25,25
0.2225,273.75,26
0.2225,276.25,18
0.2225,278.75,11
0.2225,281.25,15
0.2225,283.75,12
0.2225,286.25,13
0.2225,288.75,11
0.2225,291.25,17
0.2225,293.75,12
0.2225,296.25,17
0.2225,298.75,5
0.2275,-146.25,1
0.2275,-141.25,2
0.2275,-138.75,1
0.2275,-136.25,1
0.2275,-126.25,1
0.2275,-118.75,3
0.2275,-116.25,1
0.2275,-113.75,1
0.2275,-111.25,1
0.2275,-101.25,1
0.2275,-98.75,1
0.2275,-88.75,3
0.2275,-86.25,2
0.2275,-81.25,1
0.2275,-78.75,1
0.2275,-71.25,1
0.2275,-68.75,1
0.2275,-66.25,3
0.2275,-63.75,1
0.2275,-61.25,2
0.2275,-53.75,2
0.2275,-51.25,4
0.2275,-48.75,1
0.2275,-46.25,1
0.2275,-43.75,5
0.2275,-41.25,2
0.2275,-38.75,2
0.2275,-36.25,1
0.2275,-33.75,7
0.2275,-31.25,7
0.2275,-28.75,5
0.2275,-26.25,4
0.2275,-23.75,15
0.2275,-21.25,9
0.2275,-18.75,14
0.2275,-16.25,6
0.2275,-13.75,19
0.2275,-11.25,13
0.2275,-8.75,16
0.2275,-6.25,14
0.2275,-3.75,10
0.2275,-1.25,3
0.2275,1.25,43
0.2275,3.75,9
0.2275,6.25,8
0.2275,8.75,16
0.2275,11.25,12
0.2275,13.75,7
0.2275,16.25,8
0.2275,18.75,19
0.2275,21.25,10
0.2275,23.75,22
0.2275,26.25,12
0.2275,28.75,45
0.2275,31.25,51
0.2275,33.75,82
0.2275,36.25,118
0.2275,38.75,136
0.2275,41.25,166
0.2275,43.75,181
0.2275,46.25,249
0.2275,48.75,295
0.2275,51.25,331
0.2275,53.75,410
0.2275,56.25,478
0.2275,58.75,501
0.2275,61.25,585
0.2275,63.75,674
0.2275,66.25,645
0.2275,68.75,720
0.2275,71.25,635
0.2275,73.75,709
0.2275,76.25,728
0.2275,78.75,707
0.2275,81.25,665
0.2275,83.75,630
0.2275,86.25,556
0.2275,88.75,526
0.2275,91.25,535
0.2275,93.75,502
0.2275,96.25,435
0.2275,98.75,439
0.2275,101.25,443
0.2275,103.75,399
0.2275,106.25,380
0.2275,108.75,321
0.2275,111.25,314
0.2275,113.75,290
0.2275,116.25,313
0.2275,118.75,291
0.2275,121.25,253
0.2275,123.75,286
0.2275,126.25,238
0.2275,128.75,267
0.2275,131.25,238
0.2275,133.75,217
0.2275,136.25,220
0.2275,138.75,227
0.2275,141.25,193
0.2275,143.75,202
0.2275,146.25,187
0.2275,148.75,191
0.2275,151.25,192
0.2275,153.75,179
0.2275,156.25,179
0.2275,158.75,157
0.2275,161.25,135
0.2275,163.75,145
0.2275,166.25,144
0.2275,168.75,137
0.2275,171.25,124
0.2275,173.75,137
0.2275,176.25,114
0.2275,178.75,117
0.2275,181.25,105
0.2275,183.75,106
0.2275,186.25,95
0.2275,188.75,103
0.2275,191.25,93
0.2275,193.75,93
0.2275,196.25,94
0.2275,198.75,58
0.2275,201.25,75
0.2275,203.75,72
0.2275,206.25,57
0.2275,208.75,56
0.2275,211.25,65
0.2275,213.75,54
0.2275,216.25,52
0.2275,218.75,47
0.2275,221.25,47
0.2275,223.75,42
0.2275,226.25,42
0.2275,228.75,36
0.2275,231.25,47
0.2275,233.75,39
0.2275,236.25,38
0.2275,238.75,32
0.2275,241.25,24
0.2275,243.75,30
0.2275,246.25,25
0.2275,248.75,26
0.2275,251.25,22
0.2275,253.75,23
0.2275,256.25,24
0.2275,258.75,21
0.2275,261.25,20
0.2275,263.75,19
0.2275,266.25,18
0.2275,268.75,19
0.2275,271.25,21
0.2275,273.75,19
0.2275,276.25,14
0.2275,278.75,15
0.2275,281.25,13
0.2275,283.75,13
0.2275,286.25,17
0.2275,288.75,18
0.2275,291.25,14
0.2275,293.75,20
0.2275,296.25,8
0.2275,298.75,10
0.2325,-143.75,1
0.2325,-138.75,1
0.2325,-133.75,1
0.2325,-131.25,3
0.2325,-128.75,1
0.2325,-123.75,1
0.2325,-121.25,1
0.2325,-116.25,1
0.2325,-113.75,1
0.2325,-111.25,1
0.2325,-106.25,4
0.2325,-103.75,1
0.2325,-101.25,4
0.2325,-98.75,1
0.2325,-96.25,4
0.2325,-93.75,1
0.2325,-88.75,1
0.2325,-86.25,2
0.2325,-83.75,1
0.2325,-76.25,1
0.2325,-73.75,2
0.2325,-66.25,2
0.2325,-63.75,1
0.2325,-61.25,2
0.2325,-58.75,1
0.2325,-56.25,2
0.2325,-53.75,2
0.2325,-51.25,2
0.2325,-48.75,1
0.2325,-46.25,1
0.2325,-38.75,5
0.2325,-36.25,4
0.2325,-33.75,3
0.2325,-31.25,7
0.2325,-28.75,11
0.2325,-26.25,7
0.2325,-23.75,13
0.2325,-21.25,11
0.2325,-18.75,18
0.2325,-16.25,20
0.2325,-13.75,20
0.2325,-11.25,25
0.2325,-8.75,27
0.2325,-6.25,21
0.2325,-3.75,5
0.2325,-1.25,3
0.2325,1.25,47
0.2325,3.75,6
0.2325,6.25,17
0.2325,8.75,17
0.2325,11.25,12
0.2325,13.75,24
0.2325,16.25,14
0.2325,18.75,20
0.2325,21.25,27
0.2325,23.75,45
0.2325,26.25,41
0.2325,28.75,78
0.2325,31.25,106
0.2325,33.75,118
0.2325,36.25,170
0.2325,38.75,209
0.2325,41.25,283
0.2325,43.75,371
0.2325,46.25,436
0.2325,48.75,477
0.2325,51.25,567
0.2325,53.75,587
0.2325,56.25,653
0.2325,58.75,735
0.2325,61.25,816
0.2325,63.75,883
0.2325,66.25,826
0.2325,68.75,818
0.2325,71.25,804
0.2325,73.75,803
0.2325,76.25,791
0.2325,78.75,713
0.2325,81.25,731
0.2325,83.75,601
0.2325,86.25,610
0.2325,88.75,610
0.2325,91.25,572
0.2325,93.75,480
0.2325,96.25,467
0.2325,98.75,471
0.2325,101.25,389
0.2325,103.75,384
0.2325,106.25,362
0.2325,108.75,385
0.2325,111.25,302
0.2325,113.75,295
0.2325,116.25,335
0.2325,118.75,306
0.2325,121.25,279
0.2325,123.75,273
0.2325,126.25,260
0.2325,128.75,282
0.2325,131.25,263
0.2325,133.75,267
0.2325,136.25,234
0.2325,138.75,204
0.2325,141.25,258
0.2325,143.75,243
0.2325,146.25,211
0.2325,148.75,195
0.2325,151.25,205
0.2325,153.75,170
0.2325,156.25,184
0.2325,158.75,150
0.2325,161.25,161
0.2325,163.75,145
0.2325,166.25,127
0.2325,168.75,122
0.2325,171.25,108
0.2325,173.75,130
0.2325,176.25,129
0.2325,178.75,88
0.2325,181.25,91
0.2325,183.75,98
0.2325,186.25,87
0.2325,188.75,92
0.2325,191.25,70
0.2325,193.75,62
0.2325,196.25,76
0.2325,198.75,55
0.2325,201.25,79
0.2325,203.75,66
0.2325,206.25,53
0.2325,208.75,57
0.2325,211.25,55
0.2325,213.75,61
0.2325,216.25,31
0.2325,218.75,41
0.2325,221.25,35
0.2325,223.75,41
0.2325,226.25,37
0.2325,228.75,35
0.2325,231.25,30
0.2325,233.75,45
0.2325,236.25,29
0.2325,238.75,36
0.2325,241.25,33
0.2325,243.75,31
0.2325,246.25,34
0.2325,248.75,22
0.2325,251.25,26
0.2325,253.75,17
0.2325,256.25,16
0.2325,258.75,18
0.2325,261.25,18
0.2325,263.75,19
0.2325,266.25,19
0.2325,268.75,20
0.2325,271.25,17
0.2325,273.75,19
0.2325,276.25,12
0.2325,278.75,10
0.2325,281.25,14
0.2325,283.75,19
0.2325,286.25,17
0.2325,288.75,14
0.2325,291.25,10
0.2325,293.75,17
0.2325,296.25,9
0.2325,298.75,5
0.2375,-136.25,3
0.2375,-133.75,2
0.2375,-123.75,1
0.2375,-116.25,2
0.2375,-111.25,1
0.2375,-108.75,1
0.2375,-101.25,1
0.2375,-98.75,4
0.2375,-96.25,4
0.2375,-93.75,1
0.2375,-86.25,1
0.2375,-83.75,2
0.2375,-78.75,1
0.2375,-76.25,2
0.2375,-71.25,1
0.2375,-68.75,1
0.2375,-66.25,2
0.2375,-63.75,3
0.2375,-61.25,5
0.2375,-58.75,4
0.2375,-56.25,1
0.2375,-53.75,1
0.2375,-51.25,1
0.2375,-48.75,1
0.2375,-46.25,3
0.2375,-43.75,2
0.2375,-41.25,2
0.2375,-38.75,6
0.2375,-36.25,9
0.2375,-33.75,6
0.2375,-31.25,12
0.2375,-28.75,17
0.2375,-26.25,17
0.2375,-23.75,17
0.2375,-21.25,24
0.2375,-18.75,27
0.2375,-16.25,26
0.2375,-13.75,33
0.2375,-11.25,30
0.2375,-8.75,26
0.2375,-6.25,32
0.2375,-3.75,16
0.2375,-1.25,1
0.2375,1.25,65
0.2375,3.75,8
0.2375,6.25,24
0.2375,8.75,20
0.2375,11.25,23
0.2375,13.75,20
0.2375,16.25,25
0.2375,18.75,26
0.2375,21.25,71
0.2375,23.75,81
0.2375,26.25,123
0.2375,28.75,141
0.2375,31.25,175
0.2375,33.75,239
0.2375,36.25,342
0.2375,38.75,382
0.2375,41.25,491
0.2375,43.75,564
0.2375,46.25,653
0.2375,48.75,741
0.2375,51.25,820
0.2375,53.75,907
0.2375,56.25,921
0.2375,58.75,982
0.2375,61.25,983
0.2375,63.75,1020
0.2375,66.25,1004
0.2375,68.75,1029
0.2375,71.25,896
0.2375,73.75,870
0.2375,76.25,850
0.2375,78.75,772
0.2375,81.25,768
0.2375,83.75,700
0.2375,86.25,701
0.2375,88.75,572
0.2375,91.25,530
0.2375,93.75,528
0.2375,96.25,526
0.2375,98.75,442
0.2375,101.25,437
0.2375,103.75,422
0.2375,106.25,370
0.2375,108.75,366
0.2375,111.25,354
0.2375,113.75,319
0.2375,116.25,342
0.2375,118.75,320
0.2375,121.25,295
0.2375,123.75,257
0.2375,126.25,273
0.2375,128.75,260
0.2375,131.25,285
0.2375,133.75,232
0.2375,136.25,270
0.2375,138.75,264
0.2375,141.25,219
0.2375,143.75,213
0.2375,146.25,214
0.2375,148.75,185
0.2375,151.25,196
0.2375,153.75,206
0.2375,156.25,204
0.2375,158.75,164
0.2375,161.25,171
0.2375,163.75,142
0.2375,166.25,129
0.2375,168.75,104
0.2375,171.25,131
0.2375,173.75,135
0.2375,176.25,111
0.2375,178.75,100
0.2375,181.25,91
0.2375,183.75,93
0.2375,186.25,74
0.2375,188.75,81
0.2375,191.25,69
0.2375,193.75,74
0.2375,196.25,72
0.2375,198.75,64
0.2375,201.25,67
0.2375,203.75,68
0.2375,206.25,53
0.2375,208.75,58
0.2375,211.25,48
0.2375,213.75,54
0.2375,216.25,52
0.2375,218.75,42
0.2375,221.25,37
0.2375,223.75,24
0.2375,226.25,44
0.2375,228.75,32
0.2375,231.25,33
0.2375,233.75,38
0.2375,236.25,26
0.2375,238.75,34
0.2375,241.25,26
0.2375,243.75,24
0.2375,246.25,28
0.2375,248.75,24
0.2375,251.25,19
0.2375,253.75,21
0.2375,256.25,13
0.2375,258.75,23
0.2375,261.25,13
0.2375,263.75,17
0.2375,266.25,10
0.2375,268.75,12
0.2375,271.25,25
0.2375,273.75,15
0.2375,276.25,17
0.2375,278.75,14
0.2375,281.25,14
0.2375,283.75,15
0.2375,286.25,5
0.2375,288.75,13
0.2375,291.25,7
0.2375,293.75,14
0.2375,296.25,12
0.2375,298.75,7
0.2425,-143.75,2
0.2425,-138.75,2
0.2425,-136.25,1
0.2425,-133.75,1
0.2425,-128.75,1
0.2425,-126.25,3
0.2425,-116.25,2
0.2425,-108.75,1
0.2425,-106.25,2
0.2425,-103.75,1
0.2425,-101.25,1
0.2425,-98.75,1
0.2425,-96.25,2
0.2425,-93.75,2
0.2425,-91.25,2
0.2425,-88.75,2
0.2425,-86.25,1
0.2425,-81.25,3
0.2425,-78.75,1
0.2425,-76.25,3
0.2425,-71.25,1
0.2425,-68.75,2
0.2425,-66.25,4
0.2425,-63.75,2
0.2425,-61.25,2
0.2425,-58.75,2
0.2425,-56.25,3
0.2425,-53.75,5
0.2425,-51.25,3
0.2425,-48.75,6
0.2425,-46.25,2
0.2425,-43.75,6
0.2425,-41.25,7
0.2425,-38.75,7
0.2425,-36.25,14
0.2425,-33.75,13
0.2425,-31.25,19
0.2425,-28.75,20
0.2425,-26.25,25
0.2425,-23.75,32
0.2425,-21.25,28
0.2425,-18.75,28
0.2425,-16.25,32
0.2425,-13.75,36
0.2425,-11.25,52
0.2425,-8.75,55
0.2425,-6.25,31
0.2425,-3.75,19
0.2425,-1.25,1
0.2425,1.25,92
0.2425,3.75,13
0.2425,6.25,23
0.2425,8.75,26
0.2425,11.25,30
0.2425,13.75,40
0.2425,16.25,56
0.2425,18.75,77
0.2425,21.25,121
0.2425,23.75,152
0.2425,26.25,183
0.2425,28.75,266
0.2425,31.25,346
0.2425,33.75,375
0.2425,36.25,508
0.2425,38.75,584
0.2425,41.25,798
0.2425,43.75,889
0.2425,46.25,950
0.2425,48.75,1124
0.2425,51.25,1155
0.2425,53.75,1146
0.2425,56.25,1193
0.2425,58.75,1183
0.2425,61.25,1143
0.2425,63.75,1211
0.2425,66.25,1150
0.2425,68.75,1032
0.2425,71.25,964
0.2425,73.75,946
0.2425,76.25,890
0.2425,78.75,842
0.2425,81.25,739
0.2425,83.75,770
0.2425,86.25,679
0.2425,88.75,598
0.2425,91.25,601
0.2425,93.75,557
0.2425,96.25,451
0.2425,98.75,445
0.2425,101.25,443
0.2425,103.75,467
0.2425,106.25,428
0.2425,108.75,405
0.2425,111.25,398
0.2425,113.75,379
0.2425,116.25,346
0.2425,118.75,324
0.2425,121.25,335
0.2425,123.75,299
0.2425,126.25,289
0.2425,128.75,292
0.2425,131.25,285
0.2425,133.75,296
0.2425,136.25,266
0.2425,138.75,241
0.2425,141.25,236
0.2425,143.75,237
0.2425,146.25,221
0.2425,148.75,180
0.2425,151.25,165
0.2425,153.75,184
0.2425,156.25,130
0.2425,158.75,168
0.2425,161.25,138
0.2425,163.75,152
0.2425,166.25,115
0.2425,168.75,124
0.2425,171.25,101
0.2425,173.75,106
0.2425,176.25,98
0.2425,178.75,74
0.2425,181.25,107
0.2425,183.75,81
0.2425,186.25,47
0.2425,188.75,77
0.2425,191.25,66
0.2425,193.75,57
0.2425,196.25,60
0.2425,198.75,74
0.2425,201.25,61
0.2425,203.75,63
0.2425,206.25,47
0.2425,208.75,38
0.2425,211.25,43
0.2425,213.75,46
0.2425,216.25,45
0.2425,218.75,41
0.2425,221.25,40
0.2425,223.75,39
0.2425,226.25,33
0.2425,228.75,30
0.2425,231.25,25
0.2425,233.75,21
0.2425,236.25,26
0.2425,238.75,23
0.2425,241.25,24
0.2425,243.75,28
0.2425,246.25,19
0.2425,248.75,19
0.2425,251.25,25
0.2425,253.75,26
0.2425,256.25,16
0.2425,258.75,9
0.2425,261.25,20
0.2425,263.75,10
0.2425,266.25,28
0.2425,268.75,21
0.2425,271.25,19
0.2425,273.75,9
0.2425,276.25,15
0.2425,278.75,19
0.2425,281.25,6
0.2425,283.75,15
0.2425,286.25,5
0.2425,288.75,9
0.2425,291.25,3
0.2425,293.75,5
0.2425,296.25,8
0.2425,298.75,5
0.2475,-148.75,3
0.2475,-141.25,1
0.2475,-138.75,1
0.2475,-136.25,1
0.2475,-133.75,1
0.2475,-131.25,2
0.2475,-126.25,1
0.2475,-123.75,2
0.2475,-121.25,3
0.2475,-118.75,1
0.2475,-116.25,1
0.2475,-113.75,1
0.2475,-111.25,1
0.2475,-108.75,1
0.2475,-106.25,1
0.2475,-103.75,2
0.2475,-101.25,2
0.2475,-98.75,1
0.2475,-93.75,1
0.2475,-91.25,3
0.2475,-83.75,2
0.2475,-81.25,2
0.2475,-78.75,1
0.2475,-76.25,3
0.2475,-73.75,2
0.2475,-68.75,2
0.2475,-66.25,1
0.2475,-63.75,2
0.2475,-61.25,4
0.2475,-58.75,3
0.2475,-53.75,4
0.2475,-51.25,5
0.2475,-48.75,6
0.2475,-46.25,4
0.2475,-43.75,6
0.2475,-41.25,12
0.2475,-38.75,16
0.2475,-36.25,20
0.2475,-33.75,12
0.2475,-31.25,29
0.2475,-28.75,32
0.2475,-26.25,33
0.2475,-23.75,39
0.2475,-21.25,45
0.2475,-18.75,60
0.2475,-16.25,65
0.2475,-13.75,37
0.2475,-11.25,51
0.2475,-8.75,47
0.2475,-6.25,36
0.2475,-3.75,23
0.2475,-1.25,10
0.2475,1.25,119
0.2475,3.75,23
0.2475,6.25,34
0.2475,8.75,53
0.2475,11.25,55
0.2475,13.75,70
0.2475,16.25,115
0.2475,18.75,158
0.2475,21.25,195
0.2475,23.75,284
0.2475,26.25,351
0.2475,28.75,443
0.2475,31.25,554
0.2475,33.75,703
0.2475,36.25,856
0.2475,38.75,987
0.2475,41.25,1056
0.2475,43.75,1195
0.2475,46.25,1358
0.2475,48.75,1388
0.2475,51.25,1386
0.2475,53.75,1426
0.2475,56.25,1454
0.2475,58.75,1342
0.2475,61.25,1318
0.2475,63.75,1274
0.2475,66.25,1156
0.2475,68.75,1147
0.2475,71.25,1101
0.2475,73.75,977
0.2475,76.25,952
0.2475,78.75,812
0.2475,81.25,775
0.2475,83.75,710
0.2475,86.25,666
0.2475,88.75,583
0.2475,91.25,647
0.2475,93.75,535
0.2475,96.25,517
0.2475,98.75,472
0.2475,101.25,475
0.2475,103.75,435
0.2475,106.25,406
0.2475,108.75,456
0.2475,111.25,404
0.2475,113.75,356
0.2475,116.25,354
0.2475,118.75,348
0.2475,121.25,329
0.2475,123.75,299
0.2475,126.25,301
0.2475,128.75,301
0.2475,131.25,287
0.2475,133.75,248
0.2475,136.25,273
0.2475,138.75,223
0.2475,141.25,203
0.2475,143.75,198
0.2475,146.25,197
0.2475,148.75,160
0.2475,151.25,152
0.2475,153.75,152
0.2475,156.25,144
0.2475,158.75,156
0.2475,161.25,130
0.2475,163.75,123
0.2475,166.25,126
0.2475,168.75,88
0.2475,171.25,87
0.2475,173.75,89
0.2475,176.25,80
0.2475,178.75,93
0.2475,181.25,78
0.2475,183.75,85
0.2475,186.25,59
0.2475,188.75,64
0.2475,191.25,55
0.2475,193.75,58
0.2475,196.25,46
0.2475,198.75,44
0.2475,201.25,43
0.2475,203.75,40
0.2475,206.25,50
0.2475,208.75,31
0.2475,211.25,35
0.2475,213.75,21
0.2475,216.25,33
0.2475,218.75,24
0.2475,221.25,21
0.2475,223.75,29
0.2475,226.25,40
0.2475,228.75,42
0.2475,231.25,28
0.2475,233.75,28
0.2475,236.25,25
0.2475,238.75,30
0.2475,241.25,20
0.2475,243.75,23
0.2475,246.25,23
0.2475,248.75,26
0.2475,251.25,23
0.2475,253.75,12
0.2475,256.25,23
0.2475,258.75,13
0.2475,261.25,9
0.2475,263.75,12
0.2475,266.25,11
0.2475,268.75,16
0.2475,271.25,10
0.2475,273.75,8
0.2475,276.25,14
0.2475,278.75,12
0.2475,281.25,11
0.2475,283.75,11
0.2475,286.25,4
0.2475,288.75,11
0.2475,291.25,4
0.2475,293.75,7
0.2475,296.25,5
0.2475,298.75,8
0.2525,-143.75,2
0.2525,-141.25,2
0.2525,-138.75,1
0.2525,-136.25,3
0.2525,-133.75,1
0.2525,-128.75,3
0.2525,-123.75,2
0.2525,-121.25,1
0.2525,-118.75,1
0.2525,-113.75,1
0.2525,-111.25,1
0.2525,-106.25,3
0.2525,-101.25,5
0.2525,-98.75,2
0.2525,-96.25,1
0.2525,-93.75,3
0.2525,-91.25,3
0.2525,-88.75,1
0.2525,-86.25,1
0.2525,-83.75,4
0.2525,-81.25,1
0.2525,-78.75,4
0.2525,-76.25,1
0.2525,-73.75,6
0.2525,-66.25,2
0.2525,-63.75,4
0.2525,-61.25,3
0.2525,-58.75,10
0.2525,-56.25,1
0.2525,-53.75,6
0.2525,-51.25,6
0.2525,-48.75,10
0.2525,-46.25,5
0.2525,-43.75,11
0.2525,-41.25,16
0.2525,-38.75,23
0.2525,-36.25,17
0.2525,-33.75,21
0.2525,-31.25,29
0.2525,-28.75,49
0.2525,-26.25,37
0.2525,-23.75,49
0.2525,-21.25,62
0.2525,-18.75,72
0.2525,-16.25,71
0.2525,-13.75,79
0.2525,-11.25,57
0.2525,-8.75,57
0.2525,-6.25,58
0.2525,-3.75,29
0.2525,-1.25,15
0.2525,1.25,135
0.2525,3.75,42
0.2525,6.25,59
0.2525,8.75,65
0.2525,11.25,110
0.2525,13.75,149
0.2525,16.25,188
0.2525,18.75,270
0.2525,21.25,339
0.2525,23.75,436
0.2525,26.25,536
0.2525,28.75,760
0.2525,31.25,896
0.2525,33.75,1105
0.2525,36.25,1152
0.2525,38.75,1333
0.2525,41.25,1507
0.2525,43.75,1551
0.2525,46.25,1687
0.2525,48.75,1760
0.2525,51.25,1633
0.2525,53.75,1699
0.2525,56.25,1656
0.2525,58.75,1496
0.2525,61.25,1416
0.2525,63.75,1401
0.2525,66.25,1284
0.2525,68.75,1293
0.2525,71.25,1105
0.2525,73.75,1000
0.2525,76.25,924
0.2525,78.75,853
0.2525,81.25,769
0.2525,83.75,733
0.2525,86.25,625
0.2525,88.75,662
0.2525,91.25,639
0.2525,93.75,619
0.2525,96.25,567
0.2525,98.75,544
0.2525,101.25,522
0.2525,103.75,483
0.2525,106.25,470
0.2525,108.75,426
0.2525,111.25,401
0.2525,113.75,410
0.2525,116.25,335
0.2525,118.75,370
0.2525,121.25,315
0.2525,123.75,294
0.2525,126.25,290
0.2525,128.75,285
0.2525,131.25,247
0.2525,133.75,270
0.2525,136.25,245
0.2525,138.75,225
0.2525,141.25,213
0.2525,143.75,209
0.2525,146.25,192
0.2525,148.75,159
0.2525,151.25,153
0.2525,153.75,137
0.2525,156.25,118
0.2525,158.75,108
0.2525,161.25,97
0.2525,163.75,128
0.2525,166.25,82
0.2525,168.75,104
0.2525,171.25,95
0.2525,173.75,67
0.2525,176.25,75
0.2525,178.75,54
0.2525,181.25,74
0.2525,183.75,58
0.2525,186.25,49
0.2525,188.75,48
0.2525,191.25,49
0.2525,193.75,43
0.2525,196.25,40
0.2525,198.75,43
0.2525,201.25,38
0.2525,203.75,45
0.2525,206.25,31
0.2525,208.75,21
0.2525,211.25,34
0.2525,213.75,24
0.2525,216.25,24
0.2525,218.75,23
0.2525,221.25,33
0.2525,223.75,38
0.2525,226.25,28
0.2525,228.75,33
0.2525,231.25,28
0.2525,233.75,11
0.2525,236.25,18
0.2525,238.75,25
0.2525,241.25,17
0.2525,243.75,24
0.2525,246.25,23
0.2525,248.75,16
0.2525,251.25,17
0.2525,253.75,10
0.2525,256.25,11
0.2525,258.75,10
0.2525,261.25,15
0.2525,263.75,13
0.2525,266.25,14
0.2525,268.75,12
0.2525,271.25,13
0.2525,273.75,17
0.2525,276.25,8
0.2525,278.75,7
0.2525,281.25,10
0.2525,283.75,12
0.2525,286.25,7
0.2525,288.75,8
0.2525,291.25,3
0.2525,293.75,6
0.2525,296.25,7
0.2525,298.75,6
0.2575,-148.75,1
0.2575,-146.25,1
0.2575,-143.75,1
0.2575,-138.75,2
0.2575,-136.25,1
0.2575,-133.75,1
0.2575,-131.25,2
0.2575,-128.75,3
0.2575,-126.25,2
0.2575,-123.75,2
0.2575,-121.25,2
0.2575,-116.25,3
0.2575,-113.75,3
0.2575,-111.25,1
0.2575,-108.75,3
0.2575,-106.25,2
0.2575,-103.75,5
0.2575,-98.75,2
0.2575,-96.25,1
0.2575,-93.75,4
0.2575,-91.25,2
0.2575,-88.75,3
0.2575,-86.25,3
0.2575,-83.75,1
0.2575,-81.25,2
0.2575,-78.75,1
0.2575,-76.25,4
0.2575,-73.75,4
0.2575,-71.25,5
0.2575,-68.75,4
0.2575,-63.75,5
0.2575,-61.25,3
0.2575,-58.75,3
0.2575,-56.25,4
0.2575,-53.75,12
0.2575,-51.25,9
0.2575,-48.75,8
0.2575,-46.25,10
0.2575,-43.75,17
0.2575,-41.25,19
0.2575,-38.75,21
0.2575,-36.25,38
0.2575,-33.75,44
0.2575,-31.25,41
0.2575,-28.75,53
0.2575,-26.25,61
0.2575,-23.75,77
0.2575,-21.25,58
0.2575,-18.75,84
0.2575,-16.25,73
0.2575,-13.75,67
0.2575,-11.25,65
0.2575,-8.75,63
0.2575,-6.25,73
0.2575,-3.75,32
0.2575,-1.25,8
0.2575,1.25,177
0.2575,3.75,60
0.2575,6.25,99
0.2575,8.75,112
0.2575,11.25,173
0.2575,13.75,219
0.2575,16.25,304
0.2575,18.75,430
0.2575,21.25,572
0.2575,23.75,657
0.2575,26.25,918
0.2575,28.75,1100
0.2575,31.25,1346
0.2575,33.75,1626
0.2575,36.25,1674
0.2575,38.75,1862
0.2575,41.25,1877
0.2575,43.75,1982
0.2575,46.25,1995
0.2575,48.75,1995
0.2575,51.25,1949
0.2575,53.75,1909
0.2575,56.25,1816
0.2575,58.75,1657
0.2575,61.25,1589
0.2575,63.75,1455
0.2575,66.25,1368
0.2575,68.75,1243
0.2575,71.25,1194
0.2575,73.75,1074
0.2575,76.25,980
0.2575,78.75,926
0.2575,81.25,860
0.2575,83.75,820
0.2575,86.25,728
0.2575,88.75,671
0.2575,91.25,641
0.2575,93.75,578
0.2575,96.25,584
0.2575,98.75,546
0.2575,101.25,538
0.2575,103.75,530
0.2575,106.25,425
0.2575,108.75,431
0.2575,111.25,433
0.2575,113.75,364
0.2575,116.25,376
0.2575,118.75,341
0.2575,121.25,306
0.2575,123.75,289
0.2575,126.25,243
0.2575,128.75,279
0.2575,131.25,269
0.2575,133.75,200
0.2575,136.25,216
0.2575,138.75,190
0.2575,141.25,184
0.2575,143.75,151
0.2575,146.25,142
0.2575,148.75,123
0.2575,151.25,128
0.2575,153.75,121
0.2575,156.25,114
0.2575,158.75,89
0.2575,161.25,90
0.2575,163.75,73
0.2575,166.25,78
0.2575,168.75,63
0.2575,171.25,66
0.2575,173.75,59
0.2575,176.25,76
0.2575,178.75,53
0.2575,181.25,51
0.2575,183.75,54
0.2575,186.25,50
0.2575,188.75,36
0.2575,191.25,41
0.2575,193.75,58
0.2575,196.25,28
0.2575,198.75,24
0.2575,201.25,31
0.2575,203.75,29
0.2575,206.25,43
0.2575,208.75,14
0.2575,211.25,28
0.2575,213.75,21
0.2575,216.25,26
0.2575,218.75,23
0.2575,221.25,27
0.2575,223.75,24
0.2575,226.25,23
0.2575,228.75,17
0.2575,231.25,20
0.2575,233.75,21
0.2575,236.25,15
0.2575,238.75,13
0.2575,241.25,11
0.2575,243.75,17
0.2575,246.25,13
0.2575,248.75,13
0.2575,251.25,11
0.2575,253.75,10
0.2575,256.25,16
0.2575,258.75,9
0.2575,261.25,7
0.2575,263.75,11
0.2575,266.25,8
0.2575,268.75,9
0.2575,271.25,8
0.2575,273.75,11
0.2575,276.25,13
0.2575,278.75,6
0.2575,281.25,7
0.2575,283.75,10
0.2575,286.25,3
0.2575,288.75,7
0.2575,291.25,5
0.2575,293.75,6
0.2575,296.25,3
0.2575,298.75,3
0.2625,-148.75,1
0.2625,-146.25,1
0.2625,-141.25,4
0.2625,-136.25,2
0.2625,-133.75,1
0.2625,-131.25,2
0.2625,-128.75,1
0.2625,-123.75,3
0.2625,-121.25,1
0.2625,-118.75,1
0.2625,-116.25,2
0.2625,-111.25,1
0.2625,-108.75,4
0.2625,-106.25,3
0.2625,-103.75,1
0.2625,-101.25,2
0.2625,-98.75,3
0.2625,-96.25,2
0.2625,-91.25,3
0.2625,-86.25,4
0.2625,-81.25,5
0.2625,-78.75,1
0.2625,-76.25,4
0.2625,-73.75,3
0.2625,-71.25,3
0.2625,-68.75,4
0.2625,-66.25,3
0.2625,-63.75,4
0.2625,-61.25,5
0.2625,-58.75,11
0.2625,-56.25,6
0.2625,-53.75,6
0.2625,-51.25,10
0.2625,-48.75,14
0.2625,-46.25,24
0.2625,-43.75,14
0.2625,-41.25,23
0.2625,-38.75,39
0.2625,-36.25,44
0.2625,-33.75,62
0.2625,-31.25,59
0.2625,-28.75,69
0.2625,-26.25,84
0.2625,-23.75,81
0.2625,-21.25,84
0.2625,-18.75,96
0.2625,-16.25,116
0.2625,-13.75,84
0.2625,-11.25,91
0.2625,-8.75,79
0.2625,-6.25,81
0.2625,-3.75,54
0.2625,-1.25,24
0.2625,1.25,227
0.2625,3.75,126
0.2625,6.25,123
0.2625,8.75,241
0.2625,11.25,304
0.2625,13.75,450
0.2625,16.25,525
0.2625,18.75,680
0.2625,21.25,864
0.2625,23.75,1121
0.2625,26.25,1373
0.2625,28.75,1678
0.2625,31.25,1806
0.2625,33.75,2117
0.2625,36.25,2122
0.2625,38.75,2243
0.2625,41.25,2343
0.2625,43.75,2240
0.2625,46.25,2281
0.2625,48.75,2177
0.2625,51.25,2014
0.2625,53.75,2098
0.2625,56.25,1883
0.2625,58.75,1817
0.2625,61.25,1612
0.2625,63.75,1533
0.2625,66.25,1422
0.2625,68.75,1267
0.2625,71.25,1142
0.2625,73.75,1059
0.2625,76.25,1050
0.2625,78.75,873
0.2625,81.25,887
0.2625,83.75,819
0.2625,86.25,754
0.2625,88.75,710
0.2625,91.25,709
0.2625,93.75,655
0.2625,96.25,608
0.2625,98.75,549
0.2625,101.25,529
0.2625,103.75,514
0.2625,106.25,445
0.2625,108.75,434
0.2625,111.25,341
0.2625,113.75,405
0.2625,116.25,331
0.2625,118.75,329
0.2625,121.25,267
0.2625,123.75,251
0.2625,126.25,259
0.2625,128.75,219
0.2625,131.25,180
0.2625,133.75,212
0.2625,136.25,171
0.2625,138.75,180
0.2625,141.25,169
0.2625,143.75,168
0.2625,146.25,132
0.2625,148.75,136
0.2625,151.25,111
0.2625,153.75,114
0.2625,156.25,86
0.2625,158.75,90
0.2625,161.25,66
0.2625,163.75,70
0.2625,166.25,55
0.2625,168.75,71
0.2625,171.25,56
0.2625,173.75,50
0.2625,176.25,53
0.2625,178.75,36
0.2625,181.25,51
0.2625,183.75,31
0.2625,186.25,33
0.2625,188.75,36
0.2625,191.25,36
0.2625,193.75,40
0.2625,196.25,22
0.2625,198.75,19
0.2625,201.25,24
0.2625,203.75,26
0.2625,206.25,16
0.2625,208.75,26
0.2625,211.25,28
0.2625,213.75,24
0.2625,216.25,15
0.2625,218.75,26
0.2625,221.25,15
0.2625,223.75,17
0.2625,226.25,22
0.2625,228.75,13
0.2625,231.25,21
0.2625,233.75,17
0.2625,236.25,14
0.2625,238.75,10
0.2625,241.25,19
0.2625,243.75,14
0.2625,246.25,13
0.2625,248.75,9
0.2625,251.25,12
0.2625,253.75,9
0.2625,256.25,7
0.2625,258.75,6
0.2625,261.25,10
0.2625,263.75,9
0.2625,266.25,12
0.2625,268.75,5
0.2625,271.25,7
0.2625,273.75,5
0.2625,276.25,7
0.2625,278.75,8
0.2625,281.25,10
0.2625,283.75,7
0.2625,286.25,6
0.2625,288.75,10
0.2625,291.25,9
0.2625,293.75,4
0.2625,296.25,9
0.2625,298.75,12
0.2675,-148.75,1
0.2675,-146.25,1
0.2675,-143.75,3
0.2675,-138.75,1
0.2675,-131.25,1
0.2675,-128.75,2
0.2675,-126.25,4
0.2675,-121.25,3
0.2675,-118.75,2
0.2675,-111.25,3
0.2675,-108.75,2
0.2675,-106.25,2
0.2675,-103.75,4
0.2675,-101.25,1
0.2675,-98.75,2
0.2675,-96.25,3
0.2675,-93.75,3
0.2675,-91.25,6
0.2675,-88.75,4
0.2675,-86.25,1
0.2675,-83.75,2
0.2675,-81.25,5
0.2675,-78.75,3
0.2675,-76.25,7
0.2675,-73.75,4
0.2675,-71.25,4
0.2675,-68.75,3
0.2675,-66.25,2
0.2675,-63.75,6
0.2675,-61.25,9
0.2675,-58.75,7
0.2675,-56.25,13
0.2675,-53.75,12
0.2675,-51.25,18
0.2675,-48.75,9
0.2675,-46.25,19
0.2675,-43.75,27
0.2675,-41.25,43
0.2675,-38.75,57
0.2675,-36.25,50
0.2675,-33.75,61
0.2675,-31.25,84
0.2675,-28.75,73
0.2675,-26.25,104
0.2675,-23.75,105
0.2675,-21.25,131
0.2675,-18.75,97
0.2675,-16.25,93
0.2675,-13.75,128
0.2675,-11.25,121
0.2675,-8.75,96
0.2675,-6.25,128
0.2675,-3.75,69
0.2675,-1.25,27
0.2675,1.25,321
0.2675,3.75,150
0.2675,6.25,242
0.2675,8.75,385
0.2675,11.25,476
0.2675,13.75,638
0.2675,16.25,871
0.2675,18.75,1073
0.2675,21.25,1354
0.2675,23.75,1596
0.2675,26.25,1827
0.2675,28.75,2105
0.2675,31.25,2380
0.2675,33.75,2383
0.2675,36.25,2505
0.2675,38.75,2718
0.2675,41.25,2636
0.2675,43.75,2502
0.2675,46.25,2453
0.2675,48.75,2356
0.2675,51.25,2201
0.2675,53.75,2149
0.2675,56.25,2005
0.2675,58.75,1807
0.2675,61.25,1609
0.2675,63.75,1487
0.2675,66.25,1460
0.2675,68.75,1326
0.2675,71.25,1195
0.2675,73.75,1157
0.2675,76.25,1115
0.2675,78.75,1002
0.2675,81.25,861
0.2675,83.75,852
0.2675,86.25,818
0.2675,88.75,713
0.2675,91.25,713
0.2675,93.75,604
0.2675,96.25,589
0.2675,98.75,540
0.2675,101.25,530
0.2675,103.75,464
0.2675,106.25,412
0.2675,108.75,425
0.2675,111.25,351
0.2675,113.75,333
0.2675,116.25,310
0.2675,118.75,267
0.2675,121.25,253
0.2675,123.75,228
0.2675,126.25,190
0.2675,128.75,183
0.2675,131.25,176
0.2675,133.75,179
0.2675,136.25,127
0.2675,138.75,142
0.2675,141.25,134
0.2675,143.75,112
0.2675,146.25,110
0.2675,148.75,109
0.2675,151.25,101
0.2675,153.75,104
0.2675,156.25,77
0.2675,158.75,76
0.2675,161.25,57
0.2675,163.75,53
0.2675,166.25,51
0.2675,168.75,40
0.2675,171.25,49
0.2675,173.75,52
0.2675,176.25,35
0.2675,178.75,43
0.2675,181.25,41
0.2675,183.75,28
0.2675,186.25,42
0.2675,188.75,40
0.2675,191.25,25
0.2675,193.75,23
0.2675,196.25,20
0.2675,198.75,22
0.2675,201.25,14
0.2675,203.75,17
0.2675,206.25,17
0.2675,208.75,14
0.2675,211.25,25
0.2675,213.75,21
0.2675,216.25,9
0.2675,218.75,17
0.2675,221.25,16
0.2675,223.75,19
0.2675,226.25,14
0.2675,228.75,10
0.2675,231.25,17
0.2675,233.75,12
0.2675,236.25,9
0.2675,238.75,12
0.2675,241.25,10
0.2675,243.75,5
0.2675,246.25,22
0.2675,248.75,11
0.2675,251.25,8
0.2675,253.75,11
0.2675,256.25,9
0.2675,258.75,11
0.2675,261.25,4
0.2675,263.75,9
0.2675,266.25,5
0.2675,268.75,10
0.2675,271.25,9
0.2675,273.75,5
0.2675,276.25,13
0.2675,278.75,7
0.2675,281.25,6
0.2675,283.75,4
0.2675,286.25,2
0.2675,288.75,3
0.2675,291.25,9
0.2675,293.75,8
0.2675,296.25,11
0.2675,298.75,6
0.2725,-148.75,2
0.2725,-146.25,2
0.2725,-143.75,1
0.2725,-141.25,3
0.2725,-138.75,2
0.2725,-136.25,1
0.2725,-133.75,4
0.2725,-131.25,2
0.2725,-128.75,4
0.2725,-126.25,6
0.2725,-123.75,4
0.2725,-121.25,1
0.2725,-116.25,4
0.2725,-113.75,1
0.2725,-111.25,1
0.2725,-108.75,5
0.2725,-106.25,6
0.2725,-103.75,2
0.2725,-101.25,1
0.2725,-98.75,2
0.2725,-96.25,1
0.2725,-93.75,1
0.2725,-91.25,1
0.2725,-88.75,2
0.2725,-86.25,5
0.2725,-83.75,2
0.2725,-81.25,2
0.2725,-78.75,4
0.2725,-76.25,7
0.2725,-73.75,7
0.2725,-71.25,4
0.2725,-68.75,7
0.2725,-66.25,6
0.2725,-63.75,6
0.2725,-61.25,8
0.2725,-58.75,10
0.2725,-56.25,15
0.2725,-53.75,15
0.2725,-51.25,10
0.2725,-48.75,23
0.2725,-46.25,23
0.2725,-43.75,34
0.2725,-41.25,40
0.2725,-38.75,68
0.2725,-36.25,62
0.2725,-33.75,102
0.2725,-31.25,135
0.2725,-28.75,123
0.2725,-26.25,116
0.2725,-23.75,128
0.2725,-21.25,119
0.2725,-18.75,134
0.2725,-16.25,136
0.2725,-13.75,120
0.2725,-11.25,127
0.2725,-8.75,127
0.2725,-6.25,134
0.2725,-3.75,106
0.2725,-1.25,30
0.2725,1.25,462
0.2725,3.75,250
0.2725,6.25,412
0.2725,8.75,570
0.2725,11.25,794
0.2725,13.75,988
0.2725,16.25,1274
0.2725,18.75,1507
0.2725,21.25,1870
0.2725,23.75,2141
0.2725,26.25,2467
0.2725,28.75,2742
0.2725,31.25,2810
0.2725,33.75,2903
0.2725,36.25,2799
0.2725,38.75,2905
0.2725,41.25,2895
0.2725,43.75,2739
0.2725,46.25,2620
0.2725,48.75,2583
0.2725,51.25,2324
0.2725,53.75,2155
0.2725,56.25,2005
0.2725,58.75,1822
0.2725,61.25,1832
0.2725,63.75,1577
0.2725,66.25,1444
0.2725,68.75,1335
0.2725,71.25,1207
0.2725,73.75,1133
0.2725,76.25,1055
0.2725,78.75,1035
0.2725,81.25,935
0.2725,83.75,826
0.2725,86.25,766
0.2725,88.75,705
0.2725,91.25,710
0.2725,93.75,595
0.2725,96.25,567
0.2725,98.75,529
0.2725,101.25,474
0.2725,103.75,464
0.2725,106.25,402
0.2725,108.75,412
0.2725,111.25,300
0.2725,113.75,320
0.2725,116.25,271
0.2725,118.75,236
0.2725,121.25,222
0.2725,123.75,197
0.2725,126.25,166
0.2725,128.75,139
0.2725,131.25,134
0.2725,133.75,125
0.2725,136.25,110
0.2725,138.75,93
0.2725,141.25,84
0.2725,143.75,91
0.2725,146.25,79
0.2725,148.75,83
0.2725,151.25,58
0.2725,153.75,60
0.2725,156.25,61
0.2725,158.75,50
0.2725,161.25,47
0.2725,163.75,54
0.2725,166.25,35
0.2725,168.75,57
0.2725,171.25,31
0.2725,173.75,24
0.2725,176.25,34
0.2725,178.75,23
0.2725,181.25,31
0.2725,183.75,26
0.2725,186.25,30
0.2725,188.75,24
0.2725,191.25,20
0.2725,193.75,13
0.2725,196.25,26
0.2725,198.75,16
0.2725,201.25,20
0.2725,203.75,18
0.2725,206.25,11
0.2725,208.75,7
0.2725,211.25,9
0.2725,213.75,17
0.2725,216.25,15
0.2725,218.75,13
0.2725,221.25,13
0.2725,223.75,18
0.2725,226.25,12
0.2725,228.75,20
0.2725,231.25,12
0.2725,233.75,16
0.2725,236.25,5
0.2725,238.75,7
0.2725,241.25,11
0.2725,243.75,6
0.2725,246.25,11
0.2725,248.75,6
0.2725,251.25,6
0.2725,253.75,10
0.2725,256.25,8
0.2725,258.75,6
0.2725,261.25,5
0.2725,263.75,4
0.2725,266.25,6
0.2725,268.75,8
0.2725,271.25,3
0.2725,273.75,6
0.2725,276.25,7
0.2725,278.75,10
0.2725,281.25,4
0.2725,283.75,4
0.2725,286.25,8
0.2725,288.75,7
0.2725,291.25,6
0.2725,293.75,1
0.2725,296.25,5
0.2725,298.75,5
0.2775,-148.75,1
0.2775,-146.25,3
0.2775,-141.25,2
0.2775,-138.75,2
0.2775,-136.25,1
0.2775,-133.75,1
0.2775,-131.25,1
0.2775,-128.75,2
0.2775,-126.25,2
0.2775,-123.75,3
0.2775,-121.25,4
0.2775,-118.75,1
0.2775,-116.25,1
0.2775,-113.75,2
0.2775,-108.75,3
0.2775,-106.25,6
0.2775,-103.75,4
0.2775,-101.25,2
0.2775,-98.75,1
0.2775,-96.25,6
0.2775,-93.75,5
0.2775,-91.25,5
0.2775,-88.75,3
0.2775,-86.25,6
0.2775,-83.75,9
0.2775,-81.25,7
0.2775,-78.75,6
0.2775,-76.25,3
0.2775,-73.75,6
0.2775,-71.25,9
0.2775,-68.75,8
0.2775,-66.25,6
0.2775,-63.75,7
0.2775,-61.25,13
0.2775,-58.75,13
0.2775,-56.25,11
0.2775,-53.75,18
0.2775,-51.25,17
0.2775,-48.75,24
0.2775,-46.25,40
0.2775,-43.75,62
0.2775,-41.25,56
0.2775,-38.75,70
0.2775,-36.25,94
0.2775,-33.75,115
0.2775,-31.25,128
0.2775,-28.75,158
0.2775,-26.25,160
0.2775,-23.75,151
0.2775,-21.25,143
0.2775,-18.75,161
0.2775,-16.25,118
0.2775,-13.75,172
0.2775,-11.25,154
0.2775,-8.75,177
0.2775,-6.25,199
0.2775,-3.75,194
0.2775,-1.25,53
0.2775,1.25,746
0.2775,3.75,411
0.2775,6.25,638
0.2775,8.75,887
0.2775,11.25,1132
0.2775,13.75,1384
0.2775,16.25,1763
0.2775,18.75,2039
0.2775,21.25,2484
0.2775,23.75,2596
0.2775,26.25,2859
0.2775,28.75,3111
0.2775,31.25,3288
0.2775,33.75,3290
0.2775,36.25,3301
0.2775,38.75,3289
0.2775,41.25,3223
0.2775,43.75,3101
0.2775,46.25,2800
0.2775,48.75,2625
0.2775,51.25,2379
0.2775,53.75,2245
0.2775,56.25,2153
0.2775,58.75,1936
0.2775,61.25,1860
0.2775,63.75,1728
0.2775,66.25,1573
0.2775,68.75,1382
0.2775,71.25,1380
0.2775,73.75,1249
0.2775,76.25,1065
0.2775,78.75,950
0.2775,81.25,990
0.2775,83.75,907
0.2775,86.25,793
0.2775,88.75,681
0.2775,91.25,642
0.2775,93.75,531
0.2775,96.25,490
0.2775,98.75,469
0.2775,101.25,410
0.2775,103.75,372
0.2775,106.25,314
0.2775,108.75,307
0.2775,111.25,264
0.2775,113.75,254
0.2775,116.25,212
0.2775,118.75,195
0.2775,121.25,198
0.2775,123.75,160
0.2775,126.25,165
0.2775,128.75,142
0.2775,131.25,129
0.2775,133.75,105
0.2775,136.25,88
0.2775,138.75,75
0.2775,141.25,78
0.2775,143.75,70
0.2775,146.25,65
0.2775,148.75,37
0.2775,151.25,55
0.2775,153.75,44
0.2775,156.25,36
0.2775,158.75,32
0.2775,161.25,32
0.2775,163.75,36
0.2775,166.25,33
0.2775,168.75,24
0.2775,171.25,25
0.2775,173.75,27
0.2775,176.25,17
0.2775,178.75,18
0.2775,181.25,21
0.2775,183.75,27
0.2775,186.25,24
0.2775,188.75,13
0.2775,191.25,11
0.2775,193.75,21
0.2775,196.25,17
0.2775,198.75,15
0.2775,201.25,13
0.2775,203.75,12
0.2775,206.25,16
0.2775,208.75,9
0.2775,211.25,5
0.2775,213.75,14
0.2775,216.25,17
0.2775,218.75,16
0.2775,221.25,10
0.2775,223.75,13
0.2775,226.25,14
0.2775,228.75,12
0.2775,231.25,10
0.2775,233.75,7
0.2775,236.25,6
0.2775,238.75,5
0.2775,241.25,9
0.2775,243.75,11
0.2775,246.25,6
0.2775,248.75,6
0.2775,251.25,8
0.2775,253.75,7
0.2775,256.25,6
0.2775,258.75,8
0.2775,261.25,5
0.2775,263.75,5
0.2775,266.25,11
0.2775,268.75,8
0.2775,271.25,7
0.2775,273.75,6
0.2775,276.25,4
0.2775,278.75,8
0.2775,281.25,10
0.2775,283.75,3
0.2775,286.25,5
0.2775,288.75,6
0.2775,291.25,5
0.2775,293.75,2
0.2775,296.25,2
0.2775,298.75,3
0.2825,-148.75,2
0.2825,-146.25,5
0.2825,-143.75,3
0.2825,-141.25,2
0.2825,-136.25,4
0.2825,-133.75,1
0.2825,-131.25,3
0.2825,-128.75,4
0.2825,-126.25,4
0.2825,-123.75,8
0.2825,-121.25,1
0.2825,-116.25,2
0.2825,-113.75,3
0.2825,-111.25,6
0.2825,-108.75,6
0.2825,-106.25,5
0.2825,-103.75,3
0.2825,-101.25,4
0.2825,-98.75,3
0.2825,-96.25,3
0.2825,-93.75,4
0.2825,-91.25,7
0.2825,-88.75,2
0.2825,-86.25,7
0.2825,-83.75,3
0.2825,-81.25,8
0.2825,-78.75,9
0.2825,-76.25,4
0.2825,-73.75,11
0.2825,-71.25,8
0.2825,-68.75,9
0.2825,-66.25,10
0.2825,-63.75,4
0.2825,-61.25,15
0.2825,-58.75,20
0.2825,-56.25,22
0.2825,-53.75,22
0.2825,-51.25,33
0.2825,-48.75,41
0.2825,-46.25,40
0.2825,-43.75,69
0.2825,-41.25,72
0.2825,-38.75,97
0.2825,-36.25,120
0.2825,-33.75,134
0.2825,-31.25,169
0.2825,-28.75,159
0.2825,-26.25,187
0.2825,-23.75,199
0.2825,-21.25,210
0.2825,-18.75,195
0.2825,-16.25,170
0.2825,-13.75,186
0.2825,-11.25,184
0.2825,-8.75,225
0.2825,-6.25,259
0.2825,-3.75,256
0.2825,-1.25,82
0.2825,1.25,1215
0.2825,3.75,597
0.2825,6.25,890
0.2825,8.75,1242
0.2825,11.25,1470
0.2825,13.75,1837
0.2825,16.25,2257
0.2825,18.75,2630
0.2825,21.25,2902
0.2825,23.75,3283
0.2825,26.25,3458
0.2825,28.75,3688
0.2825,31.25,3692
0.2825,33.75,3757
0.2825,36.25,3628
0.2825,38.75,3545
0.2825,41.25,3407
0.2825,43.75,3203
0.2825,46.25,2983
0.2825,48.75,2788
0.2825,51.25,2537
0.2825,53.75,2386
0.2825,56.25,2223
0.2825,58.75,2117
0.2825,61.25,1806
0.2825,63.75,1735
0.2825,66.25,1503
0.2825,68.75,1426
0.2825,71.25,1416
0.2825,73.75,1245
0.2825,76.25,1101
0.2825,78.75,1041
0.2825,81.25,945
0.2825,83.75,826
0.2825,86.25,801
0.2825,88.75,745
0.2825,91.25,588
0.2825,93.75,532
0.2825,96.25,512
0.2825,98.75,430
0.2825,101.25,382
0.2825,103.75,324
0.2825,106.25,306
0.2825,108.75,244
0.2825,111.25,252
0.2825,113.75,238
0.2825,116.25,179
0.2825,118.75,172
0.2825,121.25,160
0.2825,123.75,116
0.2825,126.25,112
0.2825,128.75,103
0.2825,131.25,87
0.2825,133.75,69
0.2825,136.25,66
0.2825,138.75,77
0.2825,141.25,41
0.2825,143.75,46
0.2825,146.25,42
0.2825,148.75,41
0.2825,151.25,35
0.2825,153.75,48
0.2825,156.25,33
0.2825,158.75,30
0.2825,161.25,27
0.2825,163.75,30
0.2825,166.25,19
0.2825,168.75,18
0.2825,171.25,28
0.2825,173.75,15
0.2825,176.25,22
0.2825,178.75,14
0.2825,181.25,14
0.2825,183.75,14
0.2825,186.25,21
0.2825,188.75,10
0.2825,191.25,16
0.2825,193.75,16
0.2825,196.25,17
0.2825,198.75,15
0.2825,201.25,18
0.2825,203.75,12
0.2825,206.25,9
0.2825,208.75,8
0.2825,211.25,12
0.2825,213.75,10
0.2825,216.25,8
0.2825,218.75,9
0.2825,221.25,10
0.2825,223.75,7
0.2825,226.25,6
0.2825,228.75,13
0.2825,231.25,8
0.2825,233.75,6
0.2825,236.25,5
0.2825,238.75,6
0.2825,241.25,3
0.2825,243.75,2
0.2825,246.25,10
0.2825,248.75,4
0.2825,251.25,3
0.2825,253.75,6
0.2825,256.25,6
0.2825,258.75,8
0.2825,261.25,6
0.2825,263.75,5
0.2825,266.25,10
0.2825,268.75,3
0.2825,271.25,3
0.2825,273.75,2
0.2825,278.75,7
0.2825,281.25,5
0.2825,283.75,3
0.2825,286.25,8
0.2825,288.75,2
0.2825,291.25,4
0.2825,293.75,2
0.2825,296.25,3
0.2825,298.75,1
0.2875,-148.75,1
0.2875,-146.25,6
0.2875,-143.75,6
0.2875,-141.25,1
0.2875,-138.75,5
0.2875,-133.75,2
0.2875,-131.25,5
0.2875,-128.75,2
0.2875,-126.25,4
0.2875,-123.75,4
0.2875,-121.25,2
0.2875,-118.75,7
0.2875,-116.25,6
0.2875,-113.75,5
0.2875,-111.25,4
0.2875,-108.75,7
0.2875,-106.25,6
0.2875,-103.75,4
0.2875,-101.25,7
0.2875,-98.75,7
0.2875,-96.25,4
0.2875,-93.75,9
0.2875,-91.25,3
0.2875,-88.75,8
0.2875,-86.25,5
0.2875,-83.75,8
0.2875,-81.25,7
0.2875,-78.75,4
0.2875,-76.25,17
0.2875,-73.75,6
0.2875,-71.25,12
0.2875,-68.75,5
0.2875,-66.25,9
0.2875,-63.75,13
0.2875,-61.25,19
0.2875,-58.75,27
0.2875,-56.25,24
0.2875,-53.75,31
0.2875,-51.25,40
0.2875,-48.75,46
0.2875,-46.25,65
0.2875,-43.75,89
0.2875,-41.25,104
0.2875,-38.75,118
0.2875,-36.25,154
0.2875,-33.75,169
0.2875,-31.25,176
0.2875,-28.75,193
0.2875,-26.25,231
0.2875,-23.75,244
0.2875,-21.25,215
0.2875,-18.75,243
0.2875,-16.25,263
0.2875,-13.75,265
0.2875,-11.25,304
0.2875,-8.75,371
0.2875,-6.25,397
0.2875,-3.75,386
0.2875,-1.25,144
0.2875,1.25,1790
0.2875,3.75,814
0.2875,6.25,1364
0.2875,8.75,1684
0.2875,11.25,2076
0.2875,13.75,2479
0.2875,16.25,2862
0.2875,18.75,3266
0.2875,21.25,3585
0.2875,23.75,3841
0.2875,26.25,4005
0.2875,28.75,4045
0.2875,31.25,4147
0.2875,33.75,4094
0.2875,36.25,4006
0.2875,38.75,3787
0.2875,41.25,3645
0.2875,43.75,3430
0.2875,46.25,3291
0.2875,48.75,2966
0.2875,51.25,2784
0.2875,53.75,2430
0.2875,56.25,2339
0.2875,58.75,2176
0.2875,61.25,1961
0.2875,63.75,1847
0.2875,66.25,1659
0.2875,68.75,1450
0.2875,71.25,1330
0.2875,73.75,1118
0.2875,76.25,1034
0.2875,78.75,998
0.2875,81.25,904
0.2875,83.75,801
0.2875,86.25,686
0.2875,88.75,647
0.2875,91.25,582
0.2875,93.75,567
0.2875,96.25,481
0.2875,98.75,399
0.2875,101.25,403
0.2875,103.75,330
0.2875,106.25,289
0.2875,108.75,258
0.2875,111.25,202
0.2875,113.75,204
0.2875,116.25,182
0.2875,118.75,143
0.2875,121.25,157
0.2875,123.75,99
0.2875,126.25,100
0.2875,128.75,99
0.2875,131.25,75
0.2875,133.75,77
0.2875,136.25,46
0.2875,138.75,54
0.2875,141.25,47
0.2875,143.75,40
0.2875,146.25,28
0.2875,148.75,23
0.2875,151.25,28
0.2875,153.75,23
0.2875,156.25,23
0.2875,158.75,27
0.2875,161.25,24
0.2875,163.75,21
0.2875,166.25,17
0.2875,168.75,22
0.2875,171.25,18
0.2875,173.75,9
0.2875,176.25,12
0.2875,178.75,13
0.2875,181.25,15
0.2875,183.75,13
0.2875,186.25,14
0.2875,188.75,7
0.2875,191.25,20
0.2875,193.75,8
0.2875,196.25,17
0.2875,198.75,8
0.2875,201.25,14
0.2875,203.75,7
0.2875,206.25,11
0.2875,208.75,14
0.2875,211.25,11
0.2875,213.75,13
0.2875,216.25,3
0.2875,218.75,6
0.2875,221.25,7
0.2875,223.75,9
0.2875,226.25,8
0.2875,228.75,2
0.2875,231.25,10
0.2875,233.75,2
0.2875,236.25,6
0.2875,238.75,7
0.2875,241.25,12
0.2875,243.75,6
0.2875,246.25,7
0.2875,248.75,8
0.2875,251.25,3
0.2875,253.75,3
0.2875,256.25,7
0.2875,258.75,5
0.2875,261.25,7
0.2875,263.75,4
0.2875,266.25,5
0.2875,268.75,1
0.2875,271.25,5
0.2875,273.75,5
0.2875,276.25,4
0.2875,278.75,1
0.2875,281.25,5
0.2875,283.75,1
0.2875,286.25,5
0.2875,288.75,3
0.2875,291.25,2
0.2875,293.75,2
0.2875,296.25,4
0.2875,298.75,5
0.2925,-148.75,1
0.2925,-146.25,4
0.2925,-143.75,2
0.2925,-141.25,6
0.2925,-138.75,4
0.2925,-136.25,10
0.2925,-133.75,3
0.2925,-131.25,7
0.2925,-128.75,4
0.2925,-126.25,3
0.2925,-123.75,2
0.2925,-121.25,2
0.2925,-118.75,3
0.2925,-116.25,3
0.2925,-113.75,3
0.2925,-111.25,7
0.2925,-108.75,7
0.2925,-106.25,4
0.2925,-103.75,6
0.2925,-101.25,4
0.2925,-98.75,9
0.2925,-96.25,7
0.2925,-93.75,11
0.2925,-91.25,8
0.2925,-88.75,7
0.2925,-86.25,8
0.2925,-83.75,5
0.2925,-81.25,10
0.2925,-78.75,14
0.2925,-76.25,11
0.2925,-73.75,9
0.2925,-71.25,17
0.2925,-68.75,14
0.2925,-66.25,21
0.2925,-63.75,19
0.2925,-61.25,25
0.2925,-58.75,27
0.2925,-56.25,27
0.2925,-53.75,34
0.2925,-51.25,65
0.2925,-48.75,74
0.2925,-46.25,66
0.2925,-43.75,104
0.2925,-41.25,114
0.2925,-38.75,161
0.2925,-36.25,170
0.2925,-33.75,219
0.2925,-31.25,233
0.2925,-28.75,250
0.2925,-26.25,270
0.2925,-23.75,317
0.2925,-21.25,297
0.2925,-18.75,297
0.2925,-16.25,350
0.2925,-13.75,358
0.2925,-11.25,438
0.2925,-8.75,489
0.2925,-6.25,572
0.2925,-3.75,555
0.2925,-1.25,198
0.2925,1.25,2749
0.2925,3.75,1054
0.2925,6.25,1756
0.2925,8.75,2270
0.2925,11.25,2654
0.2925,13.75,3154
0.2925,16.25,3419
0.2925,18.75,3968
0.2925,21.25,4218
0.2925,23.75,4430
0.2925,26.25,4567
0.2925,28.75,4562
0.2925,31.25,4562
0.2925,33.75,4501
0.2925,36.25,4224
0.2925,38.75,4118
0.2925,41.25,3895
0.2925,43.75,3724
0.2925,46.25,3428
0.2925,48.75,3162
0.2925,51.25,2878
0.2925,53.75,2681
0.2925,56.25,2460
0.2925,58.75,2239
0.2925,61.25,2077
0.2925,63.75,1838
0.2925,66.25,1765
0.2925,68.75,1511
0.2925,71.25,1396
0.2925,73.75,1260
0.2925,76.25,1203
0.2925,78.75,1015
0.2925,81.25,909
0.2925,83.75,867
0.2925,86.25,746
0.2925,88.75,730
0.2925,91.25,600
0.2925,93.75,530
0.2925,96.25,481
0.2925,98.75,410
0.2925,101.25,374
0.2925,103.75,313
0.2925,106.25,278
0.2925,108.75,234
0.2925,111.25,230
0.2925,113.75,188
0.2925,116.25,164
0.2925,118.75,138
0.2925,121.25,119
0.2925,123.75,102
0.2925,126.25,104
0.2925,128.75,80
0.2925,131.25,65
0.2925,133.75,43
0.2925,136.25,55
0.2925,138.75,47
0.2925,141.25,54
0.2925,143.75,32
0.2925,146.25,28
0.2925,148.75,23
0.2925,151.25,28
0.2925,153.75,16
0.2925,156.25,14
0.2925,158.75,19
0.2925,161.25,16
0.2925,163.75,16
0.2925,166.25,9
0.2925,168.75,12
0.2925,171.25,12
0.2925,173.75,13
0.2925,176.25,9
0.2925,178.75,7
0.2925,181.25,9
0.2925,183.75,9
0.2925,186.25,12
0.2925,188.75,9
0.2925,191.25,18
0.2925,193.75,8
0.2925,196.25,8
0.2925,198.75,7
0.2925,201.25,5
0.2925,203.75,9
0.2925,206.25,7
0.2925,208.75,5
0.2925,211.25,3
0.2925,213.75,13
0.2925,216.25,2
0.2925,218.75,7
0.2925,221.25,6
0.2925,223.75,11
0.2925,226.25,10
0.2925,228.75,7
0.2925,231.25,7
0.2925,233.75,8
0.2925,236.25,4
0.2925,238.75,7
0.2925,241.25,4
0.2925,243.75,13
0.2925,246.25,5
0.2925,248.75,7
0.2925,251.25,3
0.2925,253.75,5
0.2925,256.25,6
0.2925,258.75,3
0.2925,261.25,6
0.2925,263.75,6
0.2925,266.25,4
0.2925,268.75,2
0.2925,271.25,1
0.2925,273.75,3
0.2925,276.25,2
0.2925,278.75,3
0.2925,281.25,5
0.2925,283.75,2
0.2925,286.25,3
0.2925,288.75,2
0.2925,291.25,3
0.2925,293.75,4
0.2925,296.25,4
0.2925,298.75,3
0.2975,-148.75,6
0.2975,-146.25,6
0.2975,-143.75,4
0.2975,-141.25,4
0.2975,-138.75,9
0.2975,-136.25,5
0.2975,-133.75,3
0.2975,-131.25,2
0.2975,-128.75,8
0.2975,-126.25,5
0.2975,-123.75,4
0.2975,-121.25,3
0.2975,-118.75,8
0.2975,-116.25,9
0.2975,-113.75,6
0.2975,-111.25,5
0.2975,-108.75,8
0.2975,-106.25,3
0.2975,-103.75,6
0.2975,-101.25,5
0.2975,-98.75,11
0.2975,-96.25,4
0.2975,-93.75,5
0.2975,-91.25,18
0.2975,-88.75,10
0.2975,-86.25,13
0.2975,-83.75,12
0.2975,-81.25,5
0.2975,-78.75,18
0.2975,-76.25,22
0.2975,-73.75,22
0.2975,-71.25,14
0.2975,-68.75,25
0.2975,-66.25,23
0.2975,-63.75,24
0.2975,-61.25,16
0.2975,-58.75,52
0.2975,-56.25,45
0.2975,-53.75,47
0.2975,-51.25,66
0.2975,-48.75,101
0.2975,-46.25,104
0.2975,-43.75,146
0.2975,-41.25,160
0.2975,-38.75,179
0.2975,-36.25,235
0.2975,-33.75,243
0.2975,-31.25,282
0.2975,-28.75,336
0.2975,-26.25,388
0.2975,-23.75,402
0.2975,-21.25,387
0.2975,-18.75,418
0.2975,-16.25,472
0.2975,-13.75,527
0.2975,-11.25,681
0.2975,-8.75,751
0.2975,-6.25,809
0.2975,-3.75,748
0.2975,-1.25,272
0.2975,1.25,4091
0.2975,3.75,1376
0.2975,6.25,2279
0.2975,8.75,2851
0.2975,11.25,3326
0.2975,13.75,3864
0.2975,16.25,4186
0.2975,18.75,4569
0.2975,21.25,4984
0.2975,23.75,4944
0.2975,26.25,5121
0.2975,28.75,5171
0.2975,31.25,4972
0.2975,33.75,4788
0.2975,36.25,4721
0.2975,38.75,4455
0.2975,41.25,4256
0.2975,43.75,3852
0.2975,46.25,3587
0.2975,48.75,3293
0.2975,51.25,3158
0.2975,53.75,2847
0.2975,56.25,2657
0.2975,58.75,2357
0.2975,61.25,2047
0.2975,63.75,1916
0.2975,66.25,1757
0.2975,68.75,1600
0.2975,71.25,1464
0.2975,73.75,1287
0.2975,76.25,1155
0.2975,78.75,1015
0.2975,81.25,871
0.2975,83.75,822
0.2975,86.25,725
0.2975,88.75,648
0.2975,91.25,595
0.2975,93.75,529
0.2975,96.25,432
0.2975,98.75,391
0.2975,101.25,323
0.2975,103.75,276
0.2975,106.25,259
0.2975,108.75,205
0.2975,111.25,185
0.2975,113.75,125
0.2975,116.25,131
0.2975,118.75,103
0.2975,121.25,95
0.2975,123.75,80
0.2975,126.25,76
0.2975,128.75,67
0.2975,131.25,63
0.2975,133.75,51
0.2975,136.25,41
0.2975,138.75,32
0.2975,141.25,33
0.2975,143.75,32
0.2975,146.25,32
0.2975,148.75,19
0.2975,151.25,18
0.2975,153.75,13
0.2975,156.25,15
0.2975,158.75,15
0.2975,161.25,12
0.2975,163.75,8
0.2975,166.25,16
0.2975,168.75,8
0.2975,171.25,12
0.2975,173.75,10
0.2975,176.25,5
0.2975,178.75,12
0.2975,181.25,6
0.2975,183.75,12
0.2975,186.25,14
0.2975,188.75,6
0.2975,191.25,5
0.2975,193.75,7
0.2975,196.25,8
0.2975,198.75,8
0.2975,201.25,5
0.2975,203.75,8
0.2975,206.25,8
0.2975,208.75,7
0.2975,211.25,6
0.2975,213.75,9
0.2975,216.25,11
0.2975,218.75,9
0.2975,221.25,9
0.2975,223.75,3
0.2975,226.25,10
0.2975,228.75,6
0.2975,231.25,10
0.2975,233.75,4
0.2975,236.25,6
0.2975,238.75,9
0.2975,241.25,15
0.2975,243.75,5
0.2975,246.25,2
0.2975,248.75,7
0.2975,253.75,3
0.2975,256.25,2
0.2975,258.75,5
0.2975,261.25,4
0.2975,263.75,4
0.2975,266.25,3
0.2975,268.75,5
0.2975,271.25,4
0.2975,273.75,3
0.2975,278.75,5
0.2975,281.25,5
0.2975,283.75,4
0.2975,286.25,3
0.2975,288.75,3
0.2975,291.25,1
0.2975,293.75,1
0.2975,298.75,3
0.3025,-148.75,7
0.3025,-146.25,6
0.3025,-143.75,3
0.3025,-141.25,10
0.3025,-138.75,8
0.3025,-136.25,5
0.3025,-133.75,7
0.3025,-131.25,4
0.3025,-128.75,8
0.3025,-126.25,12
0.3025,-123.75,2
0.3025,-121.25,4
0.3025,-118.75,8
0.3025,-116.25,3
0.3025,-113.75,6
0.3025,-111.25,8
0.3025,-108.75,7
0.3025,-106.25,7
0.3025,-103.75,9
0.3025,-101.25,9
0.3025,-98.75,6
0.3025,-96.25,13
0.3025,-93.75,11
0.3025,-91.25,16
0.3025,-88.75,17
0.3025,-86.25,13
0.3025,-83.75,15
0.3025,-81.25,11
0.3025,-78.75,15
0.3025,-76.25,21
0.3025,-73.75,39
0.3025,-71.25,30
0.3025,-68.75,29
0.3025,-66.25,33
0.3025,-63.75,26
0.3025,-61.25,46
0.3025,-58.75,53
0.3025,-56.25,50
0.3025,-53.75,83
0.3025,-51.25,103
0.3025,-48.75,105
0.3025,-46.25,128
0.3025,-43.75,160
0.3025,-41.25,197
0.3025,-38.75,242
0.3025,-36.25,284
0.3025,-33.75,344
0.3025,-31.25,360
0.3025,-28.75,430
0.3025,-26.25,453
0.3025,-23.75,506
0.3025,-21.25,555
0.3025,-18.75,612
0.3025,-16.25,678
0.3025,-13.75,759
0.3025,-11.25,879
0.3025,-8.75,1051
0.3025,-6.25,1183
0.3025,-3.75,960
0.3025,-1.25,408
0.3025,1.25,6138
0.3025,3.75,1643
0.3025,6.25,2835
0.3025,8.75,3565
0.3025,11.25,4069
0.3025,13.75,4525
0.3025,16.25,5168
0.3025,18.75,5357
0.3025,21.25,5724
0.3025,23.75,5764
0.3025,26.25,5699
0.3025,28.75,5683
0.3025,31.25,5522
0.3025,33.75,5352
0.3025,36.25,5043
0.3025,38.75,4805
0.3025,41.25,4483
0.3025,43.75,4255
0.3025,46.25,3782
0.3025,48.75,3598
0.3025,51.25,3207
0.3025,53.75,2950
0.3025,56.25,2617
0.3025,58.75,2441
0.3025,61.25,2157
0.3025,63.75,2027
0.3025,66.25,1863
0.3025,68.75,1665
0.3025,71.25,1430
0.3025,73.75,1269
0.3025,76.25,1107
0.3025,78.75,1013
0.3025,81.25,909
0.3025,83.75,797
0.3025,86.25,736
0.3025,88.75,592
0.3025,91.25,556
0.3025,93.75,429
0.3025,96.25,393
0.3025,98.75,324
0.3025,101.25,286
0.3025,103.75,246
0.3025,106.25,203
0.3025,108.75,162
0.3025,111.25,125
0.3025,113.75,119
0.3025,116.25,112
0.3025,118.75,92
0.3025,121.25,102
0.3025,123.75,75
0.3025,126.25,68
0.3025,128.75,55
0.3025,131.25,37
0.3025,133.75,30
0.3025,136.25,33
0.3025,138.75,34
0.3025,141.25,26
0.3025,143.75,22
0.3025,146.25,21
0.3025,148.75,10
0.3025,151.25,13
0.3025,153.75,15
0.3025,156.25,9
0.3025,158.75,9
0.3025,161.25,12
0.3025,163.75,9
0.3025,166.25,6
0.3025,168.75,7
0.3025,171.25,7
0.3025,173.75,13
0.3025,176.25,10
0.3025,178.75,7
0.3025,181.25,5
0.3025,183.75,11
0.3025,186.25,3
0.3025,188.75,10
0.3025,191.25,5
0.3025,193.75,5
0.3025,196.25,9
0.3025,198.75,11
0.3025,201.25,7
0.3025,203.75,4
0.3025,206.25,3
0.3025,208.75,5
0.3025,211.25,3
0.3025,213.75,9
0.3025,216.25,5
0.3025,218.75,5
0.3025,221.25,7
0.3025,223.75,5
0.3025,226.25,6
0.3025,228.75,5
0.3025,231.25,3
0.3025,233.75,2
0.3025,236.25,5
0.3025,238.75,5
0.3025,241.25,2
0.3025,243.75,3
0.3025,246.25,5
0.3025,248.75,3
0.3025,251.25,7
0.3025,253.75,2
0.3025,256.25,6
0.3025,258.75,5
0.3025,261.25,1
0.3025,263.75,3
0.3025,266.25,3
0.3025,268.75,2
0.3025,271.25,3
0.3025,273.75,5
0.3025,276.25,1
0.3025,278.75,2
0.3025,281.25,1
0.3025,283.75,4
0.3025,286.25,3
0.3025,288.75,3
0.3025,291.25,1
0.3025,293.75,1
0.3025,296.25,2
0.3025,298.75,4
0.3075,-148.75,6
0.3075,-146.25,4
0.3075,-143.75,6
0.3075,-141.25,8
0.3075,-138.75,9
0.3075,-136.25,3
0.3075,-133.75,11
0.3075,-131.25,2
0.3075,-128.75,12
0.3075,-126.25,5
0.3075,-123.75,3
0.3075,-121.25,4
0.3075,-118.75,9
0.3075,-116.25,3
0.3075,-113.75,9
0.3075,-111.25,10
0.3075,-108.75,8
0.3075,-106.25,9
0.3075,-103.75,13
0.3075,-101.25,5
0.3075,-98.75,13
0.3075,-96.25,16
0.3075,-93.75,12
0.3075,-91.25,22
0.3075,-88.75,13
0.3075,-86.25,15
0.3075,-83.75,16
0.3075,-81.25,22
0.3075,-78.75,19
0.3075,-76.25,22
0.3075,-73.75,26
0.3075,-71.25,24
0.3075,-68.75,27
0.3075,-66.25,32
0.3075,-63.75,49
0.3075,-61.25,48
0.3075,-58.75,60
0.3075,-56.25,84
0.3075,-53.75,114
0.3075,-51.25,118
0.3075,-48.75,137
0.3075,-46.25,165
0.3075,-43.75,242
0.3075,-41.25,285
0.3075,-38.75,342
0.3075,-36.25,365
0.3075,-33.75,431
0.3075,-31.25,483
0.3075,-28.75,598
0.3075,-26.25,593
0.3075,-23.75,617
0.3075,-21.25,725
0.3075,-18.75,789
0.3075,-16.25,893
0.3075,-13.75,1079
0.3075,-11.25,1231
0.3075,-8.75,1353
0.3075,-6.25,1444
0.3075,-3.75,1265
0.3075,-1.25,492
0.3075,1.25,8737
0.3075,3.75,2072
0.3075,6.25,3410
0.3075,8.75,4334
0.3075,11.25,5068
0.3075,13.75,5585
0.3075,16.25,6006
0.3075,18.75,6331
0.3075,21.25,6516
0.3075,23.75,6554
0.3075,26.25,6460
0.3075,28.75,6285
0.3075,31.25,6149
0.3075,33.75,5905
0.3075,36.25,5412
0.3075,38.75,5193
0.3075,41.25,4948
0.3075,43.75,4404
0.3075,46.25,4274
0.3075,48.75,3810
0.3075,51.25,3528
0.3075,53.75,3110
0.3075,56.25,2845
0.3075,58.75,2551
0.3075,61.25,2358
0.3075,63.75,2032
0.3075,66.25,1916
0.3075,68.75,1599
0.3075,71.25,1410
0.3075,73.75,1371
0.3075,76.25,1178
0.3075,78.75,1005
0.3075,81.25,900
0.3075,83.75,760
0.3075,86.25,658
0.3075,88.75,613
0.3075,91.25,546
0.3075,93.75,467
0.3075,96.25,359
0.3075,98.75,320
0.3075,101.25,278
0.3075,103.75,236
0.3075,106.25,207
0.3075,108.75,159
0.3075,111.25,130
0.3075,113.75,92
0.3075,116.25,114
0.3075,118.75,106
0.3075,121.25,97
0.3075,123.75,58
0.3075,126.25,64
0.3075,128.75,45
0.3075,131.25,39
0.3075,133.75,35
0.3075,136.25,37
0.3075,138.75,31
0.3075,141.25,29
0.3075,143.75,22
0.3075,146.25,24
0.3075,148.75,20
0.3075,151.25,11
0.3075,153.75,15
0.3075,156.25,10
0.3075,158.75,11
0.3075,161.25,9
0.3075,163.75,8
0.3075,166.25,5
0.3075,168.75,9
0.3075,171.25,8
0.3075,173.75,7
0.3075,176.25,6
0.3075,178.75,7
0.3075,181.25,8
0.3075,183.75,8
0.3075,186.25,7
0.3075,188.75,5
0.3075,191.25,4
0.3075,193.75,5
0.3075,196.25,9
0.3075,198.75,9
0.3075,201.25,5
0.3075,203.75,5
0.3075,206.25,4
0.3075,208.75,2
0.3075,211.25,10
0.3075,213.75,7
0.3075,216.25,9
0.3075,218.75,3
0.3075,221.25,2
0.3075,223.75,4
0.3075,226.25,3
0.3075,228.75,5
0.3075,231.25,7
0.3075,233.75,5
0.3075,236.25,7
0.3075,238.75,4
0.3075,241.25,4
0.3075,243.75,4
0.3075,246.25,7
0.3075,248.75,5
0.3075,251.25,2
0.3075,253.75,4
0.3075,256.25,2
0.3075,258.75,4
0.3075,261.25,5
0.3075,263.75,4
0.3075,266.25,3
0.3075,268.75,2
0.3075,271.25,3
0.3075,273.75,1
0.3075,276.25,4
0.3075,278.75,3
0.3075,281.25,5
0.3075,283.75,1
0.3075,288.75,1
0.3075,291.25,8
0.3075,293.75,2
0.3075,296.25,6
0.3075,298.75,1
0.3125,-148.75,4
0.3125,-146.25,8
0.3125,-143.75,5
0.3125,-141.25,6
0.3125,-138.75,7
0.3125,-136.25,13
0.3125,-133.75,6
0.3125,-131.25,5
0.3125,-128.75,12
0.3125,-126.25,8
0.3125,-123.75,8
0.3125,-121.25,11
0.3125,-118.75,10
0.3125,-116.25,10
0.3125,-113.75,6
0.3125,-111.25,9
0.3125,-108.75,14
0.3125,-106.25,14
0.3125,-103.75,8
0.3125,-101.25,18
0.3125,-98.75,11
0.3125,-96.25,14
0.3125,-93.75,16
0.3125,-91.25,12
0.3125,-88.75,23
0.3125,-86.25,19
0.3125,-83.75,18
0.3125,-81.25,40
0.3125,-78.75,29
0.3125,-76.25,33
0.3125,-73.75,35
0.3125,-71.25,46
0.3125,-68.75,40
0.3125,-66.25,46
0.3125,-63.75,56
0.3125,-61.25,52
0.3125,-58.75,81
0.3125,-56.25,102
0.3125,-53.75,129
0.3125,-51.25,158
0.3125,-48.75,221
0.3125,-46.25,269
0.3125,-43.75,268
0.3125,-41.25,317
0.3125,-38.75,390
0.3125,-36.25,471
0.3125,-33.75,603
0.3125,-31.25,639
0.3125,-28.75,722
0.3125,-26.25,742
0.3125,-23.75,878
0.3125,-21.25,999
0.3125,-18.75,1137
0.3125,-16.25,1342
0.3125,-13.75,1424
0.3125,-11.25,1734
0.3125,-8.75,1851
0.3125,-6.25,1965
0.3125,-3.75,1508
0.3125,-1.25,526
0.3125,1.25,11989
0.3125,3.75,2383
0.3125,6.25,4294
0.3125,8.75,5143
0.3125,11.25,6057
0.3125,13.75,6495
0.3125,16.25,6836
0.3125,18.75,7339
0.3125,21.25,7256
0.3125,23.75,7322
0.3125,26.25,7174
0.3125,28.75,7181
0.3125,31.25,6903
0.3125,33.75,6471
0.3125,36.25,6142
0.3125,38.75,5548
0.3125,41.25,5392
0.3125,43.75,4968
0.3125,46.25,4424
0.3125,48.75,4069
0.3125,51.25,3695
0.3125,53.75,3326
0.3125,56.25,3097
0.3125,58.75,2780
0.3125,61.25,2376
0.3125,63.75,2194
0.3125,66.25,1918
0.3125,68.75,1791
0.3125,71.25,1538
0.3125,73.75,1333
0.3125,76.25,1190
0.3125,78.75,1009
0.3125,81.25,862
0.3125,83.75,737
0.3125,86.25,657
0.3125,88.75,527
0.3125,91.25,478
0.3125,93.75,421
0.3125,96.25,336
0.3125,98.75,288
0.3125,101.25,269
0.3125,103.75,211
0.3125,106.25,207
0.3125,108.75,167
0.3125,111.25,132
0.3125,113.75,101
0.3125,116.25,113
0.3125,118.75,69
0.3125,121.25,79
0.3125,123.75,56
0.3125,126.25,45
0.3125,128.75,43
0.3125,131.25,42
0.3125,133.75,30
0.3125,136.25,21
0.3125,138.75,26
0.3125,141.25,23
0.3125,143.75,14
0.3125,146.25,16
0.3125,148.75,6
0.3125,151.25,7
0.3125,153.75,10
0.3125,156.25,7
0.3125,158.75,9
0.3125,161.25,7
0.3125,163.75,4
0.3125,166.25,4
0.3125,168.75,9
0.3125,171.25,4
0.3125,173.75,2
0.3125,176.25,8
0.3125,178.75,5
0.3125,181.25,3
0.3125,183.75,4
0.3125,186.25,5
0.3125,188.75,5
0.3125,193.75,6
0.3125,196.25,4
0.3125,198.75,6
0.3125,201.25,4
0.3125,203.75,5
0.3125,206.25,5
0.3125,208.75,8
0.3125,211.25,7
0.3125,213.75,6
0.3125,216.25,4
0.3125,218.75,9
0.3125,221.25,6
0.3125,223.75,4
0.3125,226.25,6
0.3125,228.75,4
0.3125,231.25,6
0.3125,233.75,3
0.3125,236.25,3
0.3125,238.75,6
0.3125,241.25,2
0.3125,243.75,2
0.3125,246.25,2
0.3125,248.75,1
0.3125,251.25,1
0.3125,253.75,3
0.3125,256.25,3
0.3125,258.75,6
0.3125,261.25,3
0.3125,263.75,2
0.3125,266.25,2
0.3125,268.75,4
0.3125,271.25,3
0.3125,273.75,1
0.3125,276.25,2
0.3125,281.25,3
0.3125,283.75,4
0.3125,286.25,3
0.3125,293.75,1
0.3125,296.25,7
0.3175,-148.75,9
0.3175,-146.25,12
0.3175,-143.75,8
0.3175,-141.25,6
0.3175,-138.75,8
0.3175,-136.25,5
0.3175,-133.75,8
0.3175,-131.25,11
0.3175,-128.75,7
0.3175,-126.25,9
0.3175,-123.75,8
0.3175,-121.25,5
0.3175,-118.75,10
0.3175,-116.25,16
0.3175,-113.75,12
0.3175,-111.25,9
0.3175,-108.75,12
0.3175,-106.25,13
0.3175,-103.75,16
0.3175,-101.25,14
0.3175,-98.75,11
0.3175,-96.25,20
0.3175,-93.75,16
0.3175,-91.25,21
0.3175,-88.75,19
0.3175,-86.25,31
0.3175,-83.75,16
0.3175,-81.25,31
0.3175,-78.75,25
0.3175,-76.25,39
0.3175,-73.75,52
0.3175,-71.25,44
0.3175,-68.75,43
0.3175,-66.25,65
0.3175,-63.75,80
0.3175,-61.25,78
0.3175,-58.75,115
0.3175,-56.25,125
0.3175,-53.75,162
0.3175,-51.25,167
0.3175,-48.75,256
0.3175,-46.25,290
0.3175,-43.75,385
0.3175,-41.25,439
0.3175,-38.75,509
0.3175,-36.25,579
0.3175,-33.75,663
0.3175,-31.25,792
0.3175,-28.75,931
0.3175,-26.25,1019
0.3175,-23.75,1146
0.3175,-21.25,1313
0.3175,-18.75,1575
0.3175,-16.25,1812
0.3175,-13.75,2033
0.3175,-11.25,2255
0.3175,-8.75,2336
0.3175,-6.25,2492
0.3175,-3.75,1862
0.3175,-1.25,685
0.3175,1.25,16187
0.3175,3.75,2742
0.3175,6.25,4871
0.3175,8.75,6298
0.3175,11.25,7230
0.3175,13.75,7595
0.3175,16.25,7943
0.3175,18.75,8360
0.3175,21.25,8395
0.3175,23.75,8236
0.3175,26.25,8276
0.3175,28.75,8102
0.3175,31.25,7526
0.3175,33.75,7222
0.3175,36.25,6519
0.3175,38.75,6176
0.3175,41.25,5798
0.3175,43.75,5268
0.3175,46.25,4922
0.3175,48.75,4319
0.3175,51.25,3949
0.3175,53.75,3534
0.3175,56.25,3184
0.3175,58.75,2848
0.3175,61.25,2541
0.3175,63.75,2158
0.3175,66.25,1988
0.3175,68.75,1672
0.3175,71.25,1603
0.3175,73.75,1339
0.3175,76.25,1179
0.3175,78.75,1054
0.3175,81.25,885
0.3175,83.75,757
0.3175,86.25,666
0.3175,88.75,559
0.3175,91.25,488
0.3175,93.75,404
0.3175,96.25,331
0.3175,98.75,296
0.3175,101.25,252
0.3175,103.75,201
0.3175,106.25,189
0.3175,108.75,145
0.3175,111.25,119
0.3175,113.75,100
0.3175,116.25,93
0.3175,118.75,68
0.3175,121.25,62
0.3175,123.75,37
0.3175,126.25,46
0.3175,128.75,40
0.3175,131.25,19
0.3175,133.75,14
0.3175,136.25,28
0.3175,138.75,14
0.3175,141.25,15
0.3175,143.75,8
0.3175,146.25,5
0.3175,148.75,8
0.3175,151.25,5
0.3175,153.75,2
0.3175,156.25,5
0.3175,158.75,3
0.3175,161.25,9
0.3175,163.75,7
0.3175,166.25,5
0.3175,168.75,5
0.3175,171.25,3
0.3175,173.75,6
0.3175,176.25,5
0.3175,178.75,1
0.3175,181.25,3
0.3175,183.75,5
0.3175,186.25,2
0.3175,191.25,3
0.3175,193.75,2
0.3175,196.25,4
0.3175,201.25,4
0.3175,203.75,2
0.3175,206.25,4
0.3175,208.75,2
0.3175,211.25,7
0.3175,213.75,2
0.3175,216.25,8
0.3175,218.75,2
0.3175,221.25,3
0.3175,223.75,1
0.3175,226.25,3
0.3175,228.75,2
0.3175,231.25,3
0.3175,233.75,6
0.3175,236.25,1
0.3175,238.75,2
0.3175,241.25,2
0.3175,243.75,2
0.3175,246.25,4
0.3175,248.75,4
0.3175,251.25,3
0.3175,253.75,2
0.3175,256.25,3
0.3175,258.75,2
0.3175,261.25,6
0.3175,263.75,2
0.3175,266.25,6
0.3175,271.25,3
0.3175,273.75,2
0.3175,276.25,3
0.3175,278.75,3
0.3175,281.25,2
0.3175,283.75,2
0.3175,286.25,2
0.3175,288.75,5
0.3175,291.25,1
0.3175,293.75,2
0.3175,296.25,1
0.3175,298.75,1
0.3225,-148.75,13
0.3225,-146.25,5
0.3225,-143.75,14
0.3225,-141.25,9
0.3225,-138.75,5
0.3225,-136.25,14
0.3225,-133.75,9
0.3225,-131.25,9
0.3225,-128.75,4
0.3225,-126.25,13
0.3225,-123.75,7
0.3225,-121.25,9
0.3225,-118.75,8
0.3225,-116.25,10
0.3225,-113.75,14
0.3225,-111.25,16
0.3225,-108.75,21
0.3225,-106.25,21
0.3225,-103.75,6
0.3225,-101.25,20
0.3225,-98.75,26
0.3225,-96.25,23
0.3225,-93.75,21
0.3225,-91.25,21
0.3225,-88.75,29
0.3225,-86.25,23
0.3225,-83.75,37
0.3225,-81.25,43
0.3225,-78.75,43
0.3225,-76.25,56
0.3225,-73.75,54
0.3225,-71.25,70
0.3225,-68.75,46
0.3225,-66.25,81
0.3225,-63.75,93
0.3225,-61.25,115
0.3225,-58.75,142
0.3225,-56.25,189
0.3225,-53.75,239
0.3225,-51.25,281
0.3225,-48.75,317
0.3225,-46.25,376
0.3225,-43.75,485
0.3225,-41.25,577
0.3225,-38.75,676
0.3225,-36.25,735
0.3225,-33.75,862
0.3225,-31.25,1034
0.3225,-28.75,1141
0.3225,-26.25,1394
0.3225,-23.75,1529
0.3225,-21.25,1769
0.3225,-18.75,1972
0.3225,-16.25,2276
0.3225,-13.75,2700
0.3225,-11.25,2898
0.3225,-8.75,3184
0.3225,-6.25,3180
0.3225,-3.75,2292
0.3225,-1.25,771
0.3225,1.25,22322
0.3225,3.75,3310
0.3225,6.25,5781
0.3225,8.75,7545
0.3225,11.25,8700
0.3225,13.75,9131
0.3225,16.25,9435
0.3225,18.75,9541
0.3225,21.25,9388
0.3225,23.75,9308
0.3225,26.25,9090
0.3225,28.75,8618
0.3225,31.25,8245
0.3225,33.75,7559
0.3225,36.25,7295
0.3225,38.75,6625
0.3225,41.25,6154
0.3225,43.75,5571
0.3225,46.25,5030
0.3225,48.75,4575
0.3225,51.25,4081
0.3225,53.75,3709
0.3225,56.25,3126
0.3225,58.75,2912
0.3225,61.25,2691
0.3225,63.75,2172
0.3225,66.25,1989
0.3225,68.75,1777
0.3225,71.25,1456
0.3225,73.75,1234
0.3225,76.25,1135
0.3225,78.75,911
0.3225,81.25,814
0.3225,83.75,689
0.3225,86.25,633
0.3225,88.75,539
0.3225,91.25,446
0.3225,93.75,375
0.3225,96.25,355
0.3225,98.75,245
0.3225,101.25,255
0.3225,103.75,217
0.3225,106.25,170
0.3225,108.75,138
0.3225,111.25,121
0.3225,113.75,129
0.3225,116.25,78
0.3225,118.75,67
0.3225,121.25,64
0.3225,123.75,43
0.3225,126.25,42
0.3225,128.75,41
0.3225,131.25,29
0.3225,133.75,23
0.3225,136.25,17
0.3225,138.75,19
0.3225,141.25,8
0.3225,143.75,4
0.3225,146.25,11
0.3225,148.75,5
0.3225,151.25,8
0.3225,153.75,5
0.3225,156.25,6
0.3225,158.75,3
0.3225,161.25,4
0.3225,163.75,7
0.3225,166.25,8
0.3225,168.75,5
0.3225,171.25,2
0.3225,176.25,5
0.3225,178.75,11
0.3225,181.25,2
0.3225,183.75,5
0.3225,186.25,7
0.3225,188.75,10
0.3225,191.25,4
0.3225,193.75,2
0.3225,196.25,5
0.3225,198.75,3
0.3225,201.25,4
0.3225,203.75,4
0.3225,206.25,5
0.3225,208.75,5
0.3225,211.25,3
0.3225,213.75,2
0.3225,216.25,4
0.3225,218.75,3
0.3225,221.25,3
0.3225,226.25,4
0.3225,228.75,3
0.3225,231.25,3
0.3225,233.75,2
0.3225,236.25,3
0.3225,238.75,3
0.3225,241.25,1
0.3225,243.75,3
0.3225,246.25,1
0.3225,248.75,5
0.3225,251.25,5
0.3225,253.75,1
0.3225,256.25,6
0.3225,258.75,2
0.3225,261.25,3
0.3225,263.75,1
0.3225,271.25,4
0.3225,273.75,5
0.3225,276.25,5
0.3225,278.75,2
0.3225,281.25,2
0.3225,286.25,3
0.3225,296.25,2
0.3225,298.75,1
0.3275,-148.75,9
0.3275,-146.25,7
0.3275,-143.75,11
0.3275,-141.25,13
0.3275,-138.75,12
0.3275,-136.25,6
0.3275,-133.75,11
0.3275,-131.25,14
0.3275,-128.75,11
0.3275,-126.25,15
0.3275,-123.75,15
0.3275,-121.25,16
0.3275,-118.75,13
0.3275,-116.25,12
0.3275,-113.75,21
0.3275,-111.25,14
0.3275,-108.75,13
0.3275,-106.25,16
0.3275,-103.75,20
0.3275,-101.25,24
0.3275,-98.75,24
0.3275,-96.25,37
0.3275,-93.75,38
0.3275,-91.25,22
0.3275,-88.75,43
0.3275,-86.25,42
0.3275,-83.75,46
0.3275,-81.25,49
0.3275,-78.75,46
0.3275,-76.25,61
0.3275,-73.75,63
0.3275,-71.25,77
0.3275,-68.75,78
0.3275,-66.25,104
0.3275,-63.75,142
0.3275,-61.25,142
0.3275,-58.75,212
0.3275,-56.25,235
0.3275,-53.75,275
0.3275,-51.25,339
0.3275,-48.75,396
0.3275,-46.25,485
0.3275,-43.75,573
0.3275,-41.25,764
0.3275,-38.75,807
0.3275,-36.25,965
0.3275,-33.75,1063
0.3275,-31.25,1273
0.3275,-28.75,1467
0.3275,-26.25,1637
0.3275,-23.75,1914
0.3275,-21.25,2160
0.3275,-18.75,2498
0.3275,-16.25,2893
0.3275,-13.75,3228
0.3275,-11.25,3606
0.3275,-8.75,3901
0.3275,-6.25,3751
0.3275,-3.75,2814
0.3275,-1.25,922
0.3275,1.25,29197
0.3275,3.75,3817
0.3275,6.25,6517
0.3275,8.75,8587
0.3275,11.25,9925
0.3275,13.75,10408
0.3275,16.25,10696
0.3275,18.75,10915
0.3275,21.25,10641
0.3275,23.75,10398
0.3275,26.25,10152
0.3275,28.75,9369
0.3275,31.25,9045
0.3275,33.75,8367
0.3275,36.25,7709
0.3275,38.75,7153
0.3275,41.25,6379
0.3275,43.75,5794
0.3275,46.25,5323
0.3275,48.75,4615
0.3275,51.25,4099
0.3275,53.75,3670
0.3275,56.25,3276
0.3275,58.75,2842
0.3275,61.25,2572
0.3275,63.75,2186
0.3275,66.25,1931
0.3275,68.75,1727
0.3275,71.25,1485
0.3275,73.75,1254
0.3275,76.25,1008
0.3275,78.75,882
0.3275,81.25,803
0.3275,83.75,668
0.3275,86.25,583
0.3275,88.75,521
0.3275,91.25,384
0.3275,93.75,340
0.3275,96.25,294
0.3275,98.75,266
0.3275,101.25,212
0.3275,103.75,179
0.3275,106.25,186
0.3275,108.75,127
0.3275,111.25,103
0.3275,113.75,77
0.3275,116.25,71
0.3275,118.75,74
0.3275,121.25,42
0.3275,123.75,34
0.3275,126.25,34
0.3275,128.75,23
0.3275,131.25,21
0.3275,133.75,10
0.3275,136.25,8
0.3275,138.75,11
0.3275,141.25,6
0.3275,143.75,5
0.3275,146.25,3
0.3275,148.75,9
0.3275,151.25,7
0.3275,153.75,3
0.3275,156.25,4
0.3275,158.75,4
0.3275,161.25,5
0.3275,163.75,2
0.3275,166.25,4
0.3275,168.75,3
0.3275,171.25,4
0.3275,173.75,2
0.3275,178.75,2
0.3275,181.25,3
0.3275,183.75,3
0.3275,186.25,3
0.3275,188.75,4
0.3275,191.25,1
0.3275,193.75,3
0.3275,196.25,4
0.3275,198.75,1
0.3275,201.25,2
0.3275,203.75,2
0.3275,206.25,1
0.3275,208.75,5
0.3275,211.25,3
0.3275,213.75,2
0.3275,216.25,2
0.3275,218.75,2
0.3275,221.25,1
0.3275,223.75,1
0.3275,226.25,3
0.3275,228.75,2
0.3275,231.25,4
0.3275,233.75,3
0.3275,236.25,2
0.3275,241.25,2
0.3275,243.75,5
0.3275,246.25,1
0.3275,248.75,1
0.3275,251.25,4
0.3275,256.25,2
0.3275,258.75,5
0.3275,263.75,2
0.3275,266.25,2
0.3275,273.75,2
0.3275,276.25,3
0.3275,278.75,1
0.3275,283.75,2
0.3275,286.25,1
0.3275,293.75,2
0.3325,-148.75,10
0.3325,-146.25,9
0.3325,-143.75,10
0.3325,-141.25,12
0.3325,-138.75,11
0.3325,-136.25,11
0.3325,-133.75,17
0.3325,-131.25,16
0.3325,-128.75,11
0.3325,-126.25,7
0.3325,-123.75,15
0.3325,-121.25,15
0.3325,-118.75,24
0.3325,-116.25,20
0.3325,-113.75,17
0.3325,-111.25,19
0.3325,-108.75,21
0.3325,-106.25,30
0.3325,-103.75,40
0.3325,-101.25,22
0.3325,-98.75,29
0.3325,-96.25,32
0.3325,-93.75,30
0.3325,-91.25,49
0.3325,-88.75,46
0.3325,-86.25,49
0.3325,-83.75,53
0.3325,-81.25,49
0.3325,-78.75,61
0.3325,-76.25,69
0.3325,-73.75,91
0.3325,-71.25,112
0.3325,-68.75,119
0.3325,-66.25,120
0.3325,-63.75,161
0.3325,-61.25,172
0.3325,-58.75,232
0.3325,-56.25,266
0.3325,-53.75,298
0.3325,-51.25,404
0.3325,-48.75,460
0.3325,-46.25,559
0.3325,-43.75,677
0.3325,-41.25,828
0.3325,-38.75,992
0.3325,-36.25,1134
0.3325,-33.75,1318
0.3325,-31.25,1558
0.3325,-28.75,1773
0.3325,-26.25,2114
0.3325,-23.75,2352
0.3325,-21.25,2681
0.3325,-18.75,3289
0.3325,-16.25,3610
0.3325,-13.75,4054
0.3325,-11.25,4664
0.3325,-8.75,4753
0.3325,-6.25,4523
0.3325,-3.75,3169
0.3325,-1.25,961
0.3325,1.25,37002
0.3325,3.75,4303
0.3325,6.25,7328
0.3325,8.75,9366
0.3325,11.25,10954
0.3325,13.75,11522
0.3325,16.25,12093
0.3325,18.75,11953
0.3325,21.25,11640
0.3325,23.75,11387
0.3325,26.25,10920
0.3325,28.75,10309
0.3325,31.25,9753
0.3325,33.75,8757
0.3325,36.25,8113
0.3325,38.75,7119
0.3325,41.25,6656
0.3325,43.75,6135
0.3325,46.25,5371
0.3325,48.75,4678
0.3325,51.25,4182
0.3325,53.75,3647
0.3325,56.25,3189
0.3325,58.75,2796
0.3325,61.25,2427
0.3325,63.75,2127
0.3325,66.25,1833
0.3325,68.75,1535
0.3325,71.25,1271
0.3325,73.75,1240
0.3325,76.25,950
0.3325,78.75,803
0.3325,81.25,763
0.3325,83.75,631
0.3325,86.25,509
0.3325,88.75,477
0.3325,91.25,353
0.3325,93.75,321
0.3325,96.25,270
0.3325,98.75,242
0.3325,101.25,190
0.3325,103.75,146
0.3325,106.25,145
0.3325,108.75,96
0.3325,111.25,91
0.3325,113.75,69
0.3325,116.25,54
0.3325,118.75,53
0.3325,121.25,32
0.3325,123.75,35
0.3325,126.25,32
0.3325,128.75,16
0.3325,131.25,22
0.3325,133.75,11
0.3325,136.25,10
0.3325,138.75,8
0.3325,141.25,8
0.3325,143.75,3
0.3325,146.25,6
0.3325,148.75,1
0.3325,151.25,1
0.3325,153.75,4
0.3325,156.25,2
0.3325,158.75,2
0.3325,161.25,3
0.3325,163.75,1
0.3325,166.25,4
0.3325,168.75,1
0.3325,171.25,6
0.3325,173.75,2
0.3325,176.25,1
0.3325,178.75,2
0.3325,181.25,1
0.3325,183.75,1
0.3325,186.25,2
0.3325,191.25,4
0.3325,193.75,4
0.3325,198.75,1
0.3325,201.25,5
0.3325,203.75,6
0.3325,206.25,4
0.3325,208.75,3
0.3325,211.25,7
0.3325,213.75,1
0.3325,216.25,2
0.3325,218.75,1
0.3325,223.75,1
0.3325,226.25,4
0.3325,228.75,5
0.3325,231.25,2
0.3325,233.75,2
0.3325,236.25,1
0.3325,241.25,1
0.3325,246.25,1
0.3325,248.75,2
0.3325,251.25,2
0.3325,253.75,3
0.3325,256.25,1
0.3325,258.75,1
0.3325,261.25,2
0.3325,263.75,1
0.3325,266.25,4
0.3325,268.75,2
0.3325,276.25,6
0.3325,281.25,2
0.3325,286.25,1
0.3325,288.75,1
0.3325,293.75,1
0.3325,296.25,1
0.3325,298.75,2
0.3375,-148.75,7
0.3375,-146.25,19
0.3375,-143.75,10
0.3375,-141.25,11
0.3375,-138.75,10
0.3375,-136.25,17
0.3375,-133.75,19
0.3375,-131.25,14
0.3375,-128.75,9
0.3375,-126.25,11
0.3375,-123.75,20
0.3375,-121.25,21
0.3375,-118.75,16
0.3375,-116.25,25
0.3375,-113.75,26
0.3375,-111.25,25
0.3375,-108.75,24
0.3375,-106.25,31
0.3375,-103.75,22
0.3375,-101.25,47
0.3375,-98.75,38
0.3375,-96.25,45
0.3375,-93.75,37
0.3375,-91.25,48
0.3375,-88.75,32
0.3375,-86.25,63
0.3375,-83.75,68
0.3375,-81.25,68
0.3375,-78.75,82
0.3375,-76.25,86
0.3375,-73.75,80
0.3375,-71.25,115
0.3375,-68.75,116
0.3375,-66.25,145
0.3375,-63.75,188
0.3375,-61.25,211
0.3375,-58.75,242
0.3375,-56.25,339
0.3375,-53.75,397
0.3375,-51.25,439
0.3375,-48.75,570
0.3375,-46.25,659
0.3375,-43.75,773
0.3375,-41.25,935
0.3375,-38.75,1116
0.3375,-36.25,1354
0.3375,-33.75,1668
0.3375,-31.25,1821
0.3375,-28.75,2139
0.3375,-26.25,2464
0.3375,-23.75,2744
0.3375,-21.25,3399
0.3375,-18.75,3831
0.3375,-16.25,4192
0.3375,-13.75,4683
0.3375,-11.25,5403
0.3375,-8.75,5556
0.3375,-6.25,5139
0.3375,-3.75,3767
0.3375,-1.25,1105
0.3375,1.25,46102
0.3375,3.75,4932
0.3375,6.25,7868
0.3375,8.75,10483
0.3375,11.25,12124
0.3375,13.75,12741
0.3375,16.25,13063
0.3375,18.75,13396
0.3375,21.25,12690
0.3375,23.75,12209
0.3375,26.25,11480
0.3375,28.75,10872
0.3375,31.25,9889
0.3375,33.75,9166
0.3375,36.25,8369
0.3375,38.75,7716
0.3375,41.25,6671
0.3375,43.75,6018
0.3375,46.25,5443
0.3375,48.75,4812
0.3375,51.25,4202
0.3375,53.75,3685
0.3375,56.25,3128
0.3375,58.75,2756
0.3375,61.25,2283
0.3375,63.75,2022
0.3375,66.25,1732
0.3375,68.75,1464
0.3375,71.25,1302
0.3375,73.75,1087
0.3375,76.25,925
0.3375,78.75,776
0.3375,81.25,667
0.3375,83.75,559
0.3375,86.25,452
0.3375,88.75,382
0.3375,91.25,338
0.3375,93.75,284
0.3375,96.25,272
0.3375,98.75,169
0.3375,101.25,170
0.3375,103.75,154
0.3375,106.25,105
0.3375,108.75,110
0.3375,111.25,63
0.3375,113.75,67
0.3375,116.25,48
0.3375,118.75,42
0.3375,121.25,35
0.3375,123.75,25
0.3375,126.25,24
0.3375,128.75,21
0.3375,131.25,14
0.3375,133.75,14
0.3375,136.25,19
0.3375,138.75,4
0.3375,141.25,9
0.3375,143.75,7
0.3375,146.25,4
0.3375,148.75,5
0.3375,151.25,5
0.3375,153.75,5
0.3375,158.75,1
0.3375,161.25,4
0.3375,163.75,1
0.3375,166.25,4
0.3375,168.75,1
0.3375,171.25,1
0.3375,176.25,3
0.3375,181.25,1
0.3375,183.75,2
0.3375,188.75,1
0.3375,193.75,1
0.3375,196.25,1
0.3375,198.75,2
0.3375,201.25,1
0.3375,211.25,1
0.3375,213.75,1
0.3375,216.25,1
0.3375,218.75,1
0.3375,221.25,1
0.3375,228.75,4
0.3375,231.25,1
0.3375,233.75,2
0.3375,236.25,2
0.3375,238.75,2
0.3375,243.75,2
0.3375,246.25,1
0.3375,248.75,2
0.3375,251.25,1
0.3375,253.75,1
0.3375,256.25,1
0.3375,258.75,1
0.3375,261.25,2
0.3375,263.75,1
0.3375,266.25,3
0.3375,268.75,1
0.3375,271.25,2
0.3375,273.75,3
0.3375,276.25,1
0.3375,278.75,2
0.3375,281.25,4
0.3375,283.75,2
0.3375,286.25,1
0.3375,288.75,2
0.3375,291.25,2
0.3375,293.75,2
0.3375,296.25,1
0.3375,298.75,2
0.3425,-148.75,13
0.3425,-146.25,13
0.3425,-143.75,12
0.3425,-141.25,20
0.3425,-138.75,18
0.3425,-136.25,24
0.3425,-133.75,19
0.3425,-131.25,16
0.3425,-128.75,17
0.3425,-126.25,15
0.3425,-123.75,17
0.3425,-121.25,11
0.3425,-118.75,31
0.3425,-116.25,21
0.3425,-113.75,21
0.3425,-111.25,24
0.3425,-108.75,30
0.3425,-106.25,32
0.3425,-103.75,40
0.3425,-101.25,29
0.3425,-98.75,38
0.3425,-96.25,30
0.3425,-93.75,59
0.3425,-91.25,42
0.3425,-88.75,66
0.3425,-86.25,63
0.3425,-83.75,65
0.3425,-81.25,75
0.3425,-78.75,85
0.3425,-76.25,84
0.3425,-73.75,130
0.3425,-71.25,106
0.3425,-68.75,163
0.3425,-66.25,185
0.3425,-63.75,185
0.3425,-61.25,266
0.3425,-58.75,307
0.3425,-56.25,354
0.3425,-53.75,484
0.3425,-51.25,532
0.3425,-48.75,696
0.3425,-46.25,776
0.3425,-43.75,918
0.3425,-41.25,1132
0.3425,-38.75,1327
0.3425,-36.25,1601
0.3425,-33.75,1884
0.3425,-31.25,2223
0.3425,-28.75,2579
0.3425,-26.25,3010
0.3425,-23.75,3535
0.3425,-21.25,4110
0.3425,-18.75,4534
0.3425,-16.25,5153
0.3425,-13.75,5848
0.3425,-11.25,6277
0.3425,-8.75,6445
0.3425,-6.25,5912
0.3425,-3.75,4340
0.3425,-1.25,1194
0.3425,1.25,55932
0.3425,3.75,5398
0.3425,6.25,8539
0.3425,8.75,11275
0.3425,11.25,13304
0.3425,13.75,14148
0.3425,16.25,14443
0.3425,18.75,14231
0.3425,21.25,13747
0.3425,23.75,13070
0.3425,26.25,12586
0.3425,28.75,11750
0.3425,31.25,10630
0.3425,33.75,9431
0.3425,36.25,8777
0.3425,38.75,7872
0.3425,41.25,6993
0.3425,43.75,6067
0.3425,46.25,5345
0.3425,48.75,4754
0.3425,51.25,4120
0.3425,53.75,3415
0.3425,56.25,3100
0.3425,58.75,2571
0.3425,61.25,2339
0.3425,63.75,1957
0.3425,66.25,1676
0.3425,68.75,1418
0.3425,71.25,1172
0.3425,73.75,1061
0.3425,76.25,827
0.3425,78.75,731
0.3425,81.25,633
0.3425,83.75,520
0.3425,86.25,442
0.3425,88.75,361
0.3425,91.25,310
0.3425,93.75,223
0.3425,96.25,206
0.3425,98.75,184
0.3425,101.25,134
0.3425,103.75,126
0.3425,106.25,93
0.3425,108.75,90
0.3425,111.25,62
0.3425,113.75,68
0.3425,116.25,44
0.3425,118.75,30
0.3425,121.25,34
0.3425,123.75,25
0.3425,126.25,17
0.3425,128.75,18
0.3425,131.25,19
0.3425,133.75,18
0.3425,136.25,6
0.3425,138.75,5
0.3425,141.25,7
0.3425,143.75,4
0.3425,146.25,4
0.3425,148.75,8
0.3425,151.25,5
0.3425,153.75,3
0.3425,156.25,4
0.3425,158.75,2
0.3425,161.25,1
0.3425,166.25,2
0.3425,168.75,1
0.3425,171.25,3
0.3425,173.75,2
0.3425,178.75,1
0.3425,181.25,1
0.3425,188.75,1
0.3425,191.25,1
0.3425,201.25,2
0.3425,206.25,1
0.3425,211.25,1
0.3425,213.75,1
0.3425,218.75,1
0.3425,226.25,1
0.3425,228.75,1
0.3425,231.25,5
0.3425,233.75,1
0.3425,238.75,2
0.3425,241.25,1
0.3425,246.25,3
0.3425,253.75,1
0.3425,256.25,1
0.3425,261.25,2
0.3425,263.75,1
0.3425,266.25,2
0.3425,271.25,2
0.3425,273.75,1
0.3425,281.25,2
0.3425,283.75,1
0.3425,293.75,4
0.3425,298.75,1
0.3475,-148.75,16
0.3475,-146.25,22
0.3475,-143.75,16
0.3475,-141.25,16
0.3475,-138.75,15
0.3475,-136.25,14
0.3475,-133.75,16
0.3475,-131.25,29
0.3475,-128.75,15
0.3475,-126.25,22
0.3475,-123.75,16
0.3475,-121.25,17
0.3475,-118.75,18
0.3475,-116.25,20
0.3475,-113.75,28
0.3475,-111.25,28
0.3475,-108.75,31
0.3475,-106.25,38
0.3475,-103.75,45
0.3475,-101.25,46
0.3475,-98.75,40
0.3475,-96.25,42
0.3475,-93.75,50
0.3475,-91.25,64
0.3475,-88.75,77
0.3475,-86.25,72
0.3475,-83.75,81
0.3475,-81.25,94
0.3475,-78.75,104
0.3475,-76.25,118
0.3475,-73.75,124
0.3475,-71.25,148
0.3475,-68.75,182
0.3475,-66.25,191
0.3475,-63.75,247
0.3475,-61.25,336
0.3475,-58.75,342
0.3475,-56.25,457
0.3475,-53.75,579
0.3475,-51.25,659
0.3475,-48.75,855
0.3475,-46.25,958
0.3475,-43.75,1143
0.3475,-41.25,1320
0.3475,-38.75,1546
0.3475,-36.25,1810
0.3475,-33.75,2206
0.3475,-31.25,2638
0.3475,-28.75,3010
0.3475,-26.25,3652
0.3475,-23.75,4168
0.3475,-21.25,4904
0.3475,-18.75,5639
0.3475,-16.25,6322
0.3475,-13.75,6946
0.3475,-11.25,7613
0.3475,-8.75,7511
0.3475,-6.25,6509
0.3475,-3.75,4552
0.3475,-1.25,1100
0.3475,1.25,69464
0.3475,3.75,5560
0.3475,6.25,8865
0.3475,8.75,11988
0.3475,11.25,13998
0.3475,13.75,14977
0.3475,16.25,15667
0.3475,18.75,15353
0.3475,21.25,15097
0.3475,23.75,14251
0.3475,26.25,13351
0.3475,28.75,12190
0.3475,31.25,11351
0.3475,33.75,10063
0.3475,36.25,9157
0.3475,38.75,7902
0.3475,41.25,7110
0.3475,43.75,6204
0.3475,46.25,5357
0.3475,48.75,4746
0.3475,51.25,3986
0.3475,53.75,3453
0.3475,56.25,2954
0.3475,58.75,2553
0.3475,61.25,2109
0.3475,63.75,1869
0.3475,66.25,1568
0.3475,68.75,1257
0.3475,71.25,1054
0.3475,73.75,897
0.3475,76.25,742
0.3475,78.75,649
0.3475,81.25,521
0.3475,83.75,425
0.3475,86.25,379
0.3475,88.75,324
0.3475,91.25,226
0.3475,93.75,205
0.3475,96.25,173
0.3475,98.75,164
0.3475,101.25,115
0.3475,103.75,93
0.3475,106.25,96
0.3475,108.75,68
0.3475,111.25,52
0.3475,113.75,46
0.3475,116.25,38
0.3475,118.75,19
0.3475,121.25,23
0.3475,123.75,18
0.3475,126.25,13
0.3475,128.75,8
0.3475,131.25,5
0.3475,133.75,6
0.3475,136.25,6
0.3475,138.75,4
0.3475,141.25,2
0.3475,143.75,4
0.3475,146.25,1
0.3475,151.25,4
0.3475,153.75,2
0.3475,156.25,1
0.3475,158.75,2
0.3475,161.25,2
0.3475,163.75,1
0.3475,171.25,1
0.3475,173.75,1
0.3475,176.25,1
0.3475,178.75,1
0.3475,181.25,1
0.3475,186.25,2
0.3475,193.75,2
0.3475,198.75,1
0.3475,203.75,1
0.3475,206.25,2
0.3475,211.25,1
0.3475,213.75,1
0.3475,221.25,3
0.3475,223.75,3
0.3475,226.25,2
0.3475,228.75,2
0.3475,231.25,2
0.3475,236.25,1
0.3475,238.75,3
0.3475,241.25,3
0.3475,243.75,2
0.3475,248.75,1
0.3475,251.25,1
0.3475,253.75,1
0.3475,256.25,3
0.3475,258.75,5
0.3475,261.25,3
0.3475,266.25,1
0.3475,271.25,1
0.3475,278.75,2
0.3475,286.25,3
0.3475,288.75,1
0.3475,293.75,2
0.3475,296.25,1
0.3475,298.75,1
0.3525,-148.75,10
0.3525,-146.25,12
0.3525,-143.75,11
0.3525,-141.25,12
0.3525,-138.75,16
0.3525,-136.25,15
0.3525,-133.75,24
0.3525,-131.25,21
0.3525,-128.75,38
0.3525,-126.25,27
0.3525,-123.75,23
0.3525,-121.25,20
0.3525,-118.75,26
0.3525,-116.25,34
0.3525,-113.75,22
0.3525,-111.25,35
0.3525,-108.75,49
0.3525,-106.25,38
0.3525,-103.75,57
0.3525,-101.25,40
0.3525,-98.75,53
0.3525,-96.25,69
0.3525,-93.75,60
0.3525,-91.25,56
0.3525,-88.75,102
0.3525,-86.25,66
0.3525,-83.75,98
0.3525,-81.25,100
0.3525,-78.75,101
0.3525,-76.25,151
0.3525,-73.75,140
0.3525,-71.25,181
0.3525,-68.75,201
0.3525,-66.25,256
0.3525,-63.75,270
0.3525,-61.25,378
0.3525,-58.75,446
0.3525,-56.25,484
0.3525,-53.75,641
0.3525,-51.25,771
0.3525,-48.75,900
0.3525,-46.25,1099
0.3525,-43.75,1293
0.3525,-41.25,1571
0.3525,-38.75,1852
0.3525,-36.25,2108
0.3525,-33.75,2568
0.3525,-31.25,2994
0.3525,-28.75,3593
0.3525,-26.25,4297
0.3525,-23.75,4829
0.3525,-21.25,5768
0.3525,-18.75,6420
0.3525,-16.25,7638
0.3525,-13.75,8224
0.3525,-11.25,8737
0.3525,-8.75,8454
0.3525,-6.25,7240
0.3525,-3.75,4884
0.3525,-1.25,974
0.3525,1.25,84945
0.3525,3.75,5814
0.3525,6.25,9402
0.3525,8.75,12467
0.3525,11.25,15016
0.3525,13.75,16159
0.3525,16.25,16615
0.3525,18.75,16233
0.3525,21.25,15639
0.3525,23.75,14778
0.3525,26.25,13902
0.3525,28.75,12646
0.3525,31.25,11507
0.3525,33.75,10286
0.3525,36.25,9030
0.3525,38.75,8045
0.3525,41.25,6869
0.3525,43.75,6153
0.3525,46.25,5222
0.3525,48.75,4591
0.3525,51.25,4026
0.3525,53.75,3376
0.3525,56.25,2798
0.3525,58.75,2380
0.3525,61.25,2006
0.3525,63.75,1621
0.3525,66.25,1425
0.3525,68.75,1165
0.3525,71.25,973
0.3525,73.75,789
0.3525,76.25,644
0.3525,78.75,602
0.3525,81.25,489
0.3525,83.75,416
0.3525,86.25,320
0.3525,88.75,265
0.3525,91.25,246
0.3525,93.75,177
0.3525,96.25,121
0.3525,98.75,130
0.3525,101.25,128
0.3525,103.75,95
0.3525,106.25,74
0.3525,108.75,55
0.3525,111.25,51
0.3525,113.75,37
0.3525,116.25,39
0.3525,118.75,17
0.3525,121.25,19
0.3525,123.75,21
0.3525,126.25,17
0.3525,128.75,20
0.3525,131.25,12
0.3525,133.75,10
0.3525,136.25,7
0.3525,138.75,2
0.3525,141.25,2
0.3525,143.75,2
0.3525,146.25,3
0.3525,148.75,4
0.3525,151.25,1
0.3525,153.75,2
0.3525,156.25,3
0.3525,163.75,1
0.3525,176.25,1
0.3525,178.75,1
0.3525,183.75,3
0.3525,193.75,1
0.3525,196.25,1
0.3525,198.75,1
0.3525,201.25,1
0.3525,216.25,1
0.3525,218.75,3
0.3525,221.25,2
0.3525,223.75,3
0.3525,226.25,1
0.3525,236.25,1
0.3525,238.75,1
0.3525,248.75,2
0.3525,253.75,1
0.3525,256.25,1
0.3525,261.25,1
0.3525,283.75,2
0.3525,286.25,3
0.3525,288.75,1
0.3525,293.75,1
0.3575,-148.75,8
0.3575,-146.25,11
0.3575,-143.75,13
0.3575,-141.25,23
0.3575,-138.75,15
0.3575,-136.25,23
0.3575,-133.75,16
0.3575,-131.25,19
0.3575,-128.75,21
0.3575,-126.25,29
0.3575,-123.75,20
0.3575,-121.25,33
0.3575,-118.75,31
0.3575,-116.25,25
0.3575,-113.75,48
0.3575,-111.25,33
0.3575,-108.75,33
0.3575,-106.25,34
0.3575,-103.75,50
0.3575,-101.25,42
0.3575,-98.75,60
0.3575,-96.25,74
0.3575,-93.75,76
0.3575,-91.25,81
0.3575,-88.75,84
0.3575,-86.25,101
0.3575,-83.75,107
0.3575,-81.25,130
0.3575,-78.75,149
0.3575,-76.25,157
0.3575,-73.75,180
0.3575,-71.25,177
0.3575,-68.75,208
0.3575,-66.25,234
0.3575,-63.75,315
0.3575,-61.25,387
0.3575,-58.75,460
0.3575,-56.25,549
0.3575,-53.75,711
0.3575,-51.25,808
0.3575,-48.75,1047
0.3575,-46.25,1210
0.3575,-43.75,1485
0.3575,-41.25,1739
0.3575,-38.75,1992
0.3575,-36.25,2546
0.3575,-33.75,3003
0.3575,-31.25,3485
0.3575,-28.75,4223
0.3575,-26.25,4936
0.3575,-23.75,5699
0.3575,-21.25,6671
0.3575,-18.75,7452
0.3575,-16.25,8569
0.3575,-13.75,9420
0.3575,-11.25,9645
0.3575,-8.75,9204
0.3575,-6.25,7522
0.3575,-3.75,5245
0.3575,-1.25,985
0.3575,1.25,99288
0.3575,3.75,5907
0.3575,6.25,9670
0.3575,8.75,12942
0.3575,11.25,15534
0.3575,13.75,16806
0.3575,16.25,17257
0.3575,18.75,17116
0.3575,21.25,16238
0.3575,23.75,15585
0.3575,26.25,14186
0.3575,28.75,12649
0.3575,31.25,11568
0.3575,33.75,10377
0.3575,36.25,9009
0.3575,38.75,7881
0.3575,41.25,6850
0.3575,43.75,6039
0.3575,46.25,5148
0.3575,48.75,4414
0.3575,51.25,3705
0.3575,53.75,3152
0.3575,56.25,2619
0.3575,58.75,2188
0.3575,61.25,1825
0.3575,63.75,1507
0.3575,66.25,1331
0.3575,68.75,1119
0.3575,71.25,904
0.3575,73.75,730
0.3575,76.25,615
0.3575,78.75,510
0.3575,81.25,383
0.3575,83.75,322
0.3575,86.25,299
0.3575,88.75,239
0.3575,91.25,199
0.3575,93.75,159
0.3575,96.25,138
0.3575,98.75,94
0.3575,101.25,81
0.3575,103.75,81
0.3575,106.25,42
0.3575,108.75,57
0.3575,111.25,30
0.3575,113.75,38
0.3575,116.25,28
0.3575,118.75,26
0.3575,121.25,15
0.3575,123.75,23
0.3575,126.25,11
0.3575,128.75,13
0.3575,131.25,13
0.3575,133.75,8
0.3575,136.25,5
0.3575,138.75,8
0.3575,141.25,1
0.3575,143.75,2
0.3575,146.25,3
0.3575,148.75,1
0.3575,151.25,4
0.3575,153.75,1
0.3575,156.25,1
0.3575,163.75,1
0.3575,166.25,1
0.3575,171.25,1
0.3575,173.75,1
0.3575,176.25,1
0.3575,181.25,1
0.3575,188.75,1
0.3575,191.25,1
0.3575,196.25,1
0.3575,198.75,1
0.3575,201.25,2
0.3575,203.75,1
0.3575,211.25,1
0.3575,213.75,1
0.3575,216.25,1
0.3575,226.25,1
0.3575,228.75,1
0.3575,233.75,1
0.3575,236.25,4
0.3575,238.75,1
0.3575,241.25,2
0.3575,243.75,2
0.3575,246.25,1
0.3575,251.25,1
0.3575,253.75,1
0.3575,263.75,1
0.3575,266.25,1
0.3575,276.25,1
0.3575,278.75,1
0.3575,281.25,1
0.3575,283.75,1
0.3575,286.25,2
0.3575,288.75,1
0.3625,-148.75,10
0.3625,-146.25,21
0.3625,-143.75,14
0.3625,-141.25,13
0.3625,-138.75,21
0.3625,-136.25,15
0.3625,-133.75,16
0.3625,-131.25,29
0.3625,-128.75,13
0.3625,-126.25,22
0.3625,-123.75,30
0.3625,-121.25,22
0.3625,-118.75,26
0.3625,-116.25,34
0.3625,-113.75,35
0.3625,-111.25,43
0.3625,-108.75,49
0.3625,-106.25,57
0.3625,-103.75,58
0.3625,-101.25,34
0.3625,-98.75,60
0.3625,-96.25,60
0.3625,-93.75,80
0.3625,-91.25,80
0.3625,-88.75,105
0.3625,-86.25,101
0.3625,-83.75,110
0.3625,-81.25,121
0.3625,-78.75,163
0.3625,-76.25,145
0.3625,-73.75,188
0.3625,-71.25,210
0.3625,-68.75,213
0.3625,-66.25,267
0.3625,-63.75,353
0.3625,-61.25,394
0.3625,-58.75,501
0.3625,-56.25,621
0.3625,-53.75,789
0.3625,-51.25,894
0.3625,-48.75,1085
0.3625,-46.25,1272
0.3625,-43.75,1515
0.3625,-41.25,1966
0.3625,-38.75,2266
0.3625,-36.25,2810
0.3625,-33.75,3332
0.3625,-31.25,3854
0.3625,-28.75,4521
0.3625,-26.25,5373
0.3625,-23.75,6331
0.3625,-21.25,7208
0.3625,-18.75,8752
0.3625,-16.25,9729
0.3625,-13.75,10429
0.3625,-11.25,10494
0.3625,-8.75,10014
0.3625,-6.25,8010
0.3625,-3.75,5259
0.3625,-1.25,900
0.3625,1.25,113653
0.3625,3.75,6009
0.3625,6.25,9735
0.3625,8.75,12916
0.3625,11.25,15643
0.3625,13.75,17327
0.3625,16.25,18029
0.3625,18.75,17464
0.3625,21.25,16675
0.3625,23.75,15540
0.3625,26.25,14038
0.3625,28.75,12705
0.3625,31.25,11276
0.3625,33.75,10008
0.3625,36.25,8631
0.3625,38.75,7530
0.3625,41.25,6491
0.3625,43.75,5618
0.3625,46.25,4816
0.3625,48.75,4143
0.3625,51.25,3357
0.3625,53.75,2930
0.3625,56.25,2445
0.3625,58.75,2069
0.3625,61.25,1717
0.3625,63.75,1445
0.3625,66.25,1110
0.3625,68.75,953
0.3625,71.25,685
0.3625,73.75,606
0.3625,76.25,550
0.3625,78.75,465
0.3625,81.25,358
0.3625,83.75,285
0.3625,86.25,244
0.3625,88.75,185
0.3625,91.25,163
0.3625,93.75,130
0.3625,96.25,113
0.3625,98.75,97
0.3625,101.25,65
0.3625,103.75,54
0.3625,106.25,52
0.3625,108.75,30
0.3625,111.25,28
0.3625,113.75,22
0.3625,116.25,23
0.3625,118.75,17
0.3625,121.25,15
0.3625,123.75,20
0.3625,126.25,15
0.3625,128.75,5
0.3625,131.25,7
0.3625,133.75,4
0.3625,136.25,2
0.3625,138.75,2
0.3625,141.25,6
0.3625,143.75,2
0.3625,146.25,3
0.3625,148.75,2
0.3625,151.25,1
0.3625,153.75,1
0.3625,156.25,1
0.3625,168.75,1
0.3625,171.25,2
0.3625,173.75,2
0.3625,181.25,1
0.3625,188.75,1
0.3625,193.75,1
0.3625,198.75,1
0.3625,201.25,4
0.3625,211.25,1
0.3625,213.75,1
0.3625,216.25,1
0.3625,223.75,1
0.3625,231.25,2
0.3625,233.75,1
0.3625,243.75,2
0.3625,248.75,2
0.3625,251.25,1
0.3625,258.75,1
0.3625,261.25,1
0.3625,263.75,1
0.3625,266.25,1
0.3625,273.75,1
0.3625,276.25,1
0.3625,281.25,2
0.3625,283.75,1
0.3675,-148.75,9
0.3675,-146.25,12
0.3675,-143.75,13
0.3675,-141.25,6
0.3675,-138.75,8
0.3675,-136.25,14
0.3675,-133.75,17
0.3675,-131.25,13
0.3675,-128.75,15
0.3675,-126.25,31
0.3675,-123.75,24
0.3675,-121.25,28
0.3675,-118.75,32
0.3675,-116.25,27
0.3675,-113.75,40
0.3675,-111.25,35
0.3675,-108.75,49
0.3675,-106.25,50
0.3675,-103.75,48
0.3675,-101.25,55
0.3675,-98.75,59
0.3675,-96.25,58
0.3675,-93.75,70
0.3675,-91.25,96
0.3675,-88.75,87
0.3675,-86.25,102
0.3675,-83.75,123
0.3675,-81.25,131
0.3675,-78.75,167
0.3675,-76.25,199
0.3675,-73.75,186
0.3675,-71.25,226
0.3675,-68.75,239
0.3675,-66.25,317
0.3675,-63.75,371
0.3675,-61.25,441
0.3675,-58.75,555
0.3675,-56.25,656
0.3675,-53.75,794
0.3675,-51.25,1062
0.3675,-48.75,1224
0.3675,-46.25,1476
0.3675,-43.75,1786
0.3675,-41.25,2112
0.3675,-38.75,2483
0.3675,-36.25,3149
0.3675,-33.75,3639
0.3675,-31.25,4411
0.3675,-28.75,5363
0.3675,-26.25,6125
0.3675,-23.75,7200
0.3675,-21.25,8359
0.3675,-18.75,9532
0.3675,-16.25,10749
0.3675,-13.75,11461
0.3675,-11.25,11468
0.3675,-8.75,10456
0.3675,-6.25,8147
0.3675,-3.75,5180
0.3675,-1.25,834
0.3675,1.25,124894
0.3675,3.75,5757
0.3675,6.25,9446
0.3675,8.75,13247
0.3675,11.25,15723
0.3675,13.75,16895
0.3675,16.25,17535
0.3675,18.75,17123
0.3675,21.25,16268
0.3675,23.75,15014
0.3675,26.25,13526
0.3675,28.75,12505
0.3675,31.25,10635
0.3675,33.75,9412
0.3675,36.25,8164
0.3675,38.75,7106
0.3675,41.25,5887
0.3675,43.75,5064
0.3675,46.25,4321
0.3675,48.75,3518
0.3675,51.25,3153
0.3675,53.75,2620
0.3675,56.25,2117
0.3675,58.75,1837
0.3675,61.25,1481
0.3675,63.75,1208
0.3675,66.25,982
0.3675,68.75,822
0.3675,71.25,641
0.3675,73.75,512
0.3675,76.25,404
0.3675,78.75,333
0.3675,81.25,248
0.3675,83.75,236
0.3675,86.25,203
0.3675,88.75,151
0.3675,91.25,132
0.3675,93.75,110
0.3675,96.25,91
0.3675,98.75,74
0.3675,101.25,50
0.3675,103.75,39
0.3675,106.25,27
0.3675,108.75,34
0.3675,111.25,29
0.3675,113.75,20
0.3675,116.25,22
0.3675,118.75,22
0.3675,121.25,14
0.3675,123.75,10
0.3675,126.25,13
0.3675,128.75,7
0.3675,131.25,5
0.3675,133.75,6
0.3675,136.25,7
0.3675,138.75,4
0.3675,141.25,2
0.3675,143.75,2
0.3675,158.75,1
0.3675,161.25,1
0.3675,163.75,3
0.3675,168.75,1
0.3675,171.25,1
0.3675,178.75,2
0.3675,198.75,1
0.3675,203.75,1
0.3675,208.75,6
0.3675,226.25,1
0.3675,233.75,1
0.3675,236.25,1
0.3675,246.25,1
0.3675,251.25,1
0.3675,256.25,2
0.3675,261.25,1
0.3675,263.75,1
0.3675,276.25,1
0.3675,281.25,1
0.3675,291.25,1
0.3675,293.75,1
0.3675,296.25,2
0.3675,298.75,1
0.3725,-148.75,13
0.3725,-146.25,10
0.3725,-143.75,5
0.3725,-141.25,19
0.3725,-138.75,8
0.3725,-136.25,14
0.3725,-133.75,21
0.3725,-131.25,15
0.3725,-128.75,30
0.3725,-126.25,16
0.3725,-123.75,27
0.3725,-121.25,25
0.3725,-118.75,23
0.3725,-116.25,23
0.3725,-113.75,39
0.3725,-111.25,49
0.3725,-108.75,51
0.3725,-106.25,56
0.3725,-103.75,40
0.3725,-101.25,51
0.3725,-98.75,58
0.3725,-96.25,53
0.3725,-93.75,65
0.3725,-91.25,83
0.3725,-88.75,74
0.3725,-86.25,111
0.3725,-83.75,107
0.3725,-81.25,115
0.3725,-78.75,139
0.3725,-76.25,155
0.3725,-73.75,194
0.3725,-71.25,220
0.3725,-68.75,308
0.3725,-66.25,294
0.3725,-63.75,390
0.3725,-61.25,485
0.3725,-58.75,586
0.3725,-56.25,765
0.3725,-53.75,880
0.3725,-51.25,1057
0.3725,-48.75,1345
0.3725,-46.25,1576
0.3725,-43.75,1850
0.3725,-41.25,2288
0.3725,-38.75,2745
0.3725,-36.25,3354
0.3725,-33.75,4122
0.3725,-31.25,4779
0.3725,-28.75,5647
0.3725,-26.25,6640
0.3725,-23.75,8010
0.3725,-21.25,9137
0.3725,-18.75,10346
0.3725,-16.25,11544
0.3725,-13.75,12401
0.3725,-11.25,12101
0.3725,-8.75,10909
0.3725,-6.25,8316
0.3725,-3.75,5092
0.3725,-1.25,732
0.3725,1.25,134988
0.3725,3.75,5342
0.3725,6.25,9133
0.3725,8.75,12489
0.3725,11.25,14960
0.3725,13.75,16377
0.3725,16.25,16585
0.3725,18.75,16514
0.3725,21.25,15523
0.3725,23.75,13977
0.3725,26.25,12674
0.3725,28.75,11027
0.3725,31.25,9598
0.3725,33.75,8553
0.3725,36.25,7324
0.3725,38.75,6172
0.3725,41.25,5191
0.3725,43.75,4630
0.3725,46.25,3807
0.3725,48.75,3162
0.3725,51.25,2747
0.3725,53.75,2130
0.3725,56.25,1830
0.3725,58.75,1529
0.3725,61.25,1289
0.3725,63.75,1088
0.3725,66.25,812
0.3725,68.75,683
0.3725,71.25,548
0.3725,73.75,472
0.3725,76.25,307
0.3725,78.75,274
0.3725,81.25,241
0.3725,83.75,188
0.3725,86.25,150
0.3725,88.75,122
0.3725,91.25,104
0.3725,93.75,83
0.3725,96.25,68
0.3725,98.75,47
0.3725,101.25,50
0.3725,103.75,33
0.3725,106.25,35
0.3725,108.75,30
0.3725,111.25,16
0.3725,113.75,10
0.3725,116.25,6
0.3725,118.75,15
0.3725,121.25,11
0.3725,123.75,12
0.3725,126.25,11
0.3725,128.75,5
0.3725,131.25,9
0.3725,133.75,5
0.3725,136.25,1
0.3725,138.75,2
0.3725,141.25,2
0.3725,143.75,1
0.3725,146.25,1
0.3725,148.75,1
0.3725,151.25,2
0.3725,158.75,1
0.3725,161.25,1
0.3725,171.25,1
0.3725,178.75,1
0.3725,191.25,1
0.3725,213.75,1
0.3725,231.25,1
0.3725,233.75,1
0.3725,236.25,2
0.3725,241.25,1
0.3725,246.25,1
0.3725,256.25,1
0.3725,276.25,2
0.3725,281.25,2
0.3725,288.75,1
0.3725,296.25,2
0.3725,298.75,1
0.3775,-148.75,8
0.3775,-146.25,6
0.3775,-143.75,8
0.3775,-141.25,11
0.3775,-138.75,18
0.3775,-136.25,9
0.3775,-133.75,14
0.3775,-131.25,17
0.3775,-128.75,13
0.3775,-126.25,24
0.3775,-123.75,19
0.3775,-121.25,22
0.3775,-118.75,31
0.3775,-116.25,34
0.3775,-113.75,36
0.3775,-111.25,36
0.3775,-108.75,41
0.3775,-106.25,58
0.3775,-103.75,55
0.3775,-101.25,62
0.3775,-98.75,82
0.3775,-96.25,91
0.3775,-93.75,78
0.3775,-91.25,82
0.3775,-88.75,91
0.3775,-86.25,94
0.3775,-83.75,130
0.3775,-81.25,128
0.3775,-78.75,156
0.3775,-76.25,191
0.3775,-73.75,196
0.3775,-71.25,270
0.3775,-68.75,279
0.3775,-66.25,318
0.3775,-63.75,379
0.3775,-61.25,481
0.3775,-58.75,612
0.3775,-56.25,794
0.3775,-53.75,911
0.3775,-51.25,1210
0.3775,-48.75,1407
0.3775,-46.25,1711
0.3775,-43.75,2037
0.3775,-41.25,2361
0.3775,-38.75,2868
0.3775,-36.25,3579
0.3775,-33.75,4161
0.3775,-31.25,5017
0.3775,-28.75,6109
0.3775,-26.25,7365
0.3775,-23.75,8605
0.3775,-21.25,9966
0.3775,-18.75,11245
0.3775,-16.25,12239
0.3775,-13.75,12907
0.3775,-11.25,12605
0.3775,-8.75,10958
0.3775,-6.25,8233
0.3775,-3.75,4813
0.3775,-1.25,619
0.3775,1.25,141163
0.3775,3.75,4953
0.3775,6.25,8886
0.3775,8.75,11903
0.3775,11.25,13887
0.3775,13.75,15356
0.3775,16.25,15810
0.3775,18.75,15216
0.3775,21.25,14317
0.3775,23.75,13140
0.3775,26.25,11726
0.3775,28.75,10091
0.3775,31.25,8800
0.3775,33.75,7413
0.3775,36.25,6489
0.3775,38.75,5370
0.3775,41.25,4494
0.3775,43.75,3851
0.3775,46.25,3229
0.3775,48.75,2722
0.3775,51.25,2304
0.3775,53.75,1792
0.3775,56.25,1514
0.3775,58.75,1309
0.3775,61.25,1072
0.3775,63.75,817
0.3775,66.25,628
0.3775,68.75,606
0.3775,71.25,421
0.3775,73.75,364
0.3775,76.25,285
0.3775,78.75,227
0.3775,81.25,159
0.3775,83.75,168
0.3775,86.25,111
0.3775,88.75,78
0.3775,91.25,57
0.3775,93.75,78
0.3775,96.25,49
0.3775,98.75,33
0.3775,101.25,25
0.3775,103.75,20
0.3775,106.25,26
0.3775,108.75,16
0.3775,111.25,14
0.3775,113.75,15
0.3775,116.25,11
0.3775,118.75,9
0.3775,121.25,9
0.3775,123.75,4
0.3775,126.25,4
0.3775,128.75,5
0.3775,131.25,2
0.3775,133.75,4
0.3775,136.25,1
0.3775,141.25,1
0.3775,146.25,1
0.3775,156.25,1
0.3775,158.75,1
0.3775,168.75,1
0.3775,178.75,1
0.3775,181.25,1
0.3775,186.25,1
0.3775,193.75,2
0.3775,203.75,1
0.3775,206.25,2
0.3775,213.75,1
0.3775,216.25,1
0.3775,221.25,1
0.3775,226.25,2
0.3775,236.25,3
0.3775,243.75,1
0.3775,253.75,1
0.3775,258.75,2
0.3775,263.75,2
0.3775,268.75,2
0.3775,281.25,1
0.3775,288.75,1
0.3775,291.25,1
0.3825,-148.75,12
0.3825,-146.25,9
0.3825,-143.75,15
0.3825,-141.25,12
0.3825,-138.75,19
0.3825,-136.25,13
0.3825,-133.75,17
0.3825,-131.25,19
0.3825,-128.75,13
0.3825,-126.25,19
0.3825,-123.75,26
0.3825,-121.25,17
0.3825,-118.75,38
0.3825,-116.25,26
0.3825,-113.75,47
0.3825,-111.25,36
0.3825,-108.75,44
0.3825,-106.25,33
0.3825,-103.75,48
0.3825,-101.25,68
0.3825,-98.75,67
0.3825,-96.25,62
0.3825,-93.75,53
0.3825,-91.25,85
0.3825,-88.75,80
0.3825,-86.25,113
0.3825,-83.75,108
0.3825,-81.25,124
0.3825,-78.75,151
0.3825,-76.25,156
0.3825,-73.75,228
0.3825,-71.25,255
0.3825,-68.75,280
0.3825,-66.25,347
0.3825,-63.75,399
0.3825,-61.25,548
0.3825,-58.75,631
0.3825,-56.25,754
0.3825,-53.75,942
0.3825,-51.25,1153
0.3825,-48.75,1424
0.3825,-46.25,1695
0.3825,-43.75,2164
0.3825,-41.25,2493
0.3825,-38.75,3190
0.3825,-36.25,3766
0.3825,-33.75,4628
0.3825,-31.25,5649
0.3825,-28.75,6718
0.3825,-26.25,7876
0.3825,-23.75,8925
0.3825,-21.25,10443
0.3825,-18.75,11499
0.3825,-16.25,12434
0.3825,-13.75,12884
0.3825,-11.25,12523
0.3825,-8.75,10774
0.3825,-6.25,7907
0.3825,-3.75,4450
0.3825,-1.25,484
0.3825,1.25,141087
0.3825,3.75,4461
0.3825,6.25,8262
0.3825,8.75,11323
0.3825,11.25,13125
0.3825,13.75,14167
0.3825,16.25,14189
0.3825,18.75,13927
0.3825,21.25,13075
0.3825,23.75,11843
0.3825,26.25,10131
0.3825,28.75,9052
0.3825,31.25,7665
0.3825,33.75,6358
0.3825,36.25,5534
0.3825,38.75,4668
0.3825,41.25,3885
0.3825,43.75,3230
0.3825,46.25,2680
0.3825,48.75,2256
0.3825,51.25,1832
0.3825,53.75,1560
0.3825,56.25,1200
0.3825,58.75,945
0.3825,61.25,820
0.3825,63.75,637
0.3825,66.25,511
0.3825,68.75,426
0.3825,71.25,352
0.3825,73.75,309
0.3825,76.25,226
0.3825,78.75,158
0.3825,81.25,143
0.3825,83.75,109
0.3825,86.25,87
0.3825,88.75,60
0.3825,91.25,73
0.3825,93.75,44
0.3825,96.25,27
0.3825,98.75,27
0.3825,101.25,20
0.3825,103.75,12
0.3825,106.25,21
0.3825,108.75,5
0.3825,111.25,18
0.3825,113.75,9
0.3825,116.25,6
0.3825,118.75,3
0.3825,121.25,2
0.3825,131.25,1
0.3825,168.75,1
0.3825,178.75,1
0.3825,186.25,2
0.3825,203.75,4
0.3825,206.25,1
0.3825,218.75,4
0.3825,226.25,1
0.3825,238.75,1
0.3825,248.75,1
0.3825,251.25,1
0.3825,261.25,2
0.3825,266.25,1
0.3825,278.75,1
0.3825,288.75,2
0.3825,291.25,2
0.3875,-148.75,3
0.3875,-146.25,11
0.3875,-143.75,11
0.3875,-141.25,15
0.3875,-138.75,15
0.3875,-136.25,18
0.3875,-133.75,13
0.3875,-131.25,21
0.3875,-128.75,9
0.3875,-126.25,22
0.3875,-123.75,24
0.3875,-121.25,20
0.3875,-118.75,25
0.3875,-116.25,36
0.3875,-113.75,32
0.3875,-111.25,39
0.3875,-108.75,28
0.3875,-106.25,43
0.3875,-103.75,51
0.3875,-101.25,58
0.3875,-98.75,61
0.3875,-96.25,48
0.3875,-93.75,78
0.3875,-91.25,71
0.3875,-88.75,95
0.3875,-86.25,100
0.3875,-83.75,122
0.3875,-81.25,148
0.3875,-78.75,129
0.3875,-76.25,161
0.3875,-73.75,214
0.3875,-71.25,255
0.3875,-68.75,297
0.3875,-66.25,321
0.3875,-63.75,412
0.3875,-61.25,514
0.3875,-58.75,588
0.3875,-56.25,706
0.3875,-53.75,972
0.3875,-51.25,1140
0.3875,-48.75,1387
0.3875,-46.25,1758
0.3875,-43.75,2184
0.3875,-41.25,2720
0.3875,-38.75,3355
0.3875,-36.25,4034
0.3875,-33.75,4865
0.3875,-31.25,5791
0.3875,-28.75,6767
0.3875,-26.25,8073
0.3875,-23.75,9461
0.3875,-21.25,10973
0.3875,-18.75,11896
0.3875,-16.25,12797
0.3875,-13.75,12882
0.3875,-11.25,12469
0.3875,-8.75,10419
0.3875,-6.25,7640
0.3875,-3.75,4152
0.3875,-1.25,353
0.3875,1.25,138501
0.3875,3.75,4064
0.3875,6.25,7589
0.3875,8.75,10122
0.3875,11.25,12118
0.3875,13.75,12601
0.3875,16.25,12661
0.3875,18.75,12423
0.3875,21.25,11517
0.3875,23.75,10205
0.3875,26.25,8878
0.3875,28.75,7595
0.3875,31.25,6526
0.3875,33.75,5499
0.3875,36.25,4804
0.3875,38.75,4011
0.3875,41.25,3323
0.3875,43.75,2686
0.3875,46.25,2237
0.3875,48.75,1877
0.3875,51.25,1509
0.3875,53.75,1230
0.3875,56.25,1024
0.3875,58.75,742
0.3875,61.25,605
0.3875,63.75,506
0.3875,66.25,384
0.3875,68.75,302
0.3875,71.25,248
0.3875,73.75,194
0.3875,76.25,138
0.3875,78.75,110
0.3875,81.25,89
0.3875,83.75,70
0.3875,86.25,57
0.3875,88.75,56
0.3875,91.25,28
0.3875,93.75,29
0.3875,96.25,21
0.3875,98.75,25
0.3875,101.25,7
0.3875,103.75,9
0.3875,106.25,5
0.3875,108.75,6
0.3875,111.25,3
0.3875,113.75,1
0.3875,121.25,1
0.3875,128.75,1
0.3875,148.75,2
0.3875,163.75,2
0.3875,166.25,1
0.3875,191.25,1
0.3875,211.25,1
0.3875,241.25,1
0.3875,248.75,2
0.3875,266.25,1
0.3875,271.25,1
0.3875,273.75,1
0.3875,296.25,1
0.3925,-148.75,5
0.3925,-146.25,8
0.3925,-143.75,8
0.3925,-141.25,5
0.3925,-138.75,11
0.3925,-136.25,9
0.3925,-133.75,19
0.3925,-131.25,12
0.3925,-128.75,22
0.3925,-126.25,18
0.3925,-123.75,18
0.3925,-121.25,12
0.3925,-118.75,13
0.3925,-116.25,32
0.3925,-113.75,31
0.3925,-111.25,41
0.3925,-108.75,35
0.3925,-106.25,47
0.3925,-103.75,48
0.3925,-101.25,67
0.3925,-98.75,63
0.3925,-96.25,76
0.3925,-93.75,88
0.3925,-91.25,79
0.3925,-88.75,94
0.3925,-86.25,116
0.3925,-83.75,103
0.3925,-81.25,102
0.3925,-78.75,115
0.3925,-76.25,137
0.3925,-73.75,194
0.3925,-71.25,242
0.3925,-68.75,281
0.3925,-66.25,307
0.3925,-63.75,392
0.3925,-61.25,492
0.3925,-58.75,641
0.3925,-56.25,803
0.3925,-53.75,924
0.3925,-51.25,1162
0.3925,-48.75,1365
0.3925,-46.25,1836
0.3925,-43.75,2243
0.3925,-41.25,2862
0.3925,-38.75,3498
0.3925,-36.25,4141
0.3925,-33.75,5050
0.3925,-31.25,5869
0.3925,-28.75,7070
0.3925,-26.25,8202
0.3925,-23.75,9518
0.3925,-21.25,11122
0.3925,-18.75,12072
0.3925,-16.25,12424
0.3925,-13.75,12448
0.3925,-11.25,11986
0.3925,-8.75,10273
0.3925,-6.25,7076
0.3925,-3.75,3758
0.3925,-1.25,315
0.3925,1.25,131705
0.3925,3.75,3467
0.3925,6.25,6619
0.3925,8.75,9192
0.3925,11.25,10593
0.3925,13.75,11179
0.3925,16.25,11396
0.3925,18.75,11122
0.3925,21.25,9794
0.3925,23.75,8850
0.3925,26.25,7688
0.3925,28.75,6520
0.3925,31.25,5493
0.3925,33.75,4686
0.3925,36.25,3840
0.3925,38.75,3302
0.3925,41.25,2697
0.3925,43.75,2223
0.3925,46.25,1791
0.3925,48.75,1412
0.3925,51.25,1176
0.3925,53.75,1000
0.3925,56.25,741
0.3925,58.75,629
0.3925,61.25,571
0.3925,63.75,401
0.3925,66.25,323
0.3925,68.75,211
0.3925,71.25,178
0.3925,73.75,135
0.3925,76.25,114
0.3925,78.75,103
0.3925,81.25,68
0.3925,83.75,59
0.3925,86.25,47
0.3925,88.75,21
0.3925,91.25,28
0.3925,93.75,13
0.3925,96.25,18
0.3925,98.75,8
0.3925,101.25,7
0.3925,103.75,7
0.3925,106.25,7
0.3925,111.25,4
0.3925,113.75,3
0.3925,116.25,2
0.3925,143.75,1
0.3925,148.75,1
0.3925,196.25,1
0.3925,206.25,2
0.3925,211.25,1
0.3925,261.25,1
0.3925,266.25,4
0.3925,278.75,1
0.3925,296.25,1
0.3975,-148.75,3
0.3975,-146.25,1
0.3975,-143.75,6
0.3975,-141.25,4
0.3975,-138.75,7
0.3975,-136.25,8
0.3975,-133.75,5
0.3975,-131.25,15
0.3975,-128.75,15
0.3975,-126.25,14
0.3975,-123.75,14
0.3975,-121.25,21
0.3975,-118.75,36
0.3975,-116.25,23
0.3975,-113.75,34
0.3975,-111.25,43
0.3975,-108.75,25
0.3975,-106.25,38
0.3975,-103.75,33
0.3975,-101.25,45
0.3975,-98.75,45
0.3975,-96.25,58
0.3975,-93.75,74
0.3975,-91.25,69
0.3975,-88.75,97
0.3975,-86.25,94
0.3975,-83.75,110
0.3975,-81.25,104
0.3975,-78.75,132
0.3975,-76.25,146
0.3975,-73.75,190
0.3975,-71.25,201
0.3975,-68.75,242
0.3975,-66.25,300
0.3975,-63.75,400
0.3975,-61.25,478
0.3975,-58.75,603
0.3975,-56.25,747
0.3975,-53.75,927
0.3975,-51.25,1085
0.3975,-48.75,1442
0.3975,-46.25,1845
0.3975,-43.75,2207
0.3975,-41.25,2916
0.3975,-38.75,3530
0.3975,-36.25,4377
0.3975,-33.75,5083
0.3975,-31.25,6079
0.3975,-28.75,7099
0.3975,-26.25,8491
0.3975,-23.75,9598
0.3975,-21.25,10938
0.3975,-18.75,11691
0.3975,-16.25,12028
0.3975,-13.75,12100
0.3975,-11.25,11034
0.3975,-8.75,9359
0.3975,-6.25,6291
0.3975,-3.75,3147
0.3975,-1.25,217
0.3975,1.25,122162
0.3975,3.75,2925
0.3975,6.25,5490
0.3975,8.75,8058
0.3975,11.25,9248
0.3975,13.75,9821
0.3975,16.25,9798
0.3975,18.75,9271
0.3975,21.25,8425
0.3975,23.75,7412
0.3975,26.25,6368
0.3975,28.75,5354
0.3975,31.25,4507
0.3975,33.75,3799
0.3975,36.25,3273
0.3975,38.75,2600
0.3975,41.25,2223
0.3975,43.75,1789
0.3975,46.25,1505
0.3975,48.75,1211
0.3975,51.25,1011
0.3975,53.75,832
0.3975,56.25,621
0.3975,58.75,492
0.3975,61.25,367
0.3975,63.75,319
0.3975,66.25,263
0.3975,68.75,192
0.3975,71.25,144
0.3975,73.75,115
0.3975,76.25,91
0.3975,78.75,60
0.3975,81.25,57
0.3975,83.75,30
0.3975,86.25,33
0.3975,88.75,28
0.3975,91.25,22
0.3975,93.75,11
0.3975,96.25,5
0.3975,98.75,5
0.3975,101.25,4
0.3975,103.75,4
0.3975,106.25,2
0.3975,108.75,1
0.3975,123.75,1
0.3975,136.25,1
0.3975,166.25,1
0.3975,211.25,3
0.3975,238.75,1
0.3975,241.25,1
0.3975,246.25,2
0.3975,258.75,1
0.4025,-148.75,1
0.4025,-146.25,2
0.4025,-143.75,2
0.4025,-141.25,2
0.4025,-138.75,3
0.4025,-136.25,6
0.4025,-133.75,4
0.4025,-131.25,10
0.4025,-128.75,7
0.4025,-126.25,11
0.4025,-123.75,8
0.4025,-121.25,19
0.4025,-118.75,20
0.4025,-116.25,18
0.4025,-113.75,20
0.4025,-111.25,34
0.4025,-108.75,33
0.4025,-106.25,26
0.4025,-103.75,28
0.4025,-101.25,31
0.4025,-98.75,55
0.4025,-96.25,42
0.4025,-93.75,55
0.4025,-91.25,46
0.4025,-88.75,87
0.4025,-86.25,58
0.4025,-83.75,81
0.4025,-81.25,91
0.4025,-78.75,103
0.4025,-76.25,98
0.4025,-73.75,116
0.4025,-71.25,152
0.4025,-68.75,198
0.4025,-66.25,250
0.4025,-63.75,371
0.4025,-61.25,461
0.4025,-58.75,563
0.4025,-56.25,731
0.4025,-53.75,834
0.4025,-51.25,1111
0.4025,-48.75,1434
0.4025,-46.25,1788
0.4025,-43.75,2236
0.4025,-41.25,2832
0.4025,-38.75,3416
0.4025,-36.25,4087
0.4025,-33.75,4901
0.4025,-31.25,5881
0.4025,-28.75,6977
0.4025,-26.25,8224
0.4025,-23.75,9460
0.4025,-21.25,10702
0.4025,-18.75,11304
0.4025,-16.25,11558
0.4025,-13.75,11179
0.4025,-11.25,10356
0.4025,-8.75,8325
0.4025,-6.25,5323
0.4025,-3.75,2700
0.4025,-1.25,130
0.4025,1.25,107984
0.4025,3.75,2239
0.4025,6.25,4668
0.4025,8.75,6803
0.4025,11.25,7988
0.4025,13.75,8150
0.4025,16.25,8117
0.4025,18.75,7780
0.4025,21.25,6847
0.4025,23.75,6053
0.4025,26.25,5226
0.4025,28.75,4373
0.4025,31.25,3740
0.4025,33.75,3050
0.4025,36.25,2605
0.4025,38.75,2097
0.4025,41.25,1666
0.4025,43.75,1448
0.4025,46.25,1220
0.4025,48.75,911
0.4025,51.25,759
0.4025,53.75,572
0.4025,56.25,439
0.4025,58.75,367
0.4025,61.25,301
0.4025,63.75,235
0.4025,66.25,185
0.4025,68.75,138
0.4025,71.25,126
0.4025,73.75,68
0.4025,76.25,69
0.4025,78.75,46
0.4025,81.25,33
0.4025,83.75,35
0.4025,86.25,21
0.4025,88.75,16
0.4025,91.25,13
0.4025,93.75,8
0.4025,96.25,4
0.4025,98.75,1
0.4025,101.25,1
0.4025,103.75,1
0.4025,108.75,1
0.4025,128.75,1
0.4025,173.75,2
0.4025,201.25,1
0.4025,266.25,2
0.4025,276.25,1
0.4025,278.75,1
0.4025,283.75,1
0.4075,-148.75,2
0.4075,-146.25,1
0.4075,-143.75,2
0.4075,-141.25,2
0.4075,-138.75,1
0.4075,-136.25,2
0.4075,-133.75,5
0.4075,-131.25,6
0.4075,-128.75,5
0.4075,-126.25,5
0.4075,-123.75,10
0.4075,-121.25,4
0.4075,-118.75,8
0.4075,-116.25,15
0.4075,-113.75,18
0.4075,-111.25,14
0.4075,-108.75,23
0.4075,-106.25,20
0.4075,-103.75,19
0.4075,-101.25,25
0.4075,-98.75,23
0.4075,-96.25,31
0.4075,-93.75,45
0.4075,-91.25,44
0.4075,-88.75,49
0.4075,-86.25,52
0.4075,-83.75,63
0.4075,-81.25,85
0.4075,-78.75,96
0.4075,-76.25,121
0.4075,-73.75,153
0.4075,-71.25,165
0.4075,-68.75,205
0.4075,-66.25,305
0.4075,-63.75,332
0.4075,-61.25,423
0.4075,-58.75,530
0.4075,-56.25,679
0.4075,-53.75,844
0.4075,-51.25,1038
0.4075,-48.75,1342
0.4075,-46.25,1610
0.4075,-43.75,2101
0.4075,-41.25,2651
0.4075,-38.75,3245
0.4075,-36.25,3897
0.4075,-33.75,4763
0.4075,-31.25,5602
0.4075,-28.75,6669
0.4075,-26.25,7863
0.4075,-23.75,8892
0.4075,-21.25,9701
0.4075,-18.75,10318
0.4075,-16.25,10419
0.4075,-13.75,10203
0.4075,-11.25,9592
0.4075,-8.75,7248
0.4075,-6.25,4688
0.4075,-3.75,2010
0.4075,-1.25,101
0.4075,1.25,92944
0.4075,3.75,1746
0.4075,6.25,3732
0.4075,8.75,5649
0.4075,11.25,7001
0.4075,13.75,6840
0.4075,16.25,6638
0.4075,18.75,6366
0.4075,21.25,5678
0.4075,23.75,4893
0.4075,26.25,4256
0.4075,28.75,3506
0.4075,31.25,3058
0.4075,33.75,2637
0.4075,36.25,1981
0.4075,38.75,1652
0.4075,41.25,1409
0.4075,43.75,1076
0.4075,46.25,899
0.4075,48.75,710
0.4075,51.25,544
0.4075,53.75,393
0.4075,56.25,359
0.4075,58.75,271
0.4075,61.25,260
0.4075,63.75,158
0.4075,66.25,145
0.4075,68.75,107
0.4075,71.25,102
0.4075,73.75,62
0.4075,76.25,44
0.4075,78.75,31
0.4075,81.25,20
0.4075,83.75,23
0.4075,86.25,17
0.4075,88.75,10
0.4075,91.25,7
0.4075,93.75,4
0.4075,96.25,3
0.4075,98.75,1
0.4075,101.25,2
0.4075,103.75,2
0.4075,108.75,1
0.4075,111.25,1
0.4075,153.75,1
0.4075,173.75,1
0.4075,178.75,1
0.4075,211.25,1
0.4075,221.25,1
0.4075,226.25,1
0.4075,236.25,1
0.4075,261.25,1
0.4075,263.75,1
0.4075,273.75,2
0.4075,278.75,1
0.4125,-143.75,2
0.4125,-141.25,1
0.4125,-138.75,4
0.4125,-136.25,1
0.4125,-133.75,1
0.4125,-131.25,4
0.4125,-128.75,5
0.4125,-126.25,5
0.4125,-123.75,9
0.4125,-121.25,6
0.4125,-118.75,6
0.4125,-116.25,8
0.4125,-113.75,10
0.4125,-111.25,18
0.4125,-108.75,17
0.4125,-106.25,16
0.4125,-103.75,15
0.4125,-101.25,28
0.4125,-98.75,11
0.4125,-96.25,18
0.4125,-93.75,27
0.4125,-91.25,44
0.4125,-88.75,45
0.4125,-86.25,54
0.4125,-83.75,52
0.4125,-81.25,66
0.4125,-78.75,69
0.4125,-76.25,82
0.4125,-73.75,150
0.4125,-71.25,155
0.4125,-68.75,192
0.4125,-66.25,219
0.4125,-63.75,296
0.4125,-61.25,374
0.4125,-58.75,486
0.4125,-56.25,652
0.4125,-53.75,753
0.4125,-51.25,979
0.4125,-48.75,1291
0.4125,-46.25,1598
0.4125,-43.75,1913
0.4125,-41.25,2451
0.4125,-38.75,3012
0.4125,-36.25,3524
0.4125,-33.75,4355
0.4125,-31.25,5091
0.4125,-28.75,5832
0.4125,-26.25,6813
0.4125,-23.75,8017
0.4125,-21.25,8862
0.4125,-18.75,9307
0.4125,-16.25,9336
0.4125,-13.75,9095
0.4125,-11.25,8237
0.4125,-8.75,6587
0.4125,-6.25,3988
0.4125,-3.75,1573
0.4125,-1.25,53
0.4125,1.25,77273
0.4125,3.75,1322
0.4125,6.25,3075
0.4125,8.75,4976
0.4125,11.25,5788
0.4125,13.75,5676
0.4125,16.25,5424
0.4125,18.75,5086
0.4125,21.25,4493
0.4125,23.75,3928
0.4125,26.25,3353
0.4125,28.75,2691
0.4125,31.25,2346
0.4125,33.75,1965
0.4125,36.25,1607
0.4125,38.75,1337
0.4125,41.25,985
0.4125,43.75,907
0.4125,46.25,691
0.4125,48.75,532
0.4125,51.25,417
0.4125,53.75,321
0.4125,56.25,279
0.4125,58.75,240
0.4125,61.25,156
0.4125,63.75,141
0.4125,66.25,104
0.4125,68.75,68
0.4125,71.25,60
0.4125,73.75,57
0.4125,76.25,30
0.4125,78.75,20
0.4125,81.25,17
0.4125,83.75,15
0.4125,86.25,8
0.4125,88.75,3
0.4125,91.25,4
0.4125,93.75,2
0.4125,96.25,1
0.4125,98.75,1
0.4125,133.75,1
0.4125,156.25,1
0.4125,263.75,1
0.4175,-148.75,1
0.4175,-136.25,1
0.4175,-133.75,4
0.4175,-131.25,3
0.4175,-128.75,2
0.4175,-126.25,1
0.4175,-123.75,1
0.4175,-121.25,8
0.4175,-118.75,8
0.4175,-116.25,14
0.4175,-113.75,11
0.4175,-111.25,8
0.4175,-108.75,12
0.4175,-106.25,10
0.4175,-103.75,18
0.4175,-101.25,15
0.4175,-98.75,15
0.4175,-96.25,19
0.4175,-93.75,25
0.4175,-91.25,36
0.4175,-88.75,29
0.4175,-86.25,33
0.4175,-83.75,38
0.4175,-81.25,55
0.4175,-78.75,62
0.4175,-76.25,88
0.4175,-73.75,90
0.4175,-71.25,139
0.4175,-68.75,145
0.4175,-66.25,174
0.4175,-63.75,259
0.4175,-61.25,336
0.4175,-58.75,454
0.4175,-56.25,560
0.4175,-53.75,784
0.4175,-51.25,888
0.4175,-48.75,1149
0.4175,-46.25,1446
0.4175,-43.75,1847
0.4175,-41.25,2212
0.4175,-38.75,2749
0.4175,-36.25,3309
0.4175,-33.75,3895
0.4175,-31.25,4715
0.4175,-28.75,5193
0.4175,-26.25,6062
0.4175,-23.75,7005
0.4175,-21.25,7620
0.4175,-18.75,8250
0.4175,-16.25,8282
0.4175,-13.75,7922
0.4175,-11.25,7080
0.4175,-8.75,5520
0.4175,-6.25,3173
0.4175,-3.75,1228
0.4175,-1.25,36
0.4175,1.25,62410
0.4175,3.75,900
0.4175,6.25,2261
0.4175,8.75,3921
0.4175,11.25,4774
0.4175,13.75,4755
0.4175,16.25,4351
0.4175,18.75,4003
0.4175,21.25,3563
0.4175,23.75,2912
0.4175,26.25,2544
0.4175,28.75,2124
0.4175,31.25,1712
0.4175,33.75,1414
0.4175,36.25,1136
0.4175,38.75,985
0.4175,41.25,758
0.4175,43.75,598
0.4175,46.25,480
0.4175,48.75,391
0.4175,51.25,335
0.4175,53.75,240
0.4175,56.25,193
0.4175,58.75,156
0.4175,61.25,142
0.4175,63.75,88
0.4175,66.25,66
0.4175,68.75,62
0.4175,71.25,42
0.4175,73.75,35
0.4175,76.25,24
0.4175,78.75,18
0.4175,81.25,12
0.4175,83.75,9
0.4175,86.25,6
0.4175,88.75,4
0.4175,91.25,3
0.4175,93.75,5
0.4175,96.25,4
0.4175,101.25,4
0.4175,103.75,1
0.4175,128.75,2
0.4175,158.75,1
0.4175,176.25,2
0.4175,188.75,1
0.4175,228.75,1
0.4175,238.75,1
0.4175,291.25,1
0.4225,-146.25,2
0.4225,-136.25,1
0.4225,-131.25,2
0.4225,-128.75,1
0.4225,-126.25,3
0.4225,-121.25,2
0.4225,-116.25,2
0.4225,-113.75,8
0.4225,-111.25,5
0.4225,-108.75,5
0.4225,-106.25,8
0.4225,-103.75,10
0.4225,-101.25,3
0.4225,-98.75,12
0.4225,-96.25,15
0.4225,-93.75,19
0.4225,-91.25,22
0.4225,-88.75,13
0.4225,-86.25,38
0.4225,-83.75,36
0.4225,-81.25,42
0.4225,-78.75,69
0.4225,-76.25,72
0.4225,-73.75,77
0.4225,-71.25,112
0.4225,-68.75,166
0.4225,-66.25,189
0.4225,-63.75,265
0.4225,-61.25,269
0.4225,-58.75,401
0.4225,-56.25,477
0.4225,-53.75,624
0.4225,-51.25,804
0.4225,-48.75,1048
0.4225,-46.25,1276
0.4225,-43.75,1674
0.4225,-41.25,2089
0.4225,-38.75,2485
0.4225,-36.25,2977
0.4225,-33.75,3451
0.4225,-31.25,4016
0.4225,-28.75,4749
0.4225,-26.25,5340
0.4225,-23.75,5986
0.4225,-21.25,6543
0.4225,-18.75,6896
0.4225,-16.25,7031
0.4225,-13.75,6649
0.4225,-11.25,6165
0.4225,-8.75,4472
0.4225,-6.25,2479
0.4225,-3.75,885
0.4225,-1.25,26
0.4225,1.25,48258
0.4225,3.75,567
0.4225,6.25,1523
0.4225,8.75,3025
0.4225,11.25,3785
0.4225,13.75,3708
0.4225,16.25,3440
0.4225,18.75,3153
0.4225,21.25,2678
0.4225,23.75,2247
0.4225,26.25,1947
0.4225,28.75,1657
0.4225,31.25,1371
0.4225,33.75,1118
0.4225,36.25,864
0.4225,38.75,706
0.4225,41.25,558
0.4225,43.75,479
0.4225,46.25,402
0.4225,48.75,298
0.4225,51.25,218
0.4225,53.75,173
0.4225,56.25,156
0.4225,58.75,131
0.4225,61.25,69
0.4225,63.75,72
0.4225,66.25,47
0.4225,68.75,41
0.4225,71.25,16
0.4225,73.75,25
0.4225,76.25,13
0.4225,78.75,9
0.4225,81.25,14
0.4225,83.75,2
0.4225,86.25,4
0.4225,88.75,2
0.4225,91.25,2
0.4225,93.75,1
0.4225,101.25,2
0.4225,111.25,1
0.4225,138.75,1
0.4225,193.75,1
0.4225,233.75,1
0.4225,283.75,2
0.4275,-146.25,1
0.4275,-141.25,1
0.4275,-136.25,1
0.4275,-133.75,1
0.4275,-128.75,2
0.4275,-118.75,6
0.4275,-116.25,3
0.4275,-113.75,7
0.4275,-111.25,4
0.4275,-108.75,9
0.4275,-106.25,10
0.4275,-103.75,8
0.4275,-101.25,10
0.4275,-98.75,12
0.4275,-96.25,12
0.4275,-93.75,16
0.4275,-91.25,9
0.4275,-88.75,21
0.4275,-86.25,24
0.4275,-83.75,29
0.4275,-81.25,37
0.4275,-78.75,50
0.4275,-76.25,59
0.4275,-73.75,86
0.4275,-71.25,117
0.4275,-68.75,89
0.4275,-66.25,157
0.4275,-63.75,189
0.4275,-61.25,264
0.4275,-58.75,360
0.4275,-56.25,449
0.4275,-53.75,581
0.4275,-51.25,709
0.4275,-48.75,849
0.4275,-46.25,1130
0.4275,-43.75,1421
0.4275,-41.25,1756
0.4275,-38.75,2167
0.4275,-36.25,2548
0.4275,-33.75,2996
0.4275,-31.25,3569
0.4275,-28.75,4162
0.4275,-26.25,4577
0.4275,-23.75,5315
0.4275,-21.25,5499
0.4275,-18.75,5743
0.4275,-16.25,5669
0.4275,-13.75,5369
0.4275,-11.25,5078
0.4275,-8.75,3754
0.4275,-6.25,1822
0.4275,-3.75,557
0.4275,-1.25,13
0.4275,1.25,37894
0.4275,3.75,401
0.4275,6.25,1224
0.4275,8.75,2333
0.4275,11.25,3005
0.4275,13.75,2861
0.4275,16.25,2643
0.4275,18.75,2408
0.4275,21.25,2039
0.4275,23.75,1794
0.4275,26.25,1461
0.4275,28.75,1120
0.4275,31.25,922
0.4275,33.75,821
0.4275,36.25,652
0.4275,38.75,563
0.4275,41.25,455
0.4275,43.75,368
0.4275,46.25,264
0.4275,48.75,224
0.4275,51.25,153
0.4275,53.75,135
0.4275,56.25,113
0.4275,58.75,75
0.4275,61.25,75
0.4275,63.75,38
0.4275,66.25,28
0.4275,68.75,26
0.4275,71.25,11
0.4275,73.75,9
0.4275,76.25,6
0.4275,78.75,13
0.4275,81.25,9
0.4275,86.25,1
0.4275,88.75,1
0.4275,101.25,1
0.4275,108.75,2
0.4275,181.25,1
0.4275,186.25,1
0.4275,188.75,1
0.4275,206.25,1
0.4275,216.25,1
0.4275,263.75,1
0.4275,281.25,1
0.4325,-143.75,1
0.4325,-128.75,2
0.4325,-126.25,1
0.4325,-121.25,2
0.4325,-116.25,1
0.4325,-113.75,2
0.4325,-111.25,5
0.4325,-108.75,5
0.4325,-106.25,8
0.4325,-103.75,12
0.4325,-101.25,13
0.4325,-98.75,6
0.4325,-96.25,8
0.4325,-93.75,14
0.4325,-91.25,18
0.4325,-88.75,23
0.4325,-86.25,29
0.4325,-83.75,20
0.4325,-81.25,28
0.4325,-78.75,46
0.4325,-76.25,52
0.4325,-73.75,53
0.4325,-71.25,77
0.4325,-68.75,91
0.4325,-66.25,93
0.4325,-63.75,168
0.4325,-61.25,203
0.4325,-58.75,300
0.4325,-56.25,403
0.4325,-53.75,495
0.4325,-51.25,585
0.4325,-48.75,752
0.4325,-46.25,1046
0.4325,-43.75,1259
0.4325,-41.25,1473
0.4325,-38.75,1822
0.4325,-36.25,2237
0.4325,-33.75,2652
0.4325,-31.25,3109
0.4325,-28.75,3481
0.4325,-26.25,3942
0.4325,-23.75,4396
0.4325,-21.25,4659
0.4325,-18.75,4623
0.4325,-16.25,4668
0.4325,-13.75,4349
0.4325,-11.25,3996
0.4325,-8.75,2889
0.4325,-6.25,1389
0.4325,-3.75,367
0.4325,-1.25,8
0.4325,1.25,28593
0.4325,3.75,255
0.4325,6.25,836
0.4325,8.75,1837
0.4325,11.25,2469
0.4325,13.75,2188
0.4325,16.25,2013
0.4325,18.75,1686
0.4325,21.25,1498
0.4325,23.75,1276
0.4325,26.25,1066
0.4325,28.75,923
0.4325,31.25,719
0.4325,33.75,572
0.4325,36.25,455
0.4325,38.75,375
0.4325,41.25,311
0.4325,43.75,235
0.4325,46.25,203
0.4325,48.75,138
0.4325,51.25,111
0.4325,53.75,86
0.4325,56.25,88
0.4325,58.75,48
0.4325,61.25,61
0.4325,63.75,15
0.4325,66.25,27
0.4325,68.75,18
0.4325,71.25,12
0.4325,73.75,9
0.4325,76.25,3
0.4325,78.75,2
0.4325,81.25,4
0.4325,83.75,5
0.4325,86.25,2
0.4325,88.75,2
0.4325,91.25,1
0.4325,113.75,1
0.4325,121.25,1
0.4325,158.75,1
0.4325,193.75,1
0.4325,273.75,1
0.4325,291.25,1
0.4325,298.75,1
0.4375,-136.25,1
0.4375,-123.75,3
0.4375,-121.25,1
0.4375,-118.75,1
0.4375,-116.25,1
0.4375,-111.25,3
0.4375,-108.75,4
0.4375,-106.25,4
0.4375,-103.75,2
0.4375,-101.25,7
0.4375,-98.75,7
0.4375,-96.25,9
0.4375,-93.75,14
0.4375,-91.25,8
0.4375,-88.75,15
0.4375,-86.25,12
0.4375,-83.75,12
0.4375,-81.25,25
0.4375,-78.75,31
0.4375,-76.25,50
0.4375,-73.75,57
0.4375,-71.25,72
0.4375,-68.75,73
0.4375,-66.25,101
0.4375,-63.75,125
0.4375,-61.25,198
0.4375,-58.75,244
0.4375,-56.25,315
0.4375,-53.75,426
0.4375,-51.25,560
0.4375,-48.75,720
0.4375,-46.25,901
0.4375,-43.75,1046
0.4375,-41.25,1326
0.4375,-38.75,1599
0.4375,-36.25,1971
0.4375,-33.75,2148
0.4375,-31.25,2637
0.4375,-28.75,2894
0.4375,-26.25,3196
0.4375,-23.75,3531
0.4375,-21.25,3672
0.4375,-18.75,3510
0.4375,-16.25,3494
0.4375,-13.75,3408
0.4375,-11.25,3302
0.4375,-8.75,2283
0.4375,-6.25,1013
0.4375,-3.75,223
0.4375,-1.25,5
0.4375,1.25,21402
0.4375,3.75,141
0.4375,6.25,597
0.4375,8.75,1381
0.4375,11.25,1839
0.4375,13.75,1776
0.4375,16.25,1517
0.4375,18.75,1356
0.4375,21.25,1109
0.4375,23.75,969
0.4375,26.25,810
0.4375,28.75,663
0.4375,31.25,508
0.4375,33.75,449
0.4375,36.25,349
0.4375,38.75,251
0.4375,41.25,208
0.4375,43.75,177
0.4375,46.25,131
0.4375,48.75,96
0.4375,51.25,76
0.4375,53.75,65
0.4375,56.25,41
0.4375,58.75,30
0.4375,61.25,22
0.4375,63.75,19
0.4375,66.25,19
0.4375,68.75,11
0.4375,71.25,3
0.4375,76.25,3
0.4375,81.25,1
0.4375,86.25,1
0.4375,128.75,1
0.4375,151.25,1
0.4375,203.75,1
0.4375,233.75,1
0.4425,-133.75,2
0.4425,-123.75,3
0.4425,-121.25,2
0.4425,-116.25,1
0.4425,-113.75,4
0.4425,-111.25,3
0.4425,-106.25,1
0.4425,-103.75,1
0.4425,-101.25,6
0.4425,-98.75,5
0.4425,-96.25,8
0.4425,-93.75,6
0.4425,-91.25,9
0.4425,-88.75,13
0.4425,-86.25,11
0.4425,-83.75,12
0.4425,-81.25,22
0.4425,-78.75,17
0.4425,-76.25,29
0.4425,-73.75,37
0.4425,-71.25,41
0.4425,-68.75,66
0.4425,-66.25,59
0.4425,-63.75,112
0.4425,-61.25,133
0.4425,-58.75,177
0.4425,-56.25,222
0.4425,-53.75,296
0.4425,-51.25,436
0.4425,-48.75,546
0.4425,-46.25,704
0.4425,-43.75,848
0.4425,-41.25,1104
0.4425,-38.75,1258
0.4425,-36.25,1522
0.4425,-33.75,1727
0.4425,-31.25,2089
0.4425,-28.75,2242
0.4425,-26.25,2436
0.4425,-23.75,2590
0.4425,-21.25,2701
0.4425,-18.75,2757
0.4425,-16.25,2710
0.4425,-13.75,2633
0.4425,-11.25,2448
0.4425,-8.75,1692
0.4425,-6.25,722
0.4425,-3.75,148
0.4425,1.25,15768
0.4425,3.75,90
0.4425,6.25,349
0.4425,8.75,992
0.4425,11.25,1355
0.4425,13.75,1261
0.4425,16.25,1135
0.4425,18.75,963
0.4425,21.25,837
0.4425,23.75,669
0.4425,26.25,544
0.4425,28.75,441
0.4425,31.25,362
0.4425,33.75,310
0.4425,36.25,249
0.4425,38.75,159
0.4425,41.25,151
0.4425,43.75,105
0.4425,46.25,73
0.4425,48.75,60
0.4425,51.25,43
0.4425,53.75,42
0.4425,56.25,19
0.4425,58.75,16
0.4425,61.25,15
0.4425,63.75,8
0.4425,66.25,5
0.4425,68.75,4
0.4425,71.25,1
0.4425,73.75,1
0.4425,76.25,1
0.4425,78.75,1
0.4425,203.75,1
0.4425,236.25,1
0.4425,263.75,1
0.4425,271.25,1
0.4475,-148.75,1
0.4475,-141.25,1
0.4475,-133.75,1
0.4475,-131.25,1
0.4475,-128.75,2
0.4475,-126.25,2
0.4475,-123.75,2
0.4475,-118.75,2
0.4475,-111.25,1
0.4475,-108.75,1
0.4475,-106.25,5
0.4475,-103.75,2
0.4475,-101.25,1
0.4475,-98.75,7
0.4475,-96.25,4
0.4475,-93.75,9
0.4475,-91.25,1
0.4475,-88.75,16
0.4475,-86.25,6
0.4475,-83.75,8
0.4475,-81.25,11
0.4475,-78.75,17
0.4475,-76.25,11
0.4475,-73.75,14
0.4475,-71.25,31
0.4475,-68.75,41
0.4475,-66.25,59
0.4475,-63.75,83
0.4475,-61.25,104
0.4475,-58.75,151
0.4475,-56.25,204
0.4475,-53.75,264
0.4475,-51.25,349
0.4475,-48.75,465
0.4475,-46.25,535
0.4475,-43.75,715
0.4475,-41.25,892
0.4475,-38.75,1067
0.4475,-36.25,1176
0.4475,-33.75,1378
0.4475,-31.25,1595
0.4475,-28.75,1788
0.4475,-26.25,1891
0.4475,-23.75,1976
0.4475,-21.25,2097
0.4475,-18.75,2082
0.4475,-16.25,2113
0.4475,-13.75,1985
0.4475,-11.25,1914
0.4475,-8.75,1258
0.4475,-6.25,448
0.4475,-3.75,92
0.4475,1.25,11228
0.4475,3.75,55
0.4475,6.25,200
0.4475,8.75,666
0.4475,11.25,929
0.4475,13.75,851
0.4475,16.25,698
0.4475,18.75,646
0.4475,21.25,576
0.4475,23.75,440
0.4475,26.25,401
0.4475,28.75,295
0.4475,31.25,239
0.4475,33.75,174
0.4475,36.25,137
0.4475,38.75,120
0.4475,41.25,75
0.4475,43.75,58
0.4475,46.25,38
0.4475,48.75,26
0.4475,51.25,26
0.4475,53.75,26
0.4475,56.25,17
0.4475,58.75,14
0.4475,61.25,6
0.4475,63.75,2
0.4475,66.25,4
0.4475,68.75,2
0.4475,71.25,2
0.4475,81.25,1
0.4475,188.75,1
0.4475,208.75,1
0.4525,-138.75,1
0.4525,-136.25,1
0.4525,-133.75,1
0.4525,-118.75,1
0.4525,-116.25,1
0.4525,-113.75,2
0.4525,-108.75,4
0.4525,-103.75,1
0.4525,-101.25,1
0.4525,-98.75,1
0.4525,-96.25,2
0.4525,-93.75,4
0.4525,-91.25,5
0.4525,-88.75,5
0.4525,-86.25,4
0.4525,-83.75,6
0.4525,-81.25,8
0.4525,-78.75,5
0.4525,-76.25,15
0.4525,-73.75,20
0.4525,-71.25,22
0.4525,-68.75,43
0.4525,-66.25,56
0.4525,-63.75,78
0.4525,-61.25,118
0.4525,-58.75,148
0.4525,-56.25,175
0.4525,-53.75,231
0.4525,-51.25,292
0.4525,-48.75,368
0.4525,-46.25,458
0.4525,-43.75,573
0.4525,-41.25,660
0.4525,-38.75,832
0.4525,-36.25,910
0.4525,-33.75,1036
0.4525,-31.25,1209
0.4525,-28.75,1350
0.4525,-26.25,1393
0.4525,-23.75,1496
0.4525,-21.25,1486
0.4525,-18.75,1524
0.4525,-16.25,1517
0.4525,-13.75,1511
0.4525,-11.25,1462
0.4525,-8.75,855
0.4525,-6.25,256
0.4525,-3.75,38
0.4525,-1.25,2
0.4525,1.25,7797
0.4525,3.75,21
0.4525,6.25,139
0.4525,8.75,406
0.4525,11.25,612
0.4525,13.75,605
0.4525,16.25,496
0.4525,18.75,415
0.4525,21.25,372
0.4525,23.75,265
0.4525,26.25,249
0.4525,28.75,192
0.4525,31.25,156
0.4525,33.75,106
0.4525,36.25,84
0.4525,38.75,60
0.4525,41.25,46
0.4525,43.75,41
0.4525,46.25,25
0.4525,48.75,21
0.4525,51.25,22
0.4525,53.75,4
0.4525,56.25,2
0.4525,58.75,2
0.4525,61.25,2
0.4525,63.75,1
0.4525,66.25,1
0.4525,206.25,1
0.4525,248.75,1
0.4525,271.25,2
0.4525,273.75,1
0.4525,291.25,1
0.4575,-113.75,1
0.4575,-111.25,2
0.4575,-108.75,5
0.4575,-106.25,3
0.4575,-103.75,2
0.4575,-96.25,1
0.4575,-93.75,1
0.4575,-91.25,2
0.4575,-88.75,2
0.4575,-83.75,3
0.4575,-81.25,7
0.4575,-78.75,7
0.4575,-76.25,14
0.4575,-73.75,10
0.4575,-71.25,23
0.4575,-68.75,37
0.4575,-66.25,50
0.4575,-63.75,59
0.4575,-61.25,113
0.4575,-58.75,129
0.4575,-56.25,148
0.4575,-53.75,181
0.4575,-51.25,226
0.4575,-48.75,270
0.4575,-46.25,332
0.4575,-43.75,418
0.4575,-41.25,530
0.4575,-38.75,585
0.4575,-36.25,666
0.4575,-33.75,822
0.4575,-31.25,926
0.4575,-28.75,990
0.4575,-26.25,1025
0.4575,-23.75,1080
0.4575,-21.25,1100
0.4575,-18.75,1061
0.4575,-16.25,1104
0.4575,-13.75,1139
0.4575,-11.25,971
0.4575,-8.75,576
0.4575,-6.25,155
0.4575,-3.75,18
0.4575,1.25,5483
0.4575,3.75,8
0.4575,6.25,61
0.4575,8.75,253
0.4575,11.25,475
0.4575,13.75,401
0.4575,16.25,358
0.4575,18.75,308
0.4575,21.25,245
0.4575,23.75,154
0.4575,26.25,146
0.4575,28.75,106
0.4575,31.25,82
0.4575,33.75,49
0.4575,36.25,40
0.4575,38.75,46
0.4575,41.25,29
0.4575,43.75,20
0.4575,46.25,17
0.4575,48.75,17
0.4575,51.25,7
0.4575,53.75,2
0.4575,56.25,3
0.4575,61.25,1
0.4575,63.75,1
0.4575,66.25,1
0.4575,176.25,1
0.4575,193.75,1
0.4625,-111.25,1
0.4625,-108.75,2
0.4625,-106.25,2
0.4625,-103.75,2
0.4625,-91.25,2
0.4625,-88.75,3
0.4625,-86.25,1
0.4625,-83.75,4
0.4625,-81.25,2
0.4625,-78.75,6
0.4625,-76.25,8
0.4625,-73.75,10
0.4625,-71.25,24
0.4625,-68.75,28
0.4625,-66.25,31
0.4625,-63.75,49
0.4625,-61.25,48
0.4625,-58.75,96
0.4625,-56.25,106
0.4625,-53.75,134
0.4625,-51.25,145
0.4625,-48.75,229
0.4625,-46.25,266
0.4625,-43.75,323
0.4625,-41.25,382
0.4625,-38.75,485
0.4625,-36.25,539
0.4625,-33.75,604
0.4625,-31.25,663
0.4625,-28.75,762
0.4625,-26.25,709
0.4625,-23.75,815
0.4625,-21.25,810
0.4625,-18.75,788
0.4625,-16.25,784
0.4625,-13.75,800
0.4625,-11.25,669
0.4625,-8.75,351
0.4625,-6.25,97
0.4625,-3.75,11
0.4625,1.25,3722
0.4625,3.75,5
0.4625,6.25,41
0.4625,8.75,167
0.4625,11.25,286
0.4625,13.75,296
0.4625,16.25,227
0.4625,18.75,165
0.4625,21.25,128
0.4625,23.75,117
0.4625,26.25,84
0.4625,28.75,70
0.4625,31.25,51
0.4625,33.75,34
0.4625,36.25,23
0.4625,38.75,24
0.4625,41.25,9
0.4625,43.75,6
0.4625,46.25,4
0.4625,48.75,15
0.4625,51.25,3
0.4625,53.75,1
0.4625,56.25,2
0.4625,61.25,1
0.4625,63.75,1
0.4625,176.25,1
0.4675,-106.25,1
0.4675,-103.75,2
0.4675,-101.25,3
0.4675,-98.75,2
0.4675,-88.75,2
0.4675,-86.25,1
0.4675,-83.75,3
0.4675,-81.25,2
0.4675,-78.75,9
0.4675,-76.25,5
0.4675,-73.75,11
0.4675,-71.25,14
0.4675,-68.75,22
0.4675,-66.25,32
0.4675,-63.75,29
0.4675,-61.25,42
0.4675,-58.75,62
0.4675,-56.25,86
0.4675,-53.75,101
0.4675,-51.25,125
0.4675,-48.75,147
0.4675,-46.25,158
0.4675,-43.75,215
0.4675,-41.25,244
0.4675,-38.75,302
0.4675,-36.25,350
0.4675,-33.75,420
0.4675,-31.25,468
0.4675,-28.75,513
0.4675,-26.25,526
0.4675,-23.75,554
0.4675,-21.25,566
0.4675,-18.75,611
0.4675,-16.25,595
0.4675,-13.75,572
0.4675,-11.25,543
0.4675,-8.75,254
0.4675,-6.25,43
0.4675,-3.75,6
0.4675,1.25,2704
0.4675,3.75,4
0.4675,6.25,15
0.4675,8.75,107
0.4675,11.25,182
0.4675,13.75,157
0.4675,16.25,137
0.4675,18.75,136
0.4675,21.25,66
0.4675,23.75,62
0.4675,26.25,52
0.4675,28.75,35
0.4675,31.25,27
0.4675,33.75,27
0.4675,36.25,19
0.4675,38.75,10
0.4675,41.25,5
0.4675,43.75,7
0.4675,46.25,4
0.4675,48.75,2
0.4675,58.75,1
0.4675,61.25,1
0.4725,-98.75,2
0.4725,-93.75,1
0.4725,-91.25,1
0.4725,-88.75,2
0.4725,-86.25,2
0.4725,-83.75,3
0.4725,-81.25,3
0.4725,-78.75,2
0.4725,-76.25,3
0.4725,-73.75,10
0.4725,-71.25,16
0.4725,-68.75,18
0.4725,-66.25,19
0.4725,-63.75,28
0.4725,-61.25,23
0.4725,-58.75,45
0.4725,-56.25,55
0.4725,-53.75,57
0.4725,-51.25,67
0.4725,-48.75,91
0.4725,-46.25,114
0.4725,-43.75,122
0.4725,-41.25,172
0.4725,-38.75,212
0.4725,-36.25,255
0.4725,-33.75,277
0.4725,-31.25,344
0.4725,-28.75,362
0.4725,-26.25,387
0.4725,-23.75,376
0.4725,-21.25,389
0.4725,-18.75,421
0.4725,-16.25,374
0.4725,-13.75,416
0.4725,-11.25,378
0.4725,-8.75,172
0.4725,-6.25,40
0.4725,-3.75,4
0.4725,1.25,1909
0.4725,3.75,1
0.4725,6.25,12
0.4725,8.75,69
0.4725,11.25,110
0.4725,13.75,114
0.4725,16.25,76
0.4725,18.75,71
0.4725,21.25,29
0.4725,23.75,39
0.4725,26.25,31
0.4725,28.75,17
0.4725,31.25,19
0.4725,33.75,11
0.4725,36.25,5
0.4725,38.75,6
0.4725,41.25,2
0.4725,43.75,3
0.4725,46.25,2
0.4725,48.75,1
0.4775,-81.25,1
0.4775,-78.75,1
0.4775,-76.25,5
0.4775,-73.75,11
0.4775,-71.25,9
0.4775,-68.75,8
0.4775,-66.25,6
0.4775,-63.75,12
0.4775,-61.25,17
0.4775,-58.75,20
0.4775,-56.25,17
0.4775,-53.75,21
0.4775,-51.25,44
0.4775,-48.75,54
0.4775,-46.25,66
0.4775,-43.75,78
0.4775,-41.25,116
0.4775,-38.75,136
0.4775,-36.25,153
0.4775,-33.75,200
0.4775,-31.25,227
0.4775,-28.75,228
0.4775,-26.25,282
0.4775,-23.75,279
0.4775,-21.25,327
0.4775,-18.75,332
0.4775,-16.25,305
0.4775,-13.75,296
0.4775,-11.25,274
0.4775,-8.75,109
0.4775,-6.25,14
0.4775,1.25,1366
0.4775,3.75,3
0.4775,6.25,8
0.4775,8.75,45
0.4775,11.25,61
0.4775,13.75,56
0.4775,16.25,60
0.4775,18.75,35
0.4775,21.25,29
0.4775,23.75,26
0.4775,26.25,20
0.4775,28.75,8
0.4775,31.25,10
0.4775,33.75,6
0.4775,36.25,6
0.4775,38.75,4
0.4775,41.25,1
0.4775,43.75,3
0.4775,46.25,2
0.4775,48.75,1
0.4775,53.75,1
0.4825,-78.75,1
0.4825,-76.25,1
0.4825,-73.75,3
0.4825,-71.25,2
0.4825,-68.75,4
0.4825,-66.25,7
0.4825,-63.75,8
0.4825,-61.25,10
0.4825,-58.75,9
0.4825,-56.25,13
0.4825,-53.75,19
0.4825,-51.25,28
0.4825,-48.75,26
0.4825,-46.25,55
0.4825,-43.75,59
0.4825,-41.25,81
0.4825,-38.75,111
0.4825,-36.25,132
0.4825,-33.75,154
0.4825,-31.25,143
0.4825,-28.75,155
0.4825,-26.25,209
0.4825,-23.75,193
0.4825,-21.25,250
0.4825,-18.75,249
0.4825,-16.25,228
0.4825,-13.75,215
0.4825,-11.25,176
0.4825,-8.75,66
0.4825,-6.25,9
0.4825,1.25,745
0.4825,3.75,1
0.4825,6.25,3
0.4825,8.75,20
0.4825,11.25,35
0.4825,13.75,21
0.4825,16.25,18
0.4825,18.75,14
0.4825,21.25,12
0.4825,23.75,14
0.4825,26.25,14
0.4825,28.75,8
0.4825,31.25,5
0.4825,33.75,4
0.4825,36.25,3
0.4825,38.75,6
0.4825,41.25,5
0.4825,43.75,2
0.4825,46.25,3
0.4825,48.75,1
0.4825,56.25,1
0.4875,-76.25,1
0.4875,-73.75,1
0.4875,-71.25,4
0.4875,-68.75,3
0.4875,-66.25,6
0.4875,-63.75,2
0.4875,-61.25,12
0.4875,-58.75,10
0.4875,-56.25,5
0.4875,-53.75,16
0.4875,-51.25,26
0.4875,-48.75,28
0.4875,-46.25,52
0.4875,-43.75,59
0.4875,-41.25,74
0.4875,-38.75,73
0.4875,-36.25,83
0.4875,-33.75,92
0.4875,-31.25,103
0.4875,-28.75,129
0.4875,-26.25,133
0.4875,-23.75,122
0.4875,-21.25,132
0.4875,-18.75,122
0.4875,-16.25,143
0.4875,-13.75,127
0.4875,-11.25,104
0.4875,-8.75,34
0.4875,-6.25,6
0.4875,1.25,431
0.4875,8.75,6
0.4875,11.25,16
0.4875,13.75,14
0.4875,16.25,6
0.4875,18.75,12
0.4875,21.25,4
0.4875,23.75,4
0.4875,26.25,1
0.4875,28.75,3
0.4875,31.25,3
0.4875,33.75,2
0.4875,36.25,1
0.4875,48.75,1
0.4925,-76.25,3
0.4925,-73.75,1
0.4925,-71.25,4
0.4925,-66.25,1
0.4925,-63.75,4
0.4925,-61.25,6
0.4925,-58.75,7
0.4925,-56.25,11
0.4925,-53.75,13
0.4925,-51.25,17
0.4925,-48.75,21
0.4925,-46.25,33
0.4925,-43.75,40
0.4925,-41.25,38
0.4925,-38.75,58
0.4925,-36.25,65
0.4925,-33.75,81
0.4925,-31.25,83
0.4925,-28.75,103
0.4925,-26.25,106
0.4925,-23.75,104
0.4925,-21.25,105
0.4925,-18.75,97
0.4925,-16.25,97
0.4925,-13.75,88
0.4925,-11.25,63
0.4925,-8.75,27
0.4925,-6.25,4
0.4925,1.25,208
0.4925,8.75,2
0.4925,11.25,12
0.4925,13.75,10
0.4925,16.25,8
0.4925,18.75,7
0.4925,21.25,5
0.4925,23.75,3
0.4925,26.25,1
0.4925,28.75,2
0.4925,31.25,4
0.4925,33.75,1
0.4925,41.25,1
0.4975,-83.75,1
0.4975,-73.75,2
0.4975,-66.25,2
0.4975,-61.25,4
0.4975,-58.75,3
0.4975,-56.25,6
0.4975,-53.75,5
0.4975,-51.25,8
0.4975,-48.75,16
0.4975,-46.25,10
0.4975,-43.75,17
0.4975,-41.25,26
0.4975,-38.75,43
0.4975,-36.25,40
0.4975,-33.75,51
0.4975,-31.25,59
0.4975,-28.75,61
0.4975,-26.25,45
0.4975,-23.75,53
0.4975,-21.25,57
0.4975,-18.75,48
0.4975,-16.25,47
0.4975,-13.75,33
0.4975,-11.25,31
0.4975,-8.75,11
0.4975,-6.25,1
0.4975,1.25,117
0.4975,3.75,1
0.4975,6.25,2
0.4975,8.75,5
0.4975,11.25,13
0.4975,13.75,7
0.4975,16.25,5
0.4975,18.75,4
0.4975,21.25,3
0.4975,23.75,1
0.4975,26.25,2
0.4975,28.75,1
0.4975,33.75,1
0.4975,46.25,1
0.5025,-76.25,1
0.5025,-71.25,1
0.5025,-66.25,2
0.5025,-61.25,1
0.5025,-58.75,3
0.5025,-56.25,5
0.5025,-53.75,10
0.5025,-51.25,5
0.5025,-48.75,10
0.5025,-46.25,8
0.5025,-43.75,13
0.5025,-41.25,25
0.5025,-38.75,17
0.5025,-36.25,26
0.5025,-33.75,33
0.5025,-31.25,32
0.5025,-28.75,31
0.5025,-26.25,36
0.5025,-23.75,24
0.5025,-21.25,23
0.5025,-18.75,29
0.5025,-16.25,28
0.5025,-13.75,16
0.5025,-11.25,17
0.5025,-8.75,1
0.5025,-6.25,1
0.5025,1.25,82
0.5025,8.75,2
0.5025,11.25,6
0.5025,13.75,4
0.5025,16.25,4
0.5025,21.25,1
0.5025,23.75,1
0.5025,26.25,1
0.5025,28.75,1
0.5025,33.75,1
0.5025,43.75,1
0.5075,-81.25,1
0.5075,-73.75,2
0.5075,-71.25,1
0.5075,-66.25,1
0.5075,-63.75,1
0.5075,-58.75,1
0.5075,-56.25,4
0.5075,-53.75,3
0.5075,-51.25,2
0.5075,-48.75,5
0.5075,-46.25,6
0.5075,-43.75,10
0.5075,-41.25,13
0.5075,-38.75,10
0.5075,-36.25,8
0.5075,-33.75,16
0.5075,-31.25,14
0.5075,-28.75,18
0.5075,-26.25,15
0.5075,-23.75,17
0.5075,-21.25,13
0.5075,-18.75,13
0.5075,-16.25,11
0.5075,-13.75,16
0.5075,-11.25,6
0.5075,-8.75,8
0.5075,-6.25,1
0.5075,1.25,49
0.5075,11.25,3
0.5075,13.75,3
0.5075,16.25,1
0.5075,18.75,1
0.5075,21.25,2
0.5075,23.75,1
0.5075,43.75,1
0.5125,-78.75,1
0.5125,-48.75,2
0.5125,-46.25,4
0.5125,-43.75,4
0.5125,-41.25,1
0.5125,-38.75,6
0.5125,-36.25,10
0.5125,-33.75,8
0.5125,-31.25,9
0.5125,-28.75,9
0.5125,-26.25,10
0.5125,-23.75,12
0.5125,-21.25,12
0.5125,-18.75,11
0.5125,-16.25,11
0.5125,-13.75,8
0.5125,-11.25,9
0.5125,-8.75,1
0.5125,1.25,40
0.5125,11.25,4
0.5125,13.75,1
0.5125,16.25,1
0.5125,26.25,1
0.5125,33.75,1
0.5125,41.25,1
0.5175,-46.25,2
0.5175,-43.75,2
0.5175,-41.25,6
0.5175,-38.75,5
0.5175,-36.25,6
0.5175,-33.75,3
0.5175,-31.25,1
0.5175,-28.75,7
0.5175,-26.25,8
0.5175,-23.75,5
0.5175,-21.25,3
0.5175,-18.75,6
0.5175,-16.25,7
0.5175,-13.75,6
0.5175,-11.25,4
0.5175,1.25,29
0.5225,-43.75,2
0.5225,-41.25,5
0.5225,-38.75,2
0.5225,-36.25,11
0.5225,-33.75,7
0.5225,-31.25,5
0.5225,-28.75,10
0.5225,-23.75,7
0.5225,-21.25,3
0.5225,-18.75,1
0.5225,-16.25,2
0.5225,-13.75,3
0.5225,-11.25,1
0.5225,1.25,3
0.5275,-33.75,1
0.5275,-28.75,1
0.5275,-21.25,1
0.5275,-18.75,1
0.5275,-13.75,1
0.5275,-8.75,2
0.5275,1.25,2
0.5325,1.25,3
