case_alias,case_name,surface,ntwr,reference_towers,n_repeats,n_candidate_towers,z_over_h,mean_deviation,q25_deviation,q75_deviation
g1200,Gap_12_9mps,forested,1,1000,100,50155,0.05008012820512821,0.639703450170012,0.3351663998215124,0.7732095259239995
g1200,Gap_12_9mps,forested,1,1000,100,50155,0.1502403846153846,0.73739576840994,0.35905147826602657,0.8000269515903098
g1200,Gap_12_9mps,forested,1,1000,100,50155,0.250400641025641,0.5245879506177917,0.31788095718093834,0.6924665799139943
g1200,Gap_12_9mps,forested,1,1000,100,50155,0.3505608974358974,0.33616047049399866,0.16465318120429323,0.4718870088076013
g1200,Gap_12_9mps,forested,1,1000,100,50155,0.45072115384615385,0.16579597031360915,0.04692747052081468,0.22106909822044596
g1200,Gap_12_9mps,forested,1,1000,100,50155,0.5508814102564102,0.13379214910620033,0.03873672162669717,0.15436224473658003
g1200,Gap_12_9mps,forested,1,1000,100,50155,0.6510416666666666,0.118306161676296,0.045073605435077706,0.13539875593192727
g1200,Gap_12_9mps,forested,1,1000,100,50155,0.7512019230769231,0.10660221930193439,0.03636422018674709,0.12256601740771329
g1200,Gap_12_9mps,forested,1,1000,100,50155,0.8513621794871795,0.09407347709683682,0.03202195624541843,0.11689508644734228
g1200,Gap_12_9mps,forested,1,1000,100,50155,0.9515224358974359,0.08092935143623244,0.03126623408239972,0.11317963019766965
g1200,Gap_12_9mps,forested,1,1000,100,50155,1.0516826923076923,0.07794770418366144,0.02771765928102901,0.09518401033223708
g1200,Gap_12_9mps,forested,1,1000,100,50155,1.1518429487179487,0.0821202295499227,0.027798537814092302,0.09718614033475909
g1200,Gap_12_9mps,forested,1,1000,100,50155,1.252003205128205,0.08809252133787507,0.03265730906284854,0.10127519438748799
g1200,Gap_12_9mps,forested,1,1000,100,50155,1.3521634615384615,0.09294621888321783,0.028643762197133438,0.09804746776134893
g1200,Gap_12_9mps,forested,1,1000,100,50155,1.4523237179487178,0.09820605780623799,0.03456367582179122,0.10078624864121533
g1200,Gap_12_9mps,forested,1,1000,100,50155,1.5524839743589745,0.102957674696881,0.035198427888219315,0.10617686679425452
g1200,Gap_12_9mps,forested,1,1000,100,50155,1.6526442307692308,0.10547615266348224,0.03711149910653533,0.10992166176766231
g1200,Gap_12_9mps,forested,1,1000,100,50155,1.7528044871794872,0.10414829590595338,0.03290247181546591,0.11963081239854254
g1200,Gap_12_9mps,forested,1,1000,100,50155,1.8529647435897436,0.1001602047143898,0.03192924340571829,0.11533989390840507
g1200,Gap_12_9mps,forested,1,1000,100,50155,1.953125,0.09718060561321552,0.025261413783095082,0.105352607262315
g1200,Gap_12_9mps,forested,1,1000,100,50155,2.0532852564102564,0.09408069323465593,0.027482158056697032,0.11285009467927387
g1200,Gap_12_9mps,forested,1,1000,100,50155,2.1534455128205128,0.09390688552609928,0.028672726495987455,0.10937585605151448
g1200,Gap_12_9mps,forested,1,1000,100,50155,2.253605769230769,0.09511834660770706,0.03891512105600947,0.11368605659399147
g1200,Gap_12_9mps,forested,1,1000,100,50155,2.3537660256410255,0.09543620688418095,0.030745198252288976,0.11437941642576187
g1200,Gap_12_9mps,forested,1,1000,100,50155,2.453926282051282,0.09624622424804594,0.034502731687586226,0.12378611770231718
g1200,Gap_12_9mps,forested,1,1000,100,50155,2.5540865384615383,0.09680891118736437,0.031229042819274837,0.13269252493162215
g1200,Gap_12_9mps,forested,1,1000,100,50155,2.6542467948717947,0.09804011103014525,0.03527879593190458,0.13236097188521972
g1200,Gap_12_9mps,forested,1,1000,100,50155,2.754407051282051,0.09900726087969094,0.03312954004377766,0.13173909627345498
g1200,Gap_12_9mps,forested,1,1000,100,50155,2.8545673076923075,0.0996586225913235,0.039853278600010394,0.14474694661181625
g1200,Gap_12_9mps,forested,1,1000,100,50155,2.9547275641025643,0.10011908146313418,0.03864073116839649,0.13927274779387266
g1200,Gap_12_9mps,forested,1,1000,100,50155,3.0548878205128207,0.10036284995214086,0.03640110080501634,0.14011063761028902
g1200,Gap_12_9mps,forested,1,1000,100,50155,3.155048076923077,0.09961267891666575,0.047247786330227005,0.13515198893108102
g1200,Gap_12_9mps,forested,1,1000,100,50155,3.2552083333333335,0.09782026158521823,0.0388635694750697,0.13763906658528263
g1200,Gap_12_9mps,forested,1,1000,100,50155,3.35536858974359,0.09568322115460105,0.03720356507472561,0.1351271118892891
g1200,Gap_12_9mps,forested,1,1000,100,50155,3.4555288461538463,0.093488588637576,0.032014425875005886,0.13487025094840135
g1200,Gap_12_9mps,forested,1,1000,100,50155,3.5556891025641026,0.09167002641528554,0.03357849823260475,0.14422816753854814
g1200,Gap_12_9mps,forested,1,1000,100,50155,3.655849358974359,0.09045269620199894,0.034934649084527536,0.14853492601553775
g1200,Gap_12_9mps,forested,1,1000,100,50155,3.7560096153846154,0.08960501213184999,0.03364209448940411,0.14760562415851802
g1200,Gap_12_9mps,forested,1,1000,100,50155,3.856169871794872,0.08986696404412506,0.02794564231943722,0.149048808018351
g1200,Gap_12_9mps,forested,1,1000,100,50155,3.956330128205128,0.09018527755745766,0.026876648639916383,0.14283404238032585
g1200,Gap_12_9mps,forested,1,1000,100,50155,4.056490384615385,0.0910670637979311,0.02898031776474138,0.14368276018900683
g1200,Gap_12_9mps,forested,1,1000,100,50155,4.156650641025641,0.09210179223541654,0.03168177543385561,0.1424809166951214
g1200,Gap_12_9mps,forested,1,1000,100,50155,4.256810897435898,0.09312664072918944,0.033338968792043275,0.13885074666353026
g1200,Gap_12_9mps,forested,1,1000,100,50155,4.356971153846154,0.09512718582829781,0.03643150217087405,0.14077881739465942
g1200,Gap_12_9mps,forested,1,1000,100,50155,4.457131410256411,0.097144923315279,0.041637862185984906,0.13795492213716623
g1200,Gap_12_9mps,forested,1,1000,100,50155,4.557291666666667,0.09794412117579407,0.04646908085098133,0.13864083341700723
g1200,Gap_12_9mps,forested,1,1000,100,50155,4.657451923076923,0.09771685850103898,0.046322451427561584,0.13577874121183775
g1200,Gap_12_9mps,forested,1,1000,100,50155,4.75761217948718,0.0970296202485832,0.04244877862841961,0.12887272051048929
g1200,Gap_12_9mps,forested,1,1000,100,50155,4.857772435897436,0.09608929346688373,0.038333415854885144,0.12752529175786498
g1200,Gap_12_9mps,forested,1,1000,100,50155,4.9579326923076925,0.09525233505889241,0.03930895236775253,0.12946720210113
g1200,Gap_12_9mps,forested,1,1000,100,50155,5.058092948717949,0.09437406943210626,0.04242895440691216,0.12633467949195065
g1200,Gap_12_9mps,forested,1,1000,100,50155,5.158253205128205,0.09360346085738704,0.03864120887363358,0.1320638636241881
g1200,Gap_12_9mps,forested,1,1000,100,50155,5.258413461538462,0.09282357423753183,0.041231083169319144,0.1366872998394592
g1200,Gap_12_9mps,forested,1,1000,100,50155,5.358573717948718,0.09215661049858802,0.03909058504030668,0.13770938675987526
g1200,Gap_12_9mps,forested,1,1000,100,50155,5.4587339743589745,0.09170951084287995,0.03627748059465495,0.13547726950650157
g1200,Gap_12_9mps,forested,1,1000,100,50155,5.558894230769231,0.09114886005027867,0.03448049258546163,0.13100816087278755
g1200,Gap_12_9mps,forested,1,1000,100,50155,5.659054487179487,0.09085244363596506,0.03527898451199559,0.1276125698866073
g1200,Gap_12_9mps,forested,1,1000,100,50155,5.759214743589744,0.09083292775741388,0.034542959573995585,0.1237577524517343
g1200,Gap_12_9mps,forested,1,1000,100,50155,5.859375,0.09093021145587525,0.034742505665482544,0.1231500578488954
g1200,Gap_12_9mps,forested,1,1000,100,50155,5.959535256410256,0.09094747080374754,0.03632860050386164,0.1279003355151954
g1200,Gap_12_9mps,forested,1,1000,100,50155,6.059695512820513,0.09045423147286501,0.041925986258691254,0.1305770592882378
g1200,Gap_12_9mps,forested,1,1000,100,50155,6.159855769230769,0.08999942644843513,0.03496511163582022,0.13090970058794432
g1200,Gap_12_9mps,forested,1,1000,100,50155,6.2600160256410255,0.09010699356466809,0.03796986382751255,0.12860691233752572
g1200,Gap_12_9mps,forested,1,1000,100,50155,6.360176282051282,0.09052652552389874,0.03744205238836791,0.12687869085530706
g1200,Gap_12_9mps,forested,1,1000,100,50155,6.460336538461538,0.09109252075801084,0.03913637932029834,0.12855397030967858
g1200,Gap_12_9mps,forested,1,1000,100,50155,6.560496794871795,0.09153918247602479,0.040349039858755695,0.12648737062515655
g1200,Gap_12_9mps,forested,1,1000,100,50155,6.660657051282051,0.09165072776782425,0.04253189553547931,0.12348446347213451
g1200,Gap_12_9mps,forested,1,1000,100,50155,6.7608173076923075,0.09141130633317285,0.0405671446985219,0.12403677268956295
g1200,Gap_12_9mps,forested,1,1000,100,50155,6.860977564102564,0.09074536554484759,0.04344642727283563,0.12507674624003728
g1200,Gap_12_9mps,forested,1,1000,100,50155,6.96113782051282,0.08960308027581167,0.042431692433099355,0.12706050080246625
g1200,Gap_12_9mps,forested,1,1000,100,50155,7.061298076923077,0.08859087224213008,0.04454642322479126,0.12700944048402035
g1200,Gap_12_9mps,forested,1,1000,100,50155,7.161458333333333,0.08806361995888844,0.04158210075408506,0.12343668359809883
g1200,Gap_12_9mps,forested,1,1000,100,50155,7.261618589743589,0.08798216699817095,0.03643306236028626,0.1217099453789309
g1200,Gap_12_9mps,forested,1,1000,100,50155,7.361778846153846,0.08769601166369945,0.04023671108337321,0.1202748783304196
g1200,Gap_12_9mps,forested,1,1000,100,50155,7.461939102564102,0.0872074733590988,0.04021144218159881,0.11517626043740443
g1200,Gap_12_9mps,forested,1,1000,100,50155,7.562099358974359,0.08689489107335989,0.03949830360082447,0.11142108906101662
g1200,Gap_12_9mps,forested,1,1000,100,50155,7.662259615384615,0.08657793677781647,0.03819474101437669,0.1131572635454647
g1200,Gap_12_9mps,forested,1,1000,100,50155,7.762419871794871,0.0860241152721745,0.03778216270088693,0.11587270777094645
g1200,Gap_12_9mps,forested,1,1000,100,50155,7.862580128205129,0.08515512071257475,0.036418530779984415,0.11393960095714399
g1200,Gap_12_9mps,forested,1,1000,100,50155,7.962740384615385,0.08441516850332263,0.03534334305624368,0.11774812537480418
g1200,Gap_12_9mps,forested,1,1000,100,50155,8.06290064102564,0.08341244196485087,0.03333765444549943,0.11898210865224779
g1200,Gap_12_9mps,forested,1,1000,100,50155,8.163060897435898,0.08209000460435219,0.03139953240456019,0.11923881771404968
g1200,Gap_12_9mps,forested,1,1000,100,50155,8.263221153846153,0.08075238375738085,0.025326001998443485,0.11671662085320389
g1200,Gap_12_9mps,forested,1,1000,100,50155,8.36338141025641,0.07991122770393934,0.022516708288552803,0.11460897747888452
g1200,Gap_12_9mps,forested,1,1000,100,50155,8.463541666666666,0.07940091302501208,0.024592985140035106,0.11419467486226706
g1200,Gap_12_9mps,forested,1,1000,100,50155,8.563701923076923,0.0787215218635356,0.024714216122677993,0.11735451776420497
g1200,Gap_12_9mps,forested,1,1000,100,50155,8.663862179487179,0.07768769355026968,0.023369600065109186,0.11520876880362689
g1200,Gap_12_9mps,forested,1,1000,100,50155,8.764022435897436,0.07680589002695264,0.025586205070742187,0.11119860611328933
g1200,Gap_12_9mps,forested,1,1000,100,50155,8.864182692307692,0.07577517056745449,0.024513559663413235,0.11033587108299658
g1200,Gap_12_9mps,forested,1,1000,100,50155,8.964342948717949,0.07498824801797035,0.026653433107956315,0.10812672158859657
g1200,Gap_12_9mps,forested,1,1000,100,50155,9.064503205128204,0.07451674864725183,0.028089717868666708,0.10429114317132648
g1200,Gap_12_9mps,forested,1,1000,100,50155,9.164663461538462,0.07401429291522083,0.025461636760524955,0.10295799264357056
g1200,Gap_12_9mps,forested,1,1000,100,50155,9.264823717948717,0.0736386306354301,0.027711026335000527,0.11103201766759371
g1200,Gap_12_9mps,forested,1,1000,100,50155,9.364983974358974,0.07363681747490868,0.027977377818659548,0.10947034369236211
g1200,Gap_12_9mps,forested,1,1000,100,50155,9.46514423076923,0.07421907638288266,0.03005886241251495,0.10246051361044942
g1200,Gap_12_9mps,forested,1,1000,100,50155,9.565304487179487,0.07521640987927158,0.03193065077725431,0.10593979525971975
g1200,Gap_12_9mps,forested,1,1000,100,50155,9.665464743589743,0.07584049972515534,0.03131059945509222,0.10967114793173609
g1200,Gap_12_9mps,forested,1,1000,100,50155,9.765625,0.07608788503190794,0.029154180901625245,0.11111881177594266
g1200,Gap_12_9mps,forested,1,1000,100,50155,9.865785256410257,0.07586031356549641,0.027364176744792093,0.1081957125197435
g1200,Gap_12_9mps,forested,1,1000,100,50155,9.965945512820513,0.07538417000063193,0.028074986275419662,0.10373216150632805
g1200,Gap_12_9mps,forested,10,1000,100,50155,0.05008012820512821,0.37698930871355896,0.15596922038433178,0.4708742544108888
g1200,Gap_12_9mps,forested,10,1000,100,50155,0.1502403846153846,0.3375372122828987,0.10161303084705059,0.49463633134583274
g1200,Gap_12_9mps,forested,10,1000,100,50155,0.250400641025641,0.557802938529355,0.12918170359046693,0.5890314241664972
g1200,Gap_12_9mps,forested,10,1000,100,50155,0.3505608974358974,0.35135434338347693,0.10376494892359375,0.3040940541028647
g1200,Gap_12_9mps,forested,10,1000,100,50155,0.45072115384615385,0.12558146151583552,0.036029248942638495,0.15660570518378591
g1200,Gap_12_9mps,forested,10,1000,100,50155,0.5508814102564102,0.059962317056905176,0.01603175113609673,0.07629494655352739
g1200,Gap_12_9mps,forested,10,1000,100,50155,0.6510416666666666,0.0430549158599978,0.01706349250695468,0.054832563014359265
g1200,Gap_12_9mps,forested,10,1000,100,50155,0.7512019230769231,0.03735776531646473,0.015867244723968766,0.05284070386321525
g1200,Gap_12_9mps,forested,10,1000,100,50155,0.8513621794871795,0.033903790435272814,0.01412518070735157,0.04774948204396133
g1200,Gap_12_9mps,forested,10,1000,100,50155,0.9515224358974359,0.03135110111740038,0.014368912641114045,0.04323569364200086
g1200,Gap_12_9mps,forested,10,1000,100,50155,1.0516826923076923,0.030412890336801505,0.013115299599887009,0.044252686733428505
g1200,Gap_12_9mps,forested,10,1000,100,50155,1.1518429487179487,0.03152618729849124,0.012759328309235225,0.04447317868130905
g1200,Gap_12_9mps,forested,10,1000,100,50155,1.252003205128205,0.03262056972121206,0.01190611027600122,0.044716014413092725
g1200,Gap_12_9mps,forested,10,1000,100,50155,1.3521634615384615,0.032977602418720345,0.01323371823982233,0.045928618106248265
g1200,Gap_12_9mps,forested,10,1000,100,50155,1.4523237179487178,0.032822520844113946,0.014207947315366945,0.04726005819500892
g1200,Gap_12_9mps,forested,10,1000,100,50155,1.5524839743589745,0.032619020012117535,0.015655857023763646,0.04310810524935428
g1200,Gap_12_9mps,forested,10,1000,100,50155,1.6526442307692308,0.03261765995691124,0.013619943202973129,0.044266587345120345
g1200,Gap_12_9mps,forested,10,1000,100,50155,1.7528044871794872,0.03249500719639363,0.015086987170826714,0.04680244310354532
g1200,Gap_12_9mps,forested,10,1000,100,50155,1.8529647435897436,0.03247180525195576,0.01404259429368405,0.045065797871503416
g1200,Gap_12_9mps,forested,10,1000,100,50155,1.953125,0.03310782330760351,0.01519202922550678,0.04525615710959638
g1200,Gap_12_9mps,forested,10,1000,100,50155,2.0532852564102564,0.03408937665684904,0.015729145998557747,0.04745379104271672
g1200,Gap_12_9mps,forested,10,1000,100,50155,2.1534455128205128,0.03537534069303489,0.014114195284356331,0.04829044515534704
g1200,Gap_12_9mps,forested,10,1000,100,50155,2.253605769230769,0.03724347242493619,0.013814221145225467,0.052642639399007624
g1200,Gap_12_9mps,forested,10,1000,100,50155,2.3537660256410255,0.03895798952873051,0.015613303493591309,0.05598466586542317
g1200,Gap_12_9mps,forested,10,1000,100,50155,2.453926282051282,0.040094384909629265,0.017201481238936896,0.057210166585911326
g1200,Gap_12_9mps,forested,10,1000,100,50155,2.5540865384615383,0.04071767087886812,0.020884060865608536,0.05730380722456854
g1200,Gap_12_9mps,forested,10,1000,100,50155,2.6542467948717947,0.041018977254085424,0.019974388471382772,0.05726552721164489
g1200,Gap_12_9mps,forested,10,1000,100,50155,2.754407051282051,0.04094797862915217,0.02044451895641533,0.05506945511184748
g1200,Gap_12_9mps,forested,10,1000,100,50155,2.8545673076923075,0.04055066425403467,0.021271058771031727,0.05290115533495335
g1200,Gap_12_9mps,forested,10,1000,100,50155,2.9547275641025643,0.03973541291383117,0.02093949086490321,0.05102104319600423
g1200,Gap_12_9mps,forested,10,1000,100,50155,3.0548878205128207,0.038715209619995285,0.02253913477115367,0.04939671138219164
g1200,Gap_12_9mps,forested,10,1000,100,50155,3.155048076923077,0.037683699930535164,0.021114477648199605,0.05093187844458384
g1200,Gap_12_9mps,forested,10,1000,100,50155,3.2552083333333335,0.03681049300112607,0.01859535471642495,0.050704822120664524
g1200,Gap_12_9mps,forested,10,1000,100,50155,3.35536858974359,0.036042374056851324,0.020443887764097793,0.04954211092297271
g1200,Gap_12_9mps,forested,10,1000,100,50155,3.4555288461538463,0.035475365193824354,0.019932011193718964,0.049343743197725644
g1200,Gap_12_9mps,forested,10,1000,100,50155,3.5556891025641026,0.03482343857361459,0.01758380001827431,0.0498454971838394
g1200,Gap_12_9mps,forested,10,1000,100,50155,3.655849358974359,0.03404522346476976,0.015706333242507208,0.048547365528448204
g1200,Gap_12_9mps,forested,10,1000,100,50155,3.7560096153846154,0.03331405256724965,0.014959447081641373,0.047375199570714364
g1200,Gap_12_9mps,forested,10,1000,100,50155,3.856169871794872,0.03268398428130187,0.016259531926158657,0.04470690949561673
g1200,Gap_12_9mps,forested,10,1000,100,50155,3.956330128205128,0.03231498466083274,0.015121260420147341,0.044568688463096626
g1200,Gap_12_9mps,forested,10,1000,100,50155,4.056490384615385,0.03199908564238932,0.01389315544562062,0.04473161460359477
g1200,Gap_12_9mps,forested,10,1000,100,50155,4.156650641025641,0.031520986899496624,0.01279869273121191,0.04529814316471352
g1200,Gap_12_9mps,forested,10,1000,100,50155,4.256810897435898,0.03088323331346981,0.012390093851546413,0.04493564093697584
g1200,Gap_12_9mps,forested,10,1000,100,50155,4.356971153846154,0.030350825050727233,0.011545602350418871,0.046785877998733995
g1200,Gap_12_9mps,forested,10,1000,100,50155,4.457131410256411,0.030172937319649092,0.010251116025933791,0.04695849701564486
g1200,Gap_12_9mps,forested,10,1000,100,50155,4.557291666666667,0.029969489431501555,0.01125745431494032,0.047508690350741525
g1200,Gap_12_9mps,forested,10,1000,100,50155,4.657451923076923,0.029509197806418364,0.009764306162017948,0.047076915976702945
g1200,Gap_12_9mps,forested,10,1000,100,50155,4.75761217948718,0.02891405628436629,0.01016250676352927,0.04757062204057145
g1200,Gap_12_9mps,forested,10,1000,100,50155,4.857772435897436,0.02815229325390097,0.00992627276517871,0.04628445143452787
g1200,Gap_12_9mps,forested,10,1000,100,50155,4.9579326923076925,0.027391420192261828,0.007729062687842124,0.04253638281742102
g1200,Gap_12_9mps,forested,10,1000,100,50155,5.058092948717949,0.026608925286921582,0.006602678939345697,0.04230126369079557
g1200,Gap_12_9mps,forested,10,1000,100,50155,5.158253205128205,0.026316455201167495,0.007348646883276917,0.041545471903829526
g1200,Gap_12_9mps,forested,10,1000,100,50155,5.258413461538462,0.026169601271738906,0.008003903562524617,0.04093666015227475
g1200,Gap_12_9mps,forested,10,1000,100,50155,5.358573717948718,0.02617731157409832,0.008852011426483439,0.03988934029188357
g1200,Gap_12_9mps,forested,10,1000,100,50155,5.4587339743589745,0.026151726342019965,0.0098545615467241,0.03771057401088064
g1200,Gap_12_9mps,forested,10,1000,100,50155,5.558894230769231,0.025998701190499227,0.01174324753663145,0.03615681915284806
g1200,Gap_12_9mps,forested,10,1000,100,50155,5.659054487179487,0.025593417333933312,0.0112892530957228,0.036691092761225605
g1200,Gap_12_9mps,forested,10,1000,100,50155,5.759214743589744,0.02513500633905327,0.009731267869739064,0.03591766531635308
g1200,Gap_12_9mps,forested,10,1000,100,50155,5.859375,0.024895029036879134,0.009823537196495202,0.035696283735129584
g1200,Gap_12_9mps,forested,10,1000,100,50155,5.959535256410256,0.024844528922079286,0.010840880345425196,0.03459656432526472
g1200,Gap_12_9mps,forested,10,1000,100,50155,6.059695512820513,0.02491312818233154,0.010108738537360131,0.0334784554661088
g1200,Gap_12_9mps,forested,10,1000,100,50155,6.159855769230769,0.025058619045946043,0.010595642609961022,0.03435882077008736
g1200,Gap_12_9mps,forested,10,1000,100,50155,6.2600160256410255,0.0253316261201251,0.010595316779030483,0.03417410898868689
g1200,Gap_12_9mps,forested,10,1000,100,50155,6.360176282051282,0.02554777052798041,0.011439949685410958,0.033403697471576635
g1200,Gap_12_9mps,forested,10,1000,100,50155,6.460336538461538,0.02556854834368962,0.011518408045938233,0.03377105625901717
g1200,Gap_12_9mps,forested,10,1000,100,50155,6.560496794871795,0.02533379281794841,0.010096318358171137,0.03354383322788125
g1200,Gap_12_9mps,forested,10,1000,100,50155,6.660657051282051,0.024890762183028686,0.00996513470403496,0.03407101761987234
g1200,Gap_12_9mps,forested,10,1000,100,50155,6.7608173076923075,0.024449528857409523,0.008950832476603365,0.034763836707032904
g1200,Gap_12_9mps,forested,10,1000,100,50155,6.860977564102564,0.024106744194497206,0.009469042924730824,0.034688947778010404
g1200,Gap_12_9mps,forested,10,1000,100,50155,6.96113782051282,0.02395437492829474,0.007593153707210657,0.03524808674026135
g1200,Gap_12_9mps,forested,10,1000,100,50155,7.061298076923077,0.02380247726199928,0.0068183943328652945,0.034903830023574584
g1200,Gap_12_9mps,forested,10,1000,100,50155,7.161458333333333,0.023874034122550084,0.007863412592617608,0.033479654693563544
g1200,Gap_12_9mps,forested,10,1000,100,50155,7.261618589743589,0.023905331400269948,0.009087070513097055,0.03281722347682329
g1200,Gap_12_9mps,forested,10,1000,100,50155,7.361778846153846,0.023963715234191753,0.009778647699963188,0.03195877540398927
g1200,Gap_12_9mps,forested,10,1000,100,50155,7.461939102564102,0.024085502999399454,0.010375290878723685,0.031832067889353874
g1200,Gap_12_9mps,forested,10,1000,100,50155,7.562099358974359,0.02433446627646402,0.012273758384827579,0.03177852340665491
g1200,Gap_12_9mps,forested,10,1000,100,50155,7.662259615384615,0.024636723684899713,0.012977877234042607,0.032354667210352205
g1200,Gap_12_9mps,forested,10,1000,100,50155,7.762419871794871,0.024942331190280952,0.013186283410588945,0.032949366667286394
g1200,Gap_12_9mps,forested,10,1000,100,50155,7.862580128205129,0.025221860799588908,0.013453032891354006,0.03353371313218177
g1200,Gap_12_9mps,forested,10,1000,100,50155,7.962740384615385,0.025471813668002316,0.01287446807273347,0.033523159606643524
g1200,Gap_12_9mps,forested,10,1000,100,50155,8.06290064102564,0.025771155352477645,0.01395358965444404,0.0343588926614477
g1200,Gap_12_9mps,forested,10,1000,100,50155,8.163060897435898,0.02612748704155457,0.013317276569209722,0.03612756367286342
g1200,Gap_12_9mps,forested,10,1000,100,50155,8.263221153846153,0.026425308674714546,0.012992601107477528,0.03719236285138612
g1200,Gap_12_9mps,forested,10,1000,100,50155,8.36338141025641,0.02667251246726202,0.013729672846249971,0.03794290179588574
g1200,Gap_12_9mps,forested,10,1000,100,50155,8.463541666666666,0.026892847172541853,0.01347440689402514,0.03718796209254935
g1200,Gap_12_9mps,forested,10,1000,100,50155,8.563701923076923,0.027017226564397867,0.013305258594365052,0.03934180437073978
g1200,Gap_12_9mps,forested,10,1000,100,50155,8.663862179487179,0.027126134655635303,0.013354539938595507,0.03962154435497647
g1200,Gap_12_9mps,forested,10,1000,100,50155,8.764022435897436,0.02722783266352871,0.014025242380292617,0.03958531909355091
g1200,Gap_12_9mps,forested,10,1000,100,50155,8.864182692307692,0.027289906482254683,0.013193830194740696,0.03948067304172827
g1200,Gap_12_9mps,forested,10,1000,100,50155,8.964342948717949,0.027350455598961085,0.01325343961325873,0.04003679837186325
g1200,Gap_12_9mps,forested,10,1000,100,50155,9.064503205128204,0.0273604427770579,0.012691408615223708,0.04108684756028813
g1200,Gap_12_9mps,forested,10,1000,100,50155,9.164663461538462,0.027469872210869176,0.011542972600795572,0.04196229208055041
g1200,Gap_12_9mps,forested,10,1000,100,50155,9.264823717948717,0.027535034487911603,0.01125125212170953,0.04222417260368336
g1200,Gap_12_9mps,forested,10,1000,100,50155,9.364983974358974,0.027555856144687994,0.012003431716263283,0.04047987956094986
g1200,Gap_12_9mps,forested,10,1000,100,50155,9.46514423076923,0.027633107808909624,0.011554542618833617,0.04075325107322558
g1200,Gap_12_9mps,forested,10,1000,100,50155,9.565304487179487,0.027753435828297177,0.01157817394612793,0.041360110722654476
g1200,Gap_12_9mps,forested,10,1000,100,50155,9.665464743589743,0.02780666408076182,0.011890530040230813,0.040915389757217244
g1200,Gap_12_9mps,forested,10,1000,100,50155,9.765625,0.027911097986565877,0.012444828671032086,0.04062381706648227
g1200,Gap_12_9mps,forested,10,1000,100,50155,9.865785256410257,0.028117696865176064,0.01276989220924973,0.040145341760795414
g1200,Gap_12_9mps,forested,10,1000,100,50155,9.965945512820513,0.028213252379992945,0.012588617930779672,0.03967287978679121
g1200,Gap_12_9mps,forested,50,1000,100,50155,0.05008012820512821,0.18334710913073404,0.07883610031489112,0.255079210535507
g1200,Gap_12_9mps,forested,50,1000,100,50155,0.1502403846153846,0.15594405350515647,0.053869202288893636,0.2034561042263851
g1200,Gap_12_9mps,forested,50,1000,100,50155,0.250400641025641,0.24071725006482958,0.10135462383544164,0.26833752160944635
g1200,Gap_12_9mps,forested,50,1000,100,50155,0.3505608974358974,0.14442589442242493,0.060124915168973,0.1690984836304038
g1200,Gap_12_9mps,forested,50,1000,100,50155,0.45072115384615385,0.05443799669327543,0.02115732211238383,0.06763341114789603
g1200,Gap_12_9mps,forested,50,1000,100,50155,0.5508814102564102,0.029699195067596298,0.013498244513248964,0.04061042247074783
g1200,Gap_12_9mps,forested,50,1000,100,50155,0.6510416666666666,0.02218604525892349,0.009812544491130693,0.03029011020976626
g1200,Gap_12_9mps,forested,50,1000,100,50155,0.7512019230769231,0.019575020146646048,0.00765786640681478,0.028325889906884474
g1200,Gap_12_9mps,forested,50,1000,100,50155,0.8513621794871795,0.01766302567412118,0.006630409975124202,0.025675943416730285
g1200,Gap_12_9mps,forested,50,1000,100,50155,0.9515224358974359,0.01599650514913034,0.006447734920269694,0.025382923927005027
g1200,Gap_12_9mps,forested,50,1000,100,50155,1.0516826923076923,0.016221410055169798,0.007339306859026384,0.02270534372760335
g1200,Gap_12_9mps,forested,50,1000,100,50155,1.1518429487179487,0.01805148211899047,0.008575949835639923,0.024297983400852555
g1200,Gap_12_9mps,forested,50,1000,100,50155,1.252003205128205,0.019861523791589238,0.010225815609407928,0.026187032972246428
g1200,Gap_12_9mps,forested,50,1000,100,50155,1.3521634615384615,0.02075885941777397,0.010184276337597343,0.027526226609687517
g1200,Gap_12_9mps,forested,50,1000,100,50155,1.4523237179487178,0.021123861176327766,0.009499731551361364,0.027097384443990992
g1200,Gap_12_9mps,forested,50,1000,100,50155,1.5524839743589745,0.021125786685814208,0.010697917915165,0.028494719580210923
g1200,Gap_12_9mps,forested,50,1000,100,50155,1.6526442307692308,0.020827995577342325,0.009242590586893293,0.027767133987741457
g1200,Gap_12_9mps,forested,50,1000,100,50155,1.7528044871794872,0.020466895551311103,0.009342689233671632,0.027917408407001475
g1200,Gap_12_9mps,forested,50,1000,100,50155,1.8529647435897436,0.020371399655097978,0.009508137275074092,0.029154608801684575
g1200,Gap_12_9mps,forested,50,1000,100,50155,1.953125,0.020231605443328155,0.009195359155595828,0.029882433202501724
g1200,Gap_12_9mps,forested,50,1000,100,50155,2.0532852564102564,0.020154503228968768,0.008578601257080782,0.03009250896707316
g1200,Gap_12_9mps,forested,50,1000,100,50155,2.1534455128205128,0.020054435883899137,0.008963588086216697,0.030357458004207905
g1200,Gap_12_9mps,forested,50,1000,100,50155,2.253605769230769,0.019970778143813706,0.006907709990069604,0.030523077196353988
g1200,Gap_12_9mps,forested,50,1000,100,50155,2.3537660256410255,0.019996993499441607,0.006582253158442824,0.029437541671107473
g1200,Gap_12_9mps,forested,50,1000,100,50155,2.453926282051282,0.02006825223138087,0.007717700612277468,0.029879739172631283
g1200,Gap_12_9mps,forested,50,1000,100,50155,2.5540865384615383,0.0202624858157471,0.008010153113509132,0.031469959800379345
g1200,Gap_12_9mps,forested,50,1000,100,50155,2.6542467948717947,0.02016793733479116,0.007985256348783686,0.031331997049415854
g1200,Gap_12_9mps,forested,50,1000,100,50155,2.754407051282051,0.019970021803169345,0.007962114752637863,0.03134024143180631
g1200,Gap_12_9mps,forested,50,1000,100,50155,2.8545673076923075,0.019557410472960928,0.009241566970306994,0.029038340171503536
g1200,Gap_12_9mps,forested,50,1000,100,50155,2.9547275641025643,0.019097180887380157,0.007972065323591664,0.026262039204760723
g1200,Gap_12_9mps,forested,50,1000,100,50155,3.0548878205128207,0.01852542382186639,0.007953780753906244,0.02386883172374371
g1200,Gap_12_9mps,forested,50,1000,100,50155,3.155048076923077,0.017937048501361647,0.007822832854882266,0.023676682042370216
g1200,Gap_12_9mps,forested,50,1000,100,50155,3.2552083333333335,0.017467378526546288,0.007839925981434188,0.02329293694464517
g1200,Gap_12_9mps,forested,50,1000,100,50155,3.35536858974359,0.017002948386633507,0.0079681926557701,0.023535029237278918
g1200,Gap_12_9mps,forested,50,1000,100,50155,3.4555288461538463,0.016445640198381194,0.008092225561024017,0.023756970200960015
g1200,Gap_12_9mps,forested,50,1000,100,50155,3.5556891025641026,0.015805119264444153,0.007457995608338771,0.021760182961623013
g1200,Gap_12_9mps,forested,50,1000,100,50155,3.655849358974359,0.015315118242309854,0.006972039664106243,0.021299588763575197
g1200,Gap_12_9mps,forested,50,1000,100,50155,3.7560096153846154,0.014906271831528407,0.006642978817210982,0.021443493945444824
g1200,Gap_12_9mps,forested,50,1000,100,50155,3.856169871794872,0.014442846913190588,0.006611189993270114,0.02138718514907631
g1200,Gap_12_9mps,forested,50,1000,100,50155,3.956330128205128,0.014024540840147107,0.005752793646423162,0.020365040139390694
g1200,Gap_12_9mps,forested,50,1000,100,50155,4.056490384615385,0.013652014815471958,0.004263738847309275,0.02016403510248122
g1200,Gap_12_9mps,forested,50,1000,100,50155,4.156650641025641,0.013302461718928248,0.0040722172052904525,0.02054073865089487
g1200,Gap_12_9mps,forested,50,1000,100,50155,4.256810897435898,0.013048830179524358,0.004797658341733642,0.02037760409364072
g1200,Gap_12_9mps,forested,50,1000,100,50155,4.356971153846154,0.012918678203684239,0.004472484624911717,0.01986396865127496
g1200,Gap_12_9mps,forested,50,1000,100,50155,4.457131410256411,0.012741033218856366,0.005308587431902089,0.018342672229709013
g1200,Gap_12_9mps,forested,50,1000,100,50155,4.557291666666667,0.012590392603475746,0.005062838384035695,0.018177410127318973
g1200,Gap_12_9mps,forested,50,1000,100,50155,4.657451923076923,0.012432606562120911,0.0050101781069468495,0.01801864600010913
g1200,Gap_12_9mps,forested,50,1000,100,50155,4.75761217948718,0.012237389966860445,0.0055414861379868684,0.016902712582614214
g1200,Gap_12_9mps,forested,50,1000,100,50155,4.857772435897436,0.011986485238066814,0.005288914216709851,0.015526965484885868
g1200,Gap_12_9mps,forested,50,1000,100,50155,4.9579326923076925,0.011731721410635188,0.004844490966085895,0.015229128286340494
g1200,Gap_12_9mps,forested,50,1000,100,50155,5.058092948717949,0.011463129727277303,0.004451974142973835,0.01551254053260908
g1200,Gap_12_9mps,forested,50,1000,100,50155,5.158253205128205,0.01121558308431797,0.0038351497163102034,0.016120318572440905
g1200,Gap_12_9mps,forested,50,1000,100,50155,5.258413461538462,0.011065322031043025,0.003671674921045686,0.015324988306812608
g1200,Gap_12_9mps,forested,50,1000,100,50155,5.358573717948718,0.010980191855032911,0.004609591256444404,0.015751413544652534
g1200,Gap_12_9mps,forested,50,1000,100,50155,5.4587339743589745,0.01093534457045692,0.004686789680391303,0.01519781394817431
g1200,Gap_12_9mps,forested,50,1000,100,50155,5.558894230769231,0.010862974086408456,0.00474102866913248,0.014697788979854463
g1200,Gap_12_9mps,forested,50,1000,100,50155,5.659054487179487,0.0107273674444511,0.004232732936824621,0.013773402685056555
g1200,Gap_12_9mps,forested,50,1000,100,50155,5.759214743589744,0.010609478846775345,0.003916568055497128,0.013629498328818448
g1200,Gap_12_9mps,forested,50,1000,100,50155,5.859375,0.010511144205842196,0.004089536958831689,0.013056107302269616
g1200,Gap_12_9mps,forested,50,1000,100,50155,5.959535256410256,0.010433396319927634,0.004249126205955175,0.013255725101973693
g1200,Gap_12_9mps,forested,50,1000,100,50155,6.059695512820513,0.010418568309144201,0.004484486140360821,0.01356143172574802
g1200,Gap_12_9mps,forested,50,1000,100,50155,6.159855769230769,0.010482232041174884,0.004248825971229508,0.01425511611257728
g1200,Gap_12_9mps,forested,50,1000,100,50155,6.2600160256410255,0.01063412796515533,0.0035235265621879094,0.015135345553824436
g1200,Gap_12_9mps,forested,50,1000,100,50155,6.360176282051282,0.010746843656081487,0.0037625907057469133,0.01524818911910964
g1200,Gap_12_9mps,forested,50,1000,100,50155,6.460336538461538,0.010851338845863468,0.004074708415467555,0.015620179408619735
g1200,Gap_12_9mps,forested,50,1000,100,50155,6.560496794871795,0.010972945344841625,0.004152906299840101,0.015611653284765114
g1200,Gap_12_9mps,forested,50,1000,100,50155,6.660657051282051,0.011095328999518553,0.0042660015899677155,0.015238459647694904
g1200,Gap_12_9mps,forested,50,1000,100,50155,6.7608173076923075,0.011154371330367069,0.004727531987968544,0.015181818564581418
g1200,Gap_12_9mps,forested,50,1000,100,50155,6.860977564102564,0.01118890469922723,0.0045051258510304636,0.015476134643337528
g1200,Gap_12_9mps,forested,50,1000,100,50155,6.96113782051282,0.01127690429330139,0.004083047246040965,0.015609102575519784
g1200,Gap_12_9mps,forested,50,1000,100,50155,7.061298076923077,0.011379343489198855,0.004199887437175159,0.01611623594127727
g1200,Gap_12_9mps,forested,50,1000,100,50155,7.161458333333333,0.011457212558812492,0.0036525969741202204,0.01578861857416025
g1200,Gap_12_9mps,forested,50,1000,100,50155,7.261618589743589,0.011547468126746431,0.0035737664504224605,0.01633082295638419
g1200,Gap_12_9mps,forested,50,1000,100,50155,7.361778846153846,0.011614967188823338,0.004666242701218109,0.016107535606829863
g1200,Gap_12_9mps,forested,50,1000,100,50155,7.461939102564102,0.011649235894600237,0.004692576459427756,0.016641061651703346
g1200,Gap_12_9mps,forested,50,1000,100,50155,7.562099358974359,0.011647028867455245,0.0047960257459503,0.01670466005899046
g1200,Gap_12_9mps,forested,50,1000,100,50155,7.662259615384615,0.011638273066302565,0.004479604546451359,0.01671850782590441
g1200,Gap_12_9mps,forested,50,1000,100,50155,7.762419871794871,0.01166149416167994,0.00476677012795984,0.01646983432259412
g1200,Gap_12_9mps,forested,50,1000,100,50155,7.862580128205129,0.011645966159807189,0.004948016615569335,0.016172350754489195
g1200,Gap_12_9mps,forested,50,1000,100,50155,7.962740384615385,0.011624990628255007,0.004755059352989583,0.015928289075037655
g1200,Gap_12_9mps,forested,50,1000,100,50155,8.06290064102564,0.011592864554068182,0.004559509138480396,0.01602300902921739
g1200,Gap_12_9mps,forested,50,1000,100,50155,8.163060897435898,0.011588631380726253,0.004743553231656669,0.01665589426026264
g1200,Gap_12_9mps,forested,50,1000,100,50155,8.263221153846153,0.011599443759709512,0.004924540645419803,0.017410495740214756
g1200,Gap_12_9mps,forested,50,1000,100,50155,8.36338141025641,0.011599061484821111,0.005069656246841352,0.01724165281521007
g1200,Gap_12_9mps,forested,50,1000,100,50155,8.463541666666666,0.011510692959302644,0.005004114994477967,0.01676089461338794
g1200,Gap_12_9mps,forested,50,1000,100,50155,8.563701923076923,0.01140027311072338,0.00480878209132375,0.016120944934339437
g1200,Gap_12_9mps,forested,50,1000,100,50155,8.663862179487179,0.011340083944416319,0.004731796829949068,0.015733697941573678
g1200,Gap_12_9mps,forested,50,1000,100,50155,8.764022435897436,0.011326362540598484,0.004132328975391594,0.015556648560089655
g1200,Gap_12_9mps,forested,50,1000,100,50155,8.864182692307692,0.011249861373671703,0.003554915910508721,0.01594007743462355
g1200,Gap_12_9mps,forested,50,1000,100,50155,8.964342948717949,0.011218372708901834,0.0036271010860805452,0.015967372512608737
g1200,Gap_12_9mps,forested,50,1000,100,50155,9.064503205128204,0.011255795286123282,0.003293028869778082,0.016150143804859726
g1200,Gap_12_9mps,forested,50,1000,100,50155,9.164663461538462,0.011320596743471134,0.0033429002760892654,0.016585963267527336
g1200,Gap_12_9mps,forested,50,1000,100,50155,9.264823717948717,0.01137099463826827,0.003190285859615197,0.017140194182889125
g1200,Gap_12_9mps,forested,50,1000,100,50155,9.364983974358974,0.011419454201488313,0.0035672007436417076,0.01700200033383048
g1200,Gap_12_9mps,forested,50,1000,100,50155,9.46514423076923,0.011494636791471462,0.0038709426225209008,0.017158366133960965
g1200,Gap_12_9mps,forested,50,1000,100,50155,9.565304487179487,0.011584943449044679,0.004211939332138936,0.01675764433416812
g1200,Gap_12_9mps,forested,50,1000,100,50155,9.665464743589743,0.011642348273270802,0.0040369422122385,0.01758765647826659
g1200,Gap_12_9mps,forested,50,1000,100,50155,9.765625,0.011662635651616593,0.0042029837193187924,0.01833210437887117
g1200,Gap_12_9mps,forested,50,1000,100,50155,9.865785256410257,0.011674187313237267,0.004157304326557471,0.018569802570701274
g1200,Gap_12_9mps,forested,50,1000,100,50155,9.965945512820513,0.011675031101638377,0.003985777864717892,0.018639911636732193
g1200,Gap_12_9mps,forested,100,1000,100,50155,0.05008012820512821,0.13430971806830633,0.05656104882165077,0.2032984074576856
g1200,Gap_12_9mps,forested,100,1000,100,50155,0.1502403846153846,0.10912318168672142,0.0477301040096543,0.15461093205790058
g1200,Gap_12_9mps,forested,100,1000,100,50155,0.250400641025641,0.19143930053700853,0.08452954058030557,0.24180746919141194
g1200,Gap_12_9mps,forested,100,1000,100,50155,0.3505608974358974,0.11163913255992791,0.037651393318335766,0.15138708690491798
g1200,Gap_12_9mps,forested,100,1000,100,50155,0.45072115384615385,0.041213282219650774,0.015845423856850116,0.0604626880438448
g1200,Gap_12_9mps,forested,100,1000,100,50155,0.5508814102564102,0.021264794183668046,0.006918682430281766,0.031041338040997676
g1200,Gap_12_9mps,forested,100,1000,100,50155,0.6510416666666666,0.014913053226602255,0.0052271975028519175,0.020662547745146913
g1200,Gap_12_9mps,forested,100,1000,100,50155,0.7512019230769231,0.012760233379948319,0.004619330527730384,0.01842372483677855
g1200,Gap_12_9mps,forested,100,1000,100,50155,0.8513621794871795,0.011647681836319639,0.005050566492026058,0.016545068786670877
g1200,Gap_12_9mps,forested,100,1000,100,50155,0.9515224358974359,0.010706782778746277,0.004718554047354134,0.013980785619073581
g1200,Gap_12_9mps,forested,100,1000,100,50155,1.0516826923076923,0.010495402195625352,0.004637905236627609,0.015246345144633524
g1200,Gap_12_9mps,forested,100,1000,100,50155,1.1518429487179487,0.011112375391016435,0.004153197676601673,0.015259150298310886
g1200,Gap_12_9mps,forested,100,1000,100,50155,1.252003205128205,0.01172512731954583,0.004635437513818241,0.01704561857860104
g1200,Gap_12_9mps,forested,100,1000,100,50155,1.3521634615384615,0.012375684369683346,0.005360590075942251,0.018370436592937047
g1200,Gap_12_9mps,forested,100,1000,100,50155,1.4523237179487178,0.012823608080092997,0.005511703003054599,0.01774194137293793
g1200,Gap_12_9mps,forested,100,1000,100,50155,1.5524839743589745,0.01297239222067152,0.005220285704135142,0.018162174849749902
g1200,Gap_12_9mps,forested,100,1000,100,50155,1.6526442307692308,0.01279568668242262,0.005013715467321168,0.01884452627011423
g1200,Gap_12_9mps,forested,100,1000,100,50155,1.7528044871794872,0.012432143547519208,0.0036057252904166245,0.019310004200546613
g1200,Gap_12_9mps,forested,100,1000,100,50155,1.8529647435897436,0.012288455050666645,0.003947307852311808,0.0195858497611943
g1200,Gap_12_9mps,forested,100,1000,100,50155,1.953125,0.012351329903114,0.004032907763520426,0.0193993436268093
g1200,Gap_12_9mps,forested,100,1000,100,50155,2.0532852564102564,0.012728659968010756,0.005373945299459583,0.018339948175355385
g1200,Gap_12_9mps,forested,100,1000,100,50155,2.1534455128205128,0.013042211948434574,0.006736420742385289,0.017011925185804775
g1200,Gap_12_9mps,forested,100,1000,100,50155,2.253605769230769,0.013146043250007313,0.005929765173863296,0.01732740377805676
g1200,Gap_12_9mps,forested,100,1000,100,50155,2.3537660256410255,0.013118369777572931,0.006015609520931731,0.01729643522692073
g1200,Gap_12_9mps,forested,100,1000,100,50155,2.453926282051282,0.012994049594318633,0.005880885697792413,0.018655687589526137
g1200,Gap_12_9mps,forested,100,1000,100,50155,2.5540865384615383,0.012778391609984145,0.00545543456486147,0.018649487388222443
g1200,Gap_12_9mps,forested,100,1000,100,50155,2.6542467948717947,0.012411911266939482,0.005085045700709727,0.019024762561738923
g1200,Gap_12_9mps,forested,100,1000,100,50155,2.754407051282051,0.012021077495600895,0.004208501606234387,0.018315082115410608
g1200,Gap_12_9mps,forested,100,1000,100,50155,2.8545673076923075,0.011712798372495956,0.003846114911476665,0.01781880182000528
g1200,Gap_12_9mps,forested,100,1000,100,50155,2.9547275641025643,0.011365484456054144,0.004211020426810283,0.015758607158842485
g1200,Gap_12_9mps,forested,100,1000,100,50155,3.0548878205128207,0.01097654044884918,0.004028897294333986,0.015175668687031147
g1200,Gap_12_9mps,forested,100,1000,100,50155,3.155048076923077,0.010640670422937912,0.00370793752320885,0.01492204735820216
g1200,Gap_12_9mps,forested,100,1000,100,50155,3.2552083333333335,0.010407018543456532,0.0036684165910823457,0.013766986294488075
g1200,Gap_12_9mps,forested,100,1000,100,50155,3.35536858974359,0.010319485222482137,0.004981620838281369,0.01398963160946317
g1200,Gap_12_9mps,forested,100,1000,100,50155,3.4555288461538463,0.010263884532387524,0.005258005073269909,0.01471364865000576
g1200,Gap_12_9mps,forested,100,1000,100,50155,3.5556891025641026,0.010219213822116168,0.004130233505463176,0.01459843254683533
g1200,Gap_12_9mps,forested,100,1000,100,50155,3.655849358974359,0.010104371177780428,0.0039027310858740813,0.014512765110966271
g1200,Gap_12_9mps,forested,100,1000,100,50155,3.7560096153846154,0.009965364562394184,0.0032183154552008738,0.015184116815158523
g1200,Gap_12_9mps,forested,100,1000,100,50155,3.856169871794872,0.009826794239397578,0.003701616094643429,0.015151542658318258
g1200,Gap_12_9mps,forested,100,1000,100,50155,3.956330128205128,0.009682422889090402,0.003644084719217371,0.014973748596239216
g1200,Gap_12_9mps,forested,100,1000,100,50155,4.056490384615385,0.009469195122343857,0.0038009480082184526,0.014633182861559109
g1200,Gap_12_9mps,forested,100,1000,100,50155,4.156650641025641,0.009289843563609878,0.0035431860945591724,0.01391634141722234
g1200,Gap_12_9mps,forested,100,1000,100,50155,4.256810897435898,0.009051599532256288,0.004109669051756384,0.01342173440720718
g1200,Gap_12_9mps,forested,100,1000,100,50155,4.356971153846154,0.008779194637717098,0.0034081963484994173,0.012825569222093703
g1200,Gap_12_9mps,forested,100,1000,100,50155,4.457131410256411,0.008541301135164669,0.0030406754481699725,0.011468318360554635
g1200,Gap_12_9mps,forested,100,1000,100,50155,4.557291666666667,0.008457230455729712,0.0030470673418368996,0.010937931724160207
g1200,Gap_12_9mps,forested,100,1000,100,50155,4.657451923076923,0.008274263582887584,0.00287953538759068,0.011227579886736526
g1200,Gap_12_9mps,forested,100,1000,100,50155,4.75761217948718,0.008070748950339147,0.0023957349458615168,0.011623691940802303
g1200,Gap_12_9mps,forested,100,1000,100,50155,4.857772435897436,0.008015431790711765,0.0022858897250829678,0.011195946064421808
g1200,Gap_12_9mps,forested,100,1000,100,50155,4.9579326923076925,0.008036978730349077,0.002654003085502792,0.011678312295535525
g1200,Gap_12_9mps,forested,100,1000,100,50155,5.058092948717949,0.0080894710905507,0.0031913884129776615,0.011425422008905832
g1200,Gap_12_9mps,forested,100,1000,100,50155,5.158253205128205,0.008239446349704676,0.0032858919671301954,0.011675288637732689
g1200,Gap_12_9mps,forested,100,1000,100,50155,5.258413461538462,0.008436521360345062,0.0031446076381038343,0.012270441978808201
g1200,Gap_12_9mps,forested,100,1000,100,50155,5.358573717948718,0.008632236755862674,0.0037583261986985643,0.012595210947385709
g1200,Gap_12_9mps,forested,100,1000,100,50155,5.4587339743589745,0.008823665241772813,0.003937625875949604,0.012962979411583832
g1200,Gap_12_9mps,forested,100,1000,100,50155,5.558894230769231,0.008974281434830604,0.004085402066801486,0.013704015922463977
g1200,Gap_12_9mps,forested,100,1000,100,50155,5.659054487179487,0.009045607278702553,0.0036295958053635365,0.0138017506883647
g1200,Gap_12_9mps,forested,100,1000,100,50155,5.759214743589744,0.0090606542814642,0.0032770320042520124,0.013462792456070861
g1200,Gap_12_9mps,forested,100,1000,100,50155,5.859375,0.009024788308756608,0.0033690172639478967,0.013576898589938489
g1200,Gap_12_9mps,forested,100,1000,100,50155,5.959535256410256,0.009089158390322623,0.003334909059580216,0.013463436051182439
g1200,Gap_12_9mps,forested,100,1000,100,50155,6.059695512820513,0.009172263514928825,0.003716750406859519,0.013393876597128655
g1200,Gap_12_9mps,forested,100,1000,100,50155,6.159855769230769,0.009256680541770841,0.0032687941522173535,0.01317605279550172
g1200,Gap_12_9mps,forested,100,1000,100,50155,6.2600160256410255,0.009340249763074881,0.003533913111712896,0.013743117861988261
g1200,Gap_12_9mps,forested,100,1000,100,50155,6.360176282051282,0.00939607559028796,0.003685640096597279,0.014221820535347235
g1200,Gap_12_9mps,forested,100,1000,100,50155,6.460336538461538,0.009415799404941071,0.003694871422968834,0.014209839351701732
g1200,Gap_12_9mps,forested,100,1000,100,50155,6.560496794871795,0.009464309677874932,0.0037320897146291814,0.01402036786629104
g1200,Gap_12_9mps,forested,100,1000,100,50155,6.660657051282051,0.009535773280674337,0.0037761845394450643,0.014177863771781927
g1200,Gap_12_9mps,forested,100,1000,100,50155,6.7608173076923075,0.009569250909905975,0.0037067871287556967,0.014018082582227795
g1200,Gap_12_9mps,forested,100,1000,100,50155,6.860977564102564,0.009537906946982396,0.0037596836327064304,0.013725532061097587
g1200,Gap_12_9mps,forested,100,1000,100,50155,6.96113782051282,0.009472398438016127,0.0036709388220163962,0.0135406832577089
g1200,Gap_12_9mps,forested,100,1000,100,50155,7.061298076923077,0.009389150492576577,0.0031441855452640334,0.013890114334732782
g1200,Gap_12_9mps,forested,100,1000,100,50155,7.161458333333333,0.009342823765416109,0.0032300788245919173,0.01399276714322683
g1200,Gap_12_9mps,forested,100,1000,100,50155,7.261618589743589,0.009338816609175788,0.0028434554517325814,0.014044090734212141
g1200,Gap_12_9mps,forested,100,1000,100,50155,7.361778846153846,0.009400313767625311,0.002841268393828471,0.014385247571581038
g1200,Gap_12_9mps,forested,100,1000,100,50155,7.461939102564102,0.009455870566820483,0.0031964022449636983,0.014032112899186624
g1200,Gap_12_9mps,forested,100,1000,100,50155,7.562099358974359,0.009476034963311975,0.0035523622864542257,0.01409850653121814
g1200,Gap_12_9mps,forested,100,1000,100,50155,7.662259615384615,0.009465277769327889,0.0033523433953342586,0.014276085249622759
g1200,Gap_12_9mps,forested,100,1000,100,50155,7.762419871794871,0.009458505689027863,0.0032726429207006894,0.01490615752554178
g1200,Gap_12_9mps,forested,100,1000,100,50155,7.862580128205129,0.009411824239799133,0.0035177559265157704,0.014552239323716742
g1200,Gap_12_9mps,forested,100,1000,100,50155,7.962740384615385,0.009335709459520872,0.003521814808185061,0.01492735087197885
g1200,Gap_12_9mps,forested,100,1000,100,50155,8.06290064102564,0.009263756572176266,0.0030981555050828206,0.014400880661930616
g1200,Gap_12_9mps,forested,100,1000,100,50155,8.163060897435898,0.009169232948392272,0.0030668906541708113,0.014086403379576637
g1200,Gap_12_9mps,forested,100,1000,100,50155,8.263221153846153,0.009054341752456669,0.003196297219361386,0.013706907883516898
g1200,Gap_12_9mps,forested,100,1000,100,50155,8.36338141025641,0.008896603264337987,0.003163421952086215,0.013161655776245396
g1200,Gap_12_9mps,forested,100,1000,100,50155,8.463541666666666,0.00876493299273134,0.0032963321958695744,0.012561933721805247
g1200,Gap_12_9mps,forested,100,1000,100,50155,8.563701923076923,0.008704853985668403,0.003231498819313554,0.012188740904318736
g1200,Gap_12_9mps,forested,100,1000,100,50155,8.663862179487179,0.008717307869079807,0.003256744698564271,0.011848302060095205
g1200,Gap_12_9mps,forested,100,1000,100,50155,8.764022435897436,0.008816478786328264,0.0033922868271551374,0.011920424507081258
g1200,Gap_12_9mps,forested,100,1000,100,50155,8.864182692307692,0.008902480593887648,0.003703644223828949,0.01154561432476836
g1200,Gap_12_9mps,forested,100,1000,100,50155,8.964342948717949,0.008933419316756994,0.003928016429624333,0.011366231886831373
g1200,Gap_12_9mps,forested,100,1000,100,50155,9.064503205128204,0.008900949305586589,0.004239856324643453,0.011375912741778986
g1200,Gap_12_9mps,forested,100,1000,100,50155,9.164663461538462,0.008846551763420016,0.004265000689572316,0.011426345959068834
g1200,Gap_12_9mps,forested,100,1000,100,50155,9.264823717948717,0.008760633905963733,0.004037426174533143,0.011853378311757878
g1200,Gap_12_9mps,forested,100,1000,100,50155,9.364983974358974,0.008620611475580112,0.0036642955067730998,0.011632386666455895
g1200,Gap_12_9mps,forested,100,1000,100,50155,9.46514423076923,0.008488724344728837,0.0034697559973301153,0.011408022421510199
g1200,Gap_12_9mps,forested,100,1000,100,50155,9.565304487179487,0.008392528756538292,0.003180814107769871,0.011034735557704456
g1200,Gap_12_9mps,forested,100,1000,100,50155,9.665464743589743,0.008313511906433407,0.002941211809527989,0.011084187517733431
g1200,Gap_12_9mps,forested,100,1000,100,50155,9.765625,0.008264609711504384,0.002994779213870591,0.011221539185548659
g1200,Gap_12_9mps,forested,100,1000,100,50155,9.865785256410257,0.00821330589008396,0.003097007028327967,0.011342509800504148
g1200,Gap_12_9mps,forested,100,1000,100,50155,9.965945512820513,0.008169804310599358,0.003131427159856087,0.011120088795377516
g1200,Gap_12_9mps,forested,500,1000,100,50155,0.05008012820512821,0.05368962058026105,0.017459174898891722,0.08181122532062333
g1200,Gap_12_9mps,forested,500,1000,100,50155,0.1502403846153846,0.052061110764563615,0.024554568420475313,0.0739648265945931
g1200,Gap_12_9mps,forested,500,1000,100,50155,0.250400641025641,0.10164727211354158,0.04802809544735819,0.141429474388558
g1200,Gap_12_9mps,forested,500,1000,100,50155,0.3505608974358974,0.06914634679185128,0.033373753732704015,0.09536373696103848
g1200,Gap_12_9mps,forested,500,1000,100,50155,0.45072115384615385,0.0243623327203322,0.010968238340326494,0.033449830650662156
g1200,Gap_12_9mps,forested,500,1000,100,50155,0.5508814102564102,0.010204528878944042,0.003528819481142669,0.01487008375225888
g1200,Gap_12_9mps,forested,500,1000,100,50155,0.6510416666666666,0.00723254945053545,0.003421460043081046,0.009763965408761633
g1200,Gap_12_9mps,forested,500,1000,100,50155,0.7512019230769231,0.006510433327209706,0.0028699407118570643,0.009174925098347794
g1200,Gap_12_9mps,forested,500,1000,100,50155,0.8513621794871795,0.006281757779519552,0.00296605171283531,0.009145101511199951
g1200,Gap_12_9mps,forested,500,1000,100,50155,0.9515224358974359,0.006112934587803081,0.002736850213096197,0.009001572052678779
g1200,Gap_12_9mps,forested,500,1000,100,50155,1.0516826923076923,0.006193799600492446,0.002724362288295568,0.008779003554235608
g1200,Gap_12_9mps,forested,500,1000,100,50155,1.1518429487179487,0.00618974066172441,0.0024283782014874362,0.008498262289441168
g1200,Gap_12_9mps,forested,500,1000,100,50155,1.252003205128205,0.006172022296928759,0.002208439919157778,0.0087991508264249
g1200,Gap_12_9mps,forested,500,1000,100,50155,1.3521634615384615,0.006308917184374021,0.002470330913371206,0.008494739487684247
g1200,Gap_12_9mps,forested,500,1000,100,50155,1.4523237179487178,0.006476650585856844,0.0027038194619655475,0.008156009128874112
g1200,Gap_12_9mps,forested,500,1000,100,50155,1.5524839743589745,0.006641607052668741,0.0026978587889388895,0.008379259432928585
g1200,Gap_12_9mps,forested,500,1000,100,50155,1.6526442307692308,0.0067022461005420975,0.0031559492914398617,0.00897645979321441
g1200,Gap_12_9mps,forested,500,1000,100,50155,1.7528044871794872,0.006669000606105122,0.002936319348879757,0.009812940391992105
g1200,Gap_12_9mps,forested,500,1000,100,50155,1.8529647435897436,0.006658364787204643,0.002864877506918313,0.009702149059613686
g1200,Gap_12_9mps,forested,500,1000,100,50155,1.953125,0.00675727309458122,0.003376134790694983,0.009738261196692598
g1200,Gap_12_9mps,forested,500,1000,100,50155,2.0532852564102564,0.006826742122300865,0.0031267583704849633,0.010150133528459764
g1200,Gap_12_9mps,forested,500,1000,100,50155,2.1534455128205128,0.006876921823814809,0.0026020315147560987,0.010617784504436624
g1200,Gap_12_9mps,forested,500,1000,100,50155,2.253605769230769,0.006918288072678217,0.0025481926731955006,0.010640375161295113
g1200,Gap_12_9mps,forested,500,1000,100,50155,2.3537660256410255,0.007035788905133003,0.002669323341596144,0.01072068885804121
g1200,Gap_12_9mps,forested,500,1000,100,50155,2.453926282051282,0.0071840534484796485,0.002895707152389701,0.01104353519935182
g1200,Gap_12_9mps,forested,500,1000,100,50155,2.5540865384615383,0.0072332950083308836,0.00314433639464675,0.010553655434795688
g1200,Gap_12_9mps,forested,500,1000,100,50155,2.6542467948717947,0.007196295507999042,0.0031061660063095,0.01001037830184389
g1200,Gap_12_9mps,forested,500,1000,100,50155,2.754407051282051,0.007088307980518588,0.003191957197000915,0.00992671246840001
g1200,Gap_12_9mps,forested,500,1000,100,50155,2.8545673076923075,0.007024697097215198,0.003156615654516043,0.009681924367870952
g1200,Gap_12_9mps,forested,500,1000,100,50155,2.9547275641025643,0.00692621263937061,0.003363063825500375,0.009808678696220631
g1200,Gap_12_9mps,forested,500,1000,100,50155,3.0548878205128207,0.006726758002303031,0.0032495885937037752,0.008973164572550306
g1200,Gap_12_9mps,forested,500,1000,100,50155,3.155048076923077,0.006505327073597467,0.0030334159947782604,0.009360575581962516
g1200,Gap_12_9mps,forested,500,1000,100,50155,3.2552083333333335,0.006280013413989919,0.0029184067528607764,0.009438230025109684
g1200,Gap_12_9mps,forested,500,1000,100,50155,3.35536858974359,0.0061302636264344915,0.002963020440336063,0.009155503421175867
g1200,Gap_12_9mps,forested,500,1000,100,50155,3.4555288461538463,0.00606003506125333,0.002729157099985202,0.008821482151750014
g1200,Gap_12_9mps,forested,500,1000,100,50155,3.5556891025641026,0.006040867240657578,0.002946464636815449,0.008725888270035922
g1200,Gap_12_9mps,forested,500,1000,100,50155,3.655849358974359,0.0060960072233580695,0.0030637585301486513,0.008708459122352356
g1200,Gap_12_9mps,forested,500,1000,100,50155,3.7560096153846154,0.0062025969107979695,0.0028804409365137157,0.008745813096121605
g1200,Gap_12_9mps,forested,500,1000,100,50155,3.856169871794872,0.006291619672571028,0.0028606277993573487,0.008841154936859403
g1200,Gap_12_9mps,forested,500,1000,100,50155,3.956330128205128,0.0062810585901516254,0.0029091722271079707,0.009012018927970884
g1200,Gap_12_9mps,forested,500,1000,100,50155,4.056490384615385,0.006218987237186613,0.0028098228461966826,0.009173863457985145
g1200,Gap_12_9mps,forested,500,1000,100,50155,4.156650641025641,0.006170212083436858,0.0029139686609129024,0.008611777246474633
g1200,Gap_12_9mps,forested,500,1000,100,50155,4.256810897435898,0.006125038301439686,0.0029714460622497028,0.008220691922243218
g1200,Gap_12_9mps,forested,500,1000,100,50155,4.356971153846154,0.00609348519190173,0.0033715071313018493,0.008452446341075323
g1200,Gap_12_9mps,forested,500,1000,100,50155,4.457131410256411,0.006106182288623721,0.003456802382867723,0.008475386849536701
g1200,Gap_12_9mps,forested,500,1000,100,50155,4.557291666666667,0.0061306946483414984,0.003573016061048583,0.00826136494631074
g1200,Gap_12_9mps,forested,500,1000,100,50155,4.657451923076923,0.006098431548944334,0.0032488992759617885,0.008091771701031248
g1200,Gap_12_9mps,forested,500,1000,100,50155,4.75761217948718,0.00600093105368444,0.003144124204803496,0.008035752476420105
g1200,Gap_12_9mps,forested,500,1000,100,50155,4.857772435897436,0.005920403152230627,0.0028222181640151795,0.007777094963884802
g1200,Gap_12_9mps,forested,500,1000,100,50155,4.9579326923076925,0.005822050068946685,0.0025936269395759673,0.007806709897011977
g1200,Gap_12_9mps,forested,500,1000,100,50155,5.058092948717949,0.0056198045917570695,0.0021065234360953464,0.007629755754838916
g1200,Gap_12_9mps,forested,500,1000,100,50155,5.158253205128205,0.0053633320014576736,0.00203260792554037,0.007527253352203022
g1200,Gap_12_9mps,forested,500,1000,100,50155,5.258413461538462,0.005122331307393828,0.0017872219239509768,0.007077673987527374
g1200,Gap_12_9mps,forested,500,1000,100,50155,5.358573717948718,0.004906886828900689,0.0015670974890720898,0.006852376575541892
g1200,Gap_12_9mps,forested,500,1000,100,50155,5.4587339743589745,0.004678530532732811,0.0015151810315513243,0.006622385213141211
g1200,Gap_12_9mps,forested,500,1000,100,50155,5.558894230769231,0.004439875427775922,0.0012398453887457704,0.006212938263397342
g1200,Gap_12_9mps,forested,500,1000,100,50155,5.659054487179487,0.004246596095793362,0.0012370116839806916,0.005798338588916744
g1200,Gap_12_9mps,forested,500,1000,100,50155,5.759214743589744,0.004118136039815773,0.0010883079500889686,0.0052591278458668025
g1200,Gap_12_9mps,forested,500,1000,100,50155,5.859375,0.004023365690369131,0.0012276356022111999,0.005376313919962996
g1200,Gap_12_9mps,forested,500,1000,100,50155,5.959535256410256,0.003939529235628806,0.0014023989900657184,0.005379074126377199
g1200,Gap_12_9mps,forested,500,1000,100,50155,6.059695512820513,0.003886970998328137,0.0012760230792605693,0.005356571765549239
g1200,Gap_12_9mps,forested,500,1000,100,50155,6.159855769230769,0.0038541109407785605,0.001242369077626053,0.005401591597180261
g1200,Gap_12_9mps,forested,500,1000,100,50155,6.2600160256410255,0.0038295828522847027,0.001170320374933106,0.005395471685415131
g1200,Gap_12_9mps,forested,500,1000,100,50155,6.360176282051282,0.003810071199043669,0.0011837632889936966,0.005186810881165448
g1200,Gap_12_9mps,forested,500,1000,100,50155,6.460336538461538,0.0037666208057112,0.0013071453064455985,0.005286135254390804
g1200,Gap_12_9mps,forested,500,1000,100,50155,6.560496794871795,0.0037148451718191588,0.001331126124019547,0.005085529707744724
g1200,Gap_12_9mps,forested,500,1000,100,50155,6.660657051282051,0.0036893001461648003,0.0014062461537293596,0.0055134940481318786
g1200,Gap_12_9mps,forested,500,1000,100,50155,6.7608173076923075,0.003735949810237849,0.0012287044719443624,0.005794689908247527
g1200,Gap_12_9mps,forested,500,1000,100,50155,6.860977564102564,0.003830213129339734,0.0016385401257313884,0.005623191877689058
g1200,Gap_12_9mps,forested,500,1000,100,50155,6.96113782051282,0.003942617276336155,0.0015908751797258057,0.005373306211684872
g1200,Gap_12_9mps,forested,500,1000,100,50155,7.061298076923077,0.0040233679033655325,0.0017654450142794828,0.005580624360767922
g1200,Gap_12_9mps,forested,500,1000,100,50155,7.161458333333333,0.00406429723433899,0.0017876184045497504,0.005813446452394166
g1200,Gap_12_9mps,forested,500,1000,100,50155,7.261618589743589,0.004080918895727137,0.0017351025097960071,0.005859766104872391
g1200,Gap_12_9mps,forested,500,1000,100,50155,7.361778846153846,0.004108707265894386,0.0018488652798778523,0.005978022510563339
g1200,Gap_12_9mps,forested,500,1000,100,50155,7.461939102564102,0.00413871375739774,0.0016990047121859335,0.0061772008785628465
g1200,Gap_12_9mps,forested,500,1000,100,50155,7.562099358974359,0.004142307080069775,0.001652615986670373,0.006182208531848052
g1200,Gap_12_9mps,forested,500,1000,100,50155,7.662259615384615,0.004135730978464499,0.0016344284534837458,0.006059088643480977
g1200,Gap_12_9mps,forested,500,1000,100,50155,7.762419871794871,0.00412599119249735,0.001746176792035637,0.006165908886733818
g1200,Gap_12_9mps,forested,500,1000,100,50155,7.862580128205129,0.004086124446614816,0.0016595929892461517,0.00621619900707792
g1200,Gap_12_9mps,forested,500,1000,100,50155,7.962740384615385,0.004012810064390654,0.0014811690347603995,0.006142506304126677
g1200,Gap_12_9mps,forested,500,1000,100,50155,8.06290064102564,0.003933359253827624,0.0014886166594528934,0.005932015021554096
g1200,Gap_12_9mps,forested,500,1000,100,50155,8.163060897435898,0.0038706207434025443,0.0016094740836866046,0.005757829660862414
g1200,Gap_12_9mps,forested,500,1000,100,50155,8.263221153846153,0.0038308184044597974,0.0015459442631951274,0.005412943104000692
g1200,Gap_12_9mps,forested,500,1000,100,50155,8.36338141025641,0.003831788485734733,0.0016781605206700682,0.005284193388629989
g1200,Gap_12_9mps,forested,500,1000,100,50155,8.463541666666666,0.00385991507945679,0.001867738572142126,0.0053374524560223955
g1200,Gap_12_9mps,forested,500,1000,100,50155,8.563701923076923,0.0039047735108709166,0.0018782819653080775,0.005575763057444006
g1200,Gap_12_9mps,forested,500,1000,100,50155,8.663862179487179,0.003964026477079906,0.0017681887453506353,0.0057593198249333765
g1200,Gap_12_9mps,forested,500,1000,100,50155,8.764022435897436,0.004053770844239247,0.0019000200688681728,0.005614758293244415
g1200,Gap_12_9mps,forested,500,1000,100,50155,8.864182692307692,0.00413795683981319,0.0018121187685648848,0.005772346475052967
g1200,Gap_12_9mps,forested,500,1000,100,50155,8.964342948717949,0.004196964230006521,0.0018241531924339032,0.006183955926432055
g1200,Gap_12_9mps,forested,500,1000,100,50155,9.064503205128204,0.004241322032226721,0.0019585029736390704,0.006296379432101984
g1200,Gap_12_9mps,forested,500,1000,100,50155,9.164663461538462,0.004249691390668877,0.0019179502643319334,0.006589121718119871
g1200,Gap_12_9mps,forested,500,1000,100,50155,9.264823717948717,0.004198802938716118,0.001938274446788911,0.0064456871229190485
g1200,Gap_12_9mps,forested,500,1000,100,50155,9.364983974358974,0.0041060393601742955,0.0019027565472925828,0.006418168999878138
g1200,Gap_12_9mps,forested,500,1000,100,50155,9.46514423076923,0.004012317507144705,0.0017129472925940944,0.006063715328994763
g1200,Gap_12_9mps,forested,500,1000,100,50155,9.565304487179487,0.003935761865974139,0.0016924328344219827,0.005692444980869806
g1200,Gap_12_9mps,forested,500,1000,100,50155,9.665464743589743,0.0038826330570569606,0.0017077406761909237,0.005589065839660462
g1200,Gap_12_9mps,forested,500,1000,100,50155,9.765625,0.003845014878721169,0.001622833511320073,0.005475389148202046
g1200,Gap_12_9mps,forested,500,1000,100,50155,9.865785256410257,0.0038136396609388984,0.001582616649777309,0.005459932290715435
g1200,Gap_12_9mps,forested,500,1000,100,50155,9.965945512820513,0.0037684721353674643,0.0012658132154027564,0.005372397820903241
g1200,Gap_12_9mps,open_gap,1,1000,100,15381,0.05008012820512821,0.1445909374413798,0.03605237333739266,0.16504499755785051
g1200,Gap_12_9mps,open_gap,1,1000,100,15381,0.1502403846153846,0.22348124494730245,0.06347400653749777,0.2707278019847975
g1200,Gap_12_9mps,open_gap,1,1000,100,15381,0.250400641025641,0.3055018883742475,0.12762379400384627,0.3302217504855496
g1200,Gap_12_9mps,open_gap,1,1000,100,15381,0.3505608974358974,0.34053982969212443,0.1559646299548257,0.3856883164366794
g1200,Gap_12_9mps,open_gap,1,1000,100,15381,0.45072115384615385,0.35519810358207615,0.16965141225588531,0.4594346022921792
g1200,Gap_12_9mps,open_gap,1,1000,100,15381,0.5508814102564102,0.3500092840728455,0.1544315678920211,0.4573445473438389
g1200,Gap_12_9mps,open_gap,1,1000,100,15381,0.6510416666666666,0.3344954379672659,0.13630535755492879,0.463805166935547
g1200,Gap_12_9mps,open_gap,1,1000,100,15381,0.7512019230769231,0.32436593691524257,0.1427563198263757,0.45360208065176943
g1200,Gap_12_9mps,open_gap,1,1000,100,15381,0.8513621794871795,0.3043617068986915,0.1386875011395876,0.4653469155457442
g1200,Gap_12_9mps,open_gap,1,1000,100,15381,0.9515224358974359,0.27805136650084966,0.12673360779207446,0.4150542585934585
g1200,Gap_12_9mps,open_gap,1,1000,100,15381,1.0516826923076923,0.2509793905970838,0.118245060972317,0.3651376066804075
g1200,Gap_12_9mps,open_gap,1,1000,100,15381,1.1518429487179487,0.2262280853685781,0.11916550001617678,0.3365193815147331
g1200,Gap_12_9mps,open_gap,1,1000,100,15381,1.252003205128205,0.20300705625582205,0.11222449742640572,0.2999283331094162
g1200,Gap_12_9mps,open_gap,1,1000,100,15381,1.3521634615384615,0.18050555315372777,0.1039009622599193,0.2670255549254464
g1200,Gap_12_9mps,open_gap,1,1000,100,15381,1.4523237179487178,0.15952009998684777,0.08690623805183596,0.2342422692698874
g1200,Gap_12_9mps,open_gap,1,1000,100,15381,1.5524839743589745,0.13990190372660646,0.06317987346546189,0.20119245097727317
g1200,Gap_12_9mps,open_gap,1,1000,100,15381,1.6526442307692308,0.12282361246073706,0.056781298912901096,0.1769224922062963
g1200,Gap_12_9mps,open_gap,1,1000,100,15381,1.7528044871794872,0.1090853903600315,0.0507809436772088,0.16020001796515387
g1200,Gap_12_9mps,open_gap,1,1000,100,15381,1.8529647435897436,0.09718906395984636,0.03841834670564978,0.14619781640079169
g1200,Gap_12_9mps,open_gap,1,1000,100,15381,1.953125,0.0871596242197011,0.030859492172762484,0.1390300201999833
g1200,Gap_12_9mps,open_gap,1,1000,100,15381,2.0532852564102564,0.07992090120103094,0.027973745755083247,0.12320377388020744
g1200,Gap_12_9mps,open_gap,1,1000,100,15381,2.1534455128205128,0.07471705348856425,0.02874049810507892,0.10981135072165515
g1200,Gap_12_9mps,open_gap,1,1000,100,15381,2.253605769230769,0.06987551740277588,0.027564518679635452,0.09516067211673183
g1200,Gap_12_9mps,open_gap,1,1000,100,15381,2.3537660256410255,0.06531943980100123,0.025663736337300378,0.09667903008483039
g1200,Gap_12_9mps,open_gap,1,1000,100,15381,2.453926282051282,0.06303035663440924,0.025693171703735574,0.08598800506313434
g1200,Gap_12_9mps,open_gap,1,1000,100,15381,2.5540865384615383,0.06270582532145395,0.025820849382108227,0.08618371777541792
g1200,Gap_12_9mps,open_gap,1,1000,100,15381,2.6542467948717947,0.06315344272522387,0.023168727278547522,0.09441091457652422
g1200,Gap_12_9mps,open_gap,1,1000,100,15381,2.754407051282051,0.06502310379007027,0.025167209040392293,0.1004022162816346
g1200,Gap_12_9mps,open_gap,1,1000,100,15381,2.8545673076923075,0.06775015713606931,0.02432948248443515,0.10680554881270904
g1200,Gap_12_9mps,open_gap,1,1000,100,15381,2.9547275641025643,0.07214310200806999,0.028567009623902427,0.10878576114185884
g1200,Gap_12_9mps,open_gap,1,1000,100,15381,3.0548878205128207,0.07605225067659058,0.03462853407284375,0.11437243555513588
g1200,Gap_12_9mps,open_gap,1,1000,100,15381,3.155048076923077,0.07893327469154263,0.03751601757783599,0.11727087653358817
g1200,Gap_12_9mps,open_gap,1,1000,100,15381,3.2552083333333335,0.08099060143084906,0.035091503752979154,0.11855263512348801
g1200,Gap_12_9mps,open_gap,1,1000,100,15381,3.35536858974359,0.08279715026072614,0.028676456996024526,0.12188773632657085
g1200,Gap_12_9mps,open_gap,1,1000,100,15381,3.4555288461538463,0.08505073624906977,0.029576151017175673,0.12879554087309608
g1200,Gap_12_9mps,open_gap,1,1000,100,15381,3.5556891025641026,0.08764203839672538,0.03333661799418531,0.13585005739912634
g1200,Gap_12_9mps,open_gap,1,1000,100,15381,3.655849358974359,0.0899057440140435,0.04013300865752713,0.13852234533841956
g1200,Gap_12_9mps,open_gap,1,1000,100,15381,3.7560096153846154,0.0916628761556539,0.040670056819713286,0.1357730258297692
g1200,Gap_12_9mps,open_gap,1,1000,100,15381,3.856169871794872,0.09294817014093605,0.04161698517560051,0.13721596184900603
g1200,Gap_12_9mps,open_gap,1,1000,100,15381,3.956330128205128,0.09401439944999805,0.04355808486834758,0.1406376699580475
g1200,Gap_12_9mps,open_gap,1,1000,100,15381,4.056490384615385,0.09497393627903565,0.042288278378422445,0.13708098120686973
g1200,Gap_12_9mps,open_gap,1,1000,100,15381,4.156650641025641,0.09565141886162659,0.04942168326909157,0.13281403639173125
g1200,Gap_12_9mps,open_gap,1,1000,100,15381,4.256810897435898,0.09651373275819465,0.05143069711903139,0.13777709143014844
g1200,Gap_12_9mps,open_gap,1,1000,100,15381,4.356971153846154,0.09664134592601817,0.052174063741237835,0.1303411706940823
g1200,Gap_12_9mps,open_gap,1,1000,100,15381,4.457131410256411,0.09607669856048717,0.0529983343236795,0.12890312752851724
g1200,Gap_12_9mps,open_gap,1,1000,100,15381,4.557291666666667,0.09487627441464702,0.04941928547651699,0.12885732297184121
g1200,Gap_12_9mps,open_gap,1,1000,100,15381,4.657451923076923,0.09323252243778857,0.045351827414985516,0.1265033195163315
g1200,Gap_12_9mps,open_gap,1,1000,100,15381,4.75761217948718,0.09171011234387841,0.04545939965734142,0.12423923564575676
g1200,Gap_12_9mps,open_gap,1,1000,100,15381,4.857772435897436,0.09040829280441397,0.04276175056450604,0.1166022460879822
g1200,Gap_12_9mps,open_gap,1,1000,100,15381,4.9579326923076925,0.08948782014541813,0.04239919608504736,0.11785418853819662
g1200,Gap_12_9mps,open_gap,1,1000,100,15381,5.058092948717949,0.08896192295566979,0.03919498110451004,0.12124975468090883
g1200,Gap_12_9mps,open_gap,1,1000,100,15381,5.158253205128205,0.08852485880009466,0.036187311774860786,0.12317510033528134
g1200,Gap_12_9mps,open_gap,1,1000,100,15381,5.258413461538462,0.08821592840955109,0.038469757347852906,0.12553803515904377
g1200,Gap_12_9mps,open_gap,1,1000,100,15381,5.358573717948718,0.0875166848954481,0.04211309543431715,0.12731450373006542
g1200,Gap_12_9mps,open_gap,1,1000,100,15381,5.4587339743589745,0.08630657100357482,0.03931916996156293,0.13002808568020358
g1200,Gap_12_9mps,open_gap,1,1000,100,15381,5.558894230769231,0.08482546631469887,0.03330079998527589,0.126397435050743
g1200,Gap_12_9mps,open_gap,1,1000,100,15381,5.659054487179487,0.08338762277749678,0.032003643102233595,0.1262327881490351
g1200,Gap_12_9mps,open_gap,1,1000,100,15381,5.759214743589744,0.08191797890948059,0.03284933466253557,0.12638502397086185
g1200,Gap_12_9mps,open_gap,1,1000,100,15381,5.859375,0.08135890299123845,0.030807510044941366,0.12546662235131073
g1200,Gap_12_9mps,open_gap,1,1000,100,15381,5.959535256410256,0.08147425258030772,0.03175020197438748,0.1193855394518074
g1200,Gap_12_9mps,open_gap,1,1000,100,15381,6.059695512820513,0.08162563401317563,0.03172684501730845,0.1144972978969345
g1200,Gap_12_9mps,open_gap,1,1000,100,15381,6.159855769230769,0.0819376472521849,0.03173955549615209,0.11940881208679296
g1200,Gap_12_9mps,open_gap,1,1000,100,15381,6.2600160256410255,0.0817755314966064,0.028058578290560753,0.11797132728550715
g1200,Gap_12_9mps,open_gap,1,1000,100,15381,6.360176282051282,0.08151055632231985,0.031565039223517145,0.1150468339490176
g1200,Gap_12_9mps,open_gap,1,1000,100,15381,6.460336538461538,0.08163006566908944,0.03618345027956167,0.11433043481820883
g1200,Gap_12_9mps,open_gap,1,1000,100,15381,6.560496794871795,0.08161562550431764,0.037507887236011395,0.11296756643179746
g1200,Gap_12_9mps,open_gap,1,1000,100,15381,6.660657051282051,0.08135938420355257,0.03933943351061621,0.11150943283693145
g1200,Gap_12_9mps,open_gap,1,1000,100,15381,6.7608173076923075,0.0808909764261815,0.03672649566981914,0.10899774079092461
g1200,Gap_12_9mps,open_gap,1,1000,100,15381,6.860977564102564,0.08060799296804161,0.03386922501002069,0.10880691798257817
g1200,Gap_12_9mps,open_gap,1,1000,100,15381,6.96113782051282,0.08031788443004471,0.033023074205031616,0.11309682885118016
g1200,Gap_12_9mps,open_gap,1,1000,100,15381,7.061298076923077,0.08009561262390108,0.032217927608682306,0.11162898648851327
g1200,Gap_12_9mps,open_gap,1,1000,100,15381,7.161458333333333,0.08024767121944208,0.031759025494486275,0.11247708717338104
g1200,Gap_12_9mps,open_gap,1,1000,100,15381,7.261618589743589,0.08054144222770593,0.031377899237163845,0.11229037041963344
g1200,Gap_12_9mps,open_gap,1,1000,100,15381,7.361778846153846,0.08027063702403066,0.033986592095312226,0.11294698171673329
g1200,Gap_12_9mps,open_gap,1,1000,100,15381,7.461939102564102,0.07957117516932558,0.03415672548438929,0.11343743127022665
g1200,Gap_12_9mps,open_gap,1,1000,100,15381,7.562099358974359,0.0784696348567016,0.032401086042277524,0.11502801333912685
g1200,Gap_12_9mps,open_gap,1,1000,100,15381,7.662259615384615,0.07753993825913966,0.031133208154682766,0.1089120935296968
g1200,Gap_12_9mps,open_gap,1,1000,100,15381,7.762419871794871,0.07656390185776049,0.026721102343055025,0.1065433577443089
g1200,Gap_12_9mps,open_gap,1,1000,100,15381,7.862580128205129,0.07539828890766859,0.027428880728599916,0.10686884121682584
g1200,Gap_12_9mps,open_gap,1,1000,100,15381,7.962740384615385,0.07446712798680523,0.02938854848690911,0.10533052540988935
g1200,Gap_12_9mps,open_gap,1,1000,100,15381,8.06290064102564,0.07389730490483219,0.027869697756376117,0.1076980921309778
g1200,Gap_12_9mps,open_gap,1,1000,100,15381,8.163060897435898,0.07342857112803255,0.02614819318173606,0.10989688309868895
g1200,Gap_12_9mps,open_gap,1,1000,100,15381,8.263221153846153,0.0734744781153899,0.02502927052503059,0.11205483562888396
g1200,Gap_12_9mps,open_gap,1,1000,100,15381,8.36338141025641,0.07402813002817295,0.023739010767284012,0.118588006881605
g1200,Gap_12_9mps,open_gap,1,1000,100,15381,8.463541666666666,0.07515357295338036,0.027981679220192856,0.1183451749699815
g1200,Gap_12_9mps,open_gap,1,1000,100,15381,8.563701923076923,0.07632644625289432,0.02988021506947508,0.11757966888021905
g1200,Gap_12_9mps,open_gap,1,1000,100,15381,8.663862179487179,0.07710390077354302,0.03249322647452191,0.11782416053799206
g1200,Gap_12_9mps,open_gap,1,1000,100,15381,8.764022435897436,0.07766596305970407,0.03492483435056101,0.11695616599628605
g1200,Gap_12_9mps,open_gap,1,1000,100,15381,8.864182692307692,0.07808173967574175,0.03595151211503781,0.11142127862858348
g1200,Gap_12_9mps,open_gap,1,1000,100,15381,8.964342948717949,0.0787244040324062,0.03426693396208698,0.11337272144910206
g1200,Gap_12_9mps,open_gap,1,1000,100,15381,9.064503205128204,0.0795665595092931,0.03437329491522209,0.11466489777115134
g1200,Gap_12_9mps,open_gap,1,1000,100,15381,9.164663461538462,0.08023573914526365,0.03390012942436533,0.12006249185169308
g1200,Gap_12_9mps,open_gap,1,1000,100,15381,9.264823717948717,0.08066637734812039,0.03286781480429904,0.12696969246300557
g1200,Gap_12_9mps,open_gap,1,1000,100,15381,9.364983974358974,0.08061732171967032,0.032100072743357064,0.12849809196973486
g1200,Gap_12_9mps,open_gap,1,1000,100,15381,9.46514423076923,0.08023094663222125,0.0293945856801189,0.13011678630706447
g1200,Gap_12_9mps,open_gap,1,1000,100,15381,9.565304487179487,0.0799627339414186,0.027859867555121914,0.13272368151124075
g1200,Gap_12_9mps,open_gap,1,1000,100,15381,9.665464743589743,0.07975864802338072,0.027850762929949445,0.13397207589476656
g1200,Gap_12_9mps,open_gap,1,1000,100,15381,9.765625,0.07962962576181176,0.02796785896493864,0.13326357596790664
g1200,Gap_12_9mps,open_gap,1,1000,100,15381,9.865785256410257,0.07960910583892833,0.028894408608632034,0.13003348796244207
g1200,Gap_12_9mps,open_gap,1,1000,100,15381,9.965945512820513,0.07943032196455176,0.02849717112165664,0.1252521880738776
g1200,Gap_12_9mps,open_gap,10,1000,100,15381,0.05008012820512821,0.051477179257825904,0.026697317091356053,0.06696441714601738
g1200,Gap_12_9mps,open_gap,10,1000,100,15381,0.1502403846153846,0.08128716646850749,0.034497925379155456,0.11282481115389716
g1200,Gap_12_9mps,open_gap,10,1000,100,15381,0.250400641025641,0.11327102362480547,0.05028201300958437,0.16079348212143055
g1200,Gap_12_9mps,open_gap,10,1000,100,15381,0.3505608974358974,0.1220805506010376,0.05648226311497836,0.17297920584096596
g1200,Gap_12_9mps,open_gap,10,1000,100,15381,0.45072115384615385,0.12146146625077452,0.05158736137000809,0.16837803139426546
g1200,Gap_12_9mps,open_gap,10,1000,100,15381,0.5508814102564102,0.11816423177517198,0.045665271371187505,0.16884856569295123
g1200,Gap_12_9mps,open_gap,10,1000,100,15381,0.6510416666666666,0.1146560860477492,0.04601091977598533,0.156825044133203
g1200,Gap_12_9mps,open_gap,10,1000,100,15381,0.7512019230769231,0.10954705446585584,0.04674994256452367,0.15312070928875712
g1200,Gap_12_9mps,open_gap,10,1000,100,15381,0.8513621794871795,0.10159929471206947,0.04356862171073421,0.1476975291998139
g1200,Gap_12_9mps,open_gap,10,1000,100,15381,0.9515224358974359,0.09193785406415259,0.03984465884318083,0.132745253434114
g1200,Gap_12_9mps,open_gap,10,1000,100,15381,1.0516826923076923,0.08251902448658294,0.035938749764053285,0.12335958364349889
g1200,Gap_12_9mps,open_gap,10,1000,100,15381,1.1518429487179487,0.07404236761844622,0.03170173290768598,0.11209049678875749
g1200,Gap_12_9mps,open_gap,10,1000,100,15381,1.252003205128205,0.06627168190203107,0.026559564661450305,0.102735629136797
g1200,Gap_12_9mps,open_gap,10,1000,100,15381,1.3521634615384615,0.05891547618547966,0.022629150137909823,0.09043842155663234
g1200,Gap_12_9mps,open_gap,10,1000,100,15381,1.4523237179487178,0.05242120237569781,0.0205013180293928,0.08449337940857476
g1200,Gap_12_9mps,open_gap,10,1000,100,15381,1.5524839743589745,0.04699137615344894,0.01796225046082904,0.07784161072726875
g1200,Gap_12_9mps,open_gap,10,1000,100,15381,1.6526442307692308,0.04260427842303666,0.017211043298734345,0.06796303552115379
g1200,Gap_12_9mps,open_gap,10,1000,100,15381,1.7528044871794872,0.03875232964609378,0.013873974935735962,0.0593536541811119
g1200,Gap_12_9mps,open_gap,10,1000,100,15381,1.8529647435897436,0.03537244506742015,0.013139244630944232,0.05224929263736074
g1200,Gap_12_9mps,open_gap,10,1000,100,15381,1.953125,0.03258241341866848,0.01323308382068138,0.04831908191467679
g1200,Gap_12_9mps,open_gap,10,1000,100,15381,2.0532852564102564,0.03032932264798324,0.011652036191067635,0.04341923444287404
g1200,Gap_12_9mps,open_gap,10,1000,100,15381,2.1534455128205128,0.02841287662878947,0.012009548934509291,0.04209606303875513
g1200,Gap_12_9mps,open_gap,10,1000,100,15381,2.253605769230769,0.027024312025889688,0.011099020002244515,0.03902547933531885
g1200,Gap_12_9mps,open_gap,10,1000,100,15381,2.3537660256410255,0.026009414637312586,0.010104910307677049,0.038189725461112725
g1200,Gap_12_9mps,open_gap,10,1000,100,15381,2.453926282051282,0.025773812758691474,0.010685404551234921,0.03792457683829641
g1200,Gap_12_9mps,open_gap,10,1000,100,15381,2.5540865384615383,0.025366583274499144,0.01267554222692663,0.03506939087008902
g1200,Gap_12_9mps,open_gap,10,1000,100,15381,2.6542467948717947,0.024647508362789533,0.011423514238143332,0.034008433767448935
g1200,Gap_12_9mps,open_gap,10,1000,100,15381,2.754407051282051,0.023826542850910702,0.010444303165679196,0.034198707859225956
g1200,Gap_12_9mps,open_gap,10,1000,100,15381,2.8545673076923075,0.023137871017047947,0.009090876953241634,0.0310255331207058
g1200,Gap_12_9mps,open_gap,10,1000,100,15381,2.9547275641025643,0.022560507064847194,0.007188155843515791,0.031056763109353434
g1200,Gap_12_9mps,open_gap,10,1000,100,15381,3.0548878205128207,0.022193219126674393,0.00695012044701856,0.031164562528591414
g1200,Gap_12_9mps,open_gap,10,1000,100,15381,3.155048076923077,0.02219083434128912,0.0066511715062665235,0.03263051721640638
g1200,Gap_12_9mps,open_gap,10,1000,100,15381,3.2552083333333335,0.0224418216936649,0.006237117349011819,0.03340163477753768
g1200,Gap_12_9mps,open_gap,10,1000,100,15381,3.35536858974359,0.02285554839857222,0.007081760853837299,0.03196785186978244
g1200,Gap_12_9mps,open_gap,10,1000,100,15381,3.4555288461538463,0.023522592069753753,0.007185106778366106,0.032269472836415534
g1200,Gap_12_9mps,open_gap,10,1000,100,15381,3.5556891025641026,0.02418611366910885,0.007548100644890465,0.03530645650287107
g1200,Gap_12_9mps,open_gap,10,1000,100,15381,3.655849358974359,0.024770441567913203,0.009212663312710924,0.03632946850664613
g1200,Gap_12_9mps,open_gap,10,1000,100,15381,3.7560096153846154,0.02534589549260672,0.009013063155694277,0.03650807975362742
g1200,Gap_12_9mps,open_gap,10,1000,100,15381,3.856169871794872,0.025914254259737524,0.008868377788052894,0.037635378527161714
g1200,Gap_12_9mps,open_gap,10,1000,100,15381,3.956330128205128,0.026386487783344834,0.008913760048016032,0.03719607649232275
g1200,Gap_12_9mps,open_gap,10,1000,100,15381,4.056490384615385,0.026858634547185206,0.009606584441593001,0.03821513108783457
g1200,Gap_12_9mps,open_gap,10,1000,100,15381,4.156650641025641,0.02731020524359506,0.008245531608508026,0.039873496722611035
g1200,Gap_12_9mps,open_gap,10,1000,100,15381,4.256810897435898,0.027598658995207078,0.010103642188498933,0.03893350366258942
g1200,Gap_12_9mps,open_gap,10,1000,100,15381,4.356971153846154,0.027645891206945543,0.011800007078281254,0.03921216188627428
g1200,Gap_12_9mps,open_gap,10,1000,100,15381,4.457131410256411,0.027482281064226045,0.011225260864354096,0.03913955287139338
g1200,Gap_12_9mps,open_gap,10,1000,100,15381,4.557291666666667,0.027159398222367993,0.011002175420764215,0.039535894179067374
g1200,Gap_12_9mps,open_gap,10,1000,100,15381,4.657451923076923,0.0268397060282939,0.011702910549560516,0.03920799085878869
g1200,Gap_12_9mps,open_gap,10,1000,100,15381,4.75761217948718,0.02662939400122623,0.011114025281701832,0.039991557426259275
g1200,Gap_12_9mps,open_gap,10,1000,100,15381,4.857772435897436,0.026380071283692942,0.01180044587522077,0.03813587775304873
g1200,Gap_12_9mps,open_gap,10,1000,100,15381,4.9579326923076925,0.025948871832871746,0.01232731517731334,0.03801238013203684
g1200,Gap_12_9mps,open_gap,10,1000,100,15381,5.058092948717949,0.02543654628530134,0.012134658573455224,0.035871560790662144
g1200,Gap_12_9mps,open_gap,10,1000,100,15381,5.158253205128205,0.024940824532827734,0.011749452712835506,0.03522694994983411
g1200,Gap_12_9mps,open_gap,10,1000,100,15381,5.258413461538462,0.024624871521061752,0.01136428216955004,0.035089661114140136
g1200,Gap_12_9mps,open_gap,10,1000,100,15381,5.358573717948718,0.024301450852221403,0.010356362021592298,0.035016156100599105
g1200,Gap_12_9mps,open_gap,10,1000,100,15381,5.4587339743589745,0.023988279969641094,0.009716174154652434,0.034627583257432704
g1200,Gap_12_9mps,open_gap,10,1000,100,15381,5.558894230769231,0.02363693060826656,0.009773268429626239,0.03425007648283571
g1200,Gap_12_9mps,open_gap,10,1000,100,15381,5.659054487179487,0.02323624539072102,0.009038558017327017,0.035314266194186865
g1200,Gap_12_9mps,open_gap,10,1000,100,15381,5.759214743589744,0.022888306309928524,0.009075249675213094,0.03350436957633645
g1200,Gap_12_9mps,open_gap,10,1000,100,15381,5.859375,0.022764014767702442,0.009177744393583343,0.034849820919800094
g1200,Gap_12_9mps,open_gap,10,1000,100,15381,5.959535256410256,0.022733767997744875,0.00982901610221536,0.03454182979929069
g1200,Gap_12_9mps,open_gap,10,1000,100,15381,6.059695512820513,0.022729481086432034,0.00920677995673236,0.034442953631363335
g1200,Gap_12_9mps,open_gap,10,1000,100,15381,6.159855769230769,0.022606960603304537,0.009507033861203962,0.033782948043801
g1200,Gap_12_9mps,open_gap,10,1000,100,15381,6.2600160256410255,0.022554459442626584,0.009602042010399147,0.0344212492211951
g1200,Gap_12_9mps,open_gap,10,1000,100,15381,6.360176282051282,0.022493332971936727,0.009357379780280641,0.03538602363663034
g1200,Gap_12_9mps,open_gap,10,1000,100,15381,6.460336538461538,0.02236247508495369,0.008779842807201354,0.03451398024251031
g1200,Gap_12_9mps,open_gap,10,1000,100,15381,6.560496794871795,0.022124182896958455,0.008069450458812919,0.03445401574342666
g1200,Gap_12_9mps,open_gap,10,1000,100,15381,6.660657051282051,0.02204509415066652,0.00774821619829395,0.0343108400408857
g1200,Gap_12_9mps,open_gap,10,1000,100,15381,6.7608173076923075,0.022071061080460867,0.007989380278728007,0.03309258736867442
g1200,Gap_12_9mps,open_gap,10,1000,100,15381,6.860977564102564,0.022142527036863285,0.008188438705221335,0.03259028677988787
g1200,Gap_12_9mps,open_gap,10,1000,100,15381,6.96113782051282,0.02241315792733629,0.007966083957870053,0.03186041284289776
g1200,Gap_12_9mps,open_gap,10,1000,100,15381,7.061298076923077,0.02261459336681257,0.008327350580187276,0.03228010031026065
g1200,Gap_12_9mps,open_gap,10,1000,100,15381,7.161458333333333,0.022928292767733224,0.00838959639752658,0.03258358530067871
g1200,Gap_12_9mps,open_gap,10,1000,100,15381,7.261618589743589,0.023328876257392626,0.008795650974933723,0.0328471680505959
g1200,Gap_12_9mps,open_gap,10,1000,100,15381,7.361778846153846,0.023717997639054286,0.009759893543619162,0.03409291359654239
g1200,Gap_12_9mps,open_gap,10,1000,100,15381,7.461939102564102,0.024139083590178596,0.009270979312887714,0.0332783006637463
g1200,Gap_12_9mps,open_gap,10,1000,100,15381,7.562099358974359,0.02454059504388146,0.00879823330270622,0.0334945360082782
g1200,Gap_12_9mps,open_gap,10,1000,100,15381,7.662259615384615,0.024887489202989607,0.009263066249267956,0.03285460929853774
g1200,Gap_12_9mps,open_gap,10,1000,100,15381,7.762419871794871,0.025263057258762777,0.009275645752825846,0.03330849844495445
g1200,Gap_12_9mps,open_gap,10,1000,100,15381,7.862580128205129,0.025607108711158455,0.012421998610938643,0.03477122894692219
g1200,Gap_12_9mps,open_gap,10,1000,100,15381,7.962740384615385,0.025923584086424006,0.01231156008808356,0.03561228398290017
g1200,Gap_12_9mps,open_gap,10,1000,100,15381,8.06290064102564,0.026248413874547995,0.011293637229917837,0.036361125029423465
g1200,Gap_12_9mps,open_gap,10,1000,100,15381,8.163060897435898,0.02650155263689722,0.011804916314692422,0.03795451762578682
g1200,Gap_12_9mps,open_gap,10,1000,100,15381,8.263221153846153,0.026758985375190825,0.012796764645710888,0.038356403292064335
g1200,Gap_12_9mps,open_gap,10,1000,100,15381,8.36338141025641,0.026937443903685625,0.013038203277860925,0.037582482551288
g1200,Gap_12_9mps,open_gap,10,1000,100,15381,8.463541666666666,0.026880400200952517,0.01257536381903742,0.036996246792771956
g1200,Gap_12_9mps,open_gap,10,1000,100,15381,8.563701923076923,0.026740222856211283,0.012757102176718247,0.03776265571182196
g1200,Gap_12_9mps,open_gap,10,1000,100,15381,8.663862179487179,0.026592322462114123,0.01290693948082747,0.03826623054184126
g1200,Gap_12_9mps,open_gap,10,1000,100,15381,8.764022435897436,0.02650621763325784,0.01355851009425867,0.03762278609214049
g1200,Gap_12_9mps,open_gap,10,1000,100,15381,8.864182692307692,0.0264698603509231,0.012343113989257106,0.037504921253906885
g1200,Gap_12_9mps,open_gap,10,1000,100,15381,8.964342948717949,0.02632166605053018,0.012649031219724157,0.041154069529657514
g1200,Gap_12_9mps,open_gap,10,1000,100,15381,9.064503205128204,0.026120141846650898,0.011722175291750651,0.04154228921425377
g1200,Gap_12_9mps,open_gap,10,1000,100,15381,9.164663461538462,0.025846644847210564,0.012781814384277498,0.03887099999847171
g1200,Gap_12_9mps,open_gap,10,1000,100,15381,9.264823717948717,0.025493151980074576,0.01092929276109594,0.03636604774452793
g1200,Gap_12_9mps,open_gap,10,1000,100,15381,9.364983974358974,0.025231260347903794,0.010422790194371463,0.03449705422340961
g1200,Gap_12_9mps,open_gap,10,1000,100,15381,9.46514423076923,0.025015104027042007,0.010891639963445027,0.033156404108193496
g1200,Gap_12_9mps,open_gap,10,1000,100,15381,9.565304487179487,0.024853584323506425,0.010551088863436565,0.032970555685367185
g1200,Gap_12_9mps,open_gap,10,1000,100,15381,9.665464743589743,0.02483999947982239,0.009295598985896766,0.03370902986301611
g1200,Gap_12_9mps,open_gap,10,1000,100,15381,9.765625,0.02482440781546917,0.009508771821312274,0.0332729597972234
g1200,Gap_12_9mps,open_gap,10,1000,100,15381,9.865785256410257,0.02478966141072779,0.009770673499949907,0.035053273927044465
g1200,Gap_12_9mps,open_gap,10,1000,100,15381,9.965945512820513,0.02479143235745431,0.0092990309226013,0.036223794843841486
g1200,Gap_12_9mps,open_gap,50,1000,100,15381,0.05008012820512821,0.023500186416756327,0.00754310850308081,0.03434166856613903
g1200,Gap_12_9mps,open_gap,50,1000,100,15381,0.1502403846153846,0.03520419425929113,0.0160119231583741,0.04888334266102296
g1200,Gap_12_9mps,open_gap,50,1000,100,15381,0.250400641025641,0.046426287649058776,0.019806867276815594,0.06505938637151641
g1200,Gap_12_9mps,open_gap,50,1000,100,15381,0.3505608974358974,0.051099774710445196,0.021184984494242894,0.0703490722792446
g1200,Gap_12_9mps,open_gap,50,1000,100,15381,0.45072115384615385,0.05253330826124435,0.023704820657679614,0.07431895066941108
g1200,Gap_12_9mps,open_gap,50,1000,100,15381,0.5508814102564102,0.051784644298006756,0.021675789723939513,0.07733859182004953
g1200,Gap_12_9mps,open_gap,50,1000,100,15381,0.6510416666666666,0.050721652330800955,0.021015779036433258,0.07111716275546656
g1200,Gap_12_9mps,open_gap,50,1000,100,15381,0.7512019230769231,0.04916432693351681,0.019379312320372655,0.06845520399400641
g1200,Gap_12_9mps,open_gap,50,1000,100,15381,0.8513621794871795,0.046516561260200796,0.01990477679911354,0.06547410926407839
g1200,Gap_12_9mps,open_gap,50,1000,100,15381,0.9515224358974359,0.04315570022684174,0.019383997469916533,0.05760023712369802
g1200,Gap_12_9mps,open_gap,50,1000,100,15381,1.0516826923076923,0.039711677973266836,0.0167236266013909,0.053587838636679236
g1200,Gap_12_9mps,open_gap,50,1000,100,15381,1.1518429487179487,0.0364056181726349,0.014505259711611936,0.04874410089792784
g1200,Gap_12_9mps,open_gap,50,1000,100,15381,1.252003205128205,0.033104776788441315,0.01463494108576337,0.046721940347295834
g1200,Gap_12_9mps,open_gap,50,1000,100,15381,1.3521634615384615,0.029779971886196976,0.014288930027621775,0.04268861490945941
g1200,Gap_12_9mps,open_gap,50,1000,100,15381,1.4523237179487178,0.026590886941036868,0.010925311865015823,0.036777947054054724
g1200,Gap_12_9mps,open_gap,50,1000,100,15381,1.5524839743589745,0.023599744172986572,0.009064660293599843,0.03155906389831796
g1200,Gap_12_9mps,open_gap,50,1000,100,15381,1.6526442307692308,0.020887439174973065,0.008079984461205015,0.028651940270387605
g1200,Gap_12_9mps,open_gap,50,1000,100,15381,1.7528044871794872,0.01858743219929788,0.006698417207885735,0.026776159067532654
g1200,Gap_12_9mps,open_gap,50,1000,100,15381,1.8529647435897436,0.016432797664581958,0.006232359154243558,0.023742981156220446
g1200,Gap_12_9mps,open_gap,50,1000,100,15381,1.953125,0.014565159248804294,0.004465772009127239,0.020878534561474087
g1200,Gap_12_9mps,open_gap,50,1000,100,15381,2.0532852564102564,0.01298981856989861,0.004500981630972475,0.018189185507854245
g1200,Gap_12_9mps,open_gap,50,1000,100,15381,2.1534455128205128,0.01179864313127775,0.004250481726674293,0.015413104014742482
g1200,Gap_12_9mps,open_gap,50,1000,100,15381,2.253605769230769,0.01086383357443419,0.00446155239193298,0.014163817198357381
g1200,Gap_12_9mps,open_gap,50,1000,100,15381,2.3537660256410255,0.010150812215093327,0.0046476613026227905,0.0128541292907114
g1200,Gap_12_9mps,open_gap,50,1000,100,15381,2.453926282051282,0.009648168826934032,0.004136437403433332,0.012311934362479016
g1200,Gap_12_9mps,open_gap,50,1000,100,15381,2.5540865384615383,0.009432783563183427,0.00418017215490206,0.012778845313626936
g1200,Gap_12_9mps,open_gap,50,1000,100,15381,2.6542467948717947,0.009414869595527543,0.004129908568528314,0.013190660452059964
g1200,Gap_12_9mps,open_gap,50,1000,100,15381,2.754407051282051,0.009602394530145253,0.004225821664622355,0.013699296613093142
g1200,Gap_12_9mps,open_gap,50,1000,100,15381,2.8545673076923075,0.00994393123879137,0.0045430932329525485,0.01403881777994195
g1200,Gap_12_9mps,open_gap,50,1000,100,15381,2.9547275641025643,0.01038603314751057,0.004541034330570848,0.014079322044741625
g1200,Gap_12_9mps,open_gap,50,1000,100,15381,3.0548878205128207,0.01081215525141208,0.005319507507448029,0.015110018691842501
g1200,Gap_12_9mps,open_gap,50,1000,100,15381,3.155048076923077,0.01111927605949537,0.005554790124758008,0.01598352568825403
g1200,Gap_12_9mps,open_gap,50,1000,100,15381,3.2552083333333335,0.011342968780086598,0.005128641973257034,0.01587095199398157
g1200,Gap_12_9mps,open_gap,50,1000,100,15381,3.35536858974359,0.011613241293243991,0.004423331385186884,0.016772204587440682
g1200,Gap_12_9mps,open_gap,50,1000,100,15381,3.4555288461538463,0.011837736589403465,0.004796885604348139,0.01729417581516505
g1200,Gap_12_9mps,open_gap,50,1000,100,15381,3.5556891025641026,0.012128168008489846,0.005210032509425945,0.01773311428733307
g1200,Gap_12_9mps,open_gap,50,1000,100,15381,3.655849358974359,0.012421460911772734,0.005282088575096549,0.018640282200831526
g1200,Gap_12_9mps,open_gap,50,1000,100,15381,3.7560096153846154,0.012674478823363375,0.004954029920311572,0.01881415422255532
g1200,Gap_12_9mps,open_gap,50,1000,100,15381,3.856169871794872,0.012918063002771641,0.0049500174257318666,0.019877847337925282
g1200,Gap_12_9mps,open_gap,50,1000,100,15381,3.956330128205128,0.013051839308908022,0.0056817389378511825,0.019971134289035623
g1200,Gap_12_9mps,open_gap,50,1000,100,15381,4.056490384615385,0.013171167316456213,0.005309023331723564,0.01986457473461586
g1200,Gap_12_9mps,open_gap,50,1000,100,15381,4.156650641025641,0.013163149976841405,0.004986886807938783,0.0194115283034998
g1200,Gap_12_9mps,open_gap,50,1000,100,15381,4.256810897435898,0.013041811340730658,0.00516376777515265,0.018619410860241884
g1200,Gap_12_9mps,open_gap,50,1000,100,15381,4.356971153846154,0.012921013359443529,0.005226390727883501,0.018201187027542216
g1200,Gap_12_9mps,open_gap,50,1000,100,15381,4.457131410256411,0.01289043215487063,0.005197229075368855,0.017602662311968456
g1200,Gap_12_9mps,open_gap,50,1000,100,15381,4.557291666666667,0.012913564442475949,0.0051619902999772,0.017485239943876033
g1200,Gap_12_9mps,open_gap,50,1000,100,15381,4.657451923076923,0.012893621185655436,0.005435501287968736,0.017737512293679265
g1200,Gap_12_9mps,open_gap,50,1000,100,15381,4.75761217948718,0.01283126951441881,0.005680017517420926,0.01776866308591581
g1200,Gap_12_9mps,open_gap,50,1000,100,15381,4.857772435897436,0.0127523333528689,0.005549155735925959,0.017847831604548996
g1200,Gap_12_9mps,open_gap,50,1000,100,15381,4.9579326923076925,0.012661277415301235,0.00607786656327935,0.018188113363765766
g1200,Gap_12_9mps,open_gap,50,1000,100,15381,5.058092948717949,0.012552881746145939,0.00642327614260938,0.018217084029204793
g1200,Gap_12_9mps,open_gap,50,1000,100,15381,5.158253205128205,0.012438135322723776,0.00542014720045574,0.018081459519518246
g1200,Gap_12_9mps,open_gap,50,1000,100,15381,5.258413461538462,0.012374859653777945,0.005024712774959623,0.01771952793655335
g1200,Gap_12_9mps,open_gap,50,1000,100,15381,5.358573717948718,0.012312134915576487,0.005597074453278283,0.01732161023902869
g1200,Gap_12_9mps,open_gap,50,1000,100,15381,5.4587339743589745,0.012263221884175326,0.0056102715101777655,0.017258355961641155
g1200,Gap_12_9mps,open_gap,50,1000,100,15381,5.558894230769231,0.012292362586803735,0.005331032395385738,0.016865391182880374
g1200,Gap_12_9mps,open_gap,50,1000,100,15381,5.659054487179487,0.01238877483180893,0.0054195906116890165,0.0172059836796397
g1200,Gap_12_9mps,open_gap,50,1000,100,15381,5.759214743589744,0.012496657370519613,0.005546470782083668,0.017035834255628452
g1200,Gap_12_9mps,open_gap,50,1000,100,15381,5.859375,0.012593651600559076,0.005097064163313345,0.017200433992271055
g1200,Gap_12_9mps,open_gap,50,1000,100,15381,5.959535256410256,0.012687912723298979,0.005346424522878758,0.01761017351479369
g1200,Gap_12_9mps,open_gap,50,1000,100,15381,6.059695512820513,0.012796811532664758,0.0051198453523826504,0.0178393157743573
g1200,Gap_12_9mps,open_gap,50,1000,100,15381,6.159855769230769,0.012930003944354382,0.005445700019458251,0.01865066002110336
g1200,Gap_12_9mps,open_gap,50,1000,100,15381,6.2600160256410255,0.013021336271195966,0.005151552222540329,0.01837542378188586
g1200,Gap_12_9mps,open_gap,50,1000,100,15381,6.360176282051282,0.013052856204274241,0.005126081375928645,0.01840750473932721
g1200,Gap_12_9mps,open_gap,50,1000,100,15381,6.460336538461538,0.013017846754956897,0.004942387380316467,0.01840859094322455
g1200,Gap_12_9mps,open_gap,50,1000,100,15381,6.560496794871795,0.012909299360867023,0.004593229541036422,0.018734667913630758
g1200,Gap_12_9mps,open_gap,50,1000,100,15381,6.660657051282051,0.012714047415724692,0.005102313175107748,0.018259740234158512
g1200,Gap_12_9mps,open_gap,50,1000,100,15381,6.7608173076923075,0.01248744128294192,0.00535604925501358,0.018010490181282136
g1200,Gap_12_9mps,open_gap,50,1000,100,15381,6.860977564102564,0.012321089048767563,0.005386392845793241,0.018218811158938433
g1200,Gap_12_9mps,open_gap,50,1000,100,15381,6.96113782051282,0.01213416694770706,0.005772811321559985,0.018186456944131464
g1200,Gap_12_9mps,open_gap,50,1000,100,15381,7.061298076923077,0.011966024793924954,0.005837382659213389,0.018075139855652227
g1200,Gap_12_9mps,open_gap,50,1000,100,15381,7.161458333333333,0.011811792973501005,0.005241023558698054,0.01775798559901393
g1200,Gap_12_9mps,open_gap,50,1000,100,15381,7.261618589743589,0.011648618661596864,0.004953278148579626,0.01795067933491787
g1200,Gap_12_9mps,open_gap,50,1000,100,15381,7.361778846153846,0.011447370970434294,0.004741241838229334,0.01724558287776718
g1200,Gap_12_9mps,open_gap,50,1000,100,15381,7.461939102564102,0.011319226621819138,0.004086464336248033,0.01692945480045871
g1200,Gap_12_9mps,open_gap,50,1000,100,15381,7.562099358974359,0.01123408813137363,0.004058284747493248,0.016965844164449486
g1200,Gap_12_9mps,open_gap,50,1000,100,15381,7.662259615384615,0.011179922691748632,0.00398529807124866,0.016662692613258916
g1200,Gap_12_9mps,open_gap,50,1000,100,15381,7.762419871794871,0.011108376363457928,0.003740035189352878,0.016331071109297244
g1200,Gap_12_9mps,open_gap,50,1000,100,15381,7.862580128205129,0.010966433683113114,0.0034351689536373338,0.015678827307224415
g1200,Gap_12_9mps,open_gap,50,1000,100,15381,7.962740384615385,0.010797795837439976,0.0032923629440966325,0.016062384953157878
g1200,Gap_12_9mps,open_gap,50,1000,100,15381,8.06290064102564,0.010665026783469311,0.003291543703132664,0.015595681097259577
g1200,Gap_12_9mps,open_gap,50,1000,100,15381,8.163060897435898,0.010535198215804011,0.003831481800715145,0.015210072754591594
g1200,Gap_12_9mps,open_gap,50,1000,100,15381,8.263221153846153,0.010419302154588639,0.004390730310727722,0.015221082304907863
g1200,Gap_12_9mps,open_gap,50,1000,100,15381,8.36338141025641,0.010349332299610532,0.0038334215347509797,0.015300533168986694
g1200,Gap_12_9mps,open_gap,50,1000,100,15381,8.463541666666666,0.010269454240927895,0.003593068896489743,0.015562063115579176
g1200,Gap_12_9mps,open_gap,50,1000,100,15381,8.563701923076923,0.010202393524670889,0.0037390571766379626,0.015179368419488318
g1200,Gap_12_9mps,open_gap,50,1000,100,15381,8.663862179487179,0.010149963572880531,0.0041515644668528836,0.014660986672495244
g1200,Gap_12_9mps,open_gap,50,1000,100,15381,8.764022435897436,0.010093112233024748,0.003261748421459409,0.014950574447658276
g1200,Gap_12_9mps,open_gap,50,1000,100,15381,8.864182692307692,0.009997592633892338,0.003517392153769731,0.014776632333053734
g1200,Gap_12_9mps,open_gap,50,1000,100,15381,8.964342948717949,0.009894433098016213,0.0032363542810864604,0.014984191083339666
g1200,Gap_12_9mps,open_gap,50,1000,100,15381,9.064503205128204,0.009812461759490812,0.003393637362468904,0.015212216762820708
g1200,Gap_12_9mps,open_gap,50,1000,100,15381,9.164663461538462,0.009850253321507796,0.003548666037651123,0.01512032558791566
g1200,Gap_12_9mps,open_gap,50,1000,100,15381,9.264823717948717,0.00994508637123049,0.0038776731026612635,0.015205494698665025
g1200,Gap_12_9mps,open_gap,50,1000,100,15381,9.364983974358974,0.01005992388228427,0.004014917961217,0.015807076646880823
g1200,Gap_12_9mps,open_gap,50,1000,100,15381,9.46514423076923,0.010167507371582311,0.00403379864963036,0.015544854725161747
g1200,Gap_12_9mps,open_gap,50,1000,100,15381,9.565304487179487,0.010209396066175802,0.0038139122806074644,0.01524331946275697
g1200,Gap_12_9mps,open_gap,50,1000,100,15381,9.665464743589743,0.010169444935044562,0.003906313430586003,0.014634910956516634
g1200,Gap_12_9mps,open_gap,50,1000,100,15381,9.765625,0.010062221534469092,0.003951650705045783,0.014534205722810167
g1200,Gap_12_9mps,open_gap,50,1000,100,15381,9.865785256410257,0.009942478934305684,0.004037676166188272,0.014324676367389691
g1200,Gap_12_9mps,open_gap,50,1000,100,15381,9.965945512820513,0.00988842246444174,0.004135592932014176,0.014498404797149277
g1200,Gap_12_9mps,open_gap,100,1000,100,15381,0.05008012820512821,0.022716140623490685,0.01077475317931532,0.029520499504639308
g1200,Gap_12_9mps,open_gap,100,1000,100,15381,0.1502403846153846,0.02434814267320621,0.009437563490861781,0.03580469278591464
g1200,Gap_12_9mps,open_gap,100,1000,100,15381,0.250400641025641,0.03271544063711761,0.011842614158020848,0.049252811059418575
g1200,Gap_12_9mps,open_gap,100,1000,100,15381,0.3505608974358974,0.037373492767635824,0.013235326866217551,0.05312872303745249
g1200,Gap_12_9mps,open_gap,100,1000,100,15381,0.45072115384615385,0.03991598220646746,0.015059707522183208,0.056234015125500504
g1200,Gap_12_9mps,open_gap,100,1000,100,15381,0.5508814102564102,0.041055043960469245,0.013102156229983012,0.059601178677429784
g1200,Gap_12_9mps,open_gap,100,1000,100,15381,0.6510416666666666,0.041313330997930976,0.014092787314462769,0.06092317308615651
g1200,Gap_12_9mps,open_gap,100,1000,100,15381,0.7512019230769231,0.04088948975516618,0.013818149632365906,0.059831497069087344
g1200,Gap_12_9mps,open_gap,100,1000,100,15381,0.8513621794871795,0.039232235311276974,0.012570750123270392,0.0589448629365823
g1200,Gap_12_9mps,open_gap,100,1000,100,15381,0.9515224358974359,0.03638344887527175,0.014023846652187555,0.05523876991081289
g1200,Gap_12_9mps,open_gap,100,1000,100,15381,1.0516826923076923,0.0334445028413991,0.013430418694787328,0.05022286375751051
g1200,Gap_12_9mps,open_gap,100,1000,100,15381,1.1518429487179487,0.030488250711074118,0.012995898084418755,0.043931690184258285
g1200,Gap_12_9mps,open_gap,100,1000,100,15381,1.252003205128205,0.02765914948849008,0.013275002104331163,0.03982578417734335
g1200,Gap_12_9mps,open_gap,100,1000,100,15381,1.3521634615384615,0.025006457196168744,0.011093872516488069,0.03575065554704507
g1200,Gap_12_9mps,open_gap,100,1000,100,15381,1.4523237179487178,0.022481097683017214,0.011170772107300681,0.033068657199450645
g1200,Gap_12_9mps,open_gap,100,1000,100,15381,1.5524839743589745,0.020266890113289863,0.009229638685421966,0.030365275642138825
g1200,Gap_12_9mps,open_gap,100,1000,100,15381,1.6526442307692308,0.018301438917016532,0.00826746086032921,0.027433001238169632
g1200,Gap_12_9mps,open_gap,100,1000,100,15381,1.7528044871794872,0.016387664918541017,0.007567155895801532,0.023321493751060286
g1200,Gap_12_9mps,open_gap,100,1000,100,15381,1.8529647435897436,0.014663561687461775,0.006997546330069435,0.020784246075124184
g1200,Gap_12_9mps,open_gap,100,1000,100,15381,1.953125,0.013031501396952137,0.00695622917740402,0.018757618439392356
g1200,Gap_12_9mps,open_gap,100,1000,100,15381,2.0532852564102564,0.011476825330703006,0.006430047581932698,0.016247797514475054
g1200,Gap_12_9mps,open_gap,100,1000,100,15381,2.1534455128205128,0.009986110612275213,0.004714740880777575,0.014961085836309979
g1200,Gap_12_9mps,open_gap,100,1000,100,15381,2.253605769230769,0.00880966071687197,0.0034726328531624307,0.01337683302361018
g1200,Gap_12_9mps,open_gap,100,1000,100,15381,2.3537660256410255,0.00807897854506013,0.0029886335792311306,0.013313887377969657
g1200,Gap_12_9mps,open_gap,100,1000,100,15381,2.453926282051282,0.00759313316226943,0.0028359825876911856,0.011894922585147976
g1200,Gap_12_9mps,open_gap,100,1000,100,15381,2.5540865384615383,0.007321537824205848,0.0020678537881441963,0.010703256104127836
g1200,Gap_12_9mps,open_gap,100,1000,100,15381,2.6542467948717947,0.007500849210313184,0.0031704836342768624,0.010487263162147445
g1200,Gap_12_9mps,open_gap,100,1000,100,15381,2.754407051282051,0.007718618607052449,0.0035424369550976402,0.010653870367587963
g1200,Gap_12_9mps,open_gap,100,1000,100,15381,2.8545673076923075,0.007889646603871663,0.0034214733876616506,0.011449588297272066
g1200,Gap_12_9mps,open_gap,100,1000,100,15381,2.9547275641025643,0.008089216767908476,0.0033850437808483993,0.012689227046133789
g1200,Gap_12_9mps,open_gap,100,1000,100,15381,3.0548878205128207,0.00830394372681666,0.0034362625551065474,0.01260295400317397
g1200,Gap_12_9mps,open_gap,100,1000,100,15381,3.155048076923077,0.008514870298804334,0.003796091818723708,0.012063744414604822
g1200,Gap_12_9mps,open_gap,100,1000,100,15381,3.2552083333333335,0.008778318812027707,0.0042303784661428005,0.011993209457484829
g1200,Gap_12_9mps,open_gap,100,1000,100,15381,3.35536858974359,0.00904641751116973,0.003893227587230544,0.012272050005067044
g1200,Gap_12_9mps,open_gap,100,1000,100,15381,3.4555288461538463,0.009358669388966949,0.003953171585711835,0.01290237881510928
g1200,Gap_12_9mps,open_gap,100,1000,100,15381,3.5556891025641026,0.009677429598698491,0.0038639669932811864,0.012962264264728544
g1200,Gap_12_9mps,open_gap,100,1000,100,15381,3.655849358974359,0.009946016723762146,0.004170313486040796,0.013498941353749213
g1200,Gap_12_9mps,open_gap,100,1000,100,15381,3.7560096153846154,0.010187149959703217,0.004443450234108321,0.013394730422218998
g1200,Gap_12_9mps,open_gap,100,1000,100,15381,3.856169871794872,0.010456814784047539,0.004652090467330698,0.014061199468719183
g1200,Gap_12_9mps,open_gap,100,1000,100,15381,3.956330128205128,0.010701057466481489,0.004890445491947653,0.014553235244646396
g1200,Gap_12_9mps,open_gap,100,1000,100,15381,4.056490384615385,0.010868471016529964,0.004734392817703294,0.014606212712918374
g1200,Gap_12_9mps,open_gap,100,1000,100,15381,4.156650641025641,0.010949689970126625,0.004371214084365536,0.015191092496645695
g1200,Gap_12_9mps,open_gap,100,1000,100,15381,4.256810897435898,0.010960609185960915,0.004998301205655315,0.016118683660364078
g1200,Gap_12_9mps,open_gap,100,1000,100,15381,4.356971153846154,0.010933010126045693,0.005216488465546634,0.01671296524304515
g1200,Gap_12_9mps,open_gap,100,1000,100,15381,4.457131410256411,0.01087816635939648,0.004944189157807685,0.01634615824832297
g1200,Gap_12_9mps,open_gap,100,1000,100,15381,4.557291666666667,0.010880288790916735,0.004649029872559803,0.0164535157279223
g1200,Gap_12_9mps,open_gap,100,1000,100,15381,4.657451923076923,0.010914050072628809,0.004230929925711178,0.016170173967889934
g1200,Gap_12_9mps,open_gap,100,1000,100,15381,4.75761217948718,0.010914492774427137,0.0038480083926167815,0.016066824375211248
g1200,Gap_12_9mps,open_gap,100,1000,100,15381,4.857772435897436,0.010903433319769616,0.0037112154958779324,0.015741777498621958
g1200,Gap_12_9mps,open_gap,100,1000,100,15381,4.9579326923076925,0.010944687369186287,0.0037741789230244425,0.01580191304569793
g1200,Gap_12_9mps,open_gap,100,1000,100,15381,5.058092948717949,0.011005030820356644,0.003956896280420469,0.016061046086576727
g1200,Gap_12_9mps,open_gap,100,1000,100,15381,5.158253205128205,0.011021378317635666,0.0042704153680282846,0.015546475734369361
g1200,Gap_12_9mps,open_gap,100,1000,100,15381,5.258413461538462,0.010975790778394874,0.004489194639350084,0.014976987910542978
g1200,Gap_12_9mps,open_gap,100,1000,100,15381,5.358573717948718,0.010906306171351056,0.004484237638957889,0.014742441975035681
g1200,Gap_12_9mps,open_gap,100,1000,100,15381,5.4587339743589745,0.01086596413309475,0.0044234306593506755,0.014509726526746194
g1200,Gap_12_9mps,open_gap,100,1000,100,15381,5.558894230769231,0.010860721949525955,0.004548930797756021,0.014512983539866426
g1200,Gap_12_9mps,open_gap,100,1000,100,15381,5.659054487179487,0.0108848007156825,0.004271790137794379,0.01457248650778489
g1200,Gap_12_9mps,open_gap,100,1000,100,15381,5.759214743589744,0.010915010872329817,0.0038733874547269035,0.01533357033016978
g1200,Gap_12_9mps,open_gap,100,1000,100,15381,5.859375,0.010937735799231636,0.003738894023509373,0.015099732111070269
g1200,Gap_12_9mps,open_gap,100,1000,100,15381,5.959535256410256,0.01095807036918432,0.0038719618402327425,0.014649886382044692
g1200,Gap_12_9mps,open_gap,100,1000,100,15381,6.059695512820513,0.011038783152904423,0.004113572533310678,0.01517655238953465
g1200,Gap_12_9mps,open_gap,100,1000,100,15381,6.159855769230769,0.011136449692946011,0.004637031965962582,0.015031470527548735
g1200,Gap_12_9mps,open_gap,100,1000,100,15381,6.2600160256410255,0.011209694867251358,0.0047638665349951665,0.015160799375646553
g1200,Gap_12_9mps,open_gap,100,1000,100,15381,6.360176282051282,0.011234579012395898,0.005344910946677418,0.014786448307439467
g1200,Gap_12_9mps,open_gap,100,1000,100,15381,6.460336538461538,0.011177906207498735,0.005019791947191814,0.014490942643542733
g1200,Gap_12_9mps,open_gap,100,1000,100,15381,6.560496794871795,0.01104415805533132,0.005028176401601433,0.01414252990040718
g1200,Gap_12_9mps,open_gap,100,1000,100,15381,6.660657051282051,0.010858862895748255,0.004818424616812594,0.014203486050928579
g1200,Gap_12_9mps,open_gap,100,1000,100,15381,6.7608173076923075,0.010696788786128935,0.004309015479838599,0.014253301364294022
g1200,Gap_12_9mps,open_gap,100,1000,100,15381,6.860977564102564,0.010552474404970898,0.00425065637729654,0.013864619607495068
g1200,Gap_12_9mps,open_gap,100,1000,100,15381,6.96113782051282,0.010398941820159649,0.0043191166950602095,0.014114550451876439
g1200,Gap_12_9mps,open_gap,100,1000,100,15381,7.061298076923077,0.010244760124966208,0.004208025232346032,0.013808885750279125
g1200,Gap_12_9mps,open_gap,100,1000,100,15381,7.161458333333333,0.010092012580433301,0.0038930903705692767,0.01300221617420587
g1200,Gap_12_9mps,open_gap,100,1000,100,15381,7.261618589743589,0.00995271555303407,0.00399616022590576,0.013131493075247327
g1200,Gap_12_9mps,open_gap,100,1000,100,15381,7.361778846153846,0.009845264544734725,0.003408869515080768,0.013585932864302302
g1200,Gap_12_9mps,open_gap,100,1000,100,15381,7.461939102564102,0.009757958986803565,0.0033165463283122316,0.013941642810266755
g1200,Gap_12_9mps,open_gap,100,1000,100,15381,7.562099358974359,0.009714444617627317,0.0034178680785350484,0.013739594211688324
g1200,Gap_12_9mps,open_gap,100,1000,100,15381,7.662259615384615,0.009726859115712042,0.0031193008131351558,0.013382447599958555
g1200,Gap_12_9mps,open_gap,100,1000,100,15381,7.762419871794871,0.009742800133973068,0.002948563725114741,0.013089695007009062
g1200,Gap_12_9mps,open_gap,100,1000,100,15381,7.862580128205129,0.00972345656262704,0.0035395494887680073,0.012794735956800545
g1200,Gap_12_9mps,open_gap,100,1000,100,15381,7.962740384615385,0.009648743549358655,0.0037340727188268177,0.012783031952979338
g1200,Gap_12_9mps,open_gap,100,1000,100,15381,8.06290064102564,0.009515637882960547,0.0035427341456281606,0.01218276875485467
g1200,Gap_12_9mps,open_gap,100,1000,100,15381,8.163060897435898,0.009329785953637187,0.003180990821250588,0.011626021606385843
g1200,Gap_12_9mps,open_gap,100,1000,100,15381,8.263221153846153,0.009133220625455072,0.0030815693674418306,0.01147765884296647
g1200,Gap_12_9mps,open_gap,100,1000,100,15381,8.36338141025641,0.00893060334146238,0.0030106010109004007,0.011369499610075951
g1200,Gap_12_9mps,open_gap,100,1000,100,15381,8.463541666666666,0.008721162036309937,0.003047084000058722,0.01113256486746261
g1200,Gap_12_9mps,open_gap,100,1000,100,15381,8.563701923076923,0.008597595262236109,0.003004794610615273,0.011117182857909191
g1200,Gap_12_9mps,open_gap,100,1000,100,15381,8.663862179487179,0.008496845379871472,0.0030322108218141177,0.011540715561025355
g1200,Gap_12_9mps,open_gap,100,1000,100,15381,8.764022435897436,0.008400662781629537,0.003468558282145301,0.011837650076860658
g1200,Gap_12_9mps,open_gap,100,1000,100,15381,8.864182692307692,0.008302629325823537,0.0036755078403458183,0.012057058826833044
g1200,Gap_12_9mps,open_gap,100,1000,100,15381,8.964342948717949,0.008220199267992194,0.0036103719869333443,0.01165459505791945
g1200,Gap_12_9mps,open_gap,100,1000,100,15381,9.064503205128204,0.008134701585114151,0.003289520856897525,0.011487009667833205
g1200,Gap_12_9mps,open_gap,100,1000,100,15381,9.164663461538462,0.008073657160581296,0.0033243965923863876,0.01138472137681265
g1200,Gap_12_9mps,open_gap,100,1000,100,15381,9.264823717948717,0.008016713009148831,0.0033168216147876077,0.011184480167737253
g1200,Gap_12_9mps,open_gap,100,1000,100,15381,9.364983974358974,0.007974430742452193,0.0030272902856157496,0.010961011782240482
g1200,Gap_12_9mps,open_gap,100,1000,100,15381,9.46514423076923,0.00793394047779859,0.00309058916899877,0.011450776441312484
g1200,Gap_12_9mps,open_gap,100,1000,100,15381,9.565304487179487,0.007885957235567646,0.0031222518288511066,0.011341997168656246
g1200,Gap_12_9mps,open_gap,100,1000,100,15381,9.665464743589743,0.007891460474780513,0.003125264229569617,0.011296218774431176
g1200,Gap_12_9mps,open_gap,100,1000,100,15381,9.765625,0.007924781475243652,0.003052537469097806,0.011382315124463787
g1200,Gap_12_9mps,open_gap,100,1000,100,15381,9.865785256410257,0.007967499902842854,0.002954908684918013,0.010953390931675628
g1200,Gap_12_9mps,open_gap,100,1000,100,15381,9.965945512820513,0.008026946643727034,0.0027102643261859662,0.010944659870868047
g1200,Gap_12_9mps,open_gap,500,1000,100,15381,0.05008012820512821,0.0105133566512172,0.005010465258150601,0.01436251201047573
g1200,Gap_12_9mps,open_gap,500,1000,100,15381,0.1502403846153846,0.00927797962181453,0.003114590447256301,0.01324115751444464
g1200,Gap_12_9mps,open_gap,500,1000,100,15381,0.250400641025641,0.013559912068399831,0.006040138699805378,0.020192567842045393
g1200,Gap_12_9mps,open_gap,500,1000,100,15381,0.3505608974358974,0.016010835508108917,0.006834132684598854,0.02212399521721023
g1200,Gap_12_9mps,open_gap,500,1000,100,15381,0.45072115384615385,0.017542758961026975,0.008428983484431683,0.025168080456129373
g1200,Gap_12_9mps,open_gap,500,1000,100,15381,0.5508814102564102,0.01902976912899279,0.007951442256575217,0.028631846934639514
g1200,Gap_12_9mps,open_gap,500,1000,100,15381,0.6510416666666666,0.02048537375249844,0.009321811162286545,0.03017999954363289
g1200,Gap_12_9mps,open_gap,500,1000,100,15381,0.7512019230769231,0.021640253157903678,0.009635108334556084,0.031958469327397196
g1200,Gap_12_9mps,open_gap,500,1000,100,15381,0.8513621794871795,0.021732444677080166,0.011351309800766542,0.03206937561888233
g1200,Gap_12_9mps,open_gap,500,1000,100,15381,0.9515224358974359,0.021129299729826405,0.013171833315372628,0.03120154828362536
g1200,Gap_12_9mps,open_gap,500,1000,100,15381,1.0516826923076923,0.02025378564829085,0.01274825313572874,0.029078393824497506
g1200,Gap_12_9mps,open_gap,500,1000,100,15381,1.1518429487179487,0.019201158823371308,0.011459919276284293,0.02650962810279888
g1200,Gap_12_9mps,open_gap,500,1000,100,15381,1.252003205128205,0.018018911340095846,0.010809932107248302,0.024549112039494184
g1200,Gap_12_9mps,open_gap,500,1000,100,15381,1.3521634615384615,0.01674516420167044,0.010482941655132968,0.02356389395986875
g1200,Gap_12_9mps,open_gap,500,1000,100,15381,1.4523237179487178,0.015366004200498875,0.010321910116203748,0.021282040864464738
g1200,Gap_12_9mps,open_gap,500,1000,100,15381,1.5524839743589745,0.013958370025254857,0.009884592126392071,0.019408101316602987
g1200,Gap_12_9mps,open_gap,500,1000,100,15381,1.6526442307692308,0.012516844438819954,0.009066049878761267,0.016797993416101723
g1200,Gap_12_9mps,open_gap,500,1000,100,15381,1.7528044871794872,0.01107063008932274,0.007795828127742963,0.01527592040693922
g1200,Gap_12_9mps,open_gap,500,1000,100,15381,1.8529647435897436,0.009649798443561855,0.006359653603291335,0.013363190737564794
g1200,Gap_12_9mps,open_gap,500,1000,100,15381,1.953125,0.008248095031128708,0.005066418698803778,0.011111968701201338
g1200,Gap_12_9mps,open_gap,500,1000,100,15381,2.0532852564102564,0.006903454609313745,0.003991142296596814,0.009208421752480744
g1200,Gap_12_9mps,open_gap,500,1000,100,15381,2.1534455128205128,0.005709636767231595,0.0031456349352836158,0.00783528419886745
g1200,Gap_12_9mps,open_gap,500,1000,100,15381,2.253605769230769,0.004773343322907392,0.0025358790818487947,0.006674171905023202
g1200,Gap_12_9mps,open_gap,500,1000,100,15381,2.3537660256410255,0.00416588516680536,0.002014859690208147,0.006014338888544836
g1200,Gap_12_9mps,open_gap,500,1000,100,15381,2.453926282051282,0.0037843373243575734,0.0015119387567862847,0.005308367168303249
g1200,Gap_12_9mps,open_gap,500,1000,100,15381,2.5540865384615383,0.003466410292667578,0.0014809447977719285,0.0048371772971867585
g1200,Gap_12_9mps,open_gap,500,1000,100,15381,2.6542467948717947,0.0032461919709487015,0.001426089688741041,0.004798141305954732
g1200,Gap_12_9mps,open_gap,500,1000,100,15381,2.754407051282051,0.003144605022090049,0.0012584056879279082,0.004676593972966845
g1200,Gap_12_9mps,open_gap,500,1000,100,15381,2.8545673076923075,0.003180071233498195,0.0013559444993058581,0.0049520410233069925
g1200,Gap_12_9mps,open_gap,500,1000,100,15381,2.9547275641025643,0.003359551336203517,0.001055244910784938,0.005154303542772571
g1200,Gap_12_9mps,open_gap,500,1000,100,15381,3.0548878205128207,0.0036984402253471774,0.0014267899769413355,0.005330121169768847
g1200,Gap_12_9mps,open_gap,500,1000,100,15381,3.155048076923077,0.004122184417985216,0.0018499397241222805,0.00629321504296883
g1200,Gap_12_9mps,open_gap,500,1000,100,15381,3.2552083333333335,0.00453185085267665,0.0023013017383031295,0.007218401587308401
g1200,Gap_12_9mps,open_gap,500,1000,100,15381,3.35536858974359,0.004871878121051982,0.0021787262969491,0.007730380537425133
g1200,Gap_12_9mps,open_gap,500,1000,100,15381,3.4555288461538463,0.005221091532569727,0.0024811587166463423,0.008142351524541928
g1200,Gap_12_9mps,open_gap,500,1000,100,15381,3.5556891025641026,0.005611497127471062,0.0028893087515752293,0.00856070816856902
g1200,Gap_12_9mps,open_gap,500,1000,100,15381,3.655849358974359,0.005979640650619823,0.002980882944972095,0.00921166492513385
g1200,Gap_12_9mps,open_gap,500,1000,100,15381,3.7560096153846154,0.006408677803785907,0.002998302251352815,0.009885169683905261
g1200,Gap_12_9mps,open_gap,500,1000,100,15381,3.856169871794872,0.006929737284035073,0.003307748284053311,0.010371123303018655
g1200,Gap_12_9mps,open_gap,500,1000,100,15381,3.956330128205128,0.0073743585621745935,0.0036280011020076637,0.010779283732320398
g1200,Gap_12_9mps,open_gap,500,1000,100,15381,4.056490384615385,0.007655809402230952,0.003876455101609731,0.010902535428578235
g1200,Gap_12_9mps,open_gap,500,1000,100,15381,4.156650641025641,0.007838363636444311,0.004164293137566098,0.010873981138335351
g1200,Gap_12_9mps,open_gap,500,1000,100,15381,4.256810897435898,0.007934387833075181,0.0044006360073141695,0.01080334084820712
g1200,Gap_12_9mps,open_gap,500,1000,100,15381,4.356971153846154,0.007877448692967737,0.004567035366612692,0.010739601626148466
g1200,Gap_12_9mps,open_gap,500,1000,100,15381,4.457131410256411,0.007757812305458184,0.004416496583933692,0.010711862713389312
g1200,Gap_12_9mps,open_gap,500,1000,100,15381,4.557291666666667,0.00771689253096424,0.004581690564504246,0.01077760543043582
g1200,Gap_12_9mps,open_gap,500,1000,100,15381,4.657451923076923,0.00774552664277378,0.004604611548357723,0.010732915990386074
g1200,Gap_12_9mps,open_gap,500,1000,100,15381,4.75761217948718,0.007745967679600527,0.004339804315952131,0.010601389585199236
g1200,Gap_12_9mps,open_gap,500,1000,100,15381,4.857772435897436,0.007726535884346426,0.003908287773171278,0.0104616621224136
g1200,Gap_12_9mps,open_gap,500,1000,100,15381,4.9579326923076925,0.007744472866692775,0.00404461288081509,0.010179445374634109
g1200,Gap_12_9mps,open_gap,500,1000,100,15381,5.058092948717949,0.007831658497544483,0.004542250132075946,0.010006789508050196
g1200,Gap_12_9mps,open_gap,500,1000,100,15381,5.158253205128205,0.007947136559779001,0.004403338190634841,0.00982241412947514
g1200,Gap_12_9mps,open_gap,500,1000,100,15381,5.258413461538462,0.007974613570881597,0.004389383276108813,0.009702615208602354
g1200,Gap_12_9mps,open_gap,500,1000,100,15381,5.358573717948718,0.007868120720387048,0.004284383372096455,0.009570190373924536
g1200,Gap_12_9mps,open_gap,500,1000,100,15381,5.4587339743589745,0.007724309639071708,0.004265252530886538,0.009862480765874305
g1200,Gap_12_9mps,open_gap,500,1000,100,15381,5.558894230769231,0.007616158270086862,0.0042701575942410246,0.009728979629750887
g1200,Gap_12_9mps,open_gap,500,1000,100,15381,5.659054487179487,0.007525445926383921,0.004163596166228986,0.009493104895404805
g1200,Gap_12_9mps,open_gap,500,1000,100,15381,5.759214743589744,0.00741811885178207,0.0040649072249136645,0.009480077582155135
g1200,Gap_12_9mps,open_gap,500,1000,100,15381,5.859375,0.007303091938041048,0.003961759639112649,0.009660212600960704
g1200,Gap_12_9mps,open_gap,500,1000,100,15381,5.959535256410256,0.007209740399988718,0.0039276323671818564,0.009720998244087231
g1200,Gap_12_9mps,open_gap,500,1000,100,15381,6.059695512820513,0.007181001897688829,0.0037157711990793364,0.009669501082168736
g1200,Gap_12_9mps,open_gap,500,1000,100,15381,6.159855769230769,0.007198877860533883,0.0037951647242976945,0.009839947640467299
g1200,Gap_12_9mps,open_gap,500,1000,100,15381,6.2600160256410255,0.0071760593551047965,0.003710621397694668,0.009934891660352345
g1200,Gap_12_9mps,open_gap,500,1000,100,15381,6.360176282051282,0.007079626228606253,0.0036774216768324154,0.01006505497912316
g1200,Gap_12_9mps,open_gap,500,1000,100,15381,6.460336538461538,0.006864782903948298,0.003598697130327036,0.009903189796284354
g1200,Gap_12_9mps,open_gap,500,1000,100,15381,6.560496794871795,0.006527600800601422,0.00331130999529501,0.009572726773548222
g1200,Gap_12_9mps,open_gap,500,1000,100,15381,6.660657051282051,0.006175492601867847,0.0028935976499702377,0.008983784840282661
g1200,Gap_12_9mps,open_gap,500,1000,100,15381,6.7608173076923075,0.005876383625809299,0.002795459562820636,0.0083634700877253
g1200,Gap_12_9mps,open_gap,500,1000,100,15381,6.860977564102564,0.005668927367319217,0.002571157888155141,0.008235689422282814
g1200,Gap_12_9mps,open_gap,500,1000,100,15381,6.96113782051282,0.005504233389044203,0.0025126220413190068,0.008238904798046245
g1200,Gap_12_9mps,open_gap,500,1000,100,15381,7.061298076923077,0.005304818839562796,0.002309447741477554,0.007847240346170743
g1200,Gap_12_9mps,open_gap,500,1000,100,15381,7.161458333333333,0.005069739919332298,0.0020453472813247234,0.007520959941429546
g1200,Gap_12_9mps,open_gap,500,1000,100,15381,7.261618589743589,0.004823389917968656,0.0016697625944633871,0.007021730015970682
g1200,Gap_12_9mps,open_gap,500,1000,100,15381,7.361778846153846,0.004613632361895449,0.0017103015615604047,0.006520428023591747
g1200,Gap_12_9mps,open_gap,500,1000,100,15381,7.461939102564102,0.004488889264669619,0.001560479150820529,0.006582658383072963
g1200,Gap_12_9mps,open_gap,500,1000,100,15381,7.562099358974359,0.00448849859582081,0.00173991783181728,0.006604655682072414
g1200,Gap_12_9mps,open_gap,500,1000,100,15381,7.662259615384615,0.004533839921136299,0.001631925830779043,0.006520484599452123
g1200,Gap_12_9mps,open_gap,500,1000,100,15381,7.762419871794871,0.004546019706569507,0.001691175246015837,0.0066190064255476425
g1200,Gap_12_9mps,open_gap,500,1000,100,15381,7.862580128205129,0.0045283850863480956,0.0015460586567659072,0.0065892147226133254
g1200,Gap_12_9mps,open_gap,500,1000,100,15381,7.962740384615385,0.004517887203298262,0.0015643491734492947,0.006449528972616197
g1200,Gap_12_9mps,open_gap,500,1000,100,15381,8.06290064102564,0.004500047102566053,0.0016288161447611585,0.0064190477849780875
g1200,Gap_12_9mps,open_gap,500,1000,100,15381,8.163060897435898,0.004462755990291886,0.00183354089903023,0.006695817888990381
g1200,Gap_12_9mps,open_gap,500,1000,100,15381,8.263221153846153,0.004385952941203725,0.0018040553381899757,0.006842870426590066
g1200,Gap_12_9mps,open_gap,500,1000,100,15381,8.36338141025641,0.0042878415101369315,0.0016516650698519472,0.006312432187201435
g1200,Gap_12_9mps,open_gap,500,1000,100,15381,8.463541666666666,0.0041836279312818464,0.001797333239812564,0.0058877340083684105
g1200,Gap_12_9mps,open_gap,500,1000,100,15381,8.563701923076923,0.004092044265275434,0.0016581782459973867,0.005935940340223196
g1200,Gap_12_9mps,open_gap,500,1000,100,15381,8.663862179487179,0.0040106500491397315,0.0014018310894193904,0.005944515221921541
g1200,Gap_12_9mps,open_gap,500,1000,100,15381,8.764022435897436,0.003927074589690061,0.0014394402664683783,0.005743898690134451
g1200,Gap_12_9mps,open_gap,500,1000,100,15381,8.864182692307692,0.0038667636177168135,0.0011730108701942452,0.005754819634816793
g1200,Gap_12_9mps,open_gap,500,1000,100,15381,8.964342948717949,0.00383147524211106,0.0010946889809473857,0.005610408789843023
g1200,Gap_12_9mps,open_gap,500,1000,100,15381,9.064503205128204,0.003801801985544346,0.0011314924276646867,0.005764886026142231
g1200,Gap_12_9mps,open_gap,500,1000,100,15381,9.164663461538462,0.0037849340260024417,0.0010768366360571378,0.00585895446176001
g1200,Gap_12_9mps,open_gap,500,1000,100,15381,9.264823717948717,0.003762392763300351,0.001228964771239865,0.00569104664345675
g1200,Gap_12_9mps,open_gap,500,1000,100,15381,9.364983974358974,0.003744365031792708,0.001169056572820226,0.005480620124876897
g1200,Gap_12_9mps,open_gap,500,1000,100,15381,9.46514423076923,0.003747887293418456,0.0010963156590941968,0.005297459654116928
g1200,Gap_12_9mps,open_gap,500,1000,100,15381,9.565304487179487,0.0037598441470057527,0.0010859125453674206,0.005327493501544928
g1200,Gap_12_9mps,open_gap,500,1000,100,15381,9.665464743589743,0.0037605816315279235,0.001077592138680296,0.005246288887594613
g1200,Gap_12_9mps,open_gap,500,1000,100,15381,9.765625,0.0037556071656935663,0.0010246305954605484,0.005353655427331064
g1200,Gap_12_9mps,open_gap,500,1000,100,15381,9.865785256410257,0.0037806262902846583,0.0011087820123593457,0.0054616199064581655
g1200,Gap_12_9mps,open_gap,500,1000,100,15381,9.965945512820513,0.0038537677126730245,0.0011725457451244267,0.0055769264924873906
g800,Gap_8_9mps,forested,1,1000,100,50556,0.05008012820512821,1.0214600675895382,0.3305044608971902,0.8580736985769888
g800,Gap_8_9mps,forested,1,1000,100,50556,0.1502403846153846,0.8772626513041853,0.3680429424724159,0.899987590442177
g800,Gap_8_9mps,forested,1,1000,100,50556,0.250400641025641,1.0706853310877202,0.40712115459146375,0.779037102247975
g800,Gap_8_9mps,forested,1,1000,100,50556,0.3505608974358974,0.7303603898643855,0.21311317650126446,0.5588943526836022
g800,Gap_8_9mps,forested,1,1000,100,50556,0.45072115384615385,0.31888331646881357,0.0727687205928594,0.27054236774567453
g800,Gap_8_9mps,forested,1,1000,100,50556,0.5508814102564102,0.1882986987841832,0.042421653386627754,0.1777294989115989
g800,Gap_8_9mps,forested,1,1000,100,50556,0.6510416666666666,0.13512823994701426,0.035205624557343315,0.15508687888306094
g800,Gap_8_9mps,forested,1,1000,100,50556,0.7512019230769231,0.11969176548300403,0.026156187857233358,0.1360258314364949
g800,Gap_8_9mps,forested,1,1000,100,50556,0.8513621794871795,0.11729482500921076,0.030787444175096712,0.13221333911266653
g800,Gap_8_9mps,forested,1,1000,100,50556,0.9515224358974359,0.11000119051353317,0.026058955057142123,0.12052318172573942
g800,Gap_8_9mps,forested,1,1000,100,50556,1.0516826923076923,0.10934713961887081,0.02993775117981551,0.11772435105540854
g800,Gap_8_9mps,forested,1,1000,100,50556,1.1518429487179487,0.11062454782555439,0.027865434412369678,0.1194646415770579
g800,Gap_8_9mps,forested,1,1000,100,50556,1.252003205128205,0.1117820786016064,0.03148320219743122,0.12127805871216525
g800,Gap_8_9mps,forested,1,1000,100,50556,1.3521634615384615,0.11196472513252012,0.029536141973064103,0.11886471114560418
g800,Gap_8_9mps,forested,1,1000,100,50556,1.4523237179487178,0.11140760776689501,0.03103438995583139,0.13423698599367506
g800,Gap_8_9mps,forested,1,1000,100,50556,1.5524839743589745,0.1120276384578084,0.040532076428300326,0.13271332095843835
g800,Gap_8_9mps,forested,1,1000,100,50556,1.6526442307692308,0.11267220307623957,0.03975196245410548,0.14461771681929203
g800,Gap_8_9mps,forested,1,1000,100,50556,1.7528044871794872,0.1117557739728869,0.03466930696301116,0.1434931490916197
g800,Gap_8_9mps,forested,1,1000,100,50556,1.8529647435897436,0.10933804991330584,0.04275565054717764,0.14416972523041993
g800,Gap_8_9mps,forested,1,1000,100,50556,1.953125,0.10763032419567388,0.03860002008718523,0.14532624913301462
g800,Gap_8_9mps,forested,1,1000,100,50556,2.0532852564102564,0.10639257727410951,0.04021771128624418,0.1357825126179829
g800,Gap_8_9mps,forested,1,1000,100,50556,2.1534455128205128,0.10495857690944535,0.044081917890009564,0.14588468394843365
g800,Gap_8_9mps,forested,1,1000,100,50556,2.253605769230769,0.10226034102348816,0.036794843806536436,0.15222124628221972
g800,Gap_8_9mps,forested,1,1000,100,50556,2.3537660256410255,0.09888900778547068,0.035517331006226775,0.14692096255059162
g800,Gap_8_9mps,forested,1,1000,100,50556,2.453926282051282,0.09537409145749516,0.03626858045355752,0.14086041348003345
g800,Gap_8_9mps,forested,1,1000,100,50556,2.5540865384615383,0.09219053867265016,0.03330183139849017,0.14282064933080063
g800,Gap_8_9mps,forested,1,1000,100,50556,2.6542467948717947,0.08918719160583898,0.030331296196550693,0.12953129904450345
g800,Gap_8_9mps,forested,1,1000,100,50556,2.754407051282051,0.08636213156314954,0.03257312021758503,0.11765781719628579
g800,Gap_8_9mps,forested,1,1000,100,50556,2.8545673076923075,0.08529096931893956,0.033440074329467454,0.12060229647183066
g800,Gap_8_9mps,forested,1,1000,100,50556,2.9547275641025643,0.0846505781901607,0.032847431346887654,0.12007210314609443
g800,Gap_8_9mps,forested,1,1000,100,50556,3.0548878205128207,0.08426513676910602,0.03039918378709515,0.12510707494187406
g800,Gap_8_9mps,forested,1,1000,100,50556,3.155048076923077,0.08507853623393392,0.035584977362341806,0.12094049865293005
g800,Gap_8_9mps,forested,1,1000,100,50556,3.2552083333333335,0.08686770561793347,0.03606734828143965,0.11974727287747008
g800,Gap_8_9mps,forested,1,1000,100,50556,3.35536858974359,0.08853262615057841,0.038261922985296425,0.12213549169335734
g800,Gap_8_9mps,forested,1,1000,100,50556,3.4555288461538463,0.08926643280643048,0.03545600220276993,0.11972580642704993
g800,Gap_8_9mps,forested,1,1000,100,50556,3.5556891025641026,0.08891735742627777,0.039025039217543474,0.12389724848616292
g800,Gap_8_9mps,forested,1,1000,100,50556,3.655849358974359,0.08759970996135684,0.04279237624321271,0.1234378035985493
g800,Gap_8_9mps,forested,1,1000,100,50556,3.7560096153846154,0.08610206274164009,0.035028966033050495,0.12673434799670413
g800,Gap_8_9mps,forested,1,1000,100,50556,3.856169871794872,0.08459596233171465,0.030088923501889044,0.12602644218181477
g800,Gap_8_9mps,forested,1,1000,100,50556,3.956330128205128,0.08361711641308696,0.029223993955073795,0.12966732927153823
g800,Gap_8_9mps,forested,1,1000,100,50556,4.056490384615385,0.08227487146059342,0.03202499266979682,0.12359806267704418
g800,Gap_8_9mps,forested,1,1000,100,50556,4.156650641025641,0.0806914688485624,0.03399248938071388,0.11993241448690581
g800,Gap_8_9mps,forested,1,1000,100,50556,4.256810897435898,0.07932280795715078,0.03794840403372913,0.11222628471688392
g800,Gap_8_9mps,forested,1,1000,100,50556,4.356971153846154,0.07823305187242684,0.03886237824930404,0.11552744731490293
g800,Gap_8_9mps,forested,1,1000,100,50556,4.457131410256411,0.07760614980225913,0.03301876873210757,0.12024039748928872
g800,Gap_8_9mps,forested,1,1000,100,50556,4.557291666666667,0.07726437296206382,0.0331845794601892,0.12111257129417573
g800,Gap_8_9mps,forested,1,1000,100,50556,4.657451923076923,0.07756623104320458,0.03193993311753121,0.12090086604506364
g800,Gap_8_9mps,forested,1,1000,100,50556,4.75761217948718,0.07736980479414331,0.030862506063119285,0.12040956279980208
g800,Gap_8_9mps,forested,1,1000,100,50556,4.857772435897436,0.07711601953141077,0.030038037140577074,0.11735922358089906
g800,Gap_8_9mps,forested,1,1000,100,50556,4.9579326923076925,0.07687137090974926,0.03294991944670846,0.11802905588427377
g800,Gap_8_9mps,forested,1,1000,100,50556,5.058092948717949,0.07677816875092595,0.02966466526341363,0.11452081124345773
g800,Gap_8_9mps,forested,1,1000,100,50556,5.158253205128205,0.07669078665686319,0.02958704831764107,0.11476818042610137
g800,Gap_8_9mps,forested,1,1000,100,50556,5.258413461538462,0.07613500166421398,0.02967675427512795,0.11536031474932838
g800,Gap_8_9mps,forested,1,1000,100,50556,5.358573717948718,0.07613079792232746,0.02771898644186524,0.11183394908945814
g800,Gap_8_9mps,forested,1,1000,100,50556,5.4587339743589745,0.07607597393634537,0.029420393747717453,0.11259499186281263
g800,Gap_8_9mps,forested,1,1000,100,50556,5.558894230769231,0.07616216029828961,0.03242266283211168,0.10781631658777564
g800,Gap_8_9mps,forested,1,1000,100,50556,5.659054487179487,0.07730489388008865,0.03208794407570414,0.10643142195359213
g800,Gap_8_9mps,forested,1,1000,100,50556,5.759214743589744,0.07909446883246096,0.030123732035769096,0.10473960993084397
g800,Gap_8_9mps,forested,1,1000,100,50556,5.859375,0.08045832333801199,0.0368910515303353,0.11373247658462049
g800,Gap_8_9mps,forested,1,1000,100,50556,5.959535256410256,0.08188945231547874,0.036928370169831456,0.11764809751211913
g800,Gap_8_9mps,forested,1,1000,100,50556,6.059695512820513,0.0833039238785396,0.038025903171628544,0.1160733247939915
g800,Gap_8_9mps,forested,1,1000,100,50556,6.159855769230769,0.08465666178408693,0.03996006637745257,0.1193485707168794
g800,Gap_8_9mps,forested,1,1000,100,50556,6.2600160256410255,0.08570491849846279,0.03528624246011245,0.1234528718699249
g800,Gap_8_9mps,forested,1,1000,100,50556,6.360176282051282,0.08674271767261993,0.03822348970935363,0.1260984875816055
g800,Gap_8_9mps,forested,1,1000,100,50556,6.460336538461538,0.0878327266229578,0.04180134016781288,0.1229134690758193
g800,Gap_8_9mps,forested,1,1000,100,50556,6.560496794871795,0.08868576970440038,0.03878925303534986,0.11959777759369032
g800,Gap_8_9mps,forested,1,1000,100,50556,6.660657051282051,0.08897693112647694,0.03604415025019461,0.12421101241777294
g800,Gap_8_9mps,forested,1,1000,100,50556,6.7608173076923075,0.08920458427545523,0.03809446105906719,0.12799146192274288
g800,Gap_8_9mps,forested,1,1000,100,50556,6.860977564102564,0.08952691377950389,0.03634811458133591,0.13003738505867943
g800,Gap_8_9mps,forested,1,1000,100,50556,6.96113782051282,0.08996241894982285,0.03565406367332604,0.1278350223242512
g800,Gap_8_9mps,forested,1,1000,100,50556,7.061298076923077,0.09075363916554613,0.03800628806154074,0.1260346393721648
g800,Gap_8_9mps,forested,1,1000,100,50556,7.161458333333333,0.0915136417595681,0.04154878538352791,0.1208753832141693
g800,Gap_8_9mps,forested,1,1000,100,50556,7.261618589743589,0.09251773495452097,0.04566881366678043,0.1245955450868908
g800,Gap_8_9mps,forested,1,1000,100,50556,7.361778846153846,0.09332608686076137,0.04862104224875115,0.12472904240634945
g800,Gap_8_9mps,forested,1,1000,100,50556,7.461939102564102,0.09404636718736567,0.04222620794422937,0.13004569420356082
g800,Gap_8_9mps,forested,1,1000,100,50556,7.562099358974359,0.09489882822822521,0.047179356313110765,0.13104793166978304
g800,Gap_8_9mps,forested,1,1000,100,50556,7.662259615384615,0.09553191267246383,0.043094415614577886,0.13497903273361755
g800,Gap_8_9mps,forested,1,1000,100,50556,7.762419871794871,0.09604861163681586,0.04464517063843586,0.1375264732747112
g800,Gap_8_9mps,forested,1,1000,100,50556,7.862580128205129,0.09683353943020444,0.04458553844099159,0.13868258248449183
g800,Gap_8_9mps,forested,1,1000,100,50556,7.962740384615385,0.09708726438233137,0.04286283789191488,0.13691873797917362
g800,Gap_8_9mps,forested,1,1000,100,50556,8.06290064102564,0.09675843870531944,0.0434908270706432,0.12973694884149886
g800,Gap_8_9mps,forested,1,1000,100,50556,8.163060897435898,0.09622967885638282,0.0464680219557144,0.12600936728214432
g800,Gap_8_9mps,forested,1,1000,100,50556,8.263221153846153,0.09597668511895582,0.04751604475231649,0.12868887242002688
g800,Gap_8_9mps,forested,1,1000,100,50556,8.36338141025641,0.09590927723073546,0.04708185996967389,0.1306714873722264
g800,Gap_8_9mps,forested,1,1000,100,50556,8.463541666666666,0.09578776931984963,0.04354030625517987,0.13438554264393782
g800,Gap_8_9mps,forested,1,1000,100,50556,8.563701923076923,0.09562869707846744,0.042148484840865454,0.13747651436174646
g800,Gap_8_9mps,forested,1,1000,100,50556,8.663862179487179,0.09536532228571033,0.04083943784955442,0.1377918728280134
g800,Gap_8_9mps,forested,1,1000,100,50556,8.764022435897436,0.0951452159239554,0.03840817762080296,0.13987729304230626
g800,Gap_8_9mps,forested,1,1000,100,50556,8.864182692307692,0.09501948563111619,0.03849625860536216,0.14197540660610336
g800,Gap_8_9mps,forested,1,1000,100,50556,8.964342948717949,0.0949920916819548,0.03923098115694174,0.14231234337662907
g800,Gap_8_9mps,forested,1,1000,100,50556,9.064503205128204,0.09497368062045496,0.03910336020448982,0.1401082337440449
g800,Gap_8_9mps,forested,1,1000,100,50556,9.164663461538462,0.09486775846842843,0.03946821655121357,0.14037985418443458
g800,Gap_8_9mps,forested,1,1000,100,50556,9.264823717948717,0.09482837701149992,0.03680807484695798,0.14214845558170272
g800,Gap_8_9mps,forested,1,1000,100,50556,9.364983974358974,0.09519088890557788,0.039365909348839614,0.14273422700464977
g800,Gap_8_9mps,forested,1,1000,100,50556,9.46514423076923,0.09565213112882301,0.042129486778015736,0.138043199657147
g800,Gap_8_9mps,forested,1,1000,100,50556,9.565304487179487,0.09612888882741949,0.0385045411672266,0.13715885809501982
g800,Gap_8_9mps,forested,1,1000,100,50556,9.665464743589743,0.09655428809970223,0.03468002743261549,0.14073921585910426
g800,Gap_8_9mps,forested,1,1000,100,50556,9.765625,0.09695156627766421,0.03697419268790195,0.14777443392848472
g800,Gap_8_9mps,forested,1,1000,100,50556,9.865785256410257,0.0974303622488064,0.04331370212499681,0.14365579121525435
g800,Gap_8_9mps,forested,1,1000,100,50556,9.965945512820513,0.09813602498528176,0.04126564325817442,0.1511083350297062
g800,Gap_8_9mps,forested,10,1000,100,50556,0.05008012820512821,0.29442978490866756,0.15503339383886738,0.4083210549440682
g800,Gap_8_9mps,forested,10,1000,100,50556,0.1502403846153846,0.2783222550265681,0.15930204640147966,0.3819489351890775
g800,Gap_8_9mps,forested,10,1000,100,50556,0.250400641025641,0.4365612042073742,0.21565504217293244,0.5169913230981565
g800,Gap_8_9mps,forested,10,1000,100,50556,0.3505608974358974,0.29014886292401554,0.10478815379586508,0.31864105020033995
g800,Gap_8_9mps,forested,10,1000,100,50556,0.45072115384615385,0.11786814209318558,0.03920952899434208,0.12688480913209763
g800,Gap_8_9mps,forested,10,1000,100,50556,0.5508814102564102,0.06674357526794039,0.02333256824421065,0.09391032294105181
g800,Gap_8_9mps,forested,10,1000,100,50556,0.6510416666666666,0.04776373759487308,0.015694847859630823,0.06467446065149164
g800,Gap_8_9mps,forested,10,1000,100,50556,0.7512019230769231,0.042897315443477545,0.01872543663315232,0.05772572691172248
g800,Gap_8_9mps,forested,10,1000,100,50556,0.8513621794871795,0.03988280358732565,0.01821934709236813,0.05810689383122877
g800,Gap_8_9mps,forested,10,1000,100,50556,0.9515224358974359,0.03599038788279423,0.014030396590234353,0.050596017848708645
g800,Gap_8_9mps,forested,10,1000,100,50556,1.0516826923076923,0.035002277371864836,0.01593680614192131,0.05068627229939063
g800,Gap_8_9mps,forested,10,1000,100,50556,1.1518429487179487,0.036376157489158845,0.015248263906491148,0.05536206961579754
g800,Gap_8_9mps,forested,10,1000,100,50556,1.252003205128205,0.037160604395994196,0.01187982996786905,0.05495079880499727
g800,Gap_8_9mps,forested,10,1000,100,50556,1.3521634615384615,0.03730854706935017,0.011695396614911664,0.05510207411948213
g800,Gap_8_9mps,forested,10,1000,100,50556,1.4523237179487178,0.03762553593190399,0.01374080653505389,0.05707301116141682
g800,Gap_8_9mps,forested,10,1000,100,50556,1.5524839743589745,0.037224041840205786,0.015069706799287555,0.0533599551011985
g800,Gap_8_9mps,forested,10,1000,100,50556,1.6526442307692308,0.03599747214545452,0.015090044738714137,0.05019246344495052
g800,Gap_8_9mps,forested,10,1000,100,50556,1.7528044871794872,0.03419423330998124,0.014784515749188175,0.050499124886717914
g800,Gap_8_9mps,forested,10,1000,100,50556,1.8529647435897436,0.03254829468966354,0.011968825464448761,0.04587943056201383
g800,Gap_8_9mps,forested,10,1000,100,50556,1.953125,0.031004550747111045,0.014723958294688665,0.043482403410148814
g800,Gap_8_9mps,forested,10,1000,100,50556,2.0532852564102564,0.029995489775005452,0.013692691712743524,0.04278177448282517
g800,Gap_8_9mps,forested,10,1000,100,50556,2.1534455128205128,0.029139825558493423,0.012353790273471402,0.0409117125447878
g800,Gap_8_9mps,forested,10,1000,100,50556,2.253605769230769,0.028978059354357922,0.012747417505180839,0.03998291536955018
g800,Gap_8_9mps,forested,10,1000,100,50556,2.3537660256410255,0.029325755062459567,0.013312641440486765,0.041781769448996586
g800,Gap_8_9mps,forested,10,1000,100,50556,2.453926282051282,0.029677909721692673,0.01367342411118004,0.04216235174650029
g800,Gap_8_9mps,forested,10,1000,100,50556,2.5540865384615383,0.030388876906369596,0.014989017251530408,0.04260509722817443
g800,Gap_8_9mps,forested,10,1000,100,50556,2.6542467948717947,0.03077422490749099,0.01484938598594497,0.04576892749131284
g800,Gap_8_9mps,forested,10,1000,100,50556,2.754407051282051,0.030937804718471677,0.012677469037634444,0.04632718810423221
g800,Gap_8_9mps,forested,10,1000,100,50556,2.8545673076923075,0.031070285908019545,0.0104539736600844,0.04547146395320044
g800,Gap_8_9mps,forested,10,1000,100,50556,2.9547275641025643,0.031182746322002342,0.011990277614403426,0.04488264103660041
g800,Gap_8_9mps,forested,10,1000,100,50556,3.0548878205128207,0.03114530716168638,0.010326064245551323,0.04679074893664812
g800,Gap_8_9mps,forested,10,1000,100,50556,3.155048076923077,0.03088833408599267,0.010895635022831121,0.04805559651068936
g800,Gap_8_9mps,forested,10,1000,100,50556,3.2552083333333335,0.030545785808452335,0.011484823757675339,0.04534881841415589
g800,Gap_8_9mps,forested,10,1000,100,50556,3.35536858974359,0.03026916759575044,0.011358559824693224,0.045436666861513486
g800,Gap_8_9mps,forested,10,1000,100,50556,3.4555288461538463,0.029863615640387805,0.01318603254846154,0.04278829273687859
g800,Gap_8_9mps,forested,10,1000,100,50556,3.5556891025641026,0.029320351987230535,0.01384148885865358,0.04091313639841578
g800,Gap_8_9mps,forested,10,1000,100,50556,3.655849358974359,0.028776422111329577,0.01217376394688282,0.04078255472080536
g800,Gap_8_9mps,forested,10,1000,100,50556,3.7560096153846154,0.028302335481703154,0.01012578199534946,0.039709491491637175
g800,Gap_8_9mps,forested,10,1000,100,50556,3.856169871794872,0.027789341605738448,0.009970383007829348,0.037184049277499256
g800,Gap_8_9mps,forested,10,1000,100,50556,3.956330128205128,0.02726082962273793,0.011489843180558172,0.036017978448025664
g800,Gap_8_9mps,forested,10,1000,100,50556,4.056490384615385,0.02681264487481958,0.011535593410715313,0.0352086404555905
g800,Gap_8_9mps,forested,10,1000,100,50556,4.156650641025641,0.026420470753991232,0.011804438787170156,0.03340374383438223
g800,Gap_8_9mps,forested,10,1000,100,50556,4.256810897435898,0.025871286582037505,0.011455475712402333,0.03222370934009253
g800,Gap_8_9mps,forested,10,1000,100,50556,4.356971153846154,0.025285526110916758,0.010962821564668643,0.03209503205679953
g800,Gap_8_9mps,forested,10,1000,100,50556,4.457131410256411,0.024631540948272676,0.01043011162808098,0.03273601435064932
g800,Gap_8_9mps,forested,10,1000,100,50556,4.557291666666667,0.024085442401716076,0.009567134815342977,0.030059840719309727
g800,Gap_8_9mps,forested,10,1000,100,50556,4.657451923076923,0.02376808688930468,0.010453081378873616,0.03114378387856656
g800,Gap_8_9mps,forested,10,1000,100,50556,4.75761217948718,0.0235633177064863,0.009085739788528023,0.030145610113061952
g800,Gap_8_9mps,forested,10,1000,100,50556,4.857772435897436,0.02342826275981778,0.0095998765335426,0.03015417373157951
g800,Gap_8_9mps,forested,10,1000,100,50556,4.9579326923076925,0.023396861255208477,0.010081898074038663,0.031676658059456825
g800,Gap_8_9mps,forested,10,1000,100,50556,5.058092948717949,0.02342313513102352,0.009782570645475226,0.032821186189810246
g800,Gap_8_9mps,forested,10,1000,100,50556,5.158253205128205,0.023407903727208083,0.010085403916714688,0.034272865120054744
g800,Gap_8_9mps,forested,10,1000,100,50556,5.258413461538462,0.02341575578668843,0.009266255507756853,0.035154019934004826
g800,Gap_8_9mps,forested,10,1000,100,50556,5.358573717948718,0.023510223947823886,0.009290169440663486,0.03482366916922214
g800,Gap_8_9mps,forested,10,1000,100,50556,5.4587339743589745,0.02357244209195557,0.008917642626310607,0.033071523797326266
g800,Gap_8_9mps,forested,10,1000,100,50556,5.558894230769231,0.023546355970481114,0.009286711264490072,0.0338435840481465
g800,Gap_8_9mps,forested,10,1000,100,50556,5.659054487179487,0.023598395920447834,0.0077638048619319885,0.035467386828627295
g800,Gap_8_9mps,forested,10,1000,100,50556,5.759214743589744,0.02398073318160987,0.008757669171300893,0.03550763770473464
g800,Gap_8_9mps,forested,10,1000,100,50556,5.859375,0.02433839773905786,0.008726352280081794,0.03429449984896427
g800,Gap_8_9mps,forested,10,1000,100,50556,5.959535256410256,0.024731458744945582,0.010497266748533374,0.032741961571262405
g800,Gap_8_9mps,forested,10,1000,100,50556,6.059695512820513,0.025227543791790586,0.011303412289185667,0.03388189193799058
g800,Gap_8_9mps,forested,10,1000,100,50556,6.159855769230769,0.025614713897858774,0.01225795085547267,0.03387426878169944
g800,Gap_8_9mps,forested,10,1000,100,50556,6.2600160256410255,0.02580530872722776,0.013378869160674912,0.03299786730389008
g800,Gap_8_9mps,forested,10,1000,100,50556,6.360176282051282,0.025916740345821348,0.011998056831939333,0.032048570272661926
g800,Gap_8_9mps,forested,10,1000,100,50556,6.460336538461538,0.026017379455698063,0.011704008659324036,0.032616607795206504
g800,Gap_8_9mps,forested,10,1000,100,50556,6.560496794871795,0.026192110143131192,0.012276677847663696,0.03386740075533806
g800,Gap_8_9mps,forested,10,1000,100,50556,6.660657051282051,0.02648453027518153,0.012645006920031978,0.03428114003236776
g800,Gap_8_9mps,forested,10,1000,100,50556,6.7608173076923075,0.02679744553708565,0.011471681450413893,0.0351419260021536
g800,Gap_8_9mps,forested,10,1000,100,50556,6.860977564102564,0.02704500406951803,0.010042648491556522,0.03671325734058058
g800,Gap_8_9mps,forested,10,1000,100,50556,6.96113782051282,0.02723712397591274,0.01049109948043436,0.03678797853443478
g800,Gap_8_9mps,forested,10,1000,100,50556,7.061298076923077,0.027486376959497807,0.010651274889590058,0.0386358578855388
g800,Gap_8_9mps,forested,10,1000,100,50556,7.161458333333333,0.027595797864523642,0.011162526803633688,0.03723298855686168
g800,Gap_8_9mps,forested,10,1000,100,50556,7.261618589743589,0.027628550184811928,0.01186270686895986,0.03746325444544676
g800,Gap_8_9mps,forested,10,1000,100,50556,7.361778846153846,0.02773350479604629,0.011822974318410085,0.03679193118845366
g800,Gap_8_9mps,forested,10,1000,100,50556,7.461939102564102,0.02785391022556958,0.011424655520014402,0.03596079452881468
g800,Gap_8_9mps,forested,10,1000,100,50556,7.562099358974359,0.02797505409574874,0.011887663199045011,0.03476909391666612
g800,Gap_8_9mps,forested,10,1000,100,50556,7.662259615384615,0.028110267706709133,0.012923353693247446,0.03504801850620463
g800,Gap_8_9mps,forested,10,1000,100,50556,7.762419871794871,0.02825515016835169,0.013301447001217208,0.03611853048587089
g800,Gap_8_9mps,forested,10,1000,100,50556,7.862580128205129,0.028364419019079913,0.013482385734582216,0.03750220688773158
g800,Gap_8_9mps,forested,10,1000,100,50556,7.962740384615385,0.028485888549985683,0.01414362774269297,0.038909074004604666
g800,Gap_8_9mps,forested,10,1000,100,50556,8.06290064102564,0.02856231444568447,0.012813829311934718,0.03873207183609574
g800,Gap_8_9mps,forested,10,1000,100,50556,8.163060897435898,0.028539567000929654,0.012717781736622916,0.03992753105559802
g800,Gap_8_9mps,forested,10,1000,100,50556,8.263221153846153,0.028504365890073685,0.012759411334803818,0.03980733471035457
g800,Gap_8_9mps,forested,10,1000,100,50556,8.36338141025641,0.028569755912640892,0.013906122722141477,0.040326974466466714
g800,Gap_8_9mps,forested,10,1000,100,50556,8.463541666666666,0.028767734191552173,0.013097814466712876,0.04168614341663137
g800,Gap_8_9mps,forested,10,1000,100,50556,8.563701923076923,0.028871424573198114,0.011973730343234911,0.04388083353434211
g800,Gap_8_9mps,forested,10,1000,100,50556,8.663862179487179,0.028874390670981263,0.011997408405389171,0.04638345537973
g800,Gap_8_9mps,forested,10,1000,100,50556,8.764022435897436,0.028932632692428142,0.010945638578318723,0.04653606219030529
g800,Gap_8_9mps,forested,10,1000,100,50556,8.864182692307692,0.02913085023073301,0.010288885414933826,0.04598295018490515
g800,Gap_8_9mps,forested,10,1000,100,50556,8.964342948717949,0.029371976626208992,0.009796538496305539,0.046610429774310076
g800,Gap_8_9mps,forested,10,1000,100,50556,9.064503205128204,0.029625176911557943,0.009924744167183648,0.046147247175208135
g800,Gap_8_9mps,forested,10,1000,100,50556,9.164663461538462,0.02984764334962117,0.011020453535774324,0.045170051063149114
g800,Gap_8_9mps,forested,10,1000,100,50556,9.264823717948717,0.030104447773050862,0.011171105737633578,0.045048810869387154
g800,Gap_8_9mps,forested,10,1000,100,50556,9.364983974358974,0.030463393226485534,0.012305992530302094,0.04424763217790923
g800,Gap_8_9mps,forested,10,1000,100,50556,9.46514423076923,0.030771593386778897,0.013298297072448544,0.04339219181181391
g800,Gap_8_9mps,forested,10,1000,100,50556,9.565304487179487,0.031079481267801974,0.012891242277296027,0.042883409572289984
g800,Gap_8_9mps,forested,10,1000,100,50556,9.665464743589743,0.031418784603301546,0.013759899404645252,0.042789528186832376
g800,Gap_8_9mps,forested,10,1000,100,50556,9.765625,0.031678557948864594,0.014291241573966815,0.042861691888835235
g800,Gap_8_9mps,forested,10,1000,100,50556,9.865785256410257,0.03187968963215552,0.013815637260196158,0.04555094689533985
g800,Gap_8_9mps,forested,10,1000,100,50556,9.965945512820513,0.032011994291655695,0.014717987514141983,0.046917780414622384
g800,Gap_8_9mps,forested,50,1000,100,50556,0.05008012820512821,0.14793110885836552,0.03914074821162701,0.21711605653607344
g800,Gap_8_9mps,forested,50,1000,100,50556,0.1502403846153846,0.13141194072243242,0.04866982886793715,0.1901640032079808
g800,Gap_8_9mps,forested,50,1000,100,50556,0.250400641025641,0.23820054087433604,0.10445044501639296,0.30945990311149585
g800,Gap_8_9mps,forested,50,1000,100,50556,0.3505608974358974,0.18236392250619912,0.06346972003868755,0.2416373524293417
g800,Gap_8_9mps,forested,50,1000,100,50556,0.45072115384615385,0.07033453305338248,0.02688894375283435,0.09479384970984837
g800,Gap_8_9mps,forested,50,1000,100,50556,0.5508814102564102,0.033906163685065584,0.016652791668781794,0.043605799323542145
g800,Gap_8_9mps,forested,50,1000,100,50556,0.6510416666666666,0.02147109026238693,0.008752815539761729,0.03033490805098387
g800,Gap_8_9mps,forested,50,1000,100,50556,0.7512019230769231,0.018023223320166162,0.006508470668968515,0.025240951282281578
g800,Gap_8_9mps,forested,50,1000,100,50556,0.8513621794871795,0.016329711116371028,0.004861240258677832,0.026038042104867175
g800,Gap_8_9mps,forested,50,1000,100,50556,0.9515224358974359,0.015730461116502358,0.006890360455132636,0.02385144060370996
g800,Gap_8_9mps,forested,50,1000,100,50556,1.0516826923076923,0.01625429157138384,0.00794374993161971,0.02337910566012529
g800,Gap_8_9mps,forested,50,1000,100,50556,1.1518429487179487,0.01671862151863101,0.005977183066164343,0.02462560882181906
g800,Gap_8_9mps,forested,50,1000,100,50556,1.252003205128205,0.017278562733879465,0.005445201775559321,0.02554795299495486
g800,Gap_8_9mps,forested,50,1000,100,50556,1.3521634615384615,0.017385622335927126,0.005316364032062528,0.028204506752674535
g800,Gap_8_9mps,forested,50,1000,100,50556,1.4523237179487178,0.017019779699797174,0.004593909705781163,0.027646408229651084
g800,Gap_8_9mps,forested,50,1000,100,50556,1.5524839743589745,0.016590558020326954,0.005039766149199568,0.02545909414337009
g800,Gap_8_9mps,forested,50,1000,100,50556,1.6526442307692308,0.01602609282742855,0.00642713544216,0.02445699800256914
g800,Gap_8_9mps,forested,50,1000,100,50556,1.7528044871794872,0.015558985266991477,0.005356441979018817,0.022780923149988697
g800,Gap_8_9mps,forested,50,1000,100,50556,1.8529647435897436,0.015325447756054177,0.006887832476032008,0.022360250917892944
g800,Gap_8_9mps,forested,50,1000,100,50556,1.953125,0.015165829791316303,0.0069081699719772795,0.023497367762288585
g800,Gap_8_9mps,forested,50,1000,100,50556,2.0532852564102564,0.015120601840812334,0.006793178576156568,0.02134086567517867
g800,Gap_8_9mps,forested,50,1000,100,50556,2.1534455128205128,0.01535465317274915,0.006968116216539589,0.022864776896978745
g800,Gap_8_9mps,forested,50,1000,100,50556,2.253605769230769,0.015819118259091113,0.006628591306166574,0.022777200278348037
g800,Gap_8_9mps,forested,50,1000,100,50556,2.3537660256410255,0.01622258671157446,0.006650356927938848,0.024674356658306716
g800,Gap_8_9mps,forested,50,1000,100,50556,2.453926282051282,0.01636446496051002,0.005235068260723696,0.025910198609659096
g800,Gap_8_9mps,forested,50,1000,100,50556,2.5540865384615383,0.01632609720278258,0.004371480053027492,0.025630134111116507
g800,Gap_8_9mps,forested,50,1000,100,50556,2.6542467948717947,0.016272286455899253,0.0048619783485220665,0.02576852951012799
g800,Gap_8_9mps,forested,50,1000,100,50556,2.754407051282051,0.01625330641727463,0.00570369529421557,0.02622380352125741
g800,Gap_8_9mps,forested,50,1000,100,50556,2.8545673076923075,0.016126686842226973,0.006015370762238035,0.025415700592941397
g800,Gap_8_9mps,forested,50,1000,100,50556,2.9547275641025643,0.015830767623798064,0.005694490312918839,0.022637427314157004
g800,Gap_8_9mps,forested,50,1000,100,50556,3.0548878205128207,0.015463772003359487,0.005824838541239226,0.022510573280062344
g800,Gap_8_9mps,forested,50,1000,100,50556,3.155048076923077,0.015072965478422296,0.005722689200518292,0.02349457514747665
g800,Gap_8_9mps,forested,50,1000,100,50556,3.2552083333333335,0.014616777608858546,0.0060592317933196235,0.02060843129023797
g800,Gap_8_9mps,forested,50,1000,100,50556,3.35536858974359,0.014115450853400874,0.005106527679138542,0.019373816241364653
g800,Gap_8_9mps,forested,50,1000,100,50556,3.4555288461538463,0.013676133144556178,0.0043764954967689,0.019661685718829966
g800,Gap_8_9mps,forested,50,1000,100,50556,3.5556891025641026,0.013453093944331805,0.004763951008637806,0.019424686236057948
g800,Gap_8_9mps,forested,50,1000,100,50556,3.655849358974359,0.013304374667656702,0.005334229102769235,0.019933074241512968
g800,Gap_8_9mps,forested,50,1000,100,50556,3.7560096153846154,0.013062532095012274,0.005466009254791859,0.019532515762732544
g800,Gap_8_9mps,forested,50,1000,100,50556,3.856169871794872,0.012705024872978135,0.004197815925056762,0.01781700755206751
g800,Gap_8_9mps,forested,50,1000,100,50556,3.956330128205128,0.012370627612667577,0.004019750857390841,0.016504574003023936
g800,Gap_8_9mps,forested,50,1000,100,50556,4.056490384615385,0.011992287263154487,0.0037207357649713547,0.01642319619323322
g800,Gap_8_9mps,forested,50,1000,100,50556,4.156650641025641,0.01167845465187928,0.004025426798689622,0.01606975085342044
g800,Gap_8_9mps,forested,50,1000,100,50556,4.256810897435898,0.01144560949260345,0.004507821292521948,0.015574706633274666
g800,Gap_8_9mps,forested,50,1000,100,50556,4.356971153846154,0.011244894104796519,0.004125321031413225,0.0148858925919126
g800,Gap_8_9mps,forested,50,1000,100,50556,4.457131410256411,0.011060326790234004,0.005140655354699114,0.014339547677994675
g800,Gap_8_9mps,forested,50,1000,100,50556,4.557291666666667,0.010861706397339282,0.004674980794139147,0.013768852585351345
g800,Gap_8_9mps,forested,50,1000,100,50556,4.657451923076923,0.010725563654647689,0.00562521333839568,0.013971627322763757
g800,Gap_8_9mps,forested,50,1000,100,50556,4.75761217948718,0.010630489189933314,0.005792811491628401,0.014135020942737365
g800,Gap_8_9mps,forested,50,1000,100,50556,4.857772435897436,0.01065955204329435,0.004953001019417759,0.014806089492340807
g800,Gap_8_9mps,forested,50,1000,100,50556,4.9579326923076925,0.010668003029334456,0.004715129385886804,0.01466368513566025
g800,Gap_8_9mps,forested,50,1000,100,50556,5.058092948717949,0.010559226697027557,0.0048024942499592,0.014695457935870175
g800,Gap_8_9mps,forested,50,1000,100,50556,5.158253205128205,0.010447991624888292,0.004220103904594306,0.014928725645178937
g800,Gap_8_9mps,forested,50,1000,100,50556,5.258413461538462,0.010424303009055074,0.0037916523913301423,0.015151859495711337
g800,Gap_8_9mps,forested,50,1000,100,50556,5.358573717948718,0.010472185034697457,0.004347452264585608,0.015408543836844679
g800,Gap_8_9mps,forested,50,1000,100,50556,5.4587339743589745,0.010552583766147944,0.004085918776068828,0.014897292946919738
g800,Gap_8_9mps,forested,50,1000,100,50556,5.558894230769231,0.010649029950768621,0.004604285222440811,0.01501466745869535
g800,Gap_8_9mps,forested,50,1000,100,50556,5.659054487179487,0.010717764756369631,0.004193829234243153,0.014654850405995939
g800,Gap_8_9mps,forested,50,1000,100,50556,5.759214743589744,0.01073601598284403,0.004076417322496912,0.014701792694386203
g800,Gap_8_9mps,forested,50,1000,100,50556,5.859375,0.010760675328470243,0.004358778630190355,0.01477677022418546
g800,Gap_8_9mps,forested,50,1000,100,50556,5.959535256410256,0.010884499943928438,0.004412491266547135,0.01482449837172664
g800,Gap_8_9mps,forested,50,1000,100,50556,6.059695512820513,0.011026226236888563,0.004471150836240181,0.015310232961620752
g800,Gap_8_9mps,forested,50,1000,100,50556,6.159855769230769,0.011100670211843388,0.0046389441955878245,0.01545562922478574
g800,Gap_8_9mps,forested,50,1000,100,50556,6.2600160256410255,0.011209514032877057,0.004808423812336971,0.014813731316409055
g800,Gap_8_9mps,forested,50,1000,100,50556,6.360176282051282,0.011376498813511408,0.004862470318261427,0.014867754931467822
g800,Gap_8_9mps,forested,50,1000,100,50556,6.460336538461538,0.011654218507831488,0.005323254924314455,0.015257063273100804
g800,Gap_8_9mps,forested,50,1000,100,50556,6.560496794871795,0.011903090222543624,0.006018770201528171,0.015552224446553783
g800,Gap_8_9mps,forested,50,1000,100,50556,6.660657051282051,0.012121754934275057,0.0063228626846168244,0.01564288087498891
g800,Gap_8_9mps,forested,50,1000,100,50556,6.7608173076923075,0.01232480482917754,0.0057701403738290805,0.01599591643606272
g800,Gap_8_9mps,forested,50,1000,100,50556,6.860977564102564,0.012451685383207916,0.005853566487579113,0.016136883284629117
g800,Gap_8_9mps,forested,50,1000,100,50556,6.96113782051282,0.012525577216984345,0.00556083727237913,0.016022775571902542
g800,Gap_8_9mps,forested,50,1000,100,50556,7.061298076923077,0.012595015596666658,0.0056366934850585245,0.016598664526615847
g800,Gap_8_9mps,forested,50,1000,100,50556,7.161458333333333,0.012657446704231308,0.005736381997011291,0.01679039860923557
g800,Gap_8_9mps,forested,50,1000,100,50556,7.261618589743589,0.012701542401242416,0.005464192261378589,0.017187787536364824
g800,Gap_8_9mps,forested,50,1000,100,50556,7.361778846153846,0.01274140587738658,0.005364195613808319,0.017621879279535114
g800,Gap_8_9mps,forested,50,1000,100,50556,7.461939102564102,0.012794605119116897,0.005360998987601906,0.01738552407852898
g800,Gap_8_9mps,forested,50,1000,100,50556,7.562099358974359,0.01281949281637004,0.005097977160381857,0.01818670336285385
g800,Gap_8_9mps,forested,50,1000,100,50556,7.662259615384615,0.012818054913368992,0.005411695125169633,0.018271918066558885
g800,Gap_8_9mps,forested,50,1000,100,50556,7.762419871794871,0.01282841057280181,0.005730569746019535,0.018554104899653458
g800,Gap_8_9mps,forested,50,1000,100,50556,7.862580128205129,0.012904074814553685,0.006390903224841783,0.018446399559893398
g800,Gap_8_9mps,forested,50,1000,100,50556,7.962740384615385,0.012978293418675367,0.006044354898670498,0.01894498171523502
g800,Gap_8_9mps,forested,50,1000,100,50556,8.06290064102564,0.013015757476284598,0.0058587744379445805,0.01890230892041538
g800,Gap_8_9mps,forested,50,1000,100,50556,8.163060897435898,0.013007056867117258,0.005981703019273948,0.01874950072028843
g800,Gap_8_9mps,forested,50,1000,100,50556,8.263221153846153,0.01300192140534736,0.005697669733262063,0.018576843015165014
g800,Gap_8_9mps,forested,50,1000,100,50556,8.36338141025641,0.013002572281219356,0.005240807020396971,0.019011878275015857
g800,Gap_8_9mps,forested,50,1000,100,50556,8.463541666666666,0.012999877359028656,0.00465753382524272,0.019710450378284713
g800,Gap_8_9mps,forested,50,1000,100,50556,8.563701923076923,0.012975943147728717,0.004639404261931543,0.018951344020679904
g800,Gap_8_9mps,forested,50,1000,100,50556,8.663862179487179,0.013014440891465527,0.004333896639877556,0.019109195929989227
g800,Gap_8_9mps,forested,50,1000,100,50556,8.764022435897436,0.013125287000607442,0.004586066297837867,0.019207508528330416
g800,Gap_8_9mps,forested,50,1000,100,50556,8.864182692307692,0.013241022175718304,0.004456246517731826,0.019153500955745226
g800,Gap_8_9mps,forested,50,1000,100,50556,8.964342948717949,0.013332174346456204,0.00436843214893144,0.01941126558429279
g800,Gap_8_9mps,forested,50,1000,100,50556,9.064503205128204,0.013358493980044064,0.004503117690651602,0.01907787361126556
g800,Gap_8_9mps,forested,50,1000,100,50556,9.164663461538462,0.01334437588213985,0.004816448151223958,0.0184905504127057
g800,Gap_8_9mps,forested,50,1000,100,50556,9.264823717948717,0.013273640608271148,0.00464124831606088,0.019003138310527006
g800,Gap_8_9mps,forested,50,1000,100,50556,9.364983974358974,0.013228836977598251,0.004631559487201956,0.018798040888765914
g800,Gap_8_9mps,forested,50,1000,100,50556,9.46514423076923,0.0132054798227385,0.0048903230127800325,0.017804784087321057
g800,Gap_8_9mps,forested,50,1000,100,50556,9.565304487179487,0.013234533199837566,0.005156134255411662,0.017822738301680515
g800,Gap_8_9mps,forested,50,1000,100,50556,9.665464743589743,0.013254695094237491,0.005090773516482221,0.01764778730416676
g800,Gap_8_9mps,forested,50,1000,100,50556,9.765625,0.013242131425254242,0.00482263345116938,0.018645149277270276
g800,Gap_8_9mps,forested,50,1000,100,50556,9.865785256410257,0.01321201149691126,0.004770995858953181,0.019327934782411755
g800,Gap_8_9mps,forested,50,1000,100,50556,9.965945512820513,0.013260251781720958,0.004689482227210548,0.02029516335187654
g800,Gap_8_9mps,forested,100,1000,100,50556,0.05008012820512821,0.10661953187194316,0.04934536802467396,0.14554742970844625
g800,Gap_8_9mps,forested,100,1000,100,50556,0.1502403846153846,0.09525928330436204,0.04629637726095847,0.13326803659372813
g800,Gap_8_9mps,forested,100,1000,100,50556,0.250400641025641,0.17427271172487038,0.07216229452544759,0.24288910492612587
g800,Gap_8_9mps,forested,100,1000,100,50556,0.3505608974358974,0.13941066539822672,0.06050973226430536,0.17618677900640262
g800,Gap_8_9mps,forested,100,1000,100,50556,0.45072115384615385,0.054824534537749624,0.02257440527546721,0.07508757168495309
g800,Gap_8_9mps,forested,100,1000,100,50556,0.5508814102564102,0.025255551782804805,0.009087930486618347,0.03492514904780398
g800,Gap_8_9mps,forested,100,1000,100,50556,0.6510416666666666,0.01531130214286289,0.006148645480643741,0.02194690278539824
g800,Gap_8_9mps,forested,100,1000,100,50556,0.7512019230769231,0.012054566160312195,0.004050067553752862,0.01890657394792075
g800,Gap_8_9mps,forested,100,1000,100,50556,0.8513621794871795,0.01085136041727961,0.004847645656064697,0.01423516579571956
g800,Gap_8_9mps,forested,100,1000,100,50556,0.9515224358974359,0.01004341188511381,0.004845200647979565,0.014005709626803317
g800,Gap_8_9mps,forested,100,1000,100,50556,1.0516826923076923,0.010303833272663598,0.00475158053959834,0.013830868851371206
g800,Gap_8_9mps,forested,100,1000,100,50556,1.1518429487179487,0.011036570475873596,0.004287945933290181,0.0155876954894606
g800,Gap_8_9mps,forested,100,1000,100,50556,1.252003205128205,0.011697447304135435,0.0045901226202122,0.01661566587644997
g800,Gap_8_9mps,forested,100,1000,100,50556,1.3521634615384615,0.01213073774256898,0.004777706433626058,0.017328903168588934
g800,Gap_8_9mps,forested,100,1000,100,50556,1.4523237179487178,0.012204069665002816,0.005475577482187891,0.017037153674483132
g800,Gap_8_9mps,forested,100,1000,100,50556,1.5524839743589745,0.011936626837935867,0.005158478324067203,0.018023005931444968
g800,Gap_8_9mps,forested,100,1000,100,50556,1.6526442307692308,0.011642390456196122,0.004635431044965417,0.017180147936372486
g800,Gap_8_9mps,forested,100,1000,100,50556,1.7528044871794872,0.011203704427164585,0.005446260334160711,0.016249912168955487
g800,Gap_8_9mps,forested,100,1000,100,50556,1.8529647435897436,0.010733748214953147,0.00511604056863262,0.014994526287342054
g800,Gap_8_9mps,forested,100,1000,100,50556,1.953125,0.010326478096695907,0.0050234158544969236,0.015284696327412021
g800,Gap_8_9mps,forested,100,1000,100,50556,2.0532852564102564,0.010144686947783484,0.004687984139958901,0.014005584654245524
g800,Gap_8_9mps,forested,100,1000,100,50556,2.1534455128205128,0.01001879928012249,0.004647699315909576,0.013970869717403387
g800,Gap_8_9mps,forested,100,1000,100,50556,2.253605769230769,0.010096538228281375,0.003884643198777765,0.015369847452976381
g800,Gap_8_9mps,forested,100,1000,100,50556,2.3537660256410255,0.010497862228148962,0.004362560594180634,0.016207091335413638
g800,Gap_8_9mps,forested,100,1000,100,50556,2.453926282051282,0.010743514955549188,0.003878062947506917,0.016583174633484805
g800,Gap_8_9mps,forested,100,1000,100,50556,2.5540865384615383,0.010839616577278239,0.003483008020907638,0.017012796759086447
g800,Gap_8_9mps,forested,100,1000,100,50556,2.6542467948717947,0.01096549022924374,0.003544906004518299,0.016448974953396797
g800,Gap_8_9mps,forested,100,1000,100,50556,2.754407051282051,0.011009902907230957,0.0042896884466124535,0.015469101913948806
g800,Gap_8_9mps,forested,100,1000,100,50556,2.8545673076923075,0.010997530348757828,0.004666956644546239,0.015359910945856996
g800,Gap_8_9mps,forested,100,1000,100,50556,2.9547275641025643,0.010984175509617533,0.00449230294861218,0.014880804276405497
g800,Gap_8_9mps,forested,100,1000,100,50556,3.0548878205128207,0.01089301474855799,0.004296997462607833,0.01655098848452289
g800,Gap_8_9mps,forested,100,1000,100,50556,3.155048076923077,0.010749350397390582,0.004206391127920442,0.016948775536272855
g800,Gap_8_9mps,forested,100,1000,100,50556,3.2552083333333335,0.010536618203849754,0.0034496553946363976,0.01720110428787651
g800,Gap_8_9mps,forested,100,1000,100,50556,3.35536858974359,0.010223712944233201,0.0034066895637707988,0.01586694006138095
g800,Gap_8_9mps,forested,100,1000,100,50556,3.4555288461538463,0.009958712778767736,0.0033423791613385254,0.015140915529554143
g800,Gap_8_9mps,forested,100,1000,100,50556,3.5556891025641026,0.009906324916990445,0.0030285739438703574,0.015525495141274845
g800,Gap_8_9mps,forested,100,1000,100,50556,3.655849358974359,0.0098990195528859,0.0032450313522415924,0.015210278133359125
g800,Gap_8_9mps,forested,100,1000,100,50556,3.7560096153846154,0.009771108985394801,0.0034303107121860946,0.014514297837069536
g800,Gap_8_9mps,forested,100,1000,100,50556,3.856169871794872,0.009530902634270026,0.0034869112742366834,0.013504714187857952
g800,Gap_8_9mps,forested,100,1000,100,50556,3.956330128205128,0.00925489486488562,0.003435684420857949,0.013548087474394836
g800,Gap_8_9mps,forested,100,1000,100,50556,4.056490384615385,0.008989355836025158,0.003393961739099223,0.013833598362524683
g800,Gap_8_9mps,forested,100,1000,100,50556,4.156650641025641,0.008764567810460278,0.0029312951420219376,0.013447501244018084
g800,Gap_8_9mps,forested,100,1000,100,50556,4.256810897435898,0.008643094581385317,0.0032349829251117376,0.012906202004903989
g800,Gap_8_9mps,forested,100,1000,100,50556,4.356971153846154,0.008498491308489332,0.003009551197585016,0.01265128401055543
g800,Gap_8_9mps,forested,100,1000,100,50556,4.457131410256411,0.008371874432377812,0.0033099968853152794,0.012728754276380911
g800,Gap_8_9mps,forested,100,1000,100,50556,4.557291666666667,0.008272878458186094,0.0033848823502777583,0.012004572060086139
g800,Gap_8_9mps,forested,100,1000,100,50556,4.657451923076923,0.008236258525661287,0.003317716193730769,0.011874936000916204
g800,Gap_8_9mps,forested,100,1000,100,50556,4.75761217948718,0.0082172407427925,0.0032532787382427803,0.012134074585190254
g800,Gap_8_9mps,forested,100,1000,100,50556,4.857772435897436,0.00819604160045922,0.0029382735458745573,0.012058884145434799
g800,Gap_8_9mps,forested,100,1000,100,50556,4.9579326923076925,0.008108872267538612,0.0028598488865385595,0.012053533384306933
g800,Gap_8_9mps,forested,100,1000,100,50556,5.058092948717949,0.00796648091480062,0.003012593237431702,0.012309271145559129
g800,Gap_8_9mps,forested,100,1000,100,50556,5.158253205128205,0.007920921270813898,0.002892987747009881,0.01224412331411842
g800,Gap_8_9mps,forested,100,1000,100,50556,5.258413461538462,0.007894196141312405,0.0033245079367415194,0.012297810529290774
g800,Gap_8_9mps,forested,100,1000,100,50556,5.358573717948718,0.007867706734046276,0.0035782276534304337,0.012514742771881025
g800,Gap_8_9mps,forested,100,1000,100,50556,5.4587339743589745,0.007857412967267585,0.0036282963182932147,0.012014436252666329
g800,Gap_8_9mps,forested,100,1000,100,50556,5.558894230769231,0.007844701992605254,0.0035249603919867215,0.011473818734058503
g800,Gap_8_9mps,forested,100,1000,100,50556,5.659054487179487,0.0077904293504220115,0.0032822394623510448,0.011160773732778607
g800,Gap_8_9mps,forested,100,1000,100,50556,5.759214743589744,0.00768729792470541,0.003206112982822521,0.011244288681722588
g800,Gap_8_9mps,forested,100,1000,100,50556,5.859375,0.007560565257262076,0.0033705689793118655,0.010359072325269243
g800,Gap_8_9mps,forested,100,1000,100,50556,5.959535256410256,0.00743526482167089,0.003308821808761837,0.01028764282306572
g800,Gap_8_9mps,forested,100,1000,100,50556,6.059695512820513,0.007316686695366604,0.0036857271063979536,0.010170667195130588
g800,Gap_8_9mps,forested,100,1000,100,50556,6.159855769230769,0.007274168496522268,0.0032078349595477717,0.009821399686976953
g800,Gap_8_9mps,forested,100,1000,100,50556,6.2600160256410255,0.007306872354111842,0.0032348051637958947,0.009980273029286082
g800,Gap_8_9mps,forested,100,1000,100,50556,6.360176282051282,0.0073508369441616095,0.0031143671744495007,0.010109071873856061
g800,Gap_8_9mps,forested,100,1000,100,50556,6.460336538461538,0.007380489232977918,0.003259461656177867,0.009893885562378272
g800,Gap_8_9mps,forested,100,1000,100,50556,6.560496794871795,0.007424841693514279,0.0028844836449752357,0.010056965141356431
g800,Gap_8_9mps,forested,100,1000,100,50556,6.660657051282051,0.007476814002898432,0.003122503615222893,0.00986246533996114
g800,Gap_8_9mps,forested,100,1000,100,50556,6.7608173076923075,0.007472708310190416,0.00320555342055335,0.010106849382099069
g800,Gap_8_9mps,forested,100,1000,100,50556,6.860977564102564,0.007450139846443426,0.0031083775711615493,0.010241642202673932
g800,Gap_8_9mps,forested,100,1000,100,50556,6.96113782051282,0.007427250774188793,0.003041290553241827,0.010392118747148064
g800,Gap_8_9mps,forested,100,1000,100,50556,7.061298076923077,0.007390729856614461,0.002755557581438618,0.01053061884068612
g800,Gap_8_9mps,forested,100,1000,100,50556,7.161458333333333,0.00736845685431258,0.002718707032263074,0.010626287808296222
g800,Gap_8_9mps,forested,100,1000,100,50556,7.261618589743589,0.00735006241252749,0.0024096655358179266,0.010312238826866521
g800,Gap_8_9mps,forested,100,1000,100,50556,7.361778846153846,0.007352351996717781,0.0026288363483739333,0.010574371536129354
g800,Gap_8_9mps,forested,100,1000,100,50556,7.461939102564102,0.007384683471912531,0.0028243556270124664,0.01028227185971706
g800,Gap_8_9mps,forested,100,1000,100,50556,7.562099358974359,0.007439435523955829,0.0029100465708819774,0.010440149441602348
g800,Gap_8_9mps,forested,100,1000,100,50556,7.662259615384615,0.007503121581772766,0.003153618141755486,0.010963351652758475
g800,Gap_8_9mps,forested,100,1000,100,50556,7.762419871794871,0.007578006829467972,0.0028245125824889147,0.011105199170051183
g800,Gap_8_9mps,forested,100,1000,100,50556,7.862580128205129,0.007704850805106956,0.0027503187790449365,0.01172080925997672
g800,Gap_8_9mps,forested,100,1000,100,50556,7.962740384615385,0.007854286608171073,0.002387488195105816,0.0118016113415889
g800,Gap_8_9mps,forested,100,1000,100,50556,8.06290064102564,0.007978059474796783,0.0028041720983790213,0.011863021747804726
g800,Gap_8_9mps,forested,100,1000,100,50556,8.163060897435898,0.008060733619856177,0.002696337287231868,0.012011088545284512
g800,Gap_8_9mps,forested,100,1000,100,50556,8.263221153846153,0.008108264286324201,0.0027891107592172733,0.012384929184319856
g800,Gap_8_9mps,forested,100,1000,100,50556,8.36338141025641,0.008174273555258732,0.0030242354468215694,0.012376521265184307
g800,Gap_8_9mps,forested,100,1000,100,50556,8.463541666666666,0.008274661498871315,0.0031078653945146822,0.012064398045010194
g800,Gap_8_9mps,forested,100,1000,100,50556,8.563701923076923,0.00839120248730133,0.003270253936805554,0.011712781330259166
g800,Gap_8_9mps,forested,100,1000,100,50556,8.663862179487179,0.008423543355843315,0.003624146150377033,0.011916384811890196
g800,Gap_8_9mps,forested,100,1000,100,50556,8.764022435897436,0.008403645457325986,0.003800279217209487,0.011799420551411768
g800,Gap_8_9mps,forested,100,1000,100,50556,8.864182692307692,0.0084263031705917,0.0035290475624624915,0.011807127615044422
g800,Gap_8_9mps,forested,100,1000,100,50556,8.964342948717949,0.008478815919000479,0.003505609409536089,0.012096508717462033
g800,Gap_8_9mps,forested,100,1000,100,50556,9.064503205128204,0.008527328930878956,0.0035343141796907165,0.011649790213764737
g800,Gap_8_9mps,forested,100,1000,100,50556,9.164663461538462,0.008600493116302323,0.0037987886824092532,0.011750955611718475
g800,Gap_8_9mps,forested,100,1000,100,50556,9.264823717948717,0.008669128625395855,0.0038602790864471458,0.011846307246021127
g800,Gap_8_9mps,forested,100,1000,100,50556,9.364983974358974,0.008717819605258617,0.00413038260872618,0.012069463796101975
g800,Gap_8_9mps,forested,100,1000,100,50556,9.46514423076923,0.008745573025228815,0.004261132501015152,0.012383954283490275
g800,Gap_8_9mps,forested,100,1000,100,50556,9.565304487179487,0.008812159420745544,0.003746717540657981,0.01278255883336872
g800,Gap_8_9mps,forested,100,1000,100,50556,9.665464743589743,0.008865004813856268,0.0031170796328860223,0.013289771951033983
g800,Gap_8_9mps,forested,100,1000,100,50556,9.765625,0.008886343152697325,0.003203434025335158,0.013465616641454663
g800,Gap_8_9mps,forested,100,1000,100,50556,9.865785256410257,0.008874842054442614,0.0035823248163638845,0.0130284934360912
g800,Gap_8_9mps,forested,100,1000,100,50556,9.965945512820513,0.00887503997205224,0.0035616649926786337,0.01284862114571738
g800,Gap_8_9mps,forested,500,1000,100,50556,0.05008012820512821,0.052919324078407985,0.014842977009243887,0.07818163338765181
g800,Gap_8_9mps,forested,500,1000,100,50556,0.1502403846153846,0.041512211523798095,0.016904250387748412,0.06087589402752525
g800,Gap_8_9mps,forested,500,1000,100,50556,0.250400641025641,0.07550757293242845,0.021752944272079973,0.10761525849504122
g800,Gap_8_9mps,forested,500,1000,100,50556,0.3505608974358974,0.06765317330805727,0.025908374849414488,0.09888398462147478
g800,Gap_8_9mps,forested,500,1000,100,50556,0.45072115384615385,0.02772219545337135,0.011282085907250515,0.038941875253618134
g800,Gap_8_9mps,forested,500,1000,100,50556,0.5508814102564102,0.013340522854046268,0.006013612855308123,0.01763951790772949
g800,Gap_8_9mps,forested,500,1000,100,50556,0.6510416666666666,0.007750701135698475,0.003080117326823759,0.011547318987438477
g800,Gap_8_9mps,forested,500,1000,100,50556,0.7512019230769231,0.006315113250676214,0.002232261140587852,0.009439025509090978
g800,Gap_8_9mps,forested,500,1000,100,50556,0.8513621794871795,0.005749414930975091,0.0018636247606432042,0.008053059381667423
g800,Gap_8_9mps,forested,500,1000,100,50556,0.9515224358974359,0.005427213319453596,0.0021053721245352097,0.007772257940563116
g800,Gap_8_9mps,forested,500,1000,100,50556,1.0516826923076923,0.005638500829253795,0.0026523702830612817,0.007855594243068911
g800,Gap_8_9mps,forested,500,1000,100,50556,1.1518429487179487,0.006179082423826283,0.0026649525102065722,0.008568630919074637
g800,Gap_8_9mps,forested,500,1000,100,50556,1.252003205128205,0.006823656610421162,0.0032883848825554286,0.009313759975592355
g800,Gap_8_9mps,forested,500,1000,100,50556,1.3521634615384615,0.007135789179736286,0.00338213817595654,0.010315159670695557
g800,Gap_8_9mps,forested,500,1000,100,50556,1.4523237179487178,0.007101386956675523,0.002572818854633602,0.010318645447355878
g800,Gap_8_9mps,forested,500,1000,100,50556,1.5524839743589745,0.0068259699685218845,0.002199852990137428,0.009880194608900907
g800,Gap_8_9mps,forested,500,1000,100,50556,1.6526442307692308,0.006406573870171124,0.0020843686726897286,0.009752288765008901
g800,Gap_8_9mps,forested,500,1000,100,50556,1.7528044871794872,0.005829383941016486,0.002424295126214928,0.00831843241576087
g800,Gap_8_9mps,forested,500,1000,100,50556,1.8529647435897436,0.005443199024080878,0.0023884174713034506,0.008097708358361487
g800,Gap_8_9mps,forested,500,1000,100,50556,1.953125,0.005462235601025678,0.0030073997209232465,0.007808686184579796
g800,Gap_8_9mps,forested,500,1000,100,50556,2.0532852564102564,0.005806682427415324,0.003086180623915292,0.008056214951663913
g800,Gap_8_9mps,forested,500,1000,100,50556,2.1534455128205128,0.006341992291291699,0.0034680813675410987,0.009187946644958405
g800,Gap_8_9mps,forested,500,1000,100,50556,2.253605769230769,0.007057835446126931,0.004136166389637982,0.010509826592269931
g800,Gap_8_9mps,forested,500,1000,100,50556,2.3537660256410255,0.007674639896168617,0.004181656990860103,0.010951686023033964
g800,Gap_8_9mps,forested,500,1000,100,50556,2.453926282051282,0.00809330032660711,0.004400052446083881,0.01122571381089762
g800,Gap_8_9mps,forested,500,1000,100,50556,2.5540865384615383,0.008283906970098554,0.004524677061665582,0.011205248421475187
g800,Gap_8_9mps,forested,500,1000,100,50556,2.6542467948717947,0.00813443387972599,0.004237400257814465,0.010768366438604772
g800,Gap_8_9mps,forested,500,1000,100,50556,2.754407051282051,0.00771867417538861,0.0038593756485143294,0.010265122446800912
g800,Gap_8_9mps,forested,500,1000,100,50556,2.8545673076923075,0.007270045944324808,0.0037786231772408644,0.009666817759364947
g800,Gap_8_9mps,forested,500,1000,100,50556,2.9547275641025643,0.006928461220221722,0.003890444155392035,0.008998760221449985
g800,Gap_8_9mps,forested,500,1000,100,50556,3.0548878205128207,0.006704688890212759,0.003701418927031037,0.00899167904833735
g800,Gap_8_9mps,forested,500,1000,100,50556,3.155048076923077,0.006483724078313301,0.0035955159651859295,0.008780923037725388
g800,Gap_8_9mps,forested,500,1000,100,50556,3.2552083333333335,0.006175869218476971,0.003139779484166416,0.007787447674416492
g800,Gap_8_9mps,forested,500,1000,100,50556,3.35536858974359,0.005799233783809704,0.0029291684512594597,0.007565602900467053
g800,Gap_8_9mps,forested,500,1000,100,50556,3.4555288461538463,0.005506204094178057,0.002610785449422115,0.007569779862575485
g800,Gap_8_9mps,forested,500,1000,100,50556,3.5556891025641026,0.005396637068471808,0.002540043858002913,0.007640229177303757
g800,Gap_8_9mps,forested,500,1000,100,50556,3.655849358974359,0.005334356007019901,0.002086871272317138,0.007452976551941729
g800,Gap_8_9mps,forested,500,1000,100,50556,3.7560096153846154,0.0051336447728420965,0.0017268848879976734,0.006964001991584956
g800,Gap_8_9mps,forested,500,1000,100,50556,3.856169871794872,0.004843810468005794,0.0013813988645437318,0.006723564386421672
g800,Gap_8_9mps,forested,500,1000,100,50556,3.956330128205128,0.004629877405407255,0.00168764319564033,0.006489402313844725
g800,Gap_8_9mps,forested,500,1000,100,50556,4.056490384615385,0.004501609260525229,0.0019478423875682047,0.006352591450334814
g800,Gap_8_9mps,forested,500,1000,100,50556,4.156650641025641,0.004372577831254611,0.0017549268408886321,0.006311159180613599
g800,Gap_8_9mps,forested,500,1000,100,50556,4.256810897435898,0.004229459541054681,0.001590381314814592,0.006016849299175764
g800,Gap_8_9mps,forested,500,1000,100,50556,4.356971153846154,0.004096876619464421,0.00182339347545135,0.005733403448598349
g800,Gap_8_9mps,forested,500,1000,100,50556,4.457131410256411,0.0039514738312817895,0.0016037356167658931,0.005429514238335186
g800,Gap_8_9mps,forested,500,1000,100,50556,4.557291666666667,0.0038343686514403395,0.0015659689988595908,0.005133626549589734
g800,Gap_8_9mps,forested,500,1000,100,50556,4.657451923076923,0.0037469985679083567,0.00149869568733016,0.004903861939722129
g800,Gap_8_9mps,forested,500,1000,100,50556,4.75761217948718,0.0036736180103899437,0.001609767883835861,0.00499509261482778
g800,Gap_8_9mps,forested,500,1000,100,50556,4.857772435897436,0.003651872577279657,0.001498925697451461,0.005178737143712646
g800,Gap_8_9mps,forested,500,1000,100,50556,4.9579326923076925,0.003682021147860969,0.0012859308074402408,0.005452606570608833
g800,Gap_8_9mps,forested,500,1000,100,50556,5.058092948717949,0.0036927223514938157,0.0015967562005926093,0.005652048654047143
g800,Gap_8_9mps,forested,500,1000,100,50556,5.158253205128205,0.0036946108769146868,0.0018308043020264844,0.005661097127302747
g800,Gap_8_9mps,forested,500,1000,100,50556,5.258413461538462,0.003743413990778803,0.0016262921337682004,0.005430688604120959
g800,Gap_8_9mps,forested,500,1000,100,50556,5.358573717948718,0.0038232551691204115,0.0015743397223031148,0.005429648820194486
g800,Gap_8_9mps,forested,500,1000,100,50556,5.4587339743589745,0.0038988318623112837,0.001547940936392027,0.005642583137122938
g800,Gap_8_9mps,forested,500,1000,100,50556,5.558894230769231,0.003948803125222969,0.0017708730661309558,0.005848988602481868
g800,Gap_8_9mps,forested,500,1000,100,50556,5.659054487179487,0.004001454817124876,0.0018049312562968519,0.005909003267202491
g800,Gap_8_9mps,forested,500,1000,100,50556,5.759214743589744,0.0040486180494731785,0.002050409705351454,0.005967433527804638
g800,Gap_8_9mps,forested,500,1000,100,50556,5.859375,0.004059954487196279,0.001945714654947894,0.0058113309607952905
g800,Gap_8_9mps,forested,500,1000,100,50556,5.959535256410256,0.003991634043747802,0.0018900178901460256,0.005745447240284494
g800,Gap_8_9mps,forested,500,1000,100,50556,6.059695512820513,0.0038677722590286425,0.0019142391049861056,0.005704044624001682
g800,Gap_8_9mps,forested,500,1000,100,50556,6.159855769230769,0.0037477447447862994,0.0019701176211943837,0.005175631402758514
g800,Gap_8_9mps,forested,500,1000,100,50556,6.2600160256410255,0.003639582915979884,0.0017157811752830446,0.005252641369819278
g800,Gap_8_9mps,forested,500,1000,100,50556,6.360176282051282,0.003536924796175436,0.0016827604018617673,0.005166067640180694
g800,Gap_8_9mps,forested,500,1000,100,50556,6.460336538461538,0.00344935121320939,0.0013754732075239766,0.004790223292461841
g800,Gap_8_9mps,forested,500,1000,100,50556,6.560496794871795,0.003400369868334069,0.001176848580556768,0.004732062158569747
g800,Gap_8_9mps,forested,500,1000,100,50556,6.660657051282051,0.0034061731682933434,0.0011665788201499884,0.004742321052105195
g800,Gap_8_9mps,forested,500,1000,100,50556,6.7608173076923075,0.0034202859528649513,0.001246771318813181,0.004916139141324225
g800,Gap_8_9mps,forested,500,1000,100,50556,6.860977564102564,0.003425779027414208,0.0012972678770690447,0.004931412971386849
g800,Gap_8_9mps,forested,500,1000,100,50556,6.96113782051282,0.003416434374346124,0.0014132700819755545,0.004867839181894255
g800,Gap_8_9mps,forested,500,1000,100,50556,7.061298076923077,0.003410033121948698,0.0015008163796887998,0.0048348406917813405
g800,Gap_8_9mps,forested,500,1000,100,50556,7.161458333333333,0.003412837933355206,0.0015175081441828023,0.004628631313177107
g800,Gap_8_9mps,forested,500,1000,100,50556,7.261618589743589,0.0034302280228452582,0.0016018937810756125,0.004790474872382321
g800,Gap_8_9mps,forested,500,1000,100,50556,7.361778846153846,0.003458273262739265,0.0015450370325226788,0.0048647384840005
g800,Gap_8_9mps,forested,500,1000,100,50556,7.461939102564102,0.0034813339917992374,0.0015892924120928307,0.004952848411974875
g800,Gap_8_9mps,forested,500,1000,100,50556,7.562099358974359,0.003480195362679772,0.0016630581127726118,0.004987455870745621
g800,Gap_8_9mps,forested,500,1000,100,50556,7.662259615384615,0.003457872371503206,0.0016203490689464602,0.004852922520059819
g800,Gap_8_9mps,forested,500,1000,100,50556,7.762419871794871,0.003460543819969569,0.0016122846468795658,0.004793365037968832
g800,Gap_8_9mps,forested,500,1000,100,50556,7.862580128205129,0.0034701444177645774,0.001542889403491381,0.004967363475085874
g800,Gap_8_9mps,forested,500,1000,100,50556,7.962740384615385,0.0034948687960925286,0.0014161787543909088,0.005110226511587107
g800,Gap_8_9mps,forested,500,1000,100,50556,8.06290064102564,0.003526999466802156,0.0012992239168056062,0.005246197210983211
g800,Gap_8_9mps,forested,500,1000,100,50556,8.163060897435898,0.003572718062576575,0.0013426033010881856,0.005210531819896834
g800,Gap_8_9mps,forested,500,1000,100,50556,8.263221153846153,0.003631316917522238,0.0013476183640260034,0.0054059962325933245
g800,Gap_8_9mps,forested,500,1000,100,50556,8.36338141025641,0.0036988032526857973,0.0013673121036976636,0.005459449895276969
g800,Gap_8_9mps,forested,500,1000,100,50556,8.463541666666666,0.0037378670735088767,0.001462591052544815,0.0055372885845506445
g800,Gap_8_9mps,forested,500,1000,100,50556,8.563701923076923,0.0037658367181265234,0.0014904077239694682,0.005749719141483809
g800,Gap_8_9mps,forested,500,1000,100,50556,8.663862179487179,0.003796236745747615,0.0015179866956916456,0.005861730888216196
g800,Gap_8_9mps,forested,500,1000,100,50556,8.764022435897436,0.0038240840071084164,0.0016303287506125733,0.005681707971637219
g800,Gap_8_9mps,forested,500,1000,100,50556,8.864182692307692,0.0038534915835309585,0.001603738067621022,0.005989981163833217
g800,Gap_8_9mps,forested,500,1000,100,50556,8.964342948717949,0.003890893308309349,0.0016507437702797535,0.0060253364430817745
g800,Gap_8_9mps,forested,500,1000,100,50556,9.064503205128204,0.00394408674037254,0.0016211904265395394,0.00597331026261409
g800,Gap_8_9mps,forested,500,1000,100,50556,9.164663461538462,0.004012456797961882,0.0016355825362866852,0.00574166104672652
g800,Gap_8_9mps,forested,500,1000,100,50556,9.264823717948717,0.004087473540695072,0.0018408324618613297,0.006028597380007913
g800,Gap_8_9mps,forested,500,1000,100,50556,9.364983974358974,0.00413556885112219,0.0017692161893731707,0.0060594416376648095
g800,Gap_8_9mps,forested,500,1000,100,50556,9.46514423076923,0.004166009581236883,0.0017342267269647425,0.005963252982983943
g800,Gap_8_9mps,forested,500,1000,100,50556,9.565304487179487,0.00418386165935617,0.0018180328658759651,0.006042442808783535
g800,Gap_8_9mps,forested,500,1000,100,50556,9.665464743589743,0.00421177679187727,0.0020729171018733093,0.006124988944541572
g800,Gap_8_9mps,forested,500,1000,100,50556,9.765625,0.004266965013922124,0.0020245774862162587,0.006270679486571478
g800,Gap_8_9mps,forested,500,1000,100,50556,9.865785256410257,0.004320630759031227,0.002116331961088023,0.006266580039342291
g800,Gap_8_9mps,forested,500,1000,100,50556,9.965945512820513,0.004350550079248413,0.0021624529225122233,0.006373282906727389
g800,Gap_8_9mps,open_gap,1,1000,100,14980,0.05008012820512821,0.1845038835853251,0.07187996323208254,0.22293749124330448
g800,Gap_8_9mps,open_gap,1,1000,100,14980,0.1502403846153846,0.238404551009153,0.09165483769082917,0.34386607585618223
g800,Gap_8_9mps,open_gap,1,1000,100,14980,0.250400641025641,0.2983065894764965,0.12410631802343694,0.41643451747762805
g800,Gap_8_9mps,open_gap,1,1000,100,14980,0.3505608974358974,0.31348382723209567,0.12106071577968408,0.43919012871042085
g800,Gap_8_9mps,open_gap,1,1000,100,14980,0.45072115384615385,0.3137339292749795,0.1395103423762587,0.44287377611348216
g800,Gap_8_9mps,open_gap,1,1000,100,14980,0.5508814102564102,0.30360499994313483,0.14649936486190243,0.4223883193019513
g800,Gap_8_9mps,open_gap,1,1000,100,14980,0.6510416666666666,0.29024683029115494,0.16173624828083177,0.408333442936681
g800,Gap_8_9mps,open_gap,1,1000,100,14980,0.7512019230769231,0.27012119619331476,0.13129424879751428,0.37144791292553364
g800,Gap_8_9mps,open_gap,1,1000,100,14980,0.8513621794871795,0.24716199188631896,0.12154776070775795,0.3433048591922166
g800,Gap_8_9mps,open_gap,1,1000,100,14980,0.9515224358974359,0.21936618840773378,0.10995129275749234,0.3054281359306764
g800,Gap_8_9mps,open_gap,1,1000,100,14980,1.0516826923076923,0.1910073733556345,0.0882386480958138,0.27519740612806814
g800,Gap_8_9mps,open_gap,1,1000,100,14980,1.1518429487179487,0.1643718272706264,0.07150023230345787,0.23704415515583993
g800,Gap_8_9mps,open_gap,1,1000,100,14980,1.252003205128205,0.14249108861817797,0.06807112462619183,0.1940506047840878
g800,Gap_8_9mps,open_gap,1,1000,100,14980,1.3521634615384615,0.12249540700742248,0.05089212617165037,0.16260882786792227
g800,Gap_8_9mps,open_gap,1,1000,100,14980,1.4523237179487178,0.10560119248141193,0.037023692638816816,0.14901155439020364
g800,Gap_8_9mps,open_gap,1,1000,100,14980,1.5524839743589745,0.09445227811071374,0.030728350220011656,0.13711471603900455
g800,Gap_8_9mps,open_gap,1,1000,100,14980,1.6526442307692308,0.08845707725390645,0.0390794041428736,0.12943058561480728
g800,Gap_8_9mps,open_gap,1,1000,100,14980,1.7528044871794872,0.08520457177303035,0.03983854161845474,0.12454229638801136
g800,Gap_8_9mps,open_gap,1,1000,100,14980,1.8529647435897436,0.08319081482148138,0.036877242105084265,0.11289814565711252
g800,Gap_8_9mps,open_gap,1,1000,100,14980,1.953125,0.08166614297338864,0.03707783420728694,0.11375816346299879
g800,Gap_8_9mps,open_gap,1,1000,100,14980,2.0532852564102564,0.08003958687112506,0.03422592024891126,0.11137520386726864
g800,Gap_8_9mps,open_gap,1,1000,100,14980,2.1534455128205128,0.07974609505647062,0.030948854593225668,0.11039771381490147
g800,Gap_8_9mps,open_gap,1,1000,100,14980,2.253605769230769,0.08075130458304576,0.035217626513449535,0.11685256418405288
g800,Gap_8_9mps,open_gap,1,1000,100,14980,2.3537660256410255,0.08226366319150306,0.03380372042185102,0.11723157811052852
g800,Gap_8_9mps,open_gap,1,1000,100,14980,2.453926282051282,0.08409341973720583,0.03627238874492846,0.1227757289311627
g800,Gap_8_9mps,open_gap,1,1000,100,14980,2.5540865384615383,0.08510075369082927,0.03632522508371293,0.12946307025667564
g800,Gap_8_9mps,open_gap,1,1000,100,14980,2.6542467948717947,0.08549575885287748,0.03870043631316636,0.12843328142520397
g800,Gap_8_9mps,open_gap,1,1000,100,14980,2.754407051282051,0.08672124272204368,0.03600314325077894,0.13122515976786703
g800,Gap_8_9mps,open_gap,1,1000,100,14980,2.8545673076923075,0.08721637218156522,0.03644608562378195,0.12978881558469596
g800,Gap_8_9mps,open_gap,1,1000,100,14980,2.9547275641025643,0.08717484434116045,0.037567057134295166,0.1295019248063147
g800,Gap_8_9mps,open_gap,1,1000,100,14980,3.0548878205128207,0.08734882276172856,0.035692452209791274,0.1293230733905707
g800,Gap_8_9mps,open_gap,1,1000,100,14980,3.155048076923077,0.08791973354579925,0.04014732306343957,0.12867438734921136
g800,Gap_8_9mps,open_gap,1,1000,100,14980,3.2552083333333335,0.0883100142922854,0.03928550909027784,0.13171369776395678
g800,Gap_8_9mps,open_gap,1,1000,100,14980,3.35536858974359,0.08805405148422993,0.037021665265518484,0.13111999293495513
g800,Gap_8_9mps,open_gap,1,1000,100,14980,3.4555288461538463,0.0872700798347406,0.03823092044793977,0.13204695010052014
g800,Gap_8_9mps,open_gap,1,1000,100,14980,3.5556891025641026,0.08584709663683052,0.03121917282277356,0.13067062374630015
g800,Gap_8_9mps,open_gap,1,1000,100,14980,3.655849358974359,0.08435226567569337,0.03037038964832925,0.13017584998804446
g800,Gap_8_9mps,open_gap,1,1000,100,14980,3.7560096153846154,0.08317156362766796,0.030650254750448268,0.12502836341044876
g800,Gap_8_9mps,open_gap,1,1000,100,14980,3.856169871794872,0.08219608184615396,0.034208116331480735,0.12774499495433406
g800,Gap_8_9mps,open_gap,1,1000,100,14980,3.956330128205128,0.08172830265475754,0.03007553534567026,0.12249575584931964
g800,Gap_8_9mps,open_gap,1,1000,100,14980,4.056490384615385,0.08100641377591195,0.03239006779604444,0.11142335463215987
g800,Gap_8_9mps,open_gap,1,1000,100,14980,4.156650641025641,0.0802018632016614,0.03302222942809168,0.10766172132658211
g800,Gap_8_9mps,open_gap,1,1000,100,14980,4.256810897435898,0.07946577751515803,0.03603858609580773,0.11356004617506028
g800,Gap_8_9mps,open_gap,1,1000,100,14980,4.356971153846154,0.07854984730638337,0.03762097044281271,0.10929359381826138
g800,Gap_8_9mps,open_gap,1,1000,100,14980,4.457131410256411,0.07803328903806764,0.03602714049615926,0.11089611889103891
g800,Gap_8_9mps,open_gap,1,1000,100,14980,4.557291666666667,0.07729313204102957,0.03156152941677041,0.10577329281197136
g800,Gap_8_9mps,open_gap,1,1000,100,14980,4.657451923076923,0.07684934697824225,0.028180815094987738,0.10659553786224604
g800,Gap_8_9mps,open_gap,1,1000,100,14980,4.75761217948718,0.07686578778344524,0.0275235427762744,0.1085573641762585
g800,Gap_8_9mps,open_gap,1,1000,100,14980,4.857772435897436,0.07709026702076775,0.03437692941666162,0.10566431986439234
g800,Gap_8_9mps,open_gap,1,1000,100,14980,4.9579326923076925,0.07752204644023497,0.032427467684877094,0.10834310344471487
g800,Gap_8_9mps,open_gap,1,1000,100,14980,5.058092948717949,0.0782473201350607,0.029943316040675554,0.11309439933229491
g800,Gap_8_9mps,open_gap,1,1000,100,14980,5.158253205128205,0.07905789863960001,0.027214963817812497,0.11411435251672683
g800,Gap_8_9mps,open_gap,1,1000,100,14980,5.258413461538462,0.07999208550913338,0.0277273444822904,0.11696198695591423
g800,Gap_8_9mps,open_gap,1,1000,100,14980,5.358573717948718,0.08040694229732465,0.0276607360533122,0.12349913197919507
g800,Gap_8_9mps,open_gap,1,1000,100,14980,5.4587339743589745,0.08065408239804803,0.026571765470205296,0.12456658328794477
g800,Gap_8_9mps,open_gap,1,1000,100,14980,5.558894230769231,0.08102882529063188,0.027733727903492995,0.1250210835580135
g800,Gap_8_9mps,open_gap,1,1000,100,14980,5.659054487179487,0.0817153366922744,0.030248937927822805,0.12502181861824166
g800,Gap_8_9mps,open_gap,1,1000,100,14980,5.759214743589744,0.08264952127124603,0.030601372231991938,0.12545348193193945
g800,Gap_8_9mps,open_gap,1,1000,100,14980,5.859375,0.08392986410592021,0.03196424812952288,0.11767480064683263
g800,Gap_8_9mps,open_gap,1,1000,100,14980,5.959535256410256,0.08521335328095762,0.03446165062305194,0.11838060133654069
g800,Gap_8_9mps,open_gap,1,1000,100,14980,6.059695512820513,0.08638715100334186,0.03362896700831948,0.11587157259264211
g800,Gap_8_9mps,open_gap,1,1000,100,14980,6.159855769230769,0.0874886328599177,0.03435779782020544,0.12023215172105822
g800,Gap_8_9mps,open_gap,1,1000,100,14980,6.2600160256410255,0.08867568443385014,0.03846604762205974,0.1262137367521514
g800,Gap_8_9mps,open_gap,1,1000,100,14980,6.360176282051282,0.08989645816781622,0.04156212136392074,0.13058782180304654
g800,Gap_8_9mps,open_gap,1,1000,100,14980,6.460336538461538,0.09107937546756575,0.04203568704783421,0.13292160781667695
g800,Gap_8_9mps,open_gap,1,1000,100,14980,6.560496794871795,0.09247075132548022,0.04315197522478629,0.13110314952503088
g800,Gap_8_9mps,open_gap,1,1000,100,14980,6.660657051282051,0.09355726079989375,0.039735469640214016,0.13340797635704177
g800,Gap_8_9mps,open_gap,1,1000,100,14980,6.7608173076923075,0.09423341795053299,0.03961183413073871,0.13487072699565628
g800,Gap_8_9mps,open_gap,1,1000,100,14980,6.860977564102564,0.09449242760797556,0.03751655118371722,0.13607028663167042
g800,Gap_8_9mps,open_gap,1,1000,100,14980,6.96113782051282,0.0945943068423451,0.038395706676538695,0.13975507787940705
g800,Gap_8_9mps,open_gap,1,1000,100,14980,7.061298076923077,0.09448365894169333,0.035254122873022924,0.14062161152598004
g800,Gap_8_9mps,open_gap,1,1000,100,14980,7.161458333333333,0.09444739413626793,0.03782585863082462,0.13841565884838158
g800,Gap_8_9mps,open_gap,1,1000,100,14980,7.261618589743589,0.09426079607812225,0.04045524449646342,0.14178231836775967
g800,Gap_8_9mps,open_gap,1,1000,100,14980,7.361778846153846,0.09416026103524104,0.037275637296585125,0.14169593888197252
g800,Gap_8_9mps,open_gap,1,1000,100,14980,7.461939102564102,0.09397030822648521,0.04379042685692076,0.13818458642536627
g800,Gap_8_9mps,open_gap,1,1000,100,14980,7.562099358974359,0.09404433591532406,0.04082038705751313,0.13586564694378953
g800,Gap_8_9mps,open_gap,1,1000,100,14980,7.662259615384615,0.09431210414692577,0.03911010189468685,0.13190878714839213
g800,Gap_8_9mps,open_gap,1,1000,100,14980,7.762419871794871,0.09475108301583028,0.040521071520683835,0.13361248337395956
g800,Gap_8_9mps,open_gap,1,1000,100,14980,7.862580128205129,0.09548171773669624,0.04112216044832519,0.12952992525066181
g800,Gap_8_9mps,open_gap,1,1000,100,14980,7.962740384615385,0.09599139225847393,0.04070604046868703,0.12862441810177566
g800,Gap_8_9mps,open_gap,1,1000,100,14980,8.06290064102564,0.09657905657348088,0.042001215806267776,0.12802193172989587
g800,Gap_8_9mps,open_gap,1,1000,100,14980,8.163060897435898,0.09774715732133893,0.04436576424949079,0.12809650540889356
g800,Gap_8_9mps,open_gap,1,1000,100,14980,8.263221153846153,0.09866577698907963,0.04447957371317662,0.12986531640610008
g800,Gap_8_9mps,open_gap,1,1000,100,14980,8.36338141025641,0.09893223370988903,0.0431143211661812,0.131529761289786
g800,Gap_8_9mps,open_gap,1,1000,100,14980,8.463541666666666,0.09864533996201058,0.04140565277615207,0.134871672427889
g800,Gap_8_9mps,open_gap,1,1000,100,14980,8.563701923076923,0.0979013893195098,0.0395939806331776,0.13368171334391035
g800,Gap_8_9mps,open_gap,1,1000,100,14980,8.663862179487179,0.09707782466900734,0.03892846900341196,0.128244213529657
g800,Gap_8_9mps,open_gap,1,1000,100,14980,8.764022435897436,0.09682385480099379,0.04059838081001786,0.12487128862623612
g800,Gap_8_9mps,open_gap,1,1000,100,14980,8.864182692307692,0.09645790670589255,0.045174399042913586,0.12685332695119836
g800,Gap_8_9mps,open_gap,1,1000,100,14980,8.964342948717949,0.09594717331807719,0.0417463926769617,0.1289228270150271
g800,Gap_8_9mps,open_gap,1,1000,100,14980,9.064503205128204,0.09520688888709737,0.03838453964748946,0.13085024545303742
g800,Gap_8_9mps,open_gap,1,1000,100,14980,9.164663461538462,0.09456993921796876,0.04013026493138655,0.1314178762843266
g800,Gap_8_9mps,open_gap,1,1000,100,14980,9.264823717948717,0.09384572187844502,0.04265630698376421,0.13166092410273034
g800,Gap_8_9mps,open_gap,1,1000,100,14980,9.364983974358974,0.09313768493151516,0.03975776947101,0.1336427647732406
g800,Gap_8_9mps,open_gap,1,1000,100,14980,9.46514423076923,0.09261335457338243,0.03815053093047727,0.12948845765272896
g800,Gap_8_9mps,open_gap,1,1000,100,14980,9.565304487179487,0.09221068381887815,0.04089832658407154,0.12773235543839728
g800,Gap_8_9mps,open_gap,1,1000,100,14980,9.665464743589743,0.09163361891677539,0.037107383324712105,0.12567524575482703
g800,Gap_8_9mps,open_gap,1,1000,100,14980,9.765625,0.0907846051104426,0.034709599820650805,0.12487040256724379
g800,Gap_8_9mps,open_gap,1,1000,100,14980,9.865785256410257,0.08960907826755124,0.038649602735606955,0.12781299169646854
g800,Gap_8_9mps,open_gap,1,1000,100,14980,9.965945512820513,0.0882960600044077,0.03870001057047552,0.12753884907527624
g800,Gap_8_9mps,open_gap,10,1000,100,14980,0.05008012820512821,0.06589234783524323,0.02804653815554834,0.09366016491655883
g800,Gap_8_9mps,open_gap,10,1000,100,14980,0.1502403846153846,0.07047961844196507,0.023540800181312972,0.10707361560692945
g800,Gap_8_9mps,open_gap,10,1000,100,14980,0.250400641025641,0.08679054538560192,0.025727523415393853,0.11905678151324564
g800,Gap_8_9mps,open_gap,10,1000,100,14980,0.3505608974358974,0.0922194537928436,0.03416105757640097,0.12898990549234293
g800,Gap_8_9mps,open_gap,10,1000,100,14980,0.45072115384615385,0.09223152377064174,0.038122353089332914,0.13224794783886124
g800,Gap_8_9mps,open_gap,10,1000,100,14980,0.5508814102564102,0.09246168517334928,0.04163719105611639,0.13683159763653235
g800,Gap_8_9mps,open_gap,10,1000,100,14980,0.6510416666666666,0.09061360247063861,0.04247127233407055,0.12503086303824365
g800,Gap_8_9mps,open_gap,10,1000,100,14980,0.7512019230769231,0.08518065803787257,0.03562465800233298,0.11641662434503024
g800,Gap_8_9mps,open_gap,10,1000,100,14980,0.8513621794871795,0.07809513556840748,0.030999056177125613,0.11050800493687005
g800,Gap_8_9mps,open_gap,10,1000,100,14980,0.9515224358974359,0.0697608200358798,0.025820398295786737,0.09568600018580857
g800,Gap_8_9mps,open_gap,10,1000,100,14980,1.0516826923076923,0.06168594742287093,0.02366224055347168,0.08749911549537187
g800,Gap_8_9mps,open_gap,10,1000,100,14980,1.1518429487179487,0.05465840290120952,0.02338413542943448,0.07604297936499105
g800,Gap_8_9mps,open_gap,10,1000,100,14980,1.252003205128205,0.04856132070578807,0.01713281171636501,0.06630911899315987
g800,Gap_8_9mps,open_gap,10,1000,100,14980,1.3521634615384615,0.043300295952322196,0.01634164651250944,0.05869048850928878
g800,Gap_8_9mps,open_gap,10,1000,100,14980,1.4523237179487178,0.03894612716666676,0.01305247657863163,0.054025571050681315
g800,Gap_8_9mps,open_gap,10,1000,100,14980,1.5524839743589745,0.035877113909410924,0.015083038657008408,0.0466983690619617
g800,Gap_8_9mps,open_gap,10,1000,100,14980,1.6526442307692308,0.03340874679451218,0.013839610008938338,0.043322936642255935
g800,Gap_8_9mps,open_gap,10,1000,100,14980,1.7528044871794872,0.030549517423171663,0.01285211592609603,0.042166664887940894
g800,Gap_8_9mps,open_gap,10,1000,100,14980,1.8529647435897436,0.027948247653327304,0.010559970444066532,0.0405749702278443
g800,Gap_8_9mps,open_gap,10,1000,100,14980,1.953125,0.025775147901842984,0.011495858675073713,0.03628462207001758
g800,Gap_8_9mps,open_gap,10,1000,100,14980,2.0532852564102564,0.024541838308762793,0.010730962405024082,0.03548100594961966
g800,Gap_8_9mps,open_gap,10,1000,100,14980,2.1534455128205128,0.023942956645949042,0.010585832008398422,0.03397879269367669
g800,Gap_8_9mps,open_gap,10,1000,100,14980,2.253605769230769,0.024108069129575315,0.01118539449517858,0.03549831518988827
g800,Gap_8_9mps,open_gap,10,1000,100,14980,2.3537660256410255,0.0242545963438499,0.011311753353241057,0.03448791826911422
g800,Gap_8_9mps,open_gap,10,1000,100,14980,2.453926282051282,0.024714206970859173,0.01287487313923541,0.03497489442123933
g800,Gap_8_9mps,open_gap,10,1000,100,14980,2.5540865384615383,0.025261566124306283,0.012913796395564402,0.034468864043167444
g800,Gap_8_9mps,open_gap,10,1000,100,14980,2.6542467948717947,0.02553324676755055,0.012980560175030739,0.034353165565391766
g800,Gap_8_9mps,open_gap,10,1000,100,14980,2.754407051282051,0.025820850056041286,0.012470835087422109,0.0354453817812056
g800,Gap_8_9mps,open_gap,10,1000,100,14980,2.8545673076923075,0.02605366350435206,0.011560168644727151,0.037123452357742906
g800,Gap_8_9mps,open_gap,10,1000,100,14980,2.9547275641025643,0.026260021751282534,0.010728529159727596,0.036430668562033156
g800,Gap_8_9mps,open_gap,10,1000,100,14980,3.0548878205128207,0.026636377386727098,0.010711956597855697,0.03596433485123961
g800,Gap_8_9mps,open_gap,10,1000,100,14980,3.155048076923077,0.026702431194678255,0.011297971844936992,0.03575120098266986
g800,Gap_8_9mps,open_gap,10,1000,100,14980,3.2552083333333335,0.026601190423242483,0.011418974042578384,0.03612277537770826
g800,Gap_8_9mps,open_gap,10,1000,100,14980,3.35536858974359,0.026455959060267892,0.011595354289443166,0.037844843004256605
g800,Gap_8_9mps,open_gap,10,1000,100,14980,3.4555288461538463,0.02617428216904914,0.01048672253025937,0.038090500623314795
g800,Gap_8_9mps,open_gap,10,1000,100,14980,3.5556891025641026,0.025831231476189646,0.01002148868225533,0.037462264008415
g800,Gap_8_9mps,open_gap,10,1000,100,14980,3.655849358974359,0.025582476718231096,0.010503085852715704,0.037007052722012386
g800,Gap_8_9mps,open_gap,10,1000,100,14980,3.7560096153846154,0.025428922546238346,0.01066371391156001,0.03736009598071902
g800,Gap_8_9mps,open_gap,10,1000,100,14980,3.856169871794872,0.02529467690954943,0.010228039985330199,0.03768696080894507
g800,Gap_8_9mps,open_gap,10,1000,100,14980,3.956330128205128,0.025032002644081296,0.00982174129790399,0.03663989307928854
g800,Gap_8_9mps,open_gap,10,1000,100,14980,4.056490384615385,0.024851291045201392,0.010408931297719859,0.03393941593571462
g800,Gap_8_9mps,open_gap,10,1000,100,14980,4.156650641025641,0.02456917650892674,0.010222230030880025,0.03325522240810236
g800,Gap_8_9mps,open_gap,10,1000,100,14980,4.256810897435898,0.024388634911202117,0.00892588184695086,0.032036657807852156
g800,Gap_8_9mps,open_gap,10,1000,100,14980,4.356971153846154,0.024333291247377823,0.009761305666968827,0.03284852360033975
g800,Gap_8_9mps,open_gap,10,1000,100,14980,4.457131410256411,0.02441402988646904,0.009439227073523538,0.033788372118854285
g800,Gap_8_9mps,open_gap,10,1000,100,14980,4.557291666666667,0.024525485350958175,0.008642586458974961,0.033194908142603424
g800,Gap_8_9mps,open_gap,10,1000,100,14980,4.657451923076923,0.024622700743626345,0.007809325496977458,0.03534355265572169
g800,Gap_8_9mps,open_gap,10,1000,100,14980,4.75761217948718,0.024710400851138424,0.008535090268240484,0.03662688253751256
g800,Gap_8_9mps,open_gap,10,1000,100,14980,4.857772435897436,0.024822406622078727,0.009484438160640804,0.03560608946604016
g800,Gap_8_9mps,open_gap,10,1000,100,14980,4.9579326923076925,0.02502394795716764,0.010591483272366201,0.03465394929436202
g800,Gap_8_9mps,open_gap,10,1000,100,14980,5.058092948717949,0.025320214803872223,0.011822585389192904,0.035486825907609584
g800,Gap_8_9mps,open_gap,10,1000,100,14980,5.158253205128205,0.025684180928401114,0.011053866735789638,0.03554006841944796
g800,Gap_8_9mps,open_gap,10,1000,100,14980,5.258413461538462,0.0260718227425567,0.011832938096862637,0.03582809340831043
g800,Gap_8_9mps,open_gap,10,1000,100,14980,5.358573717948718,0.02641524833706366,0.012236453393211954,0.03689324632183722
g800,Gap_8_9mps,open_gap,10,1000,100,14980,5.4587339743589745,0.026708946021297083,0.012903612542438917,0.03646144909416646
g800,Gap_8_9mps,open_gap,10,1000,100,14980,5.558894230769231,0.026881295705668565,0.011558311779980299,0.03783930210402571
g800,Gap_8_9mps,open_gap,10,1000,100,14980,5.659054487179487,0.02688710294281235,0.011740699960699133,0.03650010306106125
g800,Gap_8_9mps,open_gap,10,1000,100,14980,5.759214743589744,0.02681007642122899,0.011443670448892797,0.038159981212839984
g800,Gap_8_9mps,open_gap,10,1000,100,14980,5.859375,0.026727228710158184,0.010715540065243497,0.03797639689204593
g800,Gap_8_9mps,open_gap,10,1000,100,14980,5.959535256410256,0.026559654768396057,0.009961218322858328,0.03858993866211798
g800,Gap_8_9mps,open_gap,10,1000,100,14980,6.059695512820513,0.02634095772558977,0.010142868842777958,0.0386368791000232
g800,Gap_8_9mps,open_gap,10,1000,100,14980,6.159855769230769,0.02614269750684013,0.009262832204761817,0.038563380845294676
g800,Gap_8_9mps,open_gap,10,1000,100,14980,6.2600160256410255,0.026086104977343254,0.008015117552607972,0.038454596385932904
g800,Gap_8_9mps,open_gap,10,1000,100,14980,6.360176282051282,0.02613659285379374,0.008598274410260995,0.03941274068560189
g800,Gap_8_9mps,open_gap,10,1000,100,14980,6.460336538461538,0.026129828704978163,0.009388988872478164,0.03886552768240624
g800,Gap_8_9mps,open_gap,10,1000,100,14980,6.560496794871795,0.026112285806039814,0.009426069591287754,0.039446274930309125
g800,Gap_8_9mps,open_gap,10,1000,100,14980,6.660657051282051,0.02615098656581123,0.009184672749796624,0.0366731276586873
g800,Gap_8_9mps,open_gap,10,1000,100,14980,6.7608173076923075,0.026153156406500944,0.009195063889302305,0.03672089006012165
g800,Gap_8_9mps,open_gap,10,1000,100,14980,6.860977564102564,0.026032690479162682,0.010141872689723646,0.03418202118679363
g800,Gap_8_9mps,open_gap,10,1000,100,14980,6.96113782051282,0.02582364415480308,0.010297809885642818,0.03391939183425951
g800,Gap_8_9mps,open_gap,10,1000,100,14980,7.061298076923077,0.025632109447438607,0.010087238912296738,0.034268599077839614
g800,Gap_8_9mps,open_gap,10,1000,100,14980,7.161458333333333,0.025423887923165047,0.008254147312683235,0.036579561184983525
g800,Gap_8_9mps,open_gap,10,1000,100,14980,7.261618589743589,0.025102946087560515,0.0074236410549117105,0.03688556985334812
g800,Gap_8_9mps,open_gap,10,1000,100,14980,7.361778846153846,0.0247141325960075,0.007119867421505249,0.036278367437800066
g800,Gap_8_9mps,open_gap,10,1000,100,14980,7.461939102564102,0.024451793509181922,0.00660474606208877,0.03535169692550405
g800,Gap_8_9mps,open_gap,10,1000,100,14980,7.562099358974359,0.024551157328352998,0.005691352183417015,0.03463817814842994
g800,Gap_8_9mps,open_gap,10,1000,100,14980,7.662259615384615,0.02478279005907483,0.006382882300770736,0.0343985761767914
g800,Gap_8_9mps,open_gap,10,1000,100,14980,7.762419871794871,0.025166278529177077,0.00705749766713441,0.035445521556976105
g800,Gap_8_9mps,open_gap,10,1000,100,14980,7.862580128205129,0.025579779422615273,0.007074447070615506,0.0379573310895414
g800,Gap_8_9mps,open_gap,10,1000,100,14980,7.962740384615385,0.026006889076031558,0.007487909442373013,0.03871759059827
g800,Gap_8_9mps,open_gap,10,1000,100,14980,8.06290064102564,0.026431779284715115,0.007725875351571461,0.03903784094146903
g800,Gap_8_9mps,open_gap,10,1000,100,14980,8.163060897435898,0.0268851290396941,0.007736736337579419,0.040785656504062184
g800,Gap_8_9mps,open_gap,10,1000,100,14980,8.263221153846153,0.02731944050689352,0.008028264092081872,0.04179685158974465
g800,Gap_8_9mps,open_gap,10,1000,100,14980,8.36338141025641,0.027678591932237363,0.008465299758602036,0.043503219674394036
g800,Gap_8_9mps,open_gap,10,1000,100,14980,8.463541666666666,0.02799724031503868,0.0072696386056082295,0.04455749174263235
g800,Gap_8_9mps,open_gap,10,1000,100,14980,8.563701923076923,0.028275579832435175,0.0075978278416308255,0.04496069465027246
g800,Gap_8_9mps,open_gap,10,1000,100,14980,8.663862179487179,0.028575847422744563,0.007981381681497294,0.04472907324620164
g800,Gap_8_9mps,open_gap,10,1000,100,14980,8.764022435897436,0.028920474489316797,0.00814815917808261,0.0431609359360369
g800,Gap_8_9mps,open_gap,10,1000,100,14980,8.864182692307692,0.029162488050284822,0.009776679302452905,0.041501469875743165
g800,Gap_8_9mps,open_gap,10,1000,100,14980,8.964342948717949,0.029330924392909064,0.009962521488754993,0.042020396509058505
g800,Gap_8_9mps,open_gap,10,1000,100,14980,9.064503205128204,0.02952504547996044,0.010434899101812223,0.04355074656266415
g800,Gap_8_9mps,open_gap,10,1000,100,14980,9.164663461538462,0.029736773431636655,0.010905010981215746,0.04305010869104366
g800,Gap_8_9mps,open_gap,10,1000,100,14980,9.264823717948717,0.029930039213136875,0.01193770716393632,0.042333955791100816
g800,Gap_8_9mps,open_gap,10,1000,100,14980,9.364983974358974,0.03005672466363106,0.013016341969098733,0.04320245708388072
g800,Gap_8_9mps,open_gap,10,1000,100,14980,9.46514423076923,0.030044830040052775,0.013352196056546008,0.04151183280351335
g800,Gap_8_9mps,open_gap,10,1000,100,14980,9.565304487179487,0.029993048764279825,0.012914840382399545,0.041897729610154005
g800,Gap_8_9mps,open_gap,10,1000,100,14980,9.665464743589743,0.030001401354939564,0.011619764152290896,0.041763531377034244
g800,Gap_8_9mps,open_gap,10,1000,100,14980,9.765625,0.029938858857742598,0.012651836459159457,0.042058455212526574
g800,Gap_8_9mps,open_gap,10,1000,100,14980,9.865785256410257,0.029879060763130974,0.011843616670192732,0.04201768714277785
g800,Gap_8_9mps,open_gap,10,1000,100,14980,9.965945512820513,0.029853206877201454,0.013366478459718549,0.04302516934128388
g800,Gap_8_9mps,open_gap,50,1000,100,14980,0.05008012820512821,0.029163542144876386,0.008653987279032247,0.04161206554307449
g800,Gap_8_9mps,open_gap,50,1000,100,14980,0.1502403846153846,0.0332472067875727,0.013596601676970538,0.04549491351532127
g800,Gap_8_9mps,open_gap,50,1000,100,14980,0.250400641025641,0.041221374156231186,0.016344750510217665,0.05172313154743422
g800,Gap_8_9mps,open_gap,50,1000,100,14980,0.3505608974358974,0.044522957269024575,0.018903785860680544,0.058924478625983344
g800,Gap_8_9mps,open_gap,50,1000,100,14980,0.45072115384615385,0.04555412588771026,0.022958911128412897,0.06279659318519662
g800,Gap_8_9mps,open_gap,50,1000,100,14980,0.5508814102564102,0.044361186248013246,0.022376481301189063,0.06268842455855202
g800,Gap_8_9mps,open_gap,50,1000,100,14980,0.6510416666666666,0.04268609769710004,0.020095615727157255,0.06005827119912133
g800,Gap_8_9mps,open_gap,50,1000,100,14980,0.7512019230769231,0.040377132063298064,0.017659907222202082,0.05471356492938861
g800,Gap_8_9mps,open_gap,50,1000,100,14980,0.8513621794871795,0.03691229650747156,0.014984695717368724,0.05091422468672768
g800,Gap_8_9mps,open_gap,50,1000,100,14980,0.9515224358974359,0.03264091437229848,0.012470732015059278,0.04536080598924268
g800,Gap_8_9mps,open_gap,50,1000,100,14980,1.0516826923076923,0.028377530788896863,0.01144707043968681,0.03947998004382253
g800,Gap_8_9mps,open_gap,50,1000,100,14980,1.1518429487179487,0.024469336733332323,0.008456078119153774,0.03453450693029676
g800,Gap_8_9mps,open_gap,50,1000,100,14980,1.252003205128205,0.020880784078702027,0.007685367423855685,0.0317201727445982
g800,Gap_8_9mps,open_gap,50,1000,100,14980,1.3521634615384615,0.018030944647424666,0.007245888954201064,0.027404002597656223
g800,Gap_8_9mps,open_gap,50,1000,100,14980,1.4523237179487178,0.015662521174852416,0.005018953933173423,0.022605103306568217
g800,Gap_8_9mps,open_gap,50,1000,100,14980,1.5524839743589745,0.013865197602775521,0.005368999125429853,0.02064362683647837
g800,Gap_8_9mps,open_gap,50,1000,100,14980,1.6526442307692308,0.012496620688429485,0.00470742427200882,0.0189719495043854
g800,Gap_8_9mps,open_gap,50,1000,100,14980,1.7528044871794872,0.011498829063886535,0.0037997161735534397,0.017811426899970565
g800,Gap_8_9mps,open_gap,50,1000,100,14980,1.8529647435897436,0.010865600973797731,0.003607450404742865,0.016323620400084986
g800,Gap_8_9mps,open_gap,50,1000,100,14980,1.953125,0.01070032018629727,0.004018436518159101,0.015318219211974671
g800,Gap_8_9mps,open_gap,50,1000,100,14980,2.0532852564102564,0.010812736908886759,0.0047579854286136,0.016330347407779087
g800,Gap_8_9mps,open_gap,50,1000,100,14980,2.1534455128205128,0.01103848692430443,0.004644499211525207,0.01651918865442185
g800,Gap_8_9mps,open_gap,50,1000,100,14980,2.253605769230769,0.011351176307835331,0.004337314823771868,0.016765575675991233
g800,Gap_8_9mps,open_gap,50,1000,100,14980,2.3537660256410255,0.011618648133751195,0.004676093939951934,0.01737041664658412
g800,Gap_8_9mps,open_gap,50,1000,100,14980,2.453926282051282,0.01184178564481866,0.00453190089260447,0.017751137095814974
g800,Gap_8_9mps,open_gap,50,1000,100,14980,2.5540865384615383,0.012130898307300679,0.004894813422203192,0.018091804513871088
g800,Gap_8_9mps,open_gap,50,1000,100,14980,2.6542467948717947,0.012336650326567767,0.004630057530090822,0.018648406941643353
g800,Gap_8_9mps,open_gap,50,1000,100,14980,2.754407051282051,0.01252219218086637,0.0045275881697170554,0.017647311684721168
g800,Gap_8_9mps,open_gap,50,1000,100,14980,2.8545673076923075,0.012628519261434152,0.004107422891930201,0.018347577163275904
g800,Gap_8_9mps,open_gap,50,1000,100,14980,2.9547275641025643,0.012703492413375674,0.0038737930841772133,0.01911219825862176
g800,Gap_8_9mps,open_gap,50,1000,100,14980,3.0548878205128207,0.01295949715104655,0.004760309730235543,0.018488627351301846
g800,Gap_8_9mps,open_gap,50,1000,100,14980,3.155048076923077,0.013080943181044982,0.0058418448510336295,0.018984828704346583
g800,Gap_8_9mps,open_gap,50,1000,100,14980,3.2552083333333335,0.012983725757324044,0.0048839266552741034,0.019114770209980862
g800,Gap_8_9mps,open_gap,50,1000,100,14980,3.35536858974359,0.012812179657050954,0.005233997574102024,0.018179794314530835
g800,Gap_8_9mps,open_gap,50,1000,100,14980,3.4555288461538463,0.012872731271461924,0.005374937378648595,0.018945978131173068
g800,Gap_8_9mps,open_gap,50,1000,100,14980,3.5556891025641026,0.012934544662615639,0.005703497169920871,0.01835832585106091
g800,Gap_8_9mps,open_gap,50,1000,100,14980,3.655849358974359,0.012903679644268537,0.006412054591080849,0.018441044787662387
g800,Gap_8_9mps,open_gap,50,1000,100,14980,3.7560096153846154,0.012770941355023525,0.005956471486005445,0.018288399550282518
g800,Gap_8_9mps,open_gap,50,1000,100,14980,3.856169871794872,0.012627514377689384,0.006217288521869419,0.017694742336623714
g800,Gap_8_9mps,open_gap,50,1000,100,14980,3.956330128205128,0.012518974237876446,0.005972654914413839,0.017018149650059898
g800,Gap_8_9mps,open_gap,50,1000,100,14980,4.056490384615385,0.012444704645361758,0.006092211660623269,0.017973199856252894
g800,Gap_8_9mps,open_gap,50,1000,100,14980,4.156650641025641,0.012349272643046423,0.006615018814865223,0.019596666043531184
g800,Gap_8_9mps,open_gap,50,1000,100,14980,4.256810897435898,0.01228049496600151,0.0060387770965946086,0.019828346155353768
g800,Gap_8_9mps,open_gap,50,1000,100,14980,4.356971153846154,0.012171784114635643,0.005805483294595776,0.018606950459681085
g800,Gap_8_9mps,open_gap,50,1000,100,14980,4.457131410256411,0.01206323552097634,0.005263048569198259,0.01859044048411094
g800,Gap_8_9mps,open_gap,50,1000,100,14980,4.557291666666667,0.011993421455293175,0.005260776721554951,0.018699753309958968
g800,Gap_8_9mps,open_gap,50,1000,100,14980,4.657451923076923,0.011932299721782296,0.005753917783833963,0.01812989035579845
g800,Gap_8_9mps,open_gap,50,1000,100,14980,4.75761217948718,0.01182903215876458,0.0056802536715386985,0.017347048969976797
g800,Gap_8_9mps,open_gap,50,1000,100,14980,4.857772435897436,0.011715997565216282,0.005522355286561625,0.016648516024407624
g800,Gap_8_9mps,open_gap,50,1000,100,14980,4.9579326923076925,0.0115707314208434,0.005040407372563524,0.016688981412986158
g800,Gap_8_9mps,open_gap,50,1000,100,14980,5.058092948717949,0.011385404627017997,0.0051218676235555835,0.016889069874574773
g800,Gap_8_9mps,open_gap,50,1000,100,14980,5.158253205128205,0.011243043122157981,0.005340667422398965,0.016837818282604167
g800,Gap_8_9mps,open_gap,50,1000,100,14980,5.258413461538462,0.011180419784283744,0.005252711017857328,0.016515925145022727
g800,Gap_8_9mps,open_gap,50,1000,100,14980,5.358573717948718,0.011112173400080907,0.005396728338035535,0.01669476968769654
g800,Gap_8_9mps,open_gap,50,1000,100,14980,5.4587339743589745,0.011050584073192564,0.005071854621739264,0.016371989320072375
g800,Gap_8_9mps,open_gap,50,1000,100,14980,5.558894230769231,0.011010269474953174,0.004337886093854891,0.0156536072027002
g800,Gap_8_9mps,open_gap,50,1000,100,14980,5.659054487179487,0.011016623227978655,0.004828079413817845,0.015487048300638018
g800,Gap_8_9mps,open_gap,50,1000,100,14980,5.759214743589744,0.01108339386082311,0.004742832535537022,0.016378096032066594
g800,Gap_8_9mps,open_gap,50,1000,100,14980,5.859375,0.011180353826491194,0.004981928100479422,0.017270926624427103
g800,Gap_8_9mps,open_gap,50,1000,100,14980,5.959535256410256,0.011260423247836483,0.004857024135981145,0.017425519427973706
g800,Gap_8_9mps,open_gap,50,1000,100,14980,6.059695512820513,0.011324611341832859,0.004598148766083964,0.017290496566807624
g800,Gap_8_9mps,open_gap,50,1000,100,14980,6.159855769230769,0.011393779117794852,0.0046107653884259765,0.016822122199899786
g800,Gap_8_9mps,open_gap,50,1000,100,14980,6.2600160256410255,0.011482369062452901,0.004511343425051476,0.016297423067185495
g800,Gap_8_9mps,open_gap,50,1000,100,14980,6.360176282051282,0.011548277880816355,0.004648451149623401,0.015837252578848
g800,Gap_8_9mps,open_gap,50,1000,100,14980,6.460336538461538,0.011609240146816831,0.004862112763136889,0.015613348866191654
g800,Gap_8_9mps,open_gap,50,1000,100,14980,6.560496794871795,0.011682225509977027,0.004991275383909205,0.015809826040726616
g800,Gap_8_9mps,open_gap,50,1000,100,14980,6.660657051282051,0.011719642525417755,0.00429292774454205,0.01656420310563838
g800,Gap_8_9mps,open_gap,50,1000,100,14980,6.7608173076923075,0.011699832783452324,0.0039298588082304865,0.016594832131955853
g800,Gap_8_9mps,open_gap,50,1000,100,14980,6.860977564102564,0.011653196288286663,0.0045149373164361534,0.017078030753319814
g800,Gap_8_9mps,open_gap,50,1000,100,14980,6.96113782051282,0.011624962745264544,0.004431101759714415,0.01744513275584556
g800,Gap_8_9mps,open_gap,50,1000,100,14980,7.061298076923077,0.011629991575550148,0.0039074344553348735,0.017770871382573376
g800,Gap_8_9mps,open_gap,50,1000,100,14980,7.161458333333333,0.011583203924207775,0.004303628089192394,0.01800904047404548
g800,Gap_8_9mps,open_gap,50,1000,100,14980,7.261618589743589,0.011535643339749282,0.004006642472967259,0.016930795864422466
g800,Gap_8_9mps,open_gap,50,1000,100,14980,7.361778846153846,0.011490796179675522,0.0039983769431305854,0.016897785613729774
g800,Gap_8_9mps,open_gap,50,1000,100,14980,7.461939102564102,0.011495795748214972,0.004038201649501331,0.01745386878666369
g800,Gap_8_9mps,open_gap,50,1000,100,14980,7.562099358974359,0.011608899763871184,0.003583585246638612,0.01719806389760864
g800,Gap_8_9mps,open_gap,50,1000,100,14980,7.662259615384615,0.011737356253129345,0.004066713423015126,0.016863683525564048
g800,Gap_8_9mps,open_gap,50,1000,100,14980,7.762419871794871,0.01193615400740899,0.004020203482822343,0.01723940268839756
g800,Gap_8_9mps,open_gap,50,1000,100,14980,7.862580128205129,0.012134424681043095,0.004341424355609992,0.017827743444616146
g800,Gap_8_9mps,open_gap,50,1000,100,14980,7.962740384615385,0.012353903990587535,0.004473136390414332,0.01800124744304407
g800,Gap_8_9mps,open_gap,50,1000,100,14980,8.06290064102564,0.012584739377466752,0.0049716677571364385,0.018266787861128456
g800,Gap_8_9mps,open_gap,50,1000,100,14980,8.163060897435898,0.012747534861910291,0.005097479122778454,0.018275044276927763
g800,Gap_8_9mps,open_gap,50,1000,100,14980,8.263221153846153,0.012796961682458908,0.004490480039053427,0.01808771723538944
g800,Gap_8_9mps,open_gap,50,1000,100,14980,8.36338141025641,0.012760037234911757,0.004689533031275162,0.017619021287673474
g800,Gap_8_9mps,open_gap,50,1000,100,14980,8.463541666666666,0.012701075350522178,0.004122965288244898,0.017379104122394927
g800,Gap_8_9mps,open_gap,50,1000,100,14980,8.563701923076923,0.012545618082386278,0.004807153191146,0.01696266968193336
g800,Gap_8_9mps,open_gap,50,1000,100,14980,8.663862179487179,0.012368077304853392,0.004637902815085338,0.016624054064309977
g800,Gap_8_9mps,open_gap,50,1000,100,14980,8.764022435897436,0.012237959294863227,0.004384187057563674,0.016922530042416527
g800,Gap_8_9mps,open_gap,50,1000,100,14980,8.864182692307692,0.012109788893679675,0.004099457269827092,0.0170014204015256
g800,Gap_8_9mps,open_gap,50,1000,100,14980,8.964342948717949,0.012002050558783357,0.0041562778460295,0.017778288918624836
g800,Gap_8_9mps,open_gap,50,1000,100,14980,9.064503205128204,0.011853060018262687,0.004210797798150778,0.01833566569984159
g800,Gap_8_9mps,open_gap,50,1000,100,14980,9.164663461538462,0.011727758183359676,0.004481817301418651,0.017784397307502725
g800,Gap_8_9mps,open_gap,50,1000,100,14980,9.264823717948717,0.011657348514700603,0.0043695671809169815,0.017210646396340228
g800,Gap_8_9mps,open_gap,50,1000,100,14980,9.364983974358974,0.01161397869105629,0.004415017271397882,0.017765576125746935
g800,Gap_8_9mps,open_gap,50,1000,100,14980,9.46514423076923,0.01160598724943201,0.004294179280336407,0.017145702130557616
g800,Gap_8_9mps,open_gap,50,1000,100,14980,9.565304487179487,0.011623212636998358,0.004561178795832067,0.017377046104689042
g800,Gap_8_9mps,open_gap,50,1000,100,14980,9.665464743589743,0.011595342713161583,0.004569349397970479,0.01736097419763108
g800,Gap_8_9mps,open_gap,50,1000,100,14980,9.765625,0.011512160416979804,0.0040485430666029375,0.017331069056758318
g800,Gap_8_9mps,open_gap,50,1000,100,14980,9.865785256410257,0.011380581956879972,0.004339961184372769,0.01728371765761616
g800,Gap_8_9mps,open_gap,50,1000,100,14980,9.965945512820513,0.011244578911739389,0.004284983882133478,0.01786415154895686
g800,Gap_8_9mps,open_gap,100,1000,100,14980,0.05008012820512821,0.02065749054323665,0.008491854706966262,0.03044591662062822
g800,Gap_8_9mps,open_gap,100,1000,100,14980,0.1502403846153846,0.022743275833245674,0.0074396374740517204,0.03401773572525231
g800,Gap_8_9mps,open_gap,100,1000,100,14980,0.250400641025641,0.026689449994667096,0.009319572077048754,0.03877355344874002
g800,Gap_8_9mps,open_gap,100,1000,100,14980,0.3505608974358974,0.027541080140880126,0.009477793647437595,0.038536375010960175
g800,Gap_8_9mps,open_gap,100,1000,100,14980,0.45072115384615385,0.02759518418917183,0.009789781441389606,0.039411557510315165
g800,Gap_8_9mps,open_gap,100,1000,100,14980,0.5508814102564102,0.027137866018860268,0.011303290581868526,0.036025029332639374
g800,Gap_8_9mps,open_gap,100,1000,100,14980,0.6510416666666666,0.02582794973958352,0.01166622018793906,0.03659474208228018
g800,Gap_8_9mps,open_gap,100,1000,100,14980,0.7512019230769231,0.02424017721322068,0.010417648516815363,0.03341060472540758
g800,Gap_8_9mps,open_gap,100,1000,100,14980,0.8513621794871795,0.022025462195135997,0.008545616335708286,0.03125755914129767
g800,Gap_8_9mps,open_gap,100,1000,100,14980,0.9515224358974359,0.01969083158188992,0.007985742013577659,0.027320199563951895
g800,Gap_8_9mps,open_gap,100,1000,100,14980,1.0516826923076923,0.017735609745333444,0.007679475268668879,0.02414055398895809
g800,Gap_8_9mps,open_gap,100,1000,100,14980,1.1518429487179487,0.016049021208858854,0.007247826532579284,0.02134904984159733
g800,Gap_8_9mps,open_gap,100,1000,100,14980,1.252003205128205,0.01435939748000377,0.007939497087871134,0.01860281466776733
g800,Gap_8_9mps,open_gap,100,1000,100,14980,1.3521634615384615,0.012820275406922018,0.0065452147006614374,0.017045602126125957
g800,Gap_8_9mps,open_gap,100,1000,100,14980,1.4523237179487178,0.011573632876984064,0.006282765498081736,0.015472129263716931
g800,Gap_8_9mps,open_gap,100,1000,100,14980,1.5524839743589745,0.010535107944958684,0.005796216335982101,0.013592816277819364
g800,Gap_8_9mps,open_gap,100,1000,100,14980,1.6526442307692308,0.009664396284067319,0.004917020498295447,0.013067910437672501
g800,Gap_8_9mps,open_gap,100,1000,100,14980,1.7528044871794872,0.008856038951974449,0.003947807474633334,0.012778466283436433
g800,Gap_8_9mps,open_gap,100,1000,100,14980,1.8529647435897436,0.008357754492999178,0.0033612689286260703,0.012658842428258066
g800,Gap_8_9mps,open_gap,100,1000,100,14980,1.953125,0.008102179196851418,0.0034579911076595307,0.012087328362818945
g800,Gap_8_9mps,open_gap,100,1000,100,14980,2.0532852564102564,0.007915448767354944,0.003408463742842212,0.010932811257358826
g800,Gap_8_9mps,open_gap,100,1000,100,14980,2.1534455128205128,0.00764494594710512,0.0035730250395147015,0.011430824264139614
g800,Gap_8_9mps,open_gap,100,1000,100,14980,2.253605769230769,0.007525270513925007,0.003213696062962336,0.010705286749237373
g800,Gap_8_9mps,open_gap,100,1000,100,14980,2.3537660256410255,0.00744161404774446,0.0029863642569299157,0.011193173632974344
g800,Gap_8_9mps,open_gap,100,1000,100,14980,2.453926282051282,0.007402957112586191,0.0029716575222938687,0.011135395329991218
g800,Gap_8_9mps,open_gap,100,1000,100,14980,2.5540865384615383,0.007412643748915029,0.002642962830523629,0.011410124772686561
g800,Gap_8_9mps,open_gap,100,1000,100,14980,2.6542467948717947,0.007505317621310062,0.003073826389315729,0.011633571401323477
g800,Gap_8_9mps,open_gap,100,1000,100,14980,2.754407051282051,0.007703217832583117,0.002850614109090966,0.011920690609267053
g800,Gap_8_9mps,open_gap,100,1000,100,14980,2.8545673076923075,0.007938255752381579,0.003255716142443671,0.012005090286696147
g800,Gap_8_9mps,open_gap,100,1000,100,14980,2.9547275641025643,0.00813998357780704,0.0032260037289216685,0.012073217854974732
g800,Gap_8_9mps,open_gap,100,1000,100,14980,3.0548878205128207,0.008253935773132753,0.0037182397404782897,0.012064390079275778
g800,Gap_8_9mps,open_gap,100,1000,100,14980,3.155048076923077,0.008295474324111849,0.0037245385054413575,0.01185787634802371
g800,Gap_8_9mps,open_gap,100,1000,100,14980,3.2552083333333335,0.008220271356199772,0.003352059931335331,0.01172201913271103
g800,Gap_8_9mps,open_gap,100,1000,100,14980,3.35536858974359,0.008057144831685877,0.002846405072912057,0.0120807769985418
g800,Gap_8_9mps,open_gap,100,1000,100,14980,3.4555288461538463,0.007826397781044901,0.002515532473014872,0.011723480151833924
g800,Gap_8_9mps,open_gap,100,1000,100,14980,3.5556891025641026,0.0075950543461054745,0.0017947480228931135,0.012071596170790937
g800,Gap_8_9mps,open_gap,100,1000,100,14980,3.655849358974359,0.007457994215670504,0.0017325866024001494,0.012393175038894238
g800,Gap_8_9mps,open_gap,100,1000,100,14980,3.7560096153846154,0.007422993066548269,0.0024138115101969867,0.01165352571315619
g800,Gap_8_9mps,open_gap,100,1000,100,14980,3.856169871794872,0.007422643416686624,0.002941555514300047,0.011352805813608223
g800,Gap_8_9mps,open_gap,100,1000,100,14980,3.956330128205128,0.0074287993797301265,0.0026120761770511433,0.011517707628170528
g800,Gap_8_9mps,open_gap,100,1000,100,14980,4.056490384615385,0.007417929944909768,0.0026732258472136087,0.010763109868842852
g800,Gap_8_9mps,open_gap,100,1000,100,14980,4.156650641025641,0.007415749558128575,0.002915874063095412,0.010270070898226426
g800,Gap_8_9mps,open_gap,100,1000,100,14980,4.256810897435898,0.0074747558655712375,0.0035224748182845237,0.010128316464574575
g800,Gap_8_9mps,open_gap,100,1000,100,14980,4.356971153846154,0.007555425901289146,0.003386114698882622,0.0105929588772389
g800,Gap_8_9mps,open_gap,100,1000,100,14980,4.457131410256411,0.007656817907495359,0.003618015163450283,0.010505182417068363
g800,Gap_8_9mps,open_gap,100,1000,100,14980,4.557291666666667,0.007750568446781507,0.0034749785179954626,0.010808961836578836
g800,Gap_8_9mps,open_gap,100,1000,100,14980,4.657451923076923,0.007794582874478361,0.003469440554452899,0.010579165375648323
g800,Gap_8_9mps,open_gap,100,1000,100,14980,4.75761217948718,0.007825284549486052,0.003369349264828902,0.010674120534868579
g800,Gap_8_9mps,open_gap,100,1000,100,14980,4.857772435897436,0.00789347405732238,0.002964478940650433,0.01122398892936195
g800,Gap_8_9mps,open_gap,100,1000,100,14980,4.9579326923076925,0.00800710587864901,0.0032995093161659154,0.011545374801916744
g800,Gap_8_9mps,open_gap,100,1000,100,14980,5.058092948717949,0.008147689910080481,0.0032832867787381034,0.011690416008813402
g800,Gap_8_9mps,open_gap,100,1000,100,14980,5.158253205128205,0.008252359888512877,0.0034221449260905855,0.011692521250274424
g800,Gap_8_9mps,open_gap,100,1000,100,14980,5.258413461538462,0.008345792722743753,0.0034616690811800355,0.011340748927437829
g800,Gap_8_9mps,open_gap,100,1000,100,14980,5.358573717948718,0.008393397015921065,0.003633989000373622,0.01186495034974316
g800,Gap_8_9mps,open_gap,100,1000,100,14980,5.4587339743589745,0.008448060982341223,0.003762564233552145,0.011402246074740663
g800,Gap_8_9mps,open_gap,100,1000,100,14980,5.558894230769231,0.008459680976188684,0.0034455267814771403,0.011411947051721917
g800,Gap_8_9mps,open_gap,100,1000,100,14980,5.659054487179487,0.008417558618340178,0.0036612537619278734,0.01177049501613346
g800,Gap_8_9mps,open_gap,100,1000,100,14980,5.759214743589744,0.008388535243721674,0.0037973377922726087,0.01200444947025616
g800,Gap_8_9mps,open_gap,100,1000,100,14980,5.859375,0.008444177559595005,0.003493533220402719,0.011806689890967956
g800,Gap_8_9mps,open_gap,100,1000,100,14980,5.959535256410256,0.008497633034241382,0.003021053594653651,0.011666532830440562
g800,Gap_8_9mps,open_gap,100,1000,100,14980,6.059695512820513,0.00849563850184801,0.003408776699575411,0.011502275235001838
g800,Gap_8_9mps,open_gap,100,1000,100,14980,6.159855769230769,0.008453904846879476,0.0037013789313949867,0.011716464940238371
g800,Gap_8_9mps,open_gap,100,1000,100,14980,6.2600160256410255,0.008396760226026024,0.0034748869922866738,0.011770054152302603
g800,Gap_8_9mps,open_gap,100,1000,100,14980,6.360176282051282,0.008272234620376212,0.0030762178441102457,0.011816037238321522
g800,Gap_8_9mps,open_gap,100,1000,100,14980,6.460336538461538,0.008108905580297445,0.003189258945214744,0.011528213724600916
g800,Gap_8_9mps,open_gap,100,1000,100,14980,6.560496794871795,0.007991846994309122,0.0029835230174310276,0.011299594791102947
g800,Gap_8_9mps,open_gap,100,1000,100,14980,6.660657051282051,0.007929921129732176,0.0033402774935174916,0.011363533452517092
g800,Gap_8_9mps,open_gap,100,1000,100,14980,6.7608173076923075,0.007892743690886456,0.00353998981665925,0.011035014767962932
g800,Gap_8_9mps,open_gap,100,1000,100,14980,6.860977564102564,0.007882571240496896,0.0035951931189940737,0.010749398498369055
g800,Gap_8_9mps,open_gap,100,1000,100,14980,6.96113782051282,0.00788858642266823,0.003276745474101422,0.010587897243278497
g800,Gap_8_9mps,open_gap,100,1000,100,14980,7.061298076923077,0.00793026487876966,0.0033916620952193065,0.010663531207271308
g800,Gap_8_9mps,open_gap,100,1000,100,14980,7.161458333333333,0.008002527610285809,0.0031478005766091806,0.010949334434494971
g800,Gap_8_9mps,open_gap,100,1000,100,14980,7.261618589743589,0.008103198944483088,0.003382984974043064,0.01121915929941971
g800,Gap_8_9mps,open_gap,100,1000,100,14980,7.361778846153846,0.008247474668144003,0.0035070891998994023,0.011433651614001977
g800,Gap_8_9mps,open_gap,100,1000,100,14980,7.461939102564102,0.008390264354239133,0.003504406844522772,0.011609177304970698
g800,Gap_8_9mps,open_gap,100,1000,100,14980,7.562099358974359,0.008509630830994135,0.0034219118536584193,0.011994820438873906
g800,Gap_8_9mps,open_gap,100,1000,100,14980,7.662259615384615,0.008613123444617808,0.003347949944580683,0.012393920228371713
g800,Gap_8_9mps,open_gap,100,1000,100,14980,7.762419871794871,0.008747478674708747,0.0036340872618166107,0.012499541441975801
g800,Gap_8_9mps,open_gap,100,1000,100,14980,7.862580128205129,0.008865471290872241,0.003576292257865322,0.012495953029024192
g800,Gap_8_9mps,open_gap,100,1000,100,14980,7.962740384615385,0.0089976137949184,0.0035792392235354537,0.013105049401683506
g800,Gap_8_9mps,open_gap,100,1000,100,14980,8.06290064102564,0.009148894146542042,0.003782964905182492,0.01324310223502124
g800,Gap_8_9mps,open_gap,100,1000,100,14980,8.163060897435898,0.009257135332086457,0.003344670795326948,0.013103970117346148
g800,Gap_8_9mps,open_gap,100,1000,100,14980,8.263221153846153,0.009281190526794257,0.003732086270796473,0.013455752020464068
g800,Gap_8_9mps,open_gap,100,1000,100,14980,8.36338141025641,0.009255465504150238,0.0037774408329591617,0.012991452110286796
g800,Gap_8_9mps,open_gap,100,1000,100,14980,8.463541666666666,0.009233968797642865,0.003727501137912545,0.013186061695219778
g800,Gap_8_9mps,open_gap,100,1000,100,14980,8.563701923076923,0.009177144092369399,0.003496037756629064,0.012917844784635948
g800,Gap_8_9mps,open_gap,100,1000,100,14980,8.663862179487179,0.009114303437431834,0.0034305746433528754,0.013076913694951257
g800,Gap_8_9mps,open_gap,100,1000,100,14980,8.764022435897436,0.009065686996807777,0.003319001469930751,0.012854177354343478
g800,Gap_8_9mps,open_gap,100,1000,100,14980,8.864182692307692,0.009012097851296525,0.003472781981712298,0.01283191360291212
g800,Gap_8_9mps,open_gap,100,1000,100,14980,8.964342948717949,0.008949370935532495,0.0036531544357835313,0.012814142054231674
g800,Gap_8_9mps,open_gap,100,1000,100,14980,9.064503205128204,0.008916090744221087,0.003788738254676501,0.012762004337237932
g800,Gap_8_9mps,open_gap,100,1000,100,14980,9.164663461538462,0.008879514700991313,0.003113532797429761,0.012893284258698927
g800,Gap_8_9mps,open_gap,100,1000,100,14980,9.264823717948717,0.008867843040752638,0.002840199225725846,0.013193131708076063
g800,Gap_8_9mps,open_gap,100,1000,100,14980,9.364983974358974,0.008935641466022872,0.003604776255463986,0.013068994334675883
g800,Gap_8_9mps,open_gap,100,1000,100,14980,9.46514423076923,0.009033383280821478,0.0037764285413314004,0.013107909503973858
g800,Gap_8_9mps,open_gap,100,1000,100,14980,9.565304487179487,0.00910503445306589,0.004154908393270797,0.012733193158934725
g800,Gap_8_9mps,open_gap,100,1000,100,14980,9.665464743589743,0.009112731514384879,0.004497167720595662,0.012359224432777507
g800,Gap_8_9mps,open_gap,100,1000,100,14980,9.765625,0.009066725487658018,0.004332156480193971,0.012531295266995009
g800,Gap_8_9mps,open_gap,100,1000,100,14980,9.865785256410257,0.009020067323346937,0.004226656757263858,0.012561426181991277
g800,Gap_8_9mps,open_gap,100,1000,100,14980,9.965945512820513,0.009040440973000663,0.004159940973567117,0.013072751015650929
g800,Gap_8_9mps,open_gap,500,1000,100,14980,0.05008012820512821,0.009667381432681383,0.0036687574987299978,0.014418758312749733
g800,Gap_8_9mps,open_gap,500,1000,100,14980,0.1502403846153846,0.011205981324865935,0.005382053584089745,0.016028002790185708
g800,Gap_8_9mps,open_gap,500,1000,100,14980,0.250400641025641,0.012974203381122621,0.005922865857807169,0.017623664549061772
g800,Gap_8_9mps,open_gap,500,1000,100,14980,0.3505608974358974,0.013369773373550147,0.005846777449028921,0.018638929013751172
g800,Gap_8_9mps,open_gap,500,1000,100,14980,0.45072115384615385,0.01337604803277692,0.006163553963778261,0.018247027276601293
g800,Gap_8_9mps,open_gap,500,1000,100,14980,0.5508814102564102,0.013329839332814744,0.005809100798128464,0.019075182904584674
g800,Gap_8_9mps,open_gap,500,1000,100,14980,0.6510416666666666,0.01314010254923762,0.005539043174867742,0.01904084046548586
g800,Gap_8_9mps,open_gap,500,1000,100,14980,0.7512019230769231,0.012909565530425595,0.006326947777679543,0.018449397399501494
g800,Gap_8_9mps,open_gap,500,1000,100,14980,0.8513621794871795,0.012083947208083833,0.005481416704439468,0.017696990196146678
g800,Gap_8_9mps,open_gap,500,1000,100,14980,0.9515224358974359,0.010990728372601687,0.005312400961398844,0.017024659334238877
g800,Gap_8_9mps,open_gap,500,1000,100,14980,1.0516826923076923,0.01001465712596674,0.004620628092169595,0.01495682396600232
g800,Gap_8_9mps,open_gap,500,1000,100,14980,1.1518429487179487,0.009028883441240285,0.004008094175476476,0.013827752492946835
g800,Gap_8_9mps,open_gap,500,1000,100,14980,1.252003205128205,0.007943993544052931,0.0034973184351756448,0.011700704669822011
g800,Gap_8_9mps,open_gap,500,1000,100,14980,1.3521634615384615,0.006942370057109804,0.003220242274370394,0.009944823765463032
g800,Gap_8_9mps,open_gap,500,1000,100,14980,1.4523237179487178,0.00605130886150279,0.003058521790911803,0.008926758325292517
g800,Gap_8_9mps,open_gap,500,1000,100,14980,1.5524839743589745,0.0052578338051805385,0.0021087868999125348,0.00796891119150419
g800,Gap_8_9mps,open_gap,500,1000,100,14980,1.6526442307692308,0.004534995465832738,0.001516105721592703,0.006919132154727826
g800,Gap_8_9mps,open_gap,500,1000,100,14980,1.7528044871794872,0.003944124865191479,0.0011369644628359675,0.005972842078618875
g800,Gap_8_9mps,open_gap,500,1000,100,14980,1.8529647435897436,0.003489732142710028,0.0013538308459894086,0.005202480481696408
g800,Gap_8_9mps,open_gap,500,1000,100,14980,1.953125,0.0032138106443026933,0.0012562949432649373,0.004906418649165887
g800,Gap_8_9mps,open_gap,500,1000,100,14980,2.0532852564102564,0.003177388115441768,0.001399715377933638,0.004539917276688236
g800,Gap_8_9mps,open_gap,500,1000,100,14980,2.1534455128205128,0.0032424480620951144,0.0018653940256728035,0.004475380411078275
g800,Gap_8_9mps,open_gap,500,1000,100,14980,2.253605769230769,0.0033168192962965853,0.0016210785997097803,0.004684948071966857
g800,Gap_8_9mps,open_gap,500,1000,100,14980,2.3537660256410255,0.0034138143722525793,0.0016503147624863529,0.004799599259191252
g800,Gap_8_9mps,open_gap,500,1000,100,14980,2.453926282051282,0.00352594998844819,0.0016032865127165292,0.0049577748065282095
g800,Gap_8_9mps,open_gap,500,1000,100,14980,2.5540865384615383,0.0036386038242005835,0.0014310508725596184,0.005108946817324388
g800,Gap_8_9mps,open_gap,500,1000,100,14980,2.6542467948717947,0.003715696965882722,0.0013123134069803252,0.005452943045734954
g800,Gap_8_9mps,open_gap,500,1000,100,14980,2.754407051282051,0.0038228709736054483,0.0015983972600411521,0.005442526378499379
g800,Gap_8_9mps,open_gap,500,1000,100,14980,2.8545673076923075,0.0040089891457713136,0.001514345536503055,0.005792455195937632
g800,Gap_8_9mps,open_gap,500,1000,100,14980,2.9547275641025643,0.004211901937377433,0.001422295131542571,0.006117577590899843
g800,Gap_8_9mps,open_gap,500,1000,100,14980,3.0548878205128207,0.004345710325677486,0.0016834336818810397,0.006043719210881444
g800,Gap_8_9mps,open_gap,500,1000,100,14980,3.155048076923077,0.004474560043843523,0.0018091246359566021,0.0060238939961779914
g800,Gap_8_9mps,open_gap,500,1000,100,14980,3.2552083333333335,0.004582614391808808,0.002005405889533904,0.005899161445109689
g800,Gap_8_9mps,open_gap,500,1000,100,14980,3.35536858974359,0.0046244645689274624,0.0021407804263755335,0.006198392212756559
g800,Gap_8_9mps,open_gap,500,1000,100,14980,3.4555288461538463,0.004594367921060163,0.002068289889240338,0.006373261832711748
g800,Gap_8_9mps,open_gap,500,1000,100,14980,3.5556891025641026,0.004590168121207546,0.001870752230045069,0.006536447609768594
g800,Gap_8_9mps,open_gap,500,1000,100,14980,3.655849358974359,0.004710138126517735,0.001825518507388666,0.007121325751114048
g800,Gap_8_9mps,open_gap,500,1000,100,14980,3.7560096153846154,0.004878470095203569,0.001823124824525247,0.007227058593457898
g800,Gap_8_9mps,open_gap,500,1000,100,14980,3.856169871794872,0.004945830547779599,0.0017972247434819945,0.00740034136627072
g800,Gap_8_9mps,open_gap,500,1000,100,14980,3.956330128205128,0.004918143948800254,0.0017482021159563946,0.007252697954239122
g800,Gap_8_9mps,open_gap,500,1000,100,14980,4.056490384615385,0.004908300094480748,0.0017096558127626333,0.007164383871526357
g800,Gap_8_9mps,open_gap,500,1000,100,14980,4.156650641025641,0.004939586858973793,0.0016368405883645247,0.007137101444291144
g800,Gap_8_9mps,open_gap,500,1000,100,14980,4.256810897435898,0.004986110545216439,0.0015823440531323282,0.007024941815439062
g800,Gap_8_9mps,open_gap,500,1000,100,14980,4.356971153846154,0.005061577012101118,0.0016543597394129425,0.0072938688348312755
g800,Gap_8_9mps,open_gap,500,1000,100,14980,4.457131410256411,0.0051139550177746185,0.0017519623239890952,0.0074233483037687556
g800,Gap_8_9mps,open_gap,500,1000,100,14980,4.557291666666667,0.005073473376798745,0.0017405165808634727,0.007204278609260382
g800,Gap_8_9mps,open_gap,500,1000,100,14980,4.657451923076923,0.0049767459975218,0.0018300199805285863,0.0071805842215651484
g800,Gap_8_9mps,open_gap,500,1000,100,14980,4.75761217948718,0.004858615455484374,0.0019252511849402968,0.007374194967531959
g800,Gap_8_9mps,open_gap,500,1000,100,14980,4.857772435897436,0.004752947753580599,0.001994598018704144,0.007089904719739882
g800,Gap_8_9mps,open_gap,500,1000,100,14980,4.9579326923076925,0.004628444628553516,0.001916971638591577,0.0068891430047043935
g800,Gap_8_9mps,open_gap,500,1000,100,14980,5.058092948717949,0.00446919219237662,0.0021959251612158645,0.006521394858211958
g800,Gap_8_9mps,open_gap,500,1000,100,14980,5.158253205128205,0.0042771460816510894,0.0017480399227540308,0.006273186200966229
g800,Gap_8_9mps,open_gap,500,1000,100,14980,5.258413461538462,0.004055236048634639,0.0015399238532936483,0.005958076173959787
g800,Gap_8_9mps,open_gap,500,1000,100,14980,5.358573717948718,0.00383974589880828,0.0013028818641971523,0.005724588602880327
g800,Gap_8_9mps,open_gap,500,1000,100,14980,5.4587339743589745,0.0036767448317553118,0.0011758873288608075,0.005554249869774736
g800,Gap_8_9mps,open_gap,500,1000,100,14980,5.558894230769231,0.0036059510679771335,0.0010072288055747506,0.005086164197796487
g800,Gap_8_9mps,open_gap,500,1000,100,14980,5.659054487179487,0.0035771727041480515,0.001161793300782764,0.00493429603864269
g800,Gap_8_9mps,open_gap,500,1000,100,14980,5.759214743589744,0.003581775777105752,0.001097301632584124,0.004941133525920191
g800,Gap_8_9mps,open_gap,500,1000,100,14980,5.859375,0.0036138596091865468,0.001133699793614198,0.0049790372864985276
g800,Gap_8_9mps,open_gap,500,1000,100,14980,5.959535256410256,0.0036355772627366337,0.0011235604844568822,0.004966862056644506
g800,Gap_8_9mps,open_gap,500,1000,100,14980,6.059695512820513,0.003674740935063979,0.0014090203042084525,0.004996245829909485
g800,Gap_8_9mps,open_gap,500,1000,100,14980,6.159855769230769,0.0037606841141818712,0.0014957833830270386,0.005282172202597355
g800,Gap_8_9mps,open_gap,500,1000,100,14980,6.2600160256410255,0.003845507416782492,0.0016275741990873585,0.0055671928938615806
g800,Gap_8_9mps,open_gap,500,1000,100,14980,6.360176282051282,0.0038934662249606885,0.001639924542895511,0.005687477675840053
g800,Gap_8_9mps,open_gap,500,1000,100,14980,6.460336538461538,0.003909384524011739,0.0016773654936436642,0.005577094697757523
g800,Gap_8_9mps,open_gap,500,1000,100,14980,6.560496794871795,0.003915985370937976,0.001640192422730947,0.005548558241390055
g800,Gap_8_9mps,open_gap,500,1000,100,14980,6.660657051282051,0.003933159296493162,0.0015399696292723653,0.005546989607057182
g800,Gap_8_9mps,open_gap,500,1000,100,14980,6.7608173076923075,0.003943379381496073,0.001600085104030443,0.005487221032501816
g800,Gap_8_9mps,open_gap,500,1000,100,14980,6.860977564102564,0.003981893439100544,0.0015640008796582435,0.005682683693520045
g800,Gap_8_9mps,open_gap,500,1000,100,14980,6.96113782051282,0.004063519397123116,0.0015702951647884773,0.006110286422431426
g800,Gap_8_9mps,open_gap,500,1000,100,14980,7.061298076923077,0.004155351753068251,0.0014752447431769897,0.00646002301047591
g800,Gap_8_9mps,open_gap,500,1000,100,14980,7.161458333333333,0.0042453599421054065,0.0013848735143525855,0.0066149121182197
g800,Gap_8_9mps,open_gap,500,1000,100,14980,7.261618589743589,0.004369516812296229,0.0014483601304489196,0.006721639228889183
g800,Gap_8_9mps,open_gap,500,1000,100,14980,7.361778846153846,0.004545858882619928,0.0015634499780555092,0.007010858475291901
g800,Gap_8_9mps,open_gap,500,1000,100,14980,7.461939102564102,0.0047338610442108475,0.0017612439415562334,0.007190381232830638
g800,Gap_8_9mps,open_gap,500,1000,100,14980,7.562099358974359,0.0049472570777587205,0.0017689332521055113,0.00746714671950484
g800,Gap_8_9mps,open_gap,500,1000,100,14980,7.662259615384615,0.0051917113901411285,0.0018342360371182065,0.007773591909350074
g800,Gap_8_9mps,open_gap,500,1000,100,14980,7.762419871794871,0.005410486215907614,0.001931344912245027,0.008060536752712504
g800,Gap_8_9mps,open_gap,500,1000,100,14980,7.862580128205129,0.005601108949029857,0.0020276000320743875,0.008416359685137084
g800,Gap_8_9mps,open_gap,500,1000,100,14980,7.962740384615385,0.005785746701713703,0.00219821061227484,0.008808682117859722
g800,Gap_8_9mps,open_gap,500,1000,100,14980,8.06290064102564,0.006006063790656337,0.0023054479483120413,0.009117391570069324
g800,Gap_8_9mps,open_gap,500,1000,100,14980,8.163060897435898,0.006233231065759939,0.002397862031611179,0.009341769940454627
g800,Gap_8_9mps,open_gap,500,1000,100,14980,8.263221153846153,0.006418030425572822,0.0025893503560586225,0.009566530919394465
g800,Gap_8_9mps,open_gap,500,1000,100,14980,8.36338141025641,0.006587995158345012,0.0027893193555640814,0.009657361626250482
g800,Gap_8_9mps,open_gap,500,1000,100,14980,8.463541666666666,0.006779671100185392,0.0029412093500265535,0.010088277627900714
g800,Gap_8_9mps,open_gap,500,1000,100,14980,8.563701923076923,0.006916397918609694,0.0029415912440951216,0.010091176918944757
g800,Gap_8_9mps,open_gap,500,1000,100,14980,8.663862179487179,0.0069741413111326514,0.003031727503323237,0.009941617493317153
g800,Gap_8_9mps,open_gap,500,1000,100,14980,8.764022435897436,0.006989730817932539,0.0029304420004437263,0.009924205219067164
g800,Gap_8_9mps,open_gap,500,1000,100,14980,8.864182692307692,0.006961876116217362,0.0027946183485357897,0.00980268360396452
g800,Gap_8_9mps,open_gap,500,1000,100,14980,8.964342948717949,0.006934613551295371,0.0027911376982741026,0.009786841419087328
g800,Gap_8_9mps,open_gap,500,1000,100,14980,9.064503205128204,0.0069676952824381,0.0029736440532996187,0.009748714979304381
g800,Gap_8_9mps,open_gap,500,1000,100,14980,9.164663461538462,0.007075727478585359,0.0029717561295197897,0.010038893996120896
g800,Gap_8_9mps,open_gap,500,1000,100,14980,9.264823717948717,0.007257531562150002,0.0032484881482380125,0.010249815646598964
g800,Gap_8_9mps,open_gap,500,1000,100,14980,9.364983974358974,0.007463281691654611,0.0033411546604358525,0.010415428654432058
g800,Gap_8_9mps,open_gap,500,1000,100,14980,9.46514423076923,0.007628734629388911,0.003753269840069656,0.010779466119555353
g800,Gap_8_9mps,open_gap,500,1000,100,14980,9.565304487179487,0.0077118465619269785,0.0039016705723225924,0.010899234702639975
g800,Gap_8_9mps,open_gap,500,1000,100,14980,9.665464743589743,0.007679926508614513,0.003969189381643412,0.010880976747027994
g800,Gap_8_9mps,open_gap,500,1000,100,14980,9.765625,0.007567401188674937,0.003906242435671751,0.01067868679073448
g800,Gap_8_9mps,open_gap,500,1000,100,14980,9.865785256410257,0.007448949034741834,0.003817770886008741,0.010586278457859196
g800,Gap_8_9mps,open_gap,500,1000,100,14980,9.965945512820513,0.007410121834277378,0.0036778072468784317,0.010721672654647794
g400,Gap_4_9mps,forested,1,1000,100,51730,0.05008012820512821,0.6659073273354532,0.2954037989058936,0.7504883811367618
g400,Gap_4_9mps,forested,1,1000,100,51730,0.1502403846153846,0.6505430932752883,0.33345955949252726,0.7589858821581753
g400,Gap_4_9mps,forested,1,1000,100,51730,0.250400641025641,0.8304245199631335,0.3431302315058449,0.7254985074106755
g400,Gap_4_9mps,forested,1,1000,100,51730,0.3505608974358974,0.7890286490454679,0.2533870360804301,0.7047135813877333
g400,Gap_4_9mps,forested,1,1000,100,51730,0.45072115384615385,0.3894202545711519,0.11354342776047024,0.4241633011559371
g400,Gap_4_9mps,forested,1,1000,100,51730,0.5508814102564102,0.23645608906336485,0.06701947564192212,0.3062381073887514
g400,Gap_4_9mps,forested,1,1000,100,51730,0.6510416666666666,0.17195866364287363,0.043425483593887836,0.22663525138540283
g400,Gap_4_9mps,forested,1,1000,100,51730,0.7512019230769231,0.14811353735316524,0.041297775513771534,0.1975609074752409
g400,Gap_4_9mps,forested,1,1000,100,51730,0.8513621794871795,0.1264278437894019,0.04103108233341521,0.15865524926690386
g400,Gap_4_9mps,forested,1,1000,100,51730,0.9515224358974359,0.11014443733523738,0.03338318167154095,0.14041473800790294
g400,Gap_4_9mps,forested,1,1000,100,51730,1.0516826923076923,0.10657683592438985,0.0371106515560787,0.1383873860373234
g400,Gap_4_9mps,forested,1,1000,100,51730,1.1518429487179487,0.1075933674862206,0.03696978667805401,0.13827209456726108
g400,Gap_4_9mps,forested,1,1000,100,51730,1.252003205128205,0.10887902494640407,0.031773207009047774,0.14697312328593118
g400,Gap_4_9mps,forested,1,1000,100,51730,1.3521634615384615,0.11040841924213679,0.040174443431297426,0.14601774559825226
g400,Gap_4_9mps,forested,1,1000,100,51730,1.4523237179487178,0.11009536036895523,0.052021495705794785,0.14243984285107988
g400,Gap_4_9mps,forested,1,1000,100,51730,1.5524839743589745,0.10847061556543439,0.054402414016920565,0.14508435560806432
g400,Gap_4_9mps,forested,1,1000,100,51730,1.6526442307692308,0.10331875321879534,0.047966511710111015,0.1360240065585643
g400,Gap_4_9mps,forested,1,1000,100,51730,1.7528044871794872,0.09676235559269389,0.04193055673762072,0.1410031374062427
g400,Gap_4_9mps,forested,1,1000,100,51730,1.8529647435897436,0.09026353666899185,0.04154470264751903,0.13502731136681068
g400,Gap_4_9mps,forested,1,1000,100,51730,1.953125,0.08374929279998239,0.0263306746679456,0.13297342319282116
g400,Gap_4_9mps,forested,1,1000,100,51730,2.0532852564102564,0.07839992229733463,0.024006926345899085,0.12719794602744477
g400,Gap_4_9mps,forested,1,1000,100,51730,2.1534455128205128,0.07616090360422038,0.02397357186011065,0.11671449462603146
g400,Gap_4_9mps,forested,1,1000,100,51730,2.253605769230769,0.07640156687281081,0.028711425071225358,0.11057487475990849
g400,Gap_4_9mps,forested,1,1000,100,51730,2.3537660256410255,0.07782813652316355,0.03246479614399063,0.10670385079747811
g400,Gap_4_9mps,forested,1,1000,100,51730,2.453926282051282,0.07967278558737059,0.03497524096208923,0.11008934885097904
g400,Gap_4_9mps,forested,1,1000,100,51730,2.5540865384615383,0.08024398823508058,0.03779032299522178,0.11393328472685511
g400,Gap_4_9mps,forested,1,1000,100,51730,2.6542467948717947,0.07992206327178132,0.03914579811698089,0.11665023535940475
g400,Gap_4_9mps,forested,1,1000,100,51730,2.754407051282051,0.07903346437673833,0.03379138426608384,0.11586495167074262
g400,Gap_4_9mps,forested,1,1000,100,51730,2.8545673076923075,0.07864355440158656,0.033757405299275074,0.11177445041323683
g400,Gap_4_9mps,forested,1,1000,100,51730,2.9547275641025643,0.07868660869180769,0.03306179153077604,0.10845498026443652
g400,Gap_4_9mps,forested,1,1000,100,51730,3.0548878205128207,0.07865386360257179,0.03055836766508717,0.11139282444541401
g400,Gap_4_9mps,forested,1,1000,100,51730,3.155048076923077,0.0788444680644343,0.030768676966438264,0.10748828273855521
g400,Gap_4_9mps,forested,1,1000,100,51730,3.2552083333333335,0.0787963846677038,0.027023488900590916,0.10617225114294683
g400,Gap_4_9mps,forested,1,1000,100,51730,3.35536858974359,0.07875185251373724,0.03071921742614394,0.10620764184173923
g400,Gap_4_9mps,forested,1,1000,100,51730,3.4555288461538463,0.07856923192983144,0.030893531634440634,0.11207576186353144
g400,Gap_4_9mps,forested,1,1000,100,51730,3.5556891025641026,0.078014530180341,0.03240370608039479,0.11507262803038536
g400,Gap_4_9mps,forested,1,1000,100,51730,3.655849358974359,0.07766775531873474,0.03098401498812258,0.1208086688307242
g400,Gap_4_9mps,forested,1,1000,100,51730,3.7560096153846154,0.0782454656608336,0.028649380500915825,0.1169338816412325
g400,Gap_4_9mps,forested,1,1000,100,51730,3.856169871794872,0.07889359014657765,0.028507272303621406,0.12152006343735827
g400,Gap_4_9mps,forested,1,1000,100,51730,3.956330128205128,0.07901754517726108,0.02646263990040432,0.12641315379748655
g400,Gap_4_9mps,forested,1,1000,100,51730,4.056490384615385,0.07942425623516965,0.026864456399772224,0.1258482063950718
g400,Gap_4_9mps,forested,1,1000,100,51730,4.156650641025641,0.07948844659984627,0.02557563383519517,0.12749680611913533
g400,Gap_4_9mps,forested,1,1000,100,51730,4.256810897435898,0.07983109572158889,0.027870232080867946,0.12659233082186006
g400,Gap_4_9mps,forested,1,1000,100,51730,4.356971153846154,0.08000030431048702,0.02858155253643781,0.12190608107695951
g400,Gap_4_9mps,forested,1,1000,100,51730,4.457131410256411,0.0804377756123782,0.029446031246746978,0.11868385305357824
g400,Gap_4_9mps,forested,1,1000,100,51730,4.557291666666667,0.080391093369813,0.028815096263040088,0.11607567895270982
g400,Gap_4_9mps,forested,1,1000,100,51730,4.657451923076923,0.0799094647679457,0.027957861692952647,0.11626438682674634
g400,Gap_4_9mps,forested,1,1000,100,51730,4.75761217948718,0.07899342312247741,0.02542440866521819,0.11135558027739312
g400,Gap_4_9mps,forested,1,1000,100,51730,4.857772435897436,0.077927578469225,0.02550487320362932,0.10874770062039096
g400,Gap_4_9mps,forested,1,1000,100,51730,4.9579326923076925,0.077471977443849,0.02637579333706007,0.10953673259957762
g400,Gap_4_9mps,forested,1,1000,100,51730,5.058092948717949,0.07739176961181352,0.02487002308762386,0.1107238583201444
g400,Gap_4_9mps,forested,1,1000,100,51730,5.158253205128205,0.07819831892531848,0.028924835163818295,0.1075324534606884
g400,Gap_4_9mps,forested,1,1000,100,51730,5.258413461538462,0.07921340248117228,0.03369145250696017,0.11037386826620679
g400,Gap_4_9mps,forested,1,1000,100,51730,5.358573717948718,0.0802414873122435,0.03828066451328617,0.11245935700258296
g400,Gap_4_9mps,forested,1,1000,100,51730,5.4587339743589745,0.08162126288753332,0.03642594311922667,0.11362399790744522
g400,Gap_4_9mps,forested,1,1000,100,51730,5.558894230769231,0.08320465683804874,0.038448706900891645,0.1209077067966289
g400,Gap_4_9mps,forested,1,1000,100,51730,5.659054487179487,0.08460715494501708,0.041340323552070825,0.12014452165029861
g400,Gap_4_9mps,forested,1,1000,100,51730,5.759214743589744,0.0854117900491229,0.04226836686605795,0.11630058297844806
g400,Gap_4_9mps,forested,1,1000,100,51730,5.859375,0.08606383082714684,0.0419641160850319,0.12023690402086536
g400,Gap_4_9mps,forested,1,1000,100,51730,5.959535256410256,0.08668429398721227,0.041203847303074054,0.12173120407018008
g400,Gap_4_9mps,forested,1,1000,100,51730,6.059695512820513,0.08719144684257837,0.03820078830555611,0.12268298120029993
g400,Gap_4_9mps,forested,1,1000,100,51730,6.159855769230769,0.08799508753165487,0.035847828227699996,0.12171939844615239
g400,Gap_4_9mps,forested,1,1000,100,51730,6.2600160256410255,0.08878761840080518,0.03547599126148425,0.11832674095110451
g400,Gap_4_9mps,forested,1,1000,100,51730,6.360176282051282,0.0899556123081739,0.038271094199982474,0.12088259970034926
g400,Gap_4_9mps,forested,1,1000,100,51730,6.460336538461538,0.09159019453273025,0.040478651658416895,0.12384063044613491
g400,Gap_4_9mps,forested,1,1000,100,51730,6.560496794871795,0.09338198306217793,0.042484316694635024,0.12348442325092725
g400,Gap_4_9mps,forested,1,1000,100,51730,6.660657051282051,0.09461262930635377,0.041330017486564626,0.12479894927866769
g400,Gap_4_9mps,forested,1,1000,100,51730,6.7608173076923075,0.09559547765923579,0.04153794220750045,0.12560023617683272
g400,Gap_4_9mps,forested,1,1000,100,51730,6.860977564102564,0.09607617785101043,0.04283854158193277,0.13167614576528192
g400,Gap_4_9mps,forested,1,1000,100,51730,6.96113782051282,0.0959122671241846,0.044772229516797324,0.13453468916439199
g400,Gap_4_9mps,forested,1,1000,100,51730,7.061298076923077,0.09546394562701206,0.04192206071431841,0.13848901413235348
g400,Gap_4_9mps,forested,1,1000,100,51730,7.161458333333333,0.0951757524422233,0.03996239391110054,0.14641299385855108
g400,Gap_4_9mps,forested,1,1000,100,51730,7.261618589743589,0.09470260745957888,0.03973055076590312,0.1478861892633058
g400,Gap_4_9mps,forested,1,1000,100,51730,7.361778846153846,0.09437963649100542,0.03972109714654369,0.14588707086065628
g400,Gap_4_9mps,forested,1,1000,100,51730,7.461939102564102,0.09398939672487346,0.039126094534212744,0.14307317819100848
g400,Gap_4_9mps,forested,1,1000,100,51730,7.562099358974359,0.09399025411602904,0.03449638236132897,0.14264696293147994
g400,Gap_4_9mps,forested,1,1000,100,51730,7.662259615384615,0.09441640615835366,0.03381285547737921,0.14488832185688005
g400,Gap_4_9mps,forested,1,1000,100,51730,7.762419871794871,0.09508094317374745,0.03482077254248468,0.1439367866142131
g400,Gap_4_9mps,forested,1,1000,100,51730,7.862580128205129,0.09580154592051046,0.036885222494572455,0.14885942290528842
g400,Gap_4_9mps,forested,1,1000,100,51730,7.962740384615385,0.09656139931547386,0.03783737786607571,0.14786902405557745
g400,Gap_4_9mps,forested,1,1000,100,51730,8.06290064102564,0.09757164092969833,0.0388074378092777,0.1526259601049313
g400,Gap_4_9mps,forested,1,1000,100,51730,8.163060897435898,0.09903772060238887,0.040502431368937865,0.15030272708923512
g400,Gap_4_9mps,forested,1,1000,100,51730,8.263221153846153,0.10029021920366535,0.04152941947740082,0.1479231512931034
g400,Gap_4_9mps,forested,1,1000,100,51730,8.36338141025641,0.10126741170810695,0.04152514747448075,0.14481666377450714
g400,Gap_4_9mps,forested,1,1000,100,51730,8.463541666666666,0.10210482422738608,0.04546998152513652,0.13895728271763372
g400,Gap_4_9mps,forested,1,1000,100,51730,8.563701923076923,0.10333779989056369,0.04820642759639628,0.13288169173780495
g400,Gap_4_9mps,forested,1,1000,100,51730,8.663862179487179,0.10492914267005403,0.050910330065499304,0.12885450624196815
g400,Gap_4_9mps,forested,1,1000,100,51730,8.764022435897436,0.10638516664153747,0.046542987937580285,0.133362703116585
g400,Gap_4_9mps,forested,1,1000,100,51730,8.864182692307692,0.1072948720148323,0.04751589124050968,0.1319126061452262
g400,Gap_4_9mps,forested,1,1000,100,51730,8.964342948717949,0.10786385241235658,0.04850611180261928,0.1400194319712387
g400,Gap_4_9mps,forested,1,1000,100,51730,9.064503205128204,0.10826373139478701,0.04731258102009045,0.1383870772472954
g400,Gap_4_9mps,forested,1,1000,100,51730,9.164663461538462,0.10854848324679434,0.04319593813557278,0.14452060190130955
g400,Gap_4_9mps,forested,1,1000,100,51730,9.264823717948717,0.10854136034082597,0.03964008929873687,0.15301381511706152
g400,Gap_4_9mps,forested,1,1000,100,51730,9.364983974358974,0.1084135329159911,0.041368304826782124,0.15731873403776794
g400,Gap_4_9mps,forested,1,1000,100,51730,9.46514423076923,0.10864277758755142,0.04101897273591008,0.16008682997535656
g400,Gap_4_9mps,forested,1,1000,100,51730,9.565304487179487,0.10915112713606658,0.04226433880290646,0.1615578736692737
g400,Gap_4_9mps,forested,1,1000,100,51730,9.665464743589743,0.10916403983448834,0.04532723113342168,0.16583369077970742
g400,Gap_4_9mps,forested,1,1000,100,51730,9.765625,0.10859250972365672,0.041859008736627304,0.1676618620253163
g400,Gap_4_9mps,forested,1,1000,100,51730,9.865785256410257,0.10839253249814032,0.03780603718612842,0.16774517926897484
g400,Gap_4_9mps,forested,1,1000,100,51730,9.965945512820513,0.1088643510789461,0.037895399323093805,0.1648571905975022
g400,Gap_4_9mps,forested,10,1000,100,51730,0.05008012820512821,0.19909918378784627,0.05098027885466908,0.2652719293865986
g400,Gap_4_9mps,forested,10,1000,100,51730,0.1502403846153846,0.1934634296548518,0.0662269627966418,0.25839754247714586
g400,Gap_4_9mps,forested,10,1000,100,51730,0.250400641025641,0.39705949645096206,0.19714709852717766,0.4748157551836226
g400,Gap_4_9mps,forested,10,1000,100,51730,0.3505608974358974,0.39884129594560636,0.21404786868259623,0.46477178719129625
g400,Gap_4_9mps,forested,10,1000,100,51730,0.45072115384615385,0.17306489114767898,0.07705159444328358,0.22306927921024255
g400,Gap_4_9mps,forested,10,1000,100,51730,0.5508814102564102,0.08506641192506663,0.037895690366985556,0.12112118482814536
g400,Gap_4_9mps,forested,10,1000,100,51730,0.6510416666666666,0.052349516789377534,0.017493628652683037,0.07543472789554323
g400,Gap_4_9mps,forested,10,1000,100,51730,0.7512019230769231,0.04363814735934669,0.017329959284079172,0.06330189470558417
g400,Gap_4_9mps,forested,10,1000,100,51730,0.8513621794871795,0.03937975857844965,0.015592209204694021,0.06000313199724193
g400,Gap_4_9mps,forested,10,1000,100,51730,0.9515224358974359,0.037186734668688944,0.013599482470547694,0.054684289859082094
g400,Gap_4_9mps,forested,10,1000,100,51730,1.0516826923076923,0.036635429188685904,0.015039385163335708,0.05462844329365173
g400,Gap_4_9mps,forested,10,1000,100,51730,1.1518429487179487,0.035916517970372513,0.016033453395365636,0.05038857086759929
g400,Gap_4_9mps,forested,10,1000,100,51730,1.252003205128205,0.03426442982519666,0.015864791790806892,0.047236938709244745
g400,Gap_4_9mps,forested,10,1000,100,51730,1.3521634615384615,0.03192558024420967,0.014568719772980169,0.041919626087728305
g400,Gap_4_9mps,forested,10,1000,100,51730,1.4523237179487178,0.029750095326144,0.011047880755930994,0.042118168851048673
g400,Gap_4_9mps,forested,10,1000,100,51730,1.5524839743589745,0.02874849793299689,0.012022703788459186,0.04121246578890219
g400,Gap_4_9mps,forested,10,1000,100,51730,1.6526442307692308,0.028087071161721197,0.009734384560864787,0.039892016100871494
g400,Gap_4_9mps,forested,10,1000,100,51730,1.7528044871794872,0.027983518693198258,0.011459630964812735,0.03706949734314579
g400,Gap_4_9mps,forested,10,1000,100,51730,1.8529647435897436,0.028202433201824726,0.01218006037579598,0.03972578473091391
g400,Gap_4_9mps,forested,10,1000,100,51730,1.953125,0.028145601502902098,0.013041719388894113,0.04167115560504131
g400,Gap_4_9mps,forested,10,1000,100,51730,2.0532852564102564,0.02819239160918512,0.011940112352384428,0.03982774985935261
g400,Gap_4_9mps,forested,10,1000,100,51730,2.1534455128205128,0.027905753739452227,0.011744701035269924,0.041062609952710896
g400,Gap_4_9mps,forested,10,1000,100,51730,2.253605769230769,0.027209042540567663,0.011146932679720513,0.041303616587656106
g400,Gap_4_9mps,forested,10,1000,100,51730,2.3537660256410255,0.026450485017029166,0.010216812388645637,0.03988169372541797
g400,Gap_4_9mps,forested,10,1000,100,51730,2.453926282051282,0.025746195034635787,0.009926995959017502,0.04102457527828116
g400,Gap_4_9mps,forested,10,1000,100,51730,2.5540865384615383,0.025253930566073536,0.009759185115143234,0.04151185287557878
g400,Gap_4_9mps,forested,10,1000,100,51730,2.6542467948717947,0.025029889787064365,0.008869712501938552,0.03838473872665005
g400,Gap_4_9mps,forested,10,1000,100,51730,2.754407051282051,0.024782796217470517,0.00865617401048403,0.03620488679337787
g400,Gap_4_9mps,forested,10,1000,100,51730,2.8545673076923075,0.024783323459840228,0.008881511345605237,0.035342466545398715
g400,Gap_4_9mps,forested,10,1000,100,51730,2.9547275641025643,0.024750233235972287,0.009236688968739748,0.034280202205631674
g400,Gap_4_9mps,forested,10,1000,100,51730,3.0548878205128207,0.024684391589190176,0.011234216880010322,0.033474914258529866
g400,Gap_4_9mps,forested,10,1000,100,51730,3.155048076923077,0.024491676156606305,0.009158228449013761,0.0339646199681822
g400,Gap_4_9mps,forested,10,1000,100,51730,3.2552083333333335,0.024216646329742277,0.0093286332932167,0.035171692574202794
g400,Gap_4_9mps,forested,10,1000,100,51730,3.35536858974359,0.02411583312553772,0.010339473659542537,0.035932160836347565
g400,Gap_4_9mps,forested,10,1000,100,51730,3.4555288461538463,0.02414039977980084,0.009976935442365702,0.03640063500533407
g400,Gap_4_9mps,forested,10,1000,100,51730,3.5556891025641026,0.02408757268361965,0.010128311320788197,0.03579282557579337
g400,Gap_4_9mps,forested,10,1000,100,51730,3.655849358974359,0.024004144448907846,0.010302917960583436,0.03543634678361807
g400,Gap_4_9mps,forested,10,1000,100,51730,3.7560096153846154,0.02396230400027196,0.009934988521769909,0.035269649586339824
g400,Gap_4_9mps,forested,10,1000,100,51730,3.856169871794872,0.02427311012780041,0.009626855529122449,0.03555268857001074
g400,Gap_4_9mps,forested,10,1000,100,51730,3.956330128205128,0.024687475387711832,0.010046060809552849,0.035630062294731174
g400,Gap_4_9mps,forested,10,1000,100,51730,4.056490384615385,0.024909381785242393,0.008758806166369782,0.03598916510152811
g400,Gap_4_9mps,forested,10,1000,100,51730,4.156650641025641,0.025107793956778857,0.008654759219418346,0.035836161407132895
g400,Gap_4_9mps,forested,10,1000,100,51730,4.256810897435898,0.025130048903235544,0.008323450912064977,0.037977792449185796
g400,Gap_4_9mps,forested,10,1000,100,51730,4.356971153846154,0.02537641924909032,0.008526992740430743,0.03784299026297053
g400,Gap_4_9mps,forested,10,1000,100,51730,4.457131410256411,0.025864745952866877,0.009265897792517614,0.037916650507799056
g400,Gap_4_9mps,forested,10,1000,100,51730,4.557291666666667,0.026355155903662796,0.009162979574916838,0.038521984830358756
g400,Gap_4_9mps,forested,10,1000,100,51730,4.657451923076923,0.026718518288816183,0.010476491052627204,0.03874363716485635
g400,Gap_4_9mps,forested,10,1000,100,51730,4.75761217948718,0.027110935280669785,0.011354186441390062,0.03652894916112758
g400,Gap_4_9mps,forested,10,1000,100,51730,4.857772435897436,0.027541413204980065,0.011889508064021765,0.0381480933440181
g400,Gap_4_9mps,forested,10,1000,100,51730,4.9579326923076925,0.02787065906377248,0.012942609061175149,0.03899026692321167
g400,Gap_4_9mps,forested,10,1000,100,51730,5.058092948717949,0.0281427321961686,0.013630581796729619,0.03829423487001732
g400,Gap_4_9mps,forested,10,1000,100,51730,5.158253205128205,0.028138037362517524,0.012421618330528761,0.037681281173822016
g400,Gap_4_9mps,forested,10,1000,100,51730,5.258413461538462,0.027903120968495926,0.012386222994011046,0.03773918191165898
g400,Gap_4_9mps,forested,10,1000,100,51730,5.358573717948718,0.02775847009271648,0.0114995417765702,0.03731842869384973
g400,Gap_4_9mps,forested,10,1000,100,51730,5.4587339743589745,0.027601620911539247,0.011622963153998196,0.03699001451257989
g400,Gap_4_9mps,forested,10,1000,100,51730,5.558894230769231,0.027462209289979448,0.010167587894118105,0.037565116694783685
g400,Gap_4_9mps,forested,10,1000,100,51730,5.659054487179487,0.027362984406937865,0.01005295039884917,0.037889696836100446
g400,Gap_4_9mps,forested,10,1000,100,51730,5.759214743589744,0.02738588322463364,0.009808364680976213,0.03805106937583706
g400,Gap_4_9mps,forested,10,1000,100,51730,5.859375,0.027555841120097294,0.009652386086581309,0.03983822332403532
g400,Gap_4_9mps,forested,10,1000,100,51730,5.959535256410256,0.027779251371100225,0.010416547700495065,0.038826462506904545
g400,Gap_4_9mps,forested,10,1000,100,51730,6.059695512820513,0.028198230014658213,0.011938648689493696,0.039554677527954815
g400,Gap_4_9mps,forested,10,1000,100,51730,6.159855769230769,0.02866095283856517,0.010459963482956674,0.04087368006852099
g400,Gap_4_9mps,forested,10,1000,100,51730,6.2600160256410255,0.029044721126758793,0.01084712031459555,0.04153045326291679
g400,Gap_4_9mps,forested,10,1000,100,51730,6.360176282051282,0.02940153748993439,0.010924311293764075,0.040696366668009236
g400,Gap_4_9mps,forested,10,1000,100,51730,6.460336538461538,0.029707684683709303,0.01212668059978523,0.04053205157701793
g400,Gap_4_9mps,forested,10,1000,100,51730,6.560496794871795,0.03006294432038223,0.01304647857394534,0.041187707372213306
g400,Gap_4_9mps,forested,10,1000,100,51730,6.660657051282051,0.030345827745596462,0.012291790829797955,0.04153637100209494
g400,Gap_4_9mps,forested,10,1000,100,51730,6.7608173076923075,0.0305238171029195,0.01079898142211401,0.0419872526505924
g400,Gap_4_9mps,forested,10,1000,100,51730,6.860977564102564,0.030811411210453468,0.01190860029097245,0.04148882502453538
g400,Gap_4_9mps,forested,10,1000,100,51730,6.96113782051282,0.03113116939817276,0.011412826395252373,0.041950413017736
g400,Gap_4_9mps,forested,10,1000,100,51730,7.061298076923077,0.03145204955183311,0.01191159013000443,0.04249786193482426
g400,Gap_4_9mps,forested,10,1000,100,51730,7.161458333333333,0.03175399300844723,0.012681162547222936,0.04252151221029868
g400,Gap_4_9mps,forested,10,1000,100,51730,7.261618589743589,0.03210446085491105,0.013186756371187647,0.0441282989426281
g400,Gap_4_9mps,forested,10,1000,100,51730,7.361778846153846,0.03237204658928166,0.012453794950854264,0.04620062182657265
g400,Gap_4_9mps,forested,10,1000,100,51730,7.461939102564102,0.03241071911015863,0.012441427435142096,0.04533678564284343
g400,Gap_4_9mps,forested,10,1000,100,51730,7.562099358974359,0.03231712539515047,0.011856425332829339,0.04384825452397721
g400,Gap_4_9mps,forested,10,1000,100,51730,7.662259615384615,0.032344568469992833,0.011410966613403501,0.04383202640778763
g400,Gap_4_9mps,forested,10,1000,100,51730,7.762419871794871,0.03251096321637514,0.011294667229219945,0.04577654103165694
g400,Gap_4_9mps,forested,10,1000,100,51730,7.862580128205129,0.032734543864485426,0.01130791486268236,0.04757054629316763
g400,Gap_4_9mps,forested,10,1000,100,51730,7.962740384615385,0.03300783872336297,0.010970511720311807,0.047937905265003834
g400,Gap_4_9mps,forested,10,1000,100,51730,8.06290064102564,0.03331984917264375,0.012937335298009205,0.04746303235755274
g400,Gap_4_9mps,forested,10,1000,100,51730,8.163060897435898,0.033805228551650114,0.012650685916091382,0.04789194568495302
g400,Gap_4_9mps,forested,10,1000,100,51730,8.263221153846153,0.034421684350655776,0.015681271137630997,0.04903542994842771
g400,Gap_4_9mps,forested,10,1000,100,51730,8.36338141025641,0.03496421602058959,0.017323374735054804,0.049797900956149076
g400,Gap_4_9mps,forested,10,1000,100,51730,8.463541666666666,0.03546938170175107,0.016037639067789194,0.04999827385309733
g400,Gap_4_9mps,forested,10,1000,100,51730,8.563701923076923,0.03592694226244755,0.017506448924273076,0.04932101492125205
g400,Gap_4_9mps,forested,10,1000,100,51730,8.663862179487179,0.03638018759532699,0.01764354822030504,0.04822834333440575
g400,Gap_4_9mps,forested,10,1000,100,51730,8.764022435897436,0.036865992849036175,0.01839645873022145,0.048903580327681336
g400,Gap_4_9mps,forested,10,1000,100,51730,8.864182692307692,0.037379501138712516,0.02015017182040549,0.049429668895649634
g400,Gap_4_9mps,forested,10,1000,100,51730,8.964342948717949,0.03789380284993374,0.021109874561935065,0.050305589903585385
g400,Gap_4_9mps,forested,10,1000,100,51730,9.064503205128204,0.038456325554520485,0.020931891790902407,0.050908851335045156
g400,Gap_4_9mps,forested,10,1000,100,51730,9.164663461538462,0.03896272359354252,0.02109577121993984,0.05243275508574602
g400,Gap_4_9mps,forested,10,1000,100,51730,9.264823717948717,0.039322837622054095,0.02085451623733721,0.05329727848941101
g400,Gap_4_9mps,forested,10,1000,100,51730,9.364983974358974,0.039581215466398395,0.019781228083294057,0.055808624364451255
g400,Gap_4_9mps,forested,10,1000,100,51730,9.46514423076923,0.03982272071128082,0.0191515378510278,0.056442272110849144
g400,Gap_4_9mps,forested,10,1000,100,51730,9.565304487179487,0.03998205227065052,0.01921803683367959,0.05942820569880386
g400,Gap_4_9mps,forested,10,1000,100,51730,9.665464743589743,0.04011870531978979,0.019661836117062265,0.06010215602273105
g400,Gap_4_9mps,forested,10,1000,100,51730,9.765625,0.04030432557615551,0.01990904320937744,0.06033311576499408
g400,Gap_4_9mps,forested,10,1000,100,51730,9.865785256410257,0.04050925633037924,0.018441314094738905,0.06060362593865798
g400,Gap_4_9mps,forested,10,1000,100,51730,9.965945512820513,0.040677952321522694,0.018735033003988717,0.06090262293759635
g400,Gap_4_9mps,forested,50,1000,100,51730,0.05008012820512821,0.13214669434189655,0.04117289740277964,0.1869142902511703
g400,Gap_4_9mps,forested,50,1000,100,51730,0.1502403846153846,0.1226826412676862,0.0574057430334031,0.16072215323072372
g400,Gap_4_9mps,forested,50,1000,100,51730,0.250400641025641,0.2594505878755242,0.09223656164223068,0.36577021320860215
g400,Gap_4_9mps,forested,50,1000,100,51730,0.3505608974358974,0.252644541981393,0.10364144501008943,0.3543576948030768
g400,Gap_4_9mps,forested,50,1000,100,51730,0.45072115384615385,0.10728918831835292,0.04445617322647856,0.15369480404085245
g400,Gap_4_9mps,forested,50,1000,100,51730,0.5508814102564102,0.05031048807551056,0.021968388282825994,0.07674763377572123
g400,Gap_4_9mps,forested,50,1000,100,51730,0.6510416666666666,0.03014799388985522,0.013407173400709956,0.04019925245883427
g400,Gap_4_9mps,forested,50,1000,100,51730,0.7512019230769231,0.02313531055760141,0.00986588696440223,0.03307607557401037
g400,Gap_4_9mps,forested,50,1000,100,51730,0.8513621794871795,0.020003468040647725,0.007282290317938037,0.03016246114062586
g400,Gap_4_9mps,forested,50,1000,100,51730,0.9515224358974359,0.01873664156177377,0.0054996480444403145,0.028730326997915813
g400,Gap_4_9mps,forested,50,1000,100,51730,1.0516826923076923,0.018607624361395042,0.0070542530499086405,0.026430977105012764
g400,Gap_4_9mps,forested,50,1000,100,51730,1.1518429487179487,0.01827354602443569,0.007757750345893556,0.026280939751051724
g400,Gap_4_9mps,forested,50,1000,100,51730,1.252003205128205,0.017525808572756346,0.0075087625346127035,0.0251849137215775
g400,Gap_4_9mps,forested,50,1000,100,51730,1.3521634615384615,0.016860819694531362,0.007240471559586859,0.024523659694855315
g400,Gap_4_9mps,forested,50,1000,100,51730,1.4523237179487178,0.016216836217571386,0.0077981687113506445,0.023909820641436944
g400,Gap_4_9mps,forested,50,1000,100,51730,1.5524839743589745,0.015581646325746601,0.0073256797877471,0.022204720336207844
g400,Gap_4_9mps,forested,50,1000,100,51730,1.6526442307692308,0.014917481468575697,0.00577993665870321,0.020335288298133615
g400,Gap_4_9mps,forested,50,1000,100,51730,1.7528044871794872,0.014583884454212721,0.006583864419408253,0.020028463264768565
g400,Gap_4_9mps,forested,50,1000,100,51730,1.8529647435897436,0.014073056394926682,0.008065814052219704,0.01814824289781103
g400,Gap_4_9mps,forested,50,1000,100,51730,1.953125,0.013377324581896404,0.00784927808872321,0.017330786936559216
g400,Gap_4_9mps,forested,50,1000,100,51730,2.0532852564102564,0.012763306370808226,0.006178383409952662,0.01854016745177138
g400,Gap_4_9mps,forested,50,1000,100,51730,2.1534455128205128,0.012208883503642305,0.0044418131569119385,0.01880174106286768
g400,Gap_4_9mps,forested,50,1000,100,51730,2.253605769230769,0.011908328301890668,0.00454792601203418,0.0165795018931922
g400,Gap_4_9mps,forested,50,1000,100,51730,2.3537660256410255,0.011812716805704553,0.004798736497169236,0.016063829453691444
g400,Gap_4_9mps,forested,50,1000,100,51730,2.453926282051282,0.011675349461787539,0.004403490348676149,0.01672911820683396
g400,Gap_4_9mps,forested,50,1000,100,51730,2.5540865384615383,0.01160825751855644,0.004391534561030756,0.016328513517326945
g400,Gap_4_9mps,forested,50,1000,100,51730,2.6542467948717947,0.011534784735311892,0.0039252129532752235,0.016309229572637668
g400,Gap_4_9mps,forested,50,1000,100,51730,2.754407051282051,0.01146117532832838,0.004401284863532501,0.017416053236364495
g400,Gap_4_9mps,forested,50,1000,100,51730,2.8545673076923075,0.011365379930715014,0.004350097812187708,0.01779852064455018
g400,Gap_4_9mps,forested,50,1000,100,51730,2.9547275641025643,0.011258309158261268,0.0044493298494697,0.017354145287192185
g400,Gap_4_9mps,forested,50,1000,100,51730,3.0548878205128207,0.01116825671784455,0.004371977345306984,0.016742068541750466
g400,Gap_4_9mps,forested,50,1000,100,51730,3.155048076923077,0.011158692346618405,0.003958614201384102,0.0170717105732779
g400,Gap_4_9mps,forested,50,1000,100,51730,3.2552083333333335,0.011165903978554815,0.004272298131428227,0.016612414821906157
g400,Gap_4_9mps,forested,50,1000,100,51730,3.35536858974359,0.011192195747729214,0.004165050002597634,0.015591447974285855
g400,Gap_4_9mps,forested,50,1000,100,51730,3.4555288461538463,0.011194305850155678,0.0034482377099540216,0.015445115301808018
g400,Gap_4_9mps,forested,50,1000,100,51730,3.5556891025641026,0.011179158308759748,0.0035444024065569985,0.015322591318808518
g400,Gap_4_9mps,forested,50,1000,100,51730,3.655849358974359,0.011230679977716937,0.003712335077277245,0.015565157726775152
g400,Gap_4_9mps,forested,50,1000,100,51730,3.7560096153846154,0.011315007105438812,0.0039035489723149718,0.015753629917841086
g400,Gap_4_9mps,forested,50,1000,100,51730,3.856169871794872,0.011401145197097617,0.004282691982573852,0.016672965493347805
g400,Gap_4_9mps,forested,50,1000,100,51730,3.956330128205128,0.011413680535278269,0.0038912287318037444,0.017381731807612565
g400,Gap_4_9mps,forested,50,1000,100,51730,4.056490384615385,0.011359582158779495,0.004104482237459012,0.01703935344432831
g400,Gap_4_9mps,forested,50,1000,100,51730,4.156650641025641,0.011393933286624372,0.004261451201983884,0.0172557180599915
g400,Gap_4_9mps,forested,50,1000,100,51730,4.256810897435898,0.011491827028291459,0.0048665862480165864,0.016995661447488937
g400,Gap_4_9mps,forested,50,1000,100,51730,4.356971153846154,0.011554590631651252,0.0045844889519094335,0.016934562498780864
g400,Gap_4_9mps,forested,50,1000,100,51730,4.457131410256411,0.011530905212981269,0.004364010700066832,0.01646842185286295
g400,Gap_4_9mps,forested,50,1000,100,51730,4.557291666666667,0.011448449989156933,0.004580534979778112,0.016196597119803296
g400,Gap_4_9mps,forested,50,1000,100,51730,4.657451923076923,0.011382740663698696,0.004082014306017427,0.015685394802847696
g400,Gap_4_9mps,forested,50,1000,100,51730,4.75761217948718,0.011374551446477105,0.003896126425692713,0.015561565214690785
g400,Gap_4_9mps,forested,50,1000,100,51730,4.857772435897436,0.01136779859819887,0.003871375954807724,0.015837607687684066
g400,Gap_4_9mps,forested,50,1000,100,51730,4.9579326923076925,0.011477072062813258,0.004614269101750982,0.015539670150179208
g400,Gap_4_9mps,forested,50,1000,100,51730,5.058092948717949,0.011718834051081919,0.004670345347958528,0.01562320956325361
g400,Gap_4_9mps,forested,50,1000,100,51730,5.158253205128205,0.01197593686431653,0.005570060049368334,0.016241581789634963
g400,Gap_4_9mps,forested,50,1000,100,51730,5.258413461538462,0.012210788533187703,0.005790373354048917,0.01653530816346274
g400,Gap_4_9mps,forested,50,1000,100,51730,5.358573717948718,0.01242704520564337,0.005761085735797608,0.017172498377875097
g400,Gap_4_9mps,forested,50,1000,100,51730,5.4587339743589745,0.012591813752251966,0.004995878816714934,0.01803896020664148
g400,Gap_4_9mps,forested,50,1000,100,51730,5.558894230769231,0.012675117373458954,0.005528708099375959,0.01715157145238899
g400,Gap_4_9mps,forested,50,1000,100,51730,5.659054487179487,0.01275332488597816,0.005222228010586772,0.017619543587510503
g400,Gap_4_9mps,forested,50,1000,100,51730,5.759214743589744,0.012881783456295728,0.005796866473886746,0.01778114633951915
g400,Gap_4_9mps,forested,50,1000,100,51730,5.859375,0.013071246843251838,0.006080412099273243,0.018766579660690053
g400,Gap_4_9mps,forested,50,1000,100,51730,5.959535256410256,0.0133304531742574,0.006353023622670176,0.019736110691648857
g400,Gap_4_9mps,forested,50,1000,100,51730,6.059695512820513,0.013554747830443515,0.006432327734288755,0.020617878609301876
g400,Gap_4_9mps,forested,50,1000,100,51730,6.159855769230769,0.013658685883737184,0.005754936237297625,0.02058218562279847
g400,Gap_4_9mps,forested,50,1000,100,51730,6.2600160256410255,0.013684718922432141,0.005700208714655228,0.020858090590402497
g400,Gap_4_9mps,forested,50,1000,100,51730,6.360176282051282,0.013749782560564812,0.005592976699945854,0.02095516824736339
g400,Gap_4_9mps,forested,50,1000,100,51730,6.460336538461538,0.013794456280635144,0.00512754882625405,0.021005122194082668
g400,Gap_4_9mps,forested,50,1000,100,51730,6.560496794871795,0.01389983713034208,0.0055929681186964435,0.02085638612488442
g400,Gap_4_9mps,forested,50,1000,100,51730,6.660657051282051,0.014034234314780165,0.005428584262635389,0.02066971856196104
g400,Gap_4_9mps,forested,50,1000,100,51730,6.7608173076923075,0.014256513626263274,0.005474566433909054,0.020461134939493704
g400,Gap_4_9mps,forested,50,1000,100,51730,6.860977564102564,0.014489568015318175,0.006089443159571362,0.021328191974186898
g400,Gap_4_9mps,forested,50,1000,100,51730,6.96113782051282,0.014624888694734836,0.006096302750357928,0.022027108567106844
g400,Gap_4_9mps,forested,50,1000,100,51730,7.061298076923077,0.014665868071438664,0.005895642305913329,0.02216722824081215
g400,Gap_4_9mps,forested,50,1000,100,51730,7.161458333333333,0.01465368240237005,0.00611939362870242,0.021886986937442916
g400,Gap_4_9mps,forested,50,1000,100,51730,7.261618589743589,0.014703052574512201,0.00556113171593524,0.021813606900256084
g400,Gap_4_9mps,forested,50,1000,100,51730,7.361778846153846,0.014763264902324835,0.005888826909178626,0.021787650477092878
g400,Gap_4_9mps,forested,50,1000,100,51730,7.461939102564102,0.014822510665353436,0.006055774212622715,0.021750259111205303
g400,Gap_4_9mps,forested,50,1000,100,51730,7.562099358974359,0.014924694234199627,0.006213001960007004,0.021999524738324092
g400,Gap_4_9mps,forested,50,1000,100,51730,7.662259615384615,0.015005001390436397,0.0062367781104451705,0.022532601728936542
g400,Gap_4_9mps,forested,50,1000,100,51730,7.762419871794871,0.015065187234301837,0.006208449920778831,0.02261173820589827
g400,Gap_4_9mps,forested,50,1000,100,51730,7.862580128205129,0.015051365537786875,0.006458347428812288,0.022510963301358336
g400,Gap_4_9mps,forested,50,1000,100,51730,7.962740384615385,0.015057563954895312,0.006128352449188169,0.0210866449338427
g400,Gap_4_9mps,forested,50,1000,100,51730,8.06290064102564,0.015083945032563034,0.0058146800195025584,0.021569759699951983
g400,Gap_4_9mps,forested,50,1000,100,51730,8.163060897435898,0.015113577072993547,0.005753415269087328,0.022305134831605924
g400,Gap_4_9mps,forested,50,1000,100,51730,8.263221153846153,0.015146982680229576,0.0060136581943594294,0.023384945479163734
g400,Gap_4_9mps,forested,50,1000,100,51730,8.36338141025641,0.015194485346397144,0.0062056974267754,0.02397160591169509
g400,Gap_4_9mps,forested,50,1000,100,51730,8.463541666666666,0.015247662471593815,0.006439032704791057,0.023849024450703075
g400,Gap_4_9mps,forested,50,1000,100,51730,8.563701923076923,0.015379575316416212,0.006662178743869904,0.023254070810762827
g400,Gap_4_9mps,forested,50,1000,100,51730,8.663862179487179,0.015546453075370526,0.006957519866704003,0.023152235079520196
g400,Gap_4_9mps,forested,50,1000,100,51730,8.764022435897436,0.015690288925065833,0.007195216905472762,0.022838180858284186
g400,Gap_4_9mps,forested,50,1000,100,51730,8.864182692307692,0.015781453005268523,0.007107186312050528,0.02287237238029645
g400,Gap_4_9mps,forested,50,1000,100,51730,8.964342948717949,0.015829625127411498,0.007689846308229006,0.022148585049610373
g400,Gap_4_9mps,forested,50,1000,100,51730,9.064503205128204,0.015820428355002126,0.007708860729548984,0.020906020039231563
g400,Gap_4_9mps,forested,50,1000,100,51730,9.164663461538462,0.01577755080104598,0.007505891954256901,0.020138648280074955
g400,Gap_4_9mps,forested,50,1000,100,51730,9.264823717948717,0.015690783916926365,0.007923850485555353,0.020624546472793315
g400,Gap_4_9mps,forested,50,1000,100,51730,9.364983974358974,0.015622385906555571,0.00776828381438891,0.020654356619077184
g400,Gap_4_9mps,forested,50,1000,100,51730,9.46514423076923,0.015587708777048641,0.00775642701755468,0.021809084338331154
g400,Gap_4_9mps,forested,50,1000,100,51730,9.565304487179487,0.015567385191712229,0.007371445287765263,0.022276648808766467
g400,Gap_4_9mps,forested,50,1000,100,51730,9.665464743589743,0.015592428561350964,0.0069874001993562905,0.022250129494290716
g400,Gap_4_9mps,forested,50,1000,100,51730,9.765625,0.015613531053357948,0.006110323966828179,0.022816032697439335
g400,Gap_4_9mps,forested,50,1000,100,51730,9.865785256410257,0.015608552036433276,0.005642807832998638,0.022515519322023815
g400,Gap_4_9mps,forested,50,1000,100,51730,9.965945512820513,0.015570617417169466,0.0058959857947587,0.02187376228800834
g400,Gap_4_9mps,forested,100,1000,100,51730,0.05008012820512821,0.09721268911397386,0.05064379815643857,0.12982476198596096
g400,Gap_4_9mps,forested,100,1000,100,51730,0.1502403846153846,0.09599669737994382,0.04183399130320912,0.12081824818709255
g400,Gap_4_9mps,forested,100,1000,100,51730,0.250400641025641,0.1883086913262738,0.07212869720015783,0.25963470031109204
g400,Gap_4_9mps,forested,100,1000,100,51730,0.3505608974358974,0.1969700189439877,0.0797790609652975,0.27796514235403147
g400,Gap_4_9mps,forested,100,1000,100,51730,0.45072115384615385,0.07793516189418022,0.03198080750304186,0.10832493540057214
g400,Gap_4_9mps,forested,100,1000,100,51730,0.5508814102564102,0.03365292554992255,0.013225888739258332,0.05052984583057933
g400,Gap_4_9mps,forested,100,1000,100,51730,0.6510416666666666,0.018908850494692594,0.008814112364275208,0.027317536120395405
g400,Gap_4_9mps,forested,100,1000,100,51730,0.7512019230769231,0.01358376038978309,0.0051965684240994,0.02046183167356455
g400,Gap_4_9mps,forested,100,1000,100,51730,0.8513621794871795,0.012819067055281096,0.006141107530818272,0.01729342417077072
g400,Gap_4_9mps,forested,100,1000,100,51730,0.9515224358974359,0.012179663412207067,0.005489295300312753,0.01624175590519578
g400,Gap_4_9mps,forested,100,1000,100,51730,1.0516826923076923,0.011762315478629892,0.00487735521702594,0.016120070866647525
g400,Gap_4_9mps,forested,100,1000,100,51730,1.1518429487179487,0.011318614006979057,0.004038146903258911,0.01599751341420478
g400,Gap_4_9mps,forested,100,1000,100,51730,1.252003205128205,0.010619885312958726,0.004511165628220416,0.016097771240011285
g400,Gap_4_9mps,forested,100,1000,100,51730,1.3521634615384615,0.00979996181619769,0.0034526714629451627,0.01454386710665009
g400,Gap_4_9mps,forested,100,1000,100,51730,1.4523237179487178,0.00929580909760258,0.0029680189703422772,0.012776845188154317
g400,Gap_4_9mps,forested,100,1000,100,51730,1.5524839743589745,0.00933274052862397,0.00371930045215707,0.012664276442161714
g400,Gap_4_9mps,forested,100,1000,100,51730,1.6526442307692308,0.009785702816036357,0.004712819837667294,0.01399821210469281
g400,Gap_4_9mps,forested,100,1000,100,51730,1.7528044871794872,0.010281965654140392,0.00475233625157139,0.01485285408816167
g400,Gap_4_9mps,forested,100,1000,100,51730,1.8529647435897436,0.01061257233427849,0.004873650483336474,0.015203806894500467
g400,Gap_4_9mps,forested,100,1000,100,51730,1.953125,0.010659694397747397,0.005010153035254184,0.015244527515936588
g400,Gap_4_9mps,forested,100,1000,100,51730,2.0532852564102564,0.010415798686312207,0.004190778815600267,0.014734391344417506
g400,Gap_4_9mps,forested,100,1000,100,51730,2.1534455128205128,0.009996503523377756,0.004052153487157141,0.013869729684990298
g400,Gap_4_9mps,forested,100,1000,100,51730,2.253605769230769,0.009519019049312157,0.003981659533509646,0.013043063099842479
g400,Gap_4_9mps,forested,100,1000,100,51730,2.3537660256410255,0.009162019774525427,0.004054964239856894,0.012526889109836155
g400,Gap_4_9mps,forested,100,1000,100,51730,2.453926282051282,0.008971667584576107,0.004356796009317428,0.012774501769688675
g400,Gap_4_9mps,forested,100,1000,100,51730,2.5540865384615383,0.008806715702904847,0.004122981965271419,0.012447576513209439
g400,Gap_4_9mps,forested,100,1000,100,51730,2.6542467948717947,0.008572815914673106,0.003610191341300909,0.012234869974562529
g400,Gap_4_9mps,forested,100,1000,100,51730,2.754407051282051,0.008409383690014451,0.0030782503952497854,0.012253332353962278
g400,Gap_4_9mps,forested,100,1000,100,51730,2.8545673076923075,0.008519406979887836,0.003785172593241746,0.011569143167692562
g400,Gap_4_9mps,forested,100,1000,100,51730,2.9547275641025643,0.008761089984132508,0.004110743945956449,0.010890154621337172
g400,Gap_4_9mps,forested,100,1000,100,51730,3.0548878205128207,0.009031207861345225,0.004705805867541716,0.011378759678148304
g400,Gap_4_9mps,forested,100,1000,100,51730,3.155048076923077,0.00920832659981644,0.004598527334827937,0.01231156130822707
g400,Gap_4_9mps,forested,100,1000,100,51730,3.2552083333333335,0.009282726028028924,0.0042381910012835615,0.012744103336167788
g400,Gap_4_9mps,forested,100,1000,100,51730,3.35536858974359,0.009323559552092941,0.003751213058010029,0.013434809989503436
g400,Gap_4_9mps,forested,100,1000,100,51730,3.4555288461538463,0.009348945575200185,0.0036954872089616903,0.01355688499104853
g400,Gap_4_9mps,forested,100,1000,100,51730,3.5556891025641026,0.009363382356201232,0.003829982144654282,0.013613378162107564
g400,Gap_4_9mps,forested,100,1000,100,51730,3.655849358974359,0.00937838041531758,0.003555505585526155,0.013023732083400137
g400,Gap_4_9mps,forested,100,1000,100,51730,3.7560096153846154,0.009361266519531387,0.0033281764651326004,0.013905576367561512
g400,Gap_4_9mps,forested,100,1000,100,51730,3.856169871794872,0.009347020444183651,0.003184449797676591,0.014020796266838083
g400,Gap_4_9mps,forested,100,1000,100,51730,3.956330128205128,0.009271850894698726,0.0031427721449465225,0.013910882809598454
g400,Gap_4_9mps,forested,100,1000,100,51730,4.056490384615385,0.009168993688041877,0.0033522958985779906,0.01371466634280744
g400,Gap_4_9mps,forested,100,1000,100,51730,4.156650641025641,0.00905820304683224,0.002835213165107762,0.013352098634791115
g400,Gap_4_9mps,forested,100,1000,100,51730,4.256810897435898,0.008979154445587452,0.003326602493549214,0.01320773421355285
g400,Gap_4_9mps,forested,100,1000,100,51730,4.356971153846154,0.008995999089308333,0.0035231663324239303,0.013282368964525863
g400,Gap_4_9mps,forested,100,1000,100,51730,4.457131410256411,0.009045714203387874,0.0035218431110298266,0.013993374960476696
g400,Gap_4_9mps,forested,100,1000,100,51730,4.557291666666667,0.009075982824380116,0.00350912561046199,0.013524770892850197
g400,Gap_4_9mps,forested,100,1000,100,51730,4.657451923076923,0.009114959050069375,0.0030994045852887485,0.013044450405132947
g400,Gap_4_9mps,forested,100,1000,100,51730,4.75761217948718,0.009126919437285741,0.003549825631922365,0.01284653446871429
g400,Gap_4_9mps,forested,100,1000,100,51730,4.857772435897436,0.00913316718064801,0.003807330263696738,0.012616636304787746
g400,Gap_4_9mps,forested,100,1000,100,51730,4.9579326923076925,0.009147350192599248,0.00306170453654523,0.012900876973090804
g400,Gap_4_9mps,forested,100,1000,100,51730,5.058092948717949,0.009156864681541645,0.00329071669367019,0.012434778689052932
g400,Gap_4_9mps,forested,100,1000,100,51730,5.158253205128205,0.009196756255544804,0.0032681038818067635,0.01296120580798747
g400,Gap_4_9mps,forested,100,1000,100,51730,5.258413461538462,0.009288781580781023,0.003218052309017929,0.013207459892854672
g400,Gap_4_9mps,forested,100,1000,100,51730,5.358573717948718,0.009363310746705045,0.003475875711197662,0.0136866760720017
g400,Gap_4_9mps,forested,100,1000,100,51730,5.4587339743589745,0.009465694219907332,0.003261931677897586,0.01414691691903067
g400,Gap_4_9mps,forested,100,1000,100,51730,5.558894230769231,0.009572000620991112,0.004099313354390449,0.01470031996236974
g400,Gap_4_9mps,forested,100,1000,100,51730,5.659054487179487,0.009672097595229235,0.004117019467721054,0.014426384053714169
g400,Gap_4_9mps,forested,100,1000,100,51730,5.759214743589744,0.009755393770458117,0.0042405441429041015,0.014685782190912707
g400,Gap_4_9mps,forested,100,1000,100,51730,5.859375,0.009817035663753417,0.004545361836917225,0.014038337917757328
g400,Gap_4_9mps,forested,100,1000,100,51730,5.959535256410256,0.009842137649547167,0.004169300914094225,0.01358809323910977
g400,Gap_4_9mps,forested,100,1000,100,51730,6.059695512820513,0.009909678415283294,0.004290147967346605,0.013547860980223054
g400,Gap_4_9mps,forested,100,1000,100,51730,6.159855769230769,0.009984721570173575,0.004086209247137964,0.014299477995746768
g400,Gap_4_9mps,forested,100,1000,100,51730,6.2600160256410255,0.010085328720964315,0.0039265783994322425,0.015103239129194722
g400,Gap_4_9mps,forested,100,1000,100,51730,6.360176282051282,0.010128715866037606,0.0042455252355839,0.015137784374410762
g400,Gap_4_9mps,forested,100,1000,100,51730,6.460336538461538,0.010137859511030847,0.004312918322465216,0.01476481705704515
g400,Gap_4_9mps,forested,100,1000,100,51730,6.560496794871795,0.010138336064854347,0.00400525562590583,0.014456867040017205
g400,Gap_4_9mps,forested,100,1000,100,51730,6.660657051282051,0.010134126342101972,0.004289121974406911,0.014741409509813558
g400,Gap_4_9mps,forested,100,1000,100,51730,6.7608173076923075,0.010123015132297622,0.004000431069132944,0.014344910340985773
g400,Gap_4_9mps,forested,100,1000,100,51730,6.860977564102564,0.010079003060228109,0.004244785916601361,0.014831284054589127
g400,Gap_4_9mps,forested,100,1000,100,51730,6.96113782051282,0.009994268760952257,0.0041562573632806694,0.014536335250275239
g400,Gap_4_9mps,forested,100,1000,100,51730,7.061298076923077,0.009897742629637976,0.004380581943476895,0.015132259580325692
g400,Gap_4_9mps,forested,100,1000,100,51730,7.161458333333333,0.009791748059591918,0.004069504762464243,0.014709185047604514
g400,Gap_4_9mps,forested,100,1000,100,51730,7.261618589743589,0.009662670037275506,0.004025903410667539,0.0145463367934979
g400,Gap_4_9mps,forested,100,1000,100,51730,7.361778846153846,0.00952263139421153,0.0039104384645367776,0.014463548301098361
g400,Gap_4_9mps,forested,100,1000,100,51730,7.461939102564102,0.009403232643126558,0.003892433644956219,0.014781082265070855
g400,Gap_4_9mps,forested,100,1000,100,51730,7.562099358974359,0.009288793684389552,0.003686901012138929,0.014061450034789928
g400,Gap_4_9mps,forested,100,1000,100,51730,7.662259615384615,0.009153441041369958,0.0032328292336840686,0.013846758614153317
g400,Gap_4_9mps,forested,100,1000,100,51730,7.762419871794871,0.009012543287491332,0.003080397087135352,0.013838566991705369
g400,Gap_4_9mps,forested,100,1000,100,51730,7.862580128205129,0.00890394026825911,0.0033027714065484107,0.013656633503059627
g400,Gap_4_9mps,forested,100,1000,100,51730,7.962740384615385,0.008848215495900681,0.0034978342444490305,0.013890868216110377
g400,Gap_4_9mps,forested,100,1000,100,51730,8.06290064102564,0.008829908032167955,0.003505585466836931,0.01386028207902136
g400,Gap_4_9mps,forested,100,1000,100,51730,8.163060897435898,0.00883508686672897,0.0035098445561293308,0.013762326331238282
g400,Gap_4_9mps,forested,100,1000,100,51730,8.263221153846153,0.008874750848955646,0.0034939515639782846,0.013832573983351214
g400,Gap_4_9mps,forested,100,1000,100,51730,8.36338141025641,0.00896227371595276,0.0031422203577729456,0.013642934602224849
g400,Gap_4_9mps,forested,100,1000,100,51730,8.463541666666666,0.00906742105566482,0.0033714212835136742,0.014131024487094133
g400,Gap_4_9mps,forested,100,1000,100,51730,8.563701923076923,0.009157069970815277,0.0035850378820549457,0.014216879904445364
g400,Gap_4_9mps,forested,100,1000,100,51730,8.663862179487179,0.009240732842781868,0.0036201756557859466,0.014369143417045989
g400,Gap_4_9mps,forested,100,1000,100,51730,8.764022435897436,0.009326391585421919,0.00400301595262908,0.0145833961848385
g400,Gap_4_9mps,forested,100,1000,100,51730,8.864182692307692,0.009415271729308583,0.00385661069284084,0.014509841325438665
g400,Gap_4_9mps,forested,100,1000,100,51730,8.964342948717949,0.00947329865932402,0.00392944605857136,0.013815572168894914
g400,Gap_4_9mps,forested,100,1000,100,51730,9.064503205128204,0.00952004605507822,0.004383688941897779,0.01364803648181696
g400,Gap_4_9mps,forested,100,1000,100,51730,9.164663461538462,0.009584947671220086,0.004399099719799239,0.013711099611362005
g400,Gap_4_9mps,forested,100,1000,100,51730,9.264823717948717,0.009726001969858948,0.004369056901264488,0.014135713065598758
g400,Gap_4_9mps,forested,100,1000,100,51730,9.364983974358974,0.009851057405858699,0.004178555998725332,0.014121446938603923
g400,Gap_4_9mps,forested,100,1000,100,51730,9.46514423076923,0.009981613545929292,0.004087847635634225,0.014503522637138947
g400,Gap_4_9mps,forested,100,1000,100,51730,9.565304487179487,0.010119823665770628,0.004099259611747344,0.015247192359949962
g400,Gap_4_9mps,forested,100,1000,100,51730,9.665464743589743,0.010268423801207986,0.004180872969853953,0.015528285522582026
g400,Gap_4_9mps,forested,100,1000,100,51730,9.765625,0.01040449927420512,0.004247618540429977,0.015633749063731765
g400,Gap_4_9mps,forested,100,1000,100,51730,9.865785256410257,0.010505282527640181,0.004106912790953191,0.015699878638284055
g400,Gap_4_9mps,forested,100,1000,100,51730,9.965945512820513,0.010586777459048876,0.0044169138135586455,0.016308696084098163
g400,Gap_4_9mps,forested,500,1000,100,51730,0.05008012820512821,0.051764049630732466,0.019759728211146115,0.06922369517553312
g400,Gap_4_9mps,forested,500,1000,100,51730,0.1502403846153846,0.05557806690549322,0.0296186161021708,0.0733659050794444
g400,Gap_4_9mps,forested,500,1000,100,51730,0.250400641025641,0.11300055826901804,0.04053370525616824,0.15592566809793468
g400,Gap_4_9mps,forested,500,1000,100,51730,0.3505608974358974,0.12432712969702767,0.050312461054174105,0.18030487932918948
g400,Gap_4_9mps,forested,500,1000,100,51730,0.45072115384615385,0.050657597317847296,0.022979676486787073,0.07252596675092335
g400,Gap_4_9mps,forested,500,1000,100,51730,0.5508814102564102,0.02231692693160881,0.0110910308310447,0.030306099658965815
g400,Gap_4_9mps,forested,500,1000,100,51730,0.6510416666666666,0.010844248913632932,0.005050626073382254,0.015176536345923605
g400,Gap_4_9mps,forested,500,1000,100,51730,0.7512019230769231,0.006392560362877506,0.0024912949368749854,0.008897181974848898
g400,Gap_4_9mps,forested,500,1000,100,51730,0.8513621794871795,0.005542253192820645,0.0029044417584568423,0.0075775292794394876
g400,Gap_4_9mps,forested,500,1000,100,51730,0.9515224358974359,0.005449085965426846,0.002790058315915987,0.0073102831173708326
g400,Gap_4_9mps,forested,500,1000,100,51730,1.0516826923076923,0.0053247008248947444,0.002476317563878954,0.007490282263588771
g400,Gap_4_9mps,forested,500,1000,100,51730,1.1518429487179487,0.0049109477170125,0.0018138359313255629,0.007571257466905961
g400,Gap_4_9mps,forested,500,1000,100,51730,1.252003205128205,0.004906872512353915,0.002145544062493134,0.00762337383586757
g400,Gap_4_9mps,forested,500,1000,100,51730,1.3521634615384615,0.005376312726925931,0.002562322577027761,0.006843174299491408
g400,Gap_4_9mps,forested,500,1000,100,51730,1.4523237179487178,0.005900970831684298,0.002653878694603548,0.008333004038895147
g400,Gap_4_9mps,forested,500,1000,100,51730,1.5524839743589745,0.006627344557197695,0.0027331139632472213,0.0099970905413093
g400,Gap_4_9mps,forested,500,1000,100,51730,1.6526442307692308,0.007530213561472301,0.0037707446433676954,0.010819250859842856
g400,Gap_4_9mps,forested,500,1000,100,51730,1.7528044871794872,0.008185695737574739,0.004143592002855593,0.011629665271120812
g400,Gap_4_9mps,forested,500,1000,100,51730,1.8529647435897436,0.008360191237828864,0.004016907619105014,0.011757977107419545
g400,Gap_4_9mps,forested,500,1000,100,51730,1.953125,0.008258250694227117,0.003860116511724014,0.011444865873135925
g400,Gap_4_9mps,forested,500,1000,100,51730,2.0532852564102564,0.007857539782892222,0.0035551599356412745,0.011154910632203602
g400,Gap_4_9mps,forested,500,1000,100,51730,2.1534455128205128,0.007171945098380288,0.0031228347341880013,0.010369732596344591
g400,Gap_4_9mps,forested,500,1000,100,51730,2.253605769230769,0.006433918729584157,0.0025168510895262636,0.009239271725792933
g400,Gap_4_9mps,forested,500,1000,100,51730,2.3537660256410255,0.005845394735301003,0.002336146384344406,0.008095904144725708
g400,Gap_4_9mps,forested,500,1000,100,51730,2.453926282051282,0.0054869829914455,0.002446818027438382,0.007626576373655524
g400,Gap_4_9mps,forested,500,1000,100,51730,2.5540865384615383,0.0052779223702138015,0.0023679242053414925,0.007477856523877329
g400,Gap_4_9mps,forested,500,1000,100,51730,2.6542467948717947,0.004967194240542912,0.002515854804778574,0.006856089423093054
g400,Gap_4_9mps,forested,500,1000,100,51730,2.754407051282051,0.004595163426568069,0.0021276351272249555,0.006411094934216685
g400,Gap_4_9mps,forested,500,1000,100,51730,2.8545673076923075,0.004212262243280346,0.00195206095591097,0.0059912832020314975
g400,Gap_4_9mps,forested,500,1000,100,51730,2.9547275641025643,0.003956796986961167,0.0015245783361158127,0.005662773596445267
g400,Gap_4_9mps,forested,500,1000,100,51730,3.0548878205128207,0.003840406405364772,0.0017198285481754877,0.005299078298245255
g400,Gap_4_9mps,forested,500,1000,100,51730,3.155048076923077,0.003836697577084945,0.0015191577146592976,0.005236068909537079
g400,Gap_4_9mps,forested,500,1000,100,51730,3.2552083333333335,0.003820320278190643,0.0014152308322419116,0.005379323709348021
g400,Gap_4_9mps,forested,500,1000,100,51730,3.35536858974359,0.00378088172483408,0.0011921414460013772,0.005502832525992224
g400,Gap_4_9mps,forested,500,1000,100,51730,3.4555288461538463,0.0037265461097592024,0.0008728977051278971,0.005474810292418134
g400,Gap_4_9mps,forested,500,1000,100,51730,3.5556891025641026,0.0037078614796367576,0.0008903028288098159,0.005573185178172041
g400,Gap_4_9mps,forested,500,1000,100,51730,3.655849358974359,0.003743874907022241,0.000961836798069971,0.005996735517202865
g400,Gap_4_9mps,forested,500,1000,100,51730,3.7560096153846154,0.0037896012137312407,0.0010553111570923493,0.006104666267779611
g400,Gap_4_9mps,forested,500,1000,100,51730,3.856169871794872,0.00380340843211053,0.0010912611167454088,0.0059728733382417125
g400,Gap_4_9mps,forested,500,1000,100,51730,3.956330128205128,0.0037584076417131952,0.0010297785579662904,0.005879862548588714
g400,Gap_4_9mps,forested,500,1000,100,51730,4.056490384615385,0.003723692810948263,0.0009917084399968254,0.005675048267740988
g400,Gap_4_9mps,forested,500,1000,100,51730,4.156650641025641,0.0037252619513157147,0.0012249135467278145,0.005843638138736402
g400,Gap_4_9mps,forested,500,1000,100,51730,4.256810897435898,0.003745497147653771,0.0015043429660045208,0.006047862299425654
g400,Gap_4_9mps,forested,500,1000,100,51730,4.356971153846154,0.0037773829254494394,0.0015965621865062722,0.005905403517148473
g400,Gap_4_9mps,forested,500,1000,100,51730,4.457131410256411,0.0038040224589735478,0.0015207533769700087,0.005915335055113051
g400,Gap_4_9mps,forested,500,1000,100,51730,4.557291666666667,0.003801659252261159,0.0015838318115715142,0.005863202204787837
g400,Gap_4_9mps,forested,500,1000,100,51730,4.657451923076923,0.0037823417899962696,0.001419638509392102,0.005951663436258806
g400,Gap_4_9mps,forested,500,1000,100,51730,4.75761217948718,0.0037741577671127056,0.0014578967764263787,0.00600240992966268
g400,Gap_4_9mps,forested,500,1000,100,51730,4.857772435897436,0.003761631021867615,0.0013394231579258358,0.006188329787786795
g400,Gap_4_9mps,forested,500,1000,100,51730,4.9579326923076925,0.00374178225027965,0.0012554715507603835,0.005694787822623368
g400,Gap_4_9mps,forested,500,1000,100,51730,5.058092948717949,0.0037311363333700927,0.001176387732163473,0.005655370272824884
g400,Gap_4_9mps,forested,500,1000,100,51730,5.158253205128205,0.0037497207446158354,0.0011730959632869427,0.00566670472418085
g400,Gap_4_9mps,forested,500,1000,100,51730,5.258413461538462,0.00380368941369435,0.0012218028591733125,0.005699449682977289
g400,Gap_4_9mps,forested,500,1000,100,51730,5.358573717948718,0.0038925705869937628,0.0012823318021855361,0.0059390883554471235
g400,Gap_4_9mps,forested,500,1000,100,51730,5.4587339743589745,0.003986575119022495,0.0011899624781432894,0.005735921248403476
g400,Gap_4_9mps,forested,500,1000,100,51730,5.558894230769231,0.0040686748622146465,0.0012683305417134601,0.005961113233280428
g400,Gap_4_9mps,forested,500,1000,100,51730,5.659054487179487,0.004145656180599635,0.0014526010438482629,0.006300302872766655
g400,Gap_4_9mps,forested,500,1000,100,51730,5.759214743589744,0.004242027068402181,0.0014663455223452894,0.0063363632602395055
g400,Gap_4_9mps,forested,500,1000,100,51730,5.859375,0.004333971639982925,0.0015328778410763023,0.0064794171636833155
g400,Gap_4_9mps,forested,500,1000,100,51730,5.959535256410256,0.00439566046002349,0.0017329890467280011,0.006491848803634474
g400,Gap_4_9mps,forested,500,1000,100,51730,6.059695512820513,0.004446304118479583,0.0017420924760411004,0.006423209194976515
g400,Gap_4_9mps,forested,500,1000,100,51730,6.159855769230769,0.004505869386138139,0.001782526120968899,0.006617443942342869
g400,Gap_4_9mps,forested,500,1000,100,51730,6.2600160256410255,0.004566716752182126,0.0017083802289659844,0.00661799146223783
g400,Gap_4_9mps,forested,500,1000,100,51730,6.360176282051282,0.0046177776135616164,0.0019060326985135614,0.006747575965201053
g400,Gap_4_9mps,forested,500,1000,100,51730,6.460336538461538,0.004647730861300562,0.0018987956724416661,0.006689441291500191
g400,Gap_4_9mps,forested,500,1000,100,51730,6.560496794871795,0.004668564003994744,0.0019661823314864255,0.006863774600367514
g400,Gap_4_9mps,forested,500,1000,100,51730,6.660657051282051,0.00470841600751113,0.0019305462225292552,0.00700287401175138
g400,Gap_4_9mps,forested,500,1000,100,51730,6.7608173076923075,0.004775470878690264,0.0020982020254649673,0.007064369985388839
g400,Gap_4_9mps,forested,500,1000,100,51730,6.860977564102564,0.004834043595624325,0.001864643796318142,0.007089679208966273
g400,Gap_4_9mps,forested,500,1000,100,51730,6.96113782051282,0.004852563281603599,0.001819671562717295,0.007032132878478089
g400,Gap_4_9mps,forested,500,1000,100,51730,7.061298076923077,0.004837406496828952,0.0017743874075917977,0.006966140647630407
g400,Gap_4_9mps,forested,500,1000,100,51730,7.161458333333333,0.004812682172499296,0.0018254099524624874,0.006928736877682413
g400,Gap_4_9mps,forested,500,1000,100,51730,7.261618589743589,0.0047856764377498815,0.0018581434521210479,0.007081139553930794
g400,Gap_4_9mps,forested,500,1000,100,51730,7.361778846153846,0.004772333615786794,0.0018707346506417924,0.0070555009419440845
g400,Gap_4_9mps,forested,500,1000,100,51730,7.461939102564102,0.004744013944125092,0.0019099932903205836,0.007089896395048774
g400,Gap_4_9mps,forested,500,1000,100,51730,7.562099358974359,0.004699598318698838,0.0019445687399341268,0.006910700620927121
g400,Gap_4_9mps,forested,500,1000,100,51730,7.662259615384615,0.004643929448718901,0.002040646325145481,0.006644320817268613
g400,Gap_4_9mps,forested,500,1000,100,51730,7.762419871794871,0.0046042521553709154,0.0017613953095124632,0.006395673720258072
g400,Gap_4_9mps,forested,500,1000,100,51730,7.862580128205129,0.004600045391617855,0.0018527053632812801,0.006733169270657971
g400,Gap_4_9mps,forested,500,1000,100,51730,7.962740384615385,0.004597426944970635,0.0016393466605321267,0.006896920574040843
g400,Gap_4_9mps,forested,500,1000,100,51730,8.06290064102564,0.004590476531877336,0.00169728997389018,0.006777521361460879
g400,Gap_4_9mps,forested,500,1000,100,51730,8.163060897435898,0.004609280015541003,0.0018410807700663604,0.006787705831022474
g400,Gap_4_9mps,forested,500,1000,100,51730,8.263221153846153,0.004649688421821607,0.0017140753146529337,0.006904214721759192
g400,Gap_4_9mps,forested,500,1000,100,51730,8.36338141025641,0.004690405278081595,0.0019670100085851226,0.00713661331108063
g400,Gap_4_9mps,forested,500,1000,100,51730,8.463541666666666,0.004757440161138292,0.002071893300133215,0.0071917592545447185
g400,Gap_4_9mps,forested,500,1000,100,51730,8.563701923076923,0.004849544192085911,0.0018419871540118512,0.0073792207459419
g400,Gap_4_9mps,forested,500,1000,100,51730,8.663862179487179,0.004927583436846088,0.0019498274744722494,0.007694622155093394
g400,Gap_4_9mps,forested,500,1000,100,51730,8.764022435897436,0.004984407289958181,0.0019480772580251463,0.007650448548632458
g400,Gap_4_9mps,forested,500,1000,100,51730,8.864182692307692,0.005026310726922227,0.0018384290899578547,0.007534138229837209
g400,Gap_4_9mps,forested,500,1000,100,51730,8.964342948717949,0.005071772128252751,0.001992807465194119,0.007532358149930578
g400,Gap_4_9mps,forested,500,1000,100,51730,9.064503205128204,0.005121025378008963,0.001986300729347015,0.0074805037193037514
g400,Gap_4_9mps,forested,500,1000,100,51730,9.164663461538462,0.00517466243253456,0.002106875706555999,0.007480790860749384
g400,Gap_4_9mps,forested,500,1000,100,51730,9.264823717948717,0.0052245100427033035,0.001997438281918767,0.00760933830493651
g400,Gap_4_9mps,forested,500,1000,100,51730,9.364983974358974,0.00527429837398773,0.0022902438036797737,0.0079615806735817
g400,Gap_4_9mps,forested,500,1000,100,51730,9.46514423076923,0.005343372297436802,0.002296031277994543,0.008090052501132665
g400,Gap_4_9mps,forested,500,1000,100,51730,9.565304487179487,0.005423894093872129,0.0020558097021723632,0.008223234449536022
g400,Gap_4_9mps,forested,500,1000,100,51730,9.665464743589743,0.005489417544409513,0.0020948060277502364,0.008319770449860495
g400,Gap_4_9mps,forested,500,1000,100,51730,9.765625,0.005556199117696631,0.0020848465915143635,0.008622568901858372
g400,Gap_4_9mps,forested,500,1000,100,51730,9.865785256410257,0.005637871780425595,0.002177079086448968,0.008793470915758696
g400,Gap_4_9mps,forested,500,1000,100,51730,9.965945512820513,0.005714586947393059,0.002385707609351882,0.008820662648379102
g400,Gap_4_9mps,open_gap,1,1000,100,13806,0.05008012820512821,0.314984808777804,0.12409215896917229,0.44771302965633664
g400,Gap_4_9mps,open_gap,1,1000,100,13806,0.1502403846153846,0.31973389554978404,0.12035994493230284,0.49969016542607303
g400,Gap_4_9mps,open_gap,1,1000,100,13806,0.250400641025641,0.32844360467180556,0.14326390381206702,0.44482539836344087
g400,Gap_4_9mps,open_gap,1,1000,100,13806,0.3505608974358974,0.3126708356590764,0.1476589848106858,0.40380659878235603
g400,Gap_4_9mps,open_gap,1,1000,100,13806,0.45072115384615385,0.28495453331445103,0.1311449273234149,0.3825088936283503
g400,Gap_4_9mps,open_gap,1,1000,100,13806,0.5508814102564102,0.24659065352123455,0.10683338916406827,0.3407356371790562
g400,Gap_4_9mps,open_gap,1,1000,100,13806,0.6510416666666666,0.20408771140613705,0.060465960634207894,0.2967542610117091
g400,Gap_4_9mps,open_gap,1,1000,100,13806,0.7512019230769231,0.17100744772051535,0.051048237719789814,0.2582186124253987
g400,Gap_4_9mps,open_gap,1,1000,100,13806,0.8513621794871795,0.15872810982340024,0.06583741793005979,0.2347314573993588
g400,Gap_4_9mps,open_gap,1,1000,100,13806,0.9515224358974359,0.1435707557341375,0.05977590497658078,0.20990719879624448
g400,Gap_4_9mps,open_gap,1,1000,100,13806,1.0516826923076923,0.12518930532177305,0.046880641022807736,0.18097678102933693
g400,Gap_4_9mps,open_gap,1,1000,100,13806,1.1518429487179487,0.11233666307180844,0.042649299698551704,0.15054116384135793
g400,Gap_4_9mps,open_gap,1,1000,100,13806,1.252003205128205,0.10369559075259854,0.04325977831806128,0.13831799624301763
g400,Gap_4_9mps,open_gap,1,1000,100,13806,1.3521634615384615,0.09890577373122796,0.03940429995546666,0.1307810108142309
g400,Gap_4_9mps,open_gap,1,1000,100,13806,1.4523237179487178,0.09568501775963786,0.03742811593471188,0.12961206441256418
g400,Gap_4_9mps,open_gap,1,1000,100,13806,1.5524839743589745,0.09395532770412382,0.03923085601498123,0.13478698149206658
g400,Gap_4_9mps,open_gap,1,1000,100,13806,1.6526442307692308,0.0917287165764103,0.04031056028688501,0.12558443613196954
g400,Gap_4_9mps,open_gap,1,1000,100,13806,1.7528044871794872,0.09055456125057754,0.03124873647820253,0.12524695347263268
g400,Gap_4_9mps,open_gap,1,1000,100,13806,1.8529647435897436,0.09077292357503955,0.03132246750957944,0.12877113968683304
g400,Gap_4_9mps,open_gap,1,1000,100,13806,1.953125,0.09290732200260908,0.03900174969995541,0.12837091771283707
g400,Gap_4_9mps,open_gap,1,1000,100,13806,2.0532852564102564,0.09524380974825179,0.044797690656695,0.12582265424339953
g400,Gap_4_9mps,open_gap,1,1000,100,13806,2.1534455128205128,0.09692882278863758,0.04680102292583416,0.12745110317361052
g400,Gap_4_9mps,open_gap,1,1000,100,13806,2.253605769230769,0.09796978948112578,0.043186012398340995,0.13452397521694603
g400,Gap_4_9mps,open_gap,1,1000,100,13806,2.3537660256410255,0.09945124668808233,0.046911239745628386,0.13997765091515038
g400,Gap_4_9mps,open_gap,1,1000,100,13806,2.453926282051282,0.09998102121627081,0.04476809460235205,0.14773039048146575
g400,Gap_4_9mps,open_gap,1,1000,100,13806,2.5540865384615383,0.09934020730853371,0.04061456305114835,0.1401631044067884
g400,Gap_4_9mps,open_gap,1,1000,100,13806,2.6542467948717947,0.09843586183791786,0.03814192588727673,0.14213001819975835
g400,Gap_4_9mps,open_gap,1,1000,100,13806,2.754407051282051,0.09722903317369377,0.033056842913720144,0.13749537299433195
g400,Gap_4_9mps,open_gap,1,1000,100,13806,2.8545673076923075,0.09636557964567509,0.03324335520454093,0.13088180797318352
g400,Gap_4_9mps,open_gap,1,1000,100,13806,2.9547275641025643,0.09717291759122332,0.03996955708385598,0.13569530300774355
g400,Gap_4_9mps,open_gap,1,1000,100,13806,3.0548878205128207,0.09798632813413449,0.04199072295359124,0.13911078238374186
g400,Gap_4_9mps,open_gap,1,1000,100,13806,3.155048076923077,0.0982736664324511,0.04943754341101385,0.1337834564079506
g400,Gap_4_9mps,open_gap,1,1000,100,13806,3.2552083333333335,0.0976625243867815,0.04501358911981339,0.14099709530079468
g400,Gap_4_9mps,open_gap,1,1000,100,13806,3.35536858974359,0.09639813463394714,0.043319293453412636,0.1357226169088948
g400,Gap_4_9mps,open_gap,1,1000,100,13806,3.4555288461538463,0.09539372336396616,0.03631771765949035,0.13937589556126584
g400,Gap_4_9mps,open_gap,1,1000,100,13806,3.5556891025641026,0.09493227747732552,0.03746770070513819,0.13375821249862352
g400,Gap_4_9mps,open_gap,1,1000,100,13806,3.655849358974359,0.09470946896691534,0.03864909587649619,0.13369728233039568
g400,Gap_4_9mps,open_gap,1,1000,100,13806,3.7560096153846154,0.09416705292670707,0.0321315671481123,0.13395263842229843
g400,Gap_4_9mps,open_gap,1,1000,100,13806,3.856169871794872,0.09308228743823714,0.03348837085449967,0.13654772558394032
g400,Gap_4_9mps,open_gap,1,1000,100,13806,3.956330128205128,0.09226983641454772,0.033152112222301966,0.13761589097408944
g400,Gap_4_9mps,open_gap,1,1000,100,13806,4.056490384615385,0.09177885222391642,0.03470366153460503,0.1258452473535979
g400,Gap_4_9mps,open_gap,1,1000,100,13806,4.156650641025641,0.09182748187567144,0.03403996582121607,0.12052093553667373
g400,Gap_4_9mps,open_gap,1,1000,100,13806,4.256810897435898,0.09172678268033288,0.0353201404261322,0.12815593489571164
g400,Gap_4_9mps,open_gap,1,1000,100,13806,4.356971153846154,0.09135384087759797,0.030998809500357005,0.13114908068049458
g400,Gap_4_9mps,open_gap,1,1000,100,13806,4.457131410256411,0.09058304592883229,0.03306045229076761,0.1341333480795522
g400,Gap_4_9mps,open_gap,1,1000,100,13806,4.557291666666667,0.09010343942971227,0.034949686304561606,0.1340238178422699
g400,Gap_4_9mps,open_gap,1,1000,100,13806,4.657451923076923,0.09058902047304532,0.03999609895482725,0.1336814170328996
g400,Gap_4_9mps,open_gap,1,1000,100,13806,4.75761217948718,0.09188000729336024,0.043855478843564895,0.13077647623043193
g400,Gap_4_9mps,open_gap,1,1000,100,13806,4.857772435897436,0.09287934107689422,0.045069769053449296,0.136515455749315
g400,Gap_4_9mps,open_gap,1,1000,100,13806,4.9579326923076925,0.0932820277068582,0.0464626967877694,0.13569200605176324
g400,Gap_4_9mps,open_gap,1,1000,100,13806,5.058092948717949,0.09302226643920611,0.04732076131008541,0.13512161309399556
g400,Gap_4_9mps,open_gap,1,1000,100,13806,5.158253205128205,0.0922835898299535,0.04680663490260209,0.13807339591944473
g400,Gap_4_9mps,open_gap,1,1000,100,13806,5.258413461538462,0.0916156197765516,0.04313021844684485,0.13639100517806457
g400,Gap_4_9mps,open_gap,1,1000,100,13806,5.358573717948718,0.09164298521789277,0.04042874216252282,0.13629350534622683
g400,Gap_4_9mps,open_gap,1,1000,100,13806,5.4587339743589745,0.09201641063475345,0.03439845026423477,0.1370636480999265
g400,Gap_4_9mps,open_gap,1,1000,100,13806,5.558894230769231,0.09244105689999998,0.039459211706870785,0.13613550756049564
g400,Gap_4_9mps,open_gap,1,1000,100,13806,5.659054487179487,0.09287011203191943,0.04018044033112103,0.13553330916941442
g400,Gap_4_9mps,open_gap,1,1000,100,13806,5.759214743589744,0.09305522607529886,0.03840415709286886,0.13273508586067156
g400,Gap_4_9mps,open_gap,1,1000,100,13806,5.859375,0.0934635214287207,0.039922090875071065,0.1296513764505183
g400,Gap_4_9mps,open_gap,1,1000,100,13806,5.959535256410256,0.09387038456740891,0.04260773629916939,0.13018686262263604
g400,Gap_4_9mps,open_gap,1,1000,100,13806,6.059695512820513,0.09412326880484477,0.04228869459436323,0.13046030644457718
g400,Gap_4_9mps,open_gap,1,1000,100,13806,6.159855769230769,0.09447684771433656,0.04182495987976484,0.1353480295050182
g400,Gap_4_9mps,open_gap,1,1000,100,13806,6.2600160256410255,0.09517184162798278,0.03894584979460728,0.13301376877358706
g400,Gap_4_9mps,open_gap,1,1000,100,13806,6.360176282051282,0.096082690421827,0.04187465547023242,0.13384477911283924
g400,Gap_4_9mps,open_gap,1,1000,100,13806,6.460336538461538,0.09735048174764697,0.04333190088748392,0.13586811675859645
g400,Gap_4_9mps,open_gap,1,1000,100,13806,6.560496794871795,0.09842477498929231,0.04377330828798816,0.13763692839912206
g400,Gap_4_9mps,open_gap,1,1000,100,13806,6.660657051282051,0.09903582294815984,0.04298596537583112,0.13668058525198354
g400,Gap_4_9mps,open_gap,1,1000,100,13806,6.7608173076923075,0.0992727915844575,0.0388686103376048,0.13602940653988974
g400,Gap_4_9mps,open_gap,1,1000,100,13806,6.860977564102564,0.0991239363980072,0.03582723160935816,0.13331906968346646
g400,Gap_4_9mps,open_gap,1,1000,100,13806,6.96113782051282,0.0987428046734156,0.03557934602294083,0.1369232973392943
g400,Gap_4_9mps,open_gap,1,1000,100,13806,7.061298076923077,0.09825777209738559,0.03826184667760941,0.13447996435806375
g400,Gap_4_9mps,open_gap,1,1000,100,13806,7.161458333333333,0.09802540641402713,0.03346209718714405,0.13315004703236866
g400,Gap_4_9mps,open_gap,1,1000,100,13806,7.261618589743589,0.09764717130870132,0.028776069507050167,0.13730371604657432
g400,Gap_4_9mps,open_gap,1,1000,100,13806,7.361778846153846,0.09680957012234766,0.027390166729017302,0.14080574975095
g400,Gap_4_9mps,open_gap,1,1000,100,13806,7.461939102564102,0.09573370883489124,0.02325189048145705,0.13829568477326631
g400,Gap_4_9mps,open_gap,1,1000,100,13806,7.562099358974359,0.09512068615477957,0.02728216022312959,0.13625312381890056
g400,Gap_4_9mps,open_gap,1,1000,100,13806,7.662259615384615,0.09489481075991034,0.028805137262690322,0.14073945417162279
g400,Gap_4_9mps,open_gap,1,1000,100,13806,7.762419871794871,0.09512171650713432,0.03146788993435577,0.1364633383848316
g400,Gap_4_9mps,open_gap,1,1000,100,13806,7.862580128205129,0.0958226352378511,0.03020782893403758,0.13776310432470443
g400,Gap_4_9mps,open_gap,1,1000,100,13806,7.962740384615385,0.09669690261834775,0.03066895195500369,0.145405272719494
g400,Gap_4_9mps,open_gap,1,1000,100,13806,8.06290064102564,0.09749804395121987,0.032022158231572284,0.14426110511022577
g400,Gap_4_9mps,open_gap,1,1000,100,13806,8.163060897435898,0.09846940489554201,0.034824192011325916,0.1437846355073581
g400,Gap_4_9mps,open_gap,1,1000,100,13806,8.263221153846153,0.09963411769752359,0.03802489346107651,0.13860677254275122
g400,Gap_4_9mps,open_gap,1,1000,100,13806,8.36338141025641,0.10045480469515146,0.039074161240366154,0.13818327622149107
g400,Gap_4_9mps,open_gap,1,1000,100,13806,8.463541666666666,0.10087441630001599,0.039025071701439006,0.13362644196408752
g400,Gap_4_9mps,open_gap,1,1000,100,13806,8.563701923076923,0.10118440735496469,0.03824864298804631,0.13351715553242627
g400,Gap_4_9mps,open_gap,1,1000,100,13806,8.663862179487179,0.10147592415914655,0.039409831246498606,0.1297811297560557
g400,Gap_4_9mps,open_gap,1,1000,100,13806,8.764022435897436,0.10191115209330082,0.03705272610938973,0.13196935648118774
g400,Gap_4_9mps,open_gap,1,1000,100,13806,8.864182692307692,0.10229926902308442,0.036105456607070076,0.13132766602315168
g400,Gap_4_9mps,open_gap,1,1000,100,13806,8.964342948717949,0.10284539241505365,0.03301294534476026,0.13205342067401646
g400,Gap_4_9mps,open_gap,1,1000,100,13806,9.064503205128204,0.1033490737850785,0.03436973547787194,0.13630700993809905
g400,Gap_4_9mps,open_gap,1,1000,100,13806,9.164663461538462,0.10386277453697856,0.03677093837291925,0.13821160545922911
g400,Gap_4_9mps,open_gap,1,1000,100,13806,9.264823717948717,0.10384108247266081,0.0385180377872338,0.14001471698478013
g400,Gap_4_9mps,open_gap,1,1000,100,13806,9.364983974358974,0.10367248798985011,0.04107320072892001,0.13990422640485525
g400,Gap_4_9mps,open_gap,1,1000,100,13806,9.46514423076923,0.10344865277178096,0.039743917532940286,0.13865466673056487
g400,Gap_4_9mps,open_gap,1,1000,100,13806,9.565304487179487,0.10357329729602488,0.04269023097019821,0.13846794538177576
g400,Gap_4_9mps,open_gap,1,1000,100,13806,9.665464743589743,0.10382502300740501,0.04199871471703511,0.14002471303116198
g400,Gap_4_9mps,open_gap,1,1000,100,13806,9.765625,0.1038245642272034,0.042159761459009064,0.13907511703666828
g400,Gap_4_9mps,open_gap,1,1000,100,13806,9.865785256410257,0.10405491223788291,0.04088473917567341,0.1362805956464216
g400,Gap_4_9mps,open_gap,1,1000,100,13806,9.965945512820513,0.10454631402704485,0.04007860982006647,0.13720297576341067
g400,Gap_4_9mps,open_gap,10,1000,100,13806,0.05008012820512821,0.10600236620207579,0.046062314144159414,0.15585709775229858
g400,Gap_4_9mps,open_gap,10,1000,100,13806,0.1502403846153846,0.10193668022025758,0.045433854369751295,0.14602302174797427
g400,Gap_4_9mps,open_gap,10,1000,100,13806,0.250400641025641,0.09517243361042654,0.03991483016619017,0.12748881297747683
g400,Gap_4_9mps,open_gap,10,1000,100,13806,0.3505608974358974,0.08492127581071557,0.03738807834370682,0.11273141770897158
g400,Gap_4_9mps,open_gap,10,1000,100,13806,0.45072115384615385,0.07120302923804171,0.022365791344938976,0.10033822337909301
g400,Gap_4_9mps,open_gap,10,1000,100,13806,0.5508814102564102,0.05874751672099585,0.023909141347398206,0.08105535107561551
g400,Gap_4_9mps,open_gap,10,1000,100,13806,0.6510416666666666,0.04821465413923908,0.017103167392926548,0.06853340168662396
g400,Gap_4_9mps,open_gap,10,1000,100,13806,0.7512019230769231,0.04263586445143025,0.017529747985931064,0.05957956331525223
g400,Gap_4_9mps,open_gap,10,1000,100,13806,0.8513621794871795,0.04027254898977505,0.018993634007742163,0.057199426825260774
g400,Gap_4_9mps,open_gap,10,1000,100,13806,0.9515224358974359,0.036768395362201674,0.015248546469739162,0.05402313468626102
g400,Gap_4_9mps,open_gap,10,1000,100,13806,1.0516826923076923,0.033398802110111245,0.012354275667235473,0.0499036563666935
g400,Gap_4_9mps,open_gap,10,1000,100,13806,1.1518429487179487,0.03091026017199133,0.011301386410130433,0.04917158132693412
g400,Gap_4_9mps,open_gap,10,1000,100,13806,1.252003205128205,0.029388846637967855,0.01179866829137916,0.04494991014832424
g400,Gap_4_9mps,open_gap,10,1000,100,13806,1.3521634615384615,0.028559671314283382,0.012015349012448663,0.04139578775327845
g400,Gap_4_9mps,open_gap,10,1000,100,13806,1.4523237179487178,0.027769392840155196,0.01365732425984079,0.039382286709001936
g400,Gap_4_9mps,open_gap,10,1000,100,13806,1.5524839743589745,0.026854313449083386,0.011948073366620588,0.03666109271909425
g400,Gap_4_9mps,open_gap,10,1000,100,13806,1.6526442307692308,0.026349213274274114,0.01206978014281732,0.03739529376877775
g400,Gap_4_9mps,open_gap,10,1000,100,13806,1.7528044871794872,0.026286488940962152,0.010721210855784173,0.03523463721800455
g400,Gap_4_9mps,open_gap,10,1000,100,13806,1.8529647435897436,0.026274548134037366,0.012486315543897177,0.03658114450575118
g400,Gap_4_9mps,open_gap,10,1000,100,13806,1.953125,0.026177026691542486,0.012409889804240688,0.03797280180837248
g400,Gap_4_9mps,open_gap,10,1000,100,13806,2.0532852564102564,0.02629392878711977,0.009969598444406983,0.03794070052499919
g400,Gap_4_9mps,open_gap,10,1000,100,13806,2.1534455128205128,0.026349270345770837,0.011616239954972955,0.039227821971413765
g400,Gap_4_9mps,open_gap,10,1000,100,13806,2.253605769230769,0.026274304558968037,0.010072730602705525,0.038846940607075955
g400,Gap_4_9mps,open_gap,10,1000,100,13806,2.3537660256410255,0.026189719811907132,0.010661973268890361,0.038298071278248406
g400,Gap_4_9mps,open_gap,10,1000,100,13806,2.453926282051282,0.026052694259856082,0.010866837949922954,0.03705285178184968
g400,Gap_4_9mps,open_gap,10,1000,100,13806,2.5540865384615383,0.02598650834087297,0.011528856824140132,0.0372975945189344
g400,Gap_4_9mps,open_gap,10,1000,100,13806,2.6542467948717947,0.025858438041579956,0.011702817426180472,0.03610475040722486
g400,Gap_4_9mps,open_gap,10,1000,100,13806,2.754407051282051,0.025728660436493623,0.010678380357746342,0.03608320009629443
g400,Gap_4_9mps,open_gap,10,1000,100,13806,2.8545673076923075,0.025633258968166338,0.012273444322182674,0.03540056518602484
g400,Gap_4_9mps,open_gap,10,1000,100,13806,2.9547275641025643,0.026180275880350497,0.01186655459836591,0.03711044793006367
g400,Gap_4_9mps,open_gap,10,1000,100,13806,3.0548878205128207,0.026871283183749164,0.011835521045497267,0.03640564707502193
g400,Gap_4_9mps,open_gap,10,1000,100,13806,3.155048076923077,0.0273895060966859,0.01216889432430863,0.0369301030670913
g400,Gap_4_9mps,open_gap,10,1000,100,13806,3.2552083333333335,0.02780095547457516,0.01192428922944086,0.038217039217946946
g400,Gap_4_9mps,open_gap,10,1000,100,13806,3.35536858974359,0.028183257529657394,0.012911324939408133,0.03872488195373194
g400,Gap_4_9mps,open_gap,10,1000,100,13806,3.4555288461538463,0.028581077011524646,0.01483820478105413,0.040150956687914574
g400,Gap_4_9mps,open_gap,10,1000,100,13806,3.5556891025641026,0.028850607786164936,0.014348777595446787,0.04182513735588551
g400,Gap_4_9mps,open_gap,10,1000,100,13806,3.655849358974359,0.028896664084416924,0.013658920888023195,0.041883816827575776
g400,Gap_4_9mps,open_gap,10,1000,100,13806,3.7560096153846154,0.028716945429142257,0.01313182165455122,0.04255777656531176
g400,Gap_4_9mps,open_gap,10,1000,100,13806,3.856169871794872,0.028284908715102457,0.01349966388499037,0.04141700143753094
g400,Gap_4_9mps,open_gap,10,1000,100,13806,3.956330128205128,0.027561003796559378,0.011957396522686185,0.040293220794410986
g400,Gap_4_9mps,open_gap,10,1000,100,13806,4.056490384615385,0.027070676737790778,0.01081436741109106,0.03858436417050782
g400,Gap_4_9mps,open_gap,10,1000,100,13806,4.156650641025641,0.026890585657613222,0.01052765065882082,0.03817637061844328
g400,Gap_4_9mps,open_gap,10,1000,100,13806,4.256810897435898,0.026752364832355945,0.012658470601926028,0.037141714442182144
g400,Gap_4_9mps,open_gap,10,1000,100,13806,4.356971153846154,0.026703385917398504,0.012902182072212371,0.03805149678085791
g400,Gap_4_9mps,open_gap,10,1000,100,13806,4.457131410256411,0.026716127254945276,0.013839453725302568,0.03835334412799288
g400,Gap_4_9mps,open_gap,10,1000,100,13806,4.557291666666667,0.026673792963630604,0.014414729946564689,0.038861348998120174
g400,Gap_4_9mps,open_gap,10,1000,100,13806,4.657451923076923,0.026633913419026323,0.013047978453081014,0.04001899006391311
g400,Gap_4_9mps,open_gap,10,1000,100,13806,4.75761217948718,0.0266342162219855,0.011628427187599336,0.040097949615698326
g400,Gap_4_9mps,open_gap,10,1000,100,13806,4.857772435897436,0.026703213810430032,0.011738852643476481,0.04011965010451291
g400,Gap_4_9mps,open_gap,10,1000,100,13806,4.9579326923076925,0.026794234091035266,0.011400525236380441,0.040851897168191764
g400,Gap_4_9mps,open_gap,10,1000,100,13806,5.058092948717949,0.026751130043844853,0.011104393836296397,0.041953991289641196
g400,Gap_4_9mps,open_gap,10,1000,100,13806,5.158253205128205,0.026860147981327746,0.010466445547667017,0.04187025182823949
g400,Gap_4_9mps,open_gap,10,1000,100,13806,5.258413461538462,0.02697302407651286,0.011148564605827934,0.04277232860502943
g400,Gap_4_9mps,open_gap,10,1000,100,13806,5.358573717948718,0.0269638217725914,0.012299686284530474,0.042865096534332535
g400,Gap_4_9mps,open_gap,10,1000,100,13806,5.4587339743589745,0.02696709574251073,0.012073310853660183,0.042284695931282035
g400,Gap_4_9mps,open_gap,10,1000,100,13806,5.558894230769231,0.027098430135935492,0.011734252406893582,0.041437241020623836
g400,Gap_4_9mps,open_gap,10,1000,100,13806,5.659054487179487,0.027288496769319423,0.011205018125583424,0.04119190116128511
g400,Gap_4_9mps,open_gap,10,1000,100,13806,5.759214743589744,0.027654882585371167,0.011546616086062436,0.04012222622872287
g400,Gap_4_9mps,open_gap,10,1000,100,13806,5.859375,0.028080372925116538,0.011868966313292418,0.039951887926046085
g400,Gap_4_9mps,open_gap,10,1000,100,13806,5.959535256410256,0.028562622417422648,0.011960894683258186,0.03963099086206855
g400,Gap_4_9mps,open_gap,10,1000,100,13806,6.059695512820513,0.02897506795013568,0.012692065738627106,0.039827792026166924
g400,Gap_4_9mps,open_gap,10,1000,100,13806,6.159855769230769,0.029240120153596724,0.012822542642517724,0.040512781472749504
g400,Gap_4_9mps,open_gap,10,1000,100,13806,6.2600160256410255,0.029563451081662816,0.012911363486124984,0.04023593674673108
g400,Gap_4_9mps,open_gap,10,1000,100,13806,6.360176282051282,0.029804345733760486,0.01453607050369867,0.03910042430499536
g400,Gap_4_9mps,open_gap,10,1000,100,13806,6.460336538461538,0.0299201752860698,0.014425294367543787,0.03976075145422053
g400,Gap_4_9mps,open_gap,10,1000,100,13806,6.560496794871795,0.029986919904916597,0.015181450422343878,0.03937323551153985
g400,Gap_4_9mps,open_gap,10,1000,100,13806,6.660657051282051,0.030018804041984978,0.014231892707759989,0.03847893900804564
g400,Gap_4_9mps,open_gap,10,1000,100,13806,6.7608173076923075,0.03008202488923649,0.014345196534303535,0.04036951888612309
g400,Gap_4_9mps,open_gap,10,1000,100,13806,6.860977564102564,0.030119993811375458,0.014278566789828325,0.041782633997084206
g400,Gap_4_9mps,open_gap,10,1000,100,13806,6.96113782051282,0.03015390518217254,0.013264293320414434,0.04157495296301546
g400,Gap_4_9mps,open_gap,10,1000,100,13806,7.061298076923077,0.03018284267266066,0.01245082778656891,0.04138796528180512
g400,Gap_4_9mps,open_gap,10,1000,100,13806,7.161458333333333,0.03025439350018967,0.01286501282387906,0.04301691165205169
g400,Gap_4_9mps,open_gap,10,1000,100,13806,7.261618589743589,0.03047662708325731,0.012432930213158343,0.04477892646107149
g400,Gap_4_9mps,open_gap,10,1000,100,13806,7.361778846153846,0.030632960903028552,0.011668480266728936,0.045663343969901474
g400,Gap_4_9mps,open_gap,10,1000,100,13806,7.461939102564102,0.030840310343237583,0.012443397629748254,0.04648992083955076
g400,Gap_4_9mps,open_gap,10,1000,100,13806,7.562099358974359,0.031168621174308152,0.012905376983750673,0.04665117012649364
g400,Gap_4_9mps,open_gap,10,1000,100,13806,7.662259615384615,0.0315377638909378,0.012737507568317223,0.04847895031499728
g400,Gap_4_9mps,open_gap,10,1000,100,13806,7.762419871794871,0.03184278477351251,0.012995611298956652,0.048775143133483176
g400,Gap_4_9mps,open_gap,10,1000,100,13806,7.862580128205129,0.0320253867410709,0.013631810936737565,0.04736131378273215
g400,Gap_4_9mps,open_gap,10,1000,100,13806,7.962740384615385,0.032280226606225426,0.01371140231599417,0.04770077883672108
g400,Gap_4_9mps,open_gap,10,1000,100,13806,8.06290064102564,0.03248588145325084,0.013505763985521259,0.04675809311794567
g400,Gap_4_9mps,open_gap,10,1000,100,13806,8.163060897435898,0.03263935083669268,0.014051714480581765,0.04554278942036327
g400,Gap_4_9mps,open_gap,10,1000,100,13806,8.263221153846153,0.03272619360886326,0.013936118159621114,0.04466728875169172
g400,Gap_4_9mps,open_gap,10,1000,100,13806,8.36338141025641,0.032924549710480436,0.013440419241243095,0.04565463375816527
g400,Gap_4_9mps,open_gap,10,1000,100,13806,8.463541666666666,0.03310384602024391,0.014250409519787944,0.044399657362489436
g400,Gap_4_9mps,open_gap,10,1000,100,13806,8.563701923076923,0.03319057344202278,0.015144104316258511,0.04602108211318575
g400,Gap_4_9mps,open_gap,10,1000,100,13806,8.663862179487179,0.03314666211518915,0.015632045668332744,0.046499828342010004
g400,Gap_4_9mps,open_gap,10,1000,100,13806,8.764022435897436,0.033078227710654495,0.016383794846348613,0.045054670845434366
g400,Gap_4_9mps,open_gap,10,1000,100,13806,8.864182692307692,0.03293736951598023,0.015594319702859964,0.04611305704828785
g400,Gap_4_9mps,open_gap,10,1000,100,13806,8.964342948717949,0.032873555855903694,0.01450891568888841,0.04638125403965314
g400,Gap_4_9mps,open_gap,10,1000,100,13806,9.064503205128204,0.032908389475587385,0.014977185860000547,0.04695648163896813
g400,Gap_4_9mps,open_gap,10,1000,100,13806,9.164663461538462,0.03292013306377911,0.014388772845568484,0.045992178579334575
g400,Gap_4_9mps,open_gap,10,1000,100,13806,9.264823717948717,0.03287493053250045,0.013984193223843339,0.04724158891345926
g400,Gap_4_9mps,open_gap,10,1000,100,13806,9.364983974358974,0.03284103868835714,0.014358180164576734,0.0476503224076209
g400,Gap_4_9mps,open_gap,10,1000,100,13806,9.46514423076923,0.03282117854059514,0.014489529249557532,0.046785240615225585
g400,Gap_4_9mps,open_gap,10,1000,100,13806,9.565304487179487,0.032779965192911244,0.012688520700986416,0.04645993883697029
g400,Gap_4_9mps,open_gap,10,1000,100,13806,9.665464743589743,0.03272890168723358,0.013632814834940046,0.047239167515634964
g400,Gap_4_9mps,open_gap,10,1000,100,13806,9.765625,0.03263869615843414,0.013768484858433709,0.04820884506442653
g400,Gap_4_9mps,open_gap,10,1000,100,13806,9.865785256410257,0.03258306303910036,0.01382614431687912,0.04912945629786756
g400,Gap_4_9mps,open_gap,10,1000,100,13806,9.965945512820513,0.032711082477519,0.012340260644169888,0.04926878696930072
g400,Gap_4_9mps,open_gap,50,1000,100,13806,0.05008012820512821,0.04242147091334987,0.017712926301391173,0.06440437549286784
g400,Gap_4_9mps,open_gap,50,1000,100,13806,0.1502403846153846,0.044244742528251696,0.02105447176433009,0.06512570437096271
g400,Gap_4_9mps,open_gap,50,1000,100,13806,0.250400641025641,0.04382056179268754,0.017565558670336618,0.06634403581373649
g400,Gap_4_9mps,open_gap,50,1000,100,13806,0.3505608974358974,0.03994451791446897,0.015576185484969484,0.06246707101808837
g400,Gap_4_9mps,open_gap,50,1000,100,13806,0.45072115384615385,0.035277934732682925,0.01442390069249047,0.05275169703870691
g400,Gap_4_9mps,open_gap,50,1000,100,13806,0.5508814102564102,0.030777976982816445,0.013367687335414108,0.04563187558240061
g400,Gap_4_9mps,open_gap,50,1000,100,13806,0.6510416666666666,0.027316871727066965,0.012547610652468375,0.037011084719066036
g400,Gap_4_9mps,open_gap,50,1000,100,13806,0.7512019230769231,0.025094582469810382,0.011779733399106573,0.034179189298024194
g400,Gap_4_9mps,open_gap,50,1000,100,13806,0.8513621794871795,0.02359205727374396,0.012153587444734965,0.03397031560551896
g400,Gap_4_9mps,open_gap,50,1000,100,13806,0.9515224358974359,0.021884179136017465,0.010193497873580289,0.031202072185144324
g400,Gap_4_9mps,open_gap,50,1000,100,13806,1.0516826923076923,0.019728385318256703,0.00931746244932322,0.029312073416106654
g400,Gap_4_9mps,open_gap,50,1000,100,13806,1.1518429487179487,0.01807422972308047,0.008282038211489325,0.027126279567665158
g400,Gap_4_9mps,open_gap,50,1000,100,13806,1.252003205128205,0.016780020247533986,0.008948625630539846,0.025335594049774333
g400,Gap_4_9mps,open_gap,50,1000,100,13806,1.3521634615384615,0.015862251997799028,0.007762221566084833,0.022682451845998174
g400,Gap_4_9mps,open_gap,50,1000,100,13806,1.4523237179487178,0.014996297751269275,0.0076162795644456474,0.022280656635464004
g400,Gap_4_9mps,open_gap,50,1000,100,13806,1.5524839743589745,0.014467701428666465,0.006483822915792855,0.021534360469835645
g400,Gap_4_9mps,open_gap,50,1000,100,13806,1.6526442307692308,0.014117616626776838,0.006372055783845566,0.020464223853476605
g400,Gap_4_9mps,open_gap,50,1000,100,13806,1.7528044871794872,0.013899857508699596,0.006075493659974199,0.02073266511349158
g400,Gap_4_9mps,open_gap,50,1000,100,13806,1.8529647435897436,0.01398862864581168,0.006532338232923029,0.021296099869073416
g400,Gap_4_9mps,open_gap,50,1000,100,13806,1.953125,0.014064233694763234,0.007493671512860799,0.020157555386301665
g400,Gap_4_9mps,open_gap,50,1000,100,13806,2.0532852564102564,0.013975869538025605,0.007401022818649147,0.01980404139167459
g400,Gap_4_9mps,open_gap,50,1000,100,13806,2.1534455128205128,0.0136925083588695,0.007062626699695373,0.018797478758820645
g400,Gap_4_9mps,open_gap,50,1000,100,13806,2.253605769230769,0.01331384818398166,0.006653661575383026,0.018240312992964813
g400,Gap_4_9mps,open_gap,50,1000,100,13806,2.3537660256410255,0.013056181718396745,0.00551956083715565,0.01749455156750796
g400,Gap_4_9mps,open_gap,50,1000,100,13806,2.453926282051282,0.012839607328045542,0.00483008297768419,0.0176443567515759
g400,Gap_4_9mps,open_gap,50,1000,100,13806,2.5540865384615383,0.012586806419196008,0.004635312853089487,0.017497317209143073
g400,Gap_4_9mps,open_gap,50,1000,100,13806,2.6542467948717947,0.012507299181824662,0.0041835119116059045,0.01851174402518724
g400,Gap_4_9mps,open_gap,50,1000,100,13806,2.754407051282051,0.012644726682362028,0.00449873470477561,0.018624351260188424
g400,Gap_4_9mps,open_gap,50,1000,100,13806,2.8545673076923075,0.01288464847232499,0.004600605998214273,0.01945026956006489
g400,Gap_4_9mps,open_gap,50,1000,100,13806,2.9547275641025643,0.013120049755030554,0.005485676492427974,0.018658173926767708
g400,Gap_4_9mps,open_gap,50,1000,100,13806,3.0548878205128207,0.01318592429441561,0.004877043822218531,0.018584137078366224
g400,Gap_4_9mps,open_gap,50,1000,100,13806,3.155048076923077,0.013134421435460722,0.005449833503652605,0.018988965884767464
g400,Gap_4_9mps,open_gap,50,1000,100,13806,3.2552083333333335,0.013082852521013795,0.004370748041257368,0.01944685063368576
g400,Gap_4_9mps,open_gap,50,1000,100,13806,3.35536858974359,0.013023687972774567,0.004983974320869128,0.019221902007842958
g400,Gap_4_9mps,open_gap,50,1000,100,13806,3.4555288461538463,0.013070191761837179,0.005613752581444794,0.01902815935362338
g400,Gap_4_9mps,open_gap,50,1000,100,13806,3.5556891025641026,0.013135820929345694,0.006040256938324705,0.01965999622474617
g400,Gap_4_9mps,open_gap,50,1000,100,13806,3.655849358974359,0.013224016778412529,0.005472236765060767,0.020386064929616643
g400,Gap_4_9mps,open_gap,50,1000,100,13806,3.7560096153846154,0.013297805552493673,0.005789614106273269,0.019485736164325328
g400,Gap_4_9mps,open_gap,50,1000,100,13806,3.856169871794872,0.013277602895557376,0.006418044353777119,0.019165857703849272
g400,Gap_4_9mps,open_gap,50,1000,100,13806,3.956330128205128,0.01325415364628611,0.006469595972776333,0.0184214884815132
g400,Gap_4_9mps,open_gap,50,1000,100,13806,4.056490384615385,0.01315668675063731,0.006158378481784993,0.01877450636780062
g400,Gap_4_9mps,open_gap,50,1000,100,13806,4.156650641025641,0.013023461445822069,0.005921039688320828,0.019169895677831443
g400,Gap_4_9mps,open_gap,50,1000,100,13806,4.256810897435898,0.012879950607263789,0.005869794171187552,0.019187637915017555
g400,Gap_4_9mps,open_gap,50,1000,100,13806,4.356971153846154,0.012780459699625246,0.005687564896289044,0.018217212828574636
g400,Gap_4_9mps,open_gap,50,1000,100,13806,4.457131410256411,0.012690449866114705,0.005036527536345446,0.01766270637106244
g400,Gap_4_9mps,open_gap,50,1000,100,13806,4.557291666666667,0.012632947736758453,0.0044647705069936205,0.01660437140509614
g400,Gap_4_9mps,open_gap,50,1000,100,13806,4.657451923076923,0.012697791325833308,0.003854027437935046,0.016637258461475592
g400,Gap_4_9mps,open_gap,50,1000,100,13806,4.75761217948718,0.01277316053680391,0.00447785439892311,0.01709396993154741
g400,Gap_4_9mps,open_gap,50,1000,100,13806,4.857772435897436,0.012869555190216438,0.005157669145915691,0.017644290974159448
g400,Gap_4_9mps,open_gap,50,1000,100,13806,4.9579326923076925,0.012933271079802326,0.005832622502107493,0.016948001317102578
g400,Gap_4_9mps,open_gap,50,1000,100,13806,5.058092948717949,0.012960122899360436,0.005822711849792474,0.01660259667888396
g400,Gap_4_9mps,open_gap,50,1000,100,13806,5.158253205128205,0.01294743529268157,0.005497516495418391,0.016394704146778898
g400,Gap_4_9mps,open_gap,50,1000,100,13806,5.258413461538462,0.012971864772370983,0.005619632803537863,0.016757266867668524
g400,Gap_4_9mps,open_gap,50,1000,100,13806,5.358573717948718,0.012991122034366597,0.005335030560362865,0.016470257396501348
g400,Gap_4_9mps,open_gap,50,1000,100,13806,5.4587339743589745,0.012988122678354317,0.005076053655900554,0.017015770331474098
g400,Gap_4_9mps,open_gap,50,1000,100,13806,5.558894230769231,0.0128896351225057,0.005118232761413922,0.01712554645339064
g400,Gap_4_9mps,open_gap,50,1000,100,13806,5.659054487179487,0.012716361670177366,0.005390508494339819,0.016858907506346273
g400,Gap_4_9mps,open_gap,50,1000,100,13806,5.759214743589744,0.012510696806485635,0.004811623264816612,0.01702113276995325
g400,Gap_4_9mps,open_gap,50,1000,100,13806,5.859375,0.012391542905337317,0.00437575978253249,0.016842109347739703
g400,Gap_4_9mps,open_gap,50,1000,100,13806,5.959535256410256,0.012374441533072267,0.004568923371321192,0.015964445625180654
g400,Gap_4_9mps,open_gap,50,1000,100,13806,6.059695512820513,0.012345106659276392,0.004183929703106978,0.015791291925994398
g400,Gap_4_9mps,open_gap,50,1000,100,13806,6.159855769230769,0.012245382352930734,0.004341847356172087,0.01544528095408573
g400,Gap_4_9mps,open_gap,50,1000,100,13806,6.2600160256410255,0.01219033874006386,0.004482283801355747,0.01631626002899561
g400,Gap_4_9mps,open_gap,50,1000,100,13806,6.360176282051282,0.012200157948392059,0.0049205604181811425,0.01684558901919434
g400,Gap_4_9mps,open_gap,50,1000,100,13806,6.460336538461538,0.01223360636606165,0.004829486572474765,0.01670541799280796
g400,Gap_4_9mps,open_gap,50,1000,100,13806,6.560496794871795,0.012265742827870652,0.005083513948706204,0.016520720679288083
g400,Gap_4_9mps,open_gap,50,1000,100,13806,6.660657051282051,0.012304842931294791,0.005214227835218702,0.016573400784279595
g400,Gap_4_9mps,open_gap,50,1000,100,13806,6.7608173076923075,0.012315626762530556,0.005130968338978999,0.016924787293380573
g400,Gap_4_9mps,open_gap,50,1000,100,13806,6.860977564102564,0.012356049911258923,0.005969608670202039,0.01671069115046401
g400,Gap_4_9mps,open_gap,50,1000,100,13806,6.96113782051282,0.012460811120872781,0.005567357950819952,0.016847742822247398
g400,Gap_4_9mps,open_gap,50,1000,100,13806,7.061298076923077,0.012575295883348285,0.005366354049539781,0.017476553932246647
g400,Gap_4_9mps,open_gap,50,1000,100,13806,7.161458333333333,0.012665745566193496,0.005356018217903269,0.017770876063695967
g400,Gap_4_9mps,open_gap,50,1000,100,13806,7.261618589743589,0.012766161349604694,0.005239770608596447,0.01891808040745773
g400,Gap_4_9mps,open_gap,50,1000,100,13806,7.361778846153846,0.012864216727398821,0.004625938163546264,0.018777525069476098
g400,Gap_4_9mps,open_gap,50,1000,100,13806,7.461939102564102,0.012938791660448359,0.004952360606344313,0.01813879671870756
g400,Gap_4_9mps,open_gap,50,1000,100,13806,7.562099358974359,0.01308041439524249,0.005235672803571154,0.018274843790776922
g400,Gap_4_9mps,open_gap,50,1000,100,13806,7.662259615384615,0.013213370451000534,0.00532976314944068,0.018640906193638375
g400,Gap_4_9mps,open_gap,50,1000,100,13806,7.762419871794871,0.0133368208345733,0.005944701238249228,0.018405345932612782
g400,Gap_4_9mps,open_gap,50,1000,100,13806,7.862580128205129,0.013412485902905183,0.006027770902378889,0.018527580002581805
g400,Gap_4_9mps,open_gap,50,1000,100,13806,7.962740384615385,0.013424778148284086,0.005862875467129068,0.018917553060445253
g400,Gap_4_9mps,open_gap,50,1000,100,13806,8.06290064102564,0.0134457562019527,0.005366574568185441,0.01877453852952324
g400,Gap_4_9mps,open_gap,50,1000,100,13806,8.163060897435898,0.013476189719765158,0.004770821765076,0.019120772737045294
g400,Gap_4_9mps,open_gap,50,1000,100,13806,8.263221153846153,0.013510809014896548,0.0050826502808831,0.01881651129002124
g400,Gap_4_9mps,open_gap,50,1000,100,13806,8.36338141025641,0.01356534292163525,0.005066085190637366,0.019735342328918107
g400,Gap_4_9mps,open_gap,50,1000,100,13806,8.463541666666666,0.013636606799231246,0.004551084177191741,0.020431012890293043
g400,Gap_4_9mps,open_gap,50,1000,100,13806,8.563701923076923,0.013712689283687761,0.0038381361586133428,0.020790677136795544
g400,Gap_4_9mps,open_gap,50,1000,100,13806,8.663862179487179,0.013865099873033956,0.0042338130960164425,0.021355784269842436
g400,Gap_4_9mps,open_gap,50,1000,100,13806,8.764022435897436,0.01404800699572587,0.004091218908676682,0.021572854731385073
g400,Gap_4_9mps,open_gap,50,1000,100,13806,8.864182692307692,0.014222900819610912,0.003273896801775281,0.02201997002268754
g400,Gap_4_9mps,open_gap,50,1000,100,13806,8.964342948717949,0.014381202246214236,0.003549744346058294,0.02254956714248319
g400,Gap_4_9mps,open_gap,50,1000,100,13806,9.064503205128204,0.014604373925704982,0.0038981163617776205,0.023277503714889965
g400,Gap_4_9mps,open_gap,50,1000,100,13806,9.164663461538462,0.014935685423507396,0.005016250049299365,0.02319135874448043
g400,Gap_4_9mps,open_gap,50,1000,100,13806,9.264823717948717,0.015286498416371338,0.0054594972876400956,0.02358941143454798
g400,Gap_4_9mps,open_gap,50,1000,100,13806,9.364983974358974,0.015591040759035528,0.00531058271426503,0.023926941028773272
g400,Gap_4_9mps,open_gap,50,1000,100,13806,9.46514423076923,0.01589407072542737,0.005229560731107577,0.024104886289526783
g400,Gap_4_9mps,open_gap,50,1000,100,13806,9.565304487179487,0.01623049962715782,0.005318680941320054,0.02442571583543062
g400,Gap_4_9mps,open_gap,50,1000,100,13806,9.665464743589743,0.016597189035020717,0.00567691365319256,0.024934710955891268
g400,Gap_4_9mps,open_gap,50,1000,100,13806,9.765625,0.016853185338062203,0.0059796408616699295,0.02448127281936282
g400,Gap_4_9mps,open_gap,50,1000,100,13806,9.865785256410257,0.01707503722969629,0.005739982721268551,0.024783482019757073
g400,Gap_4_9mps,open_gap,50,1000,100,13806,9.965945512820513,0.017277745799695737,0.0067433791285463635,0.025058883162019204
g400,Gap_4_9mps,open_gap,100,1000,100,13806,0.05008012820512821,0.03342366863948494,0.014920309007544893,0.049759344001663035
g400,Gap_4_9mps,open_gap,100,1000,100,13806,0.1502403846153846,0.03212399255989538,0.015777652598032616,0.045855125378441955
g400,Gap_4_9mps,open_gap,100,1000,100,13806,0.250400641025641,0.031037528585468436,0.012238756451877088,0.04472776192833903
g400,Gap_4_9mps,open_gap,100,1000,100,13806,0.3505608974358974,0.0286271993702578,0.012862539592895583,0.039814589679859694
g400,Gap_4_9mps,open_gap,100,1000,100,13806,0.45072115384615385,0.025171354627325792,0.013261479072982373,0.03237347277835968
g400,Gap_4_9mps,open_gap,100,1000,100,13806,0.5508814102564102,0.020856105292853158,0.010010439558438534,0.03129990330302719
g400,Gap_4_9mps,open_gap,100,1000,100,13806,0.6510416666666666,0.017276232420485923,0.007538689772013703,0.027735688079472444
g400,Gap_4_9mps,open_gap,100,1000,100,13806,0.7512019230769231,0.015092823956138464,0.005996501534867756,0.023222272563496363
g400,Gap_4_9mps,open_gap,100,1000,100,13806,0.8513621794871795,0.013963609466131186,0.005735409892136216,0.020222034150900743
g400,Gap_4_9mps,open_gap,100,1000,100,13806,0.9515224358974359,0.012752172597367615,0.00480181273204707,0.019219270771372098
g400,Gap_4_9mps,open_gap,100,1000,100,13806,1.0516826923076923,0.01149316974270088,0.003758049158188567,0.016514608936363535
g400,Gap_4_9mps,open_gap,100,1000,100,13806,1.1518429487179487,0.010357716932156678,0.0043042961169238066,0.014948536469277308
g400,Gap_4_9mps,open_gap,100,1000,100,13806,1.252003205128205,0.0093920577918694,0.003702126098493113,0.013979961020254852
g400,Gap_4_9mps,open_gap,100,1000,100,13806,1.3521634615384615,0.008898572054106955,0.004170515567229552,0.012149649708704267
g400,Gap_4_9mps,open_gap,100,1000,100,13806,1.4523237179487178,0.008468258730491908,0.003601567042568142,0.01156134426427192
g400,Gap_4_9mps,open_gap,100,1000,100,13806,1.5524839743589745,0.008324508453482865,0.003916832445362577,0.011738454525487572
g400,Gap_4_9mps,open_gap,100,1000,100,13806,1.6526442307692308,0.00829112276507455,0.0034569354026169835,0.01133013901656487
g400,Gap_4_9mps,open_gap,100,1000,100,13806,1.7528044871794872,0.008245574079092184,0.0032219013829961596,0.012298696998012929
g400,Gap_4_9mps,open_gap,100,1000,100,13806,1.8529647435897436,0.0084001968496076,0.003582291575389878,0.012753985338722098
g400,Gap_4_9mps,open_gap,100,1000,100,13806,1.953125,0.008776816985617154,0.003448960635410231,0.013076077447111041
g400,Gap_4_9mps,open_gap,100,1000,100,13806,2.0532852564102564,0.009132254114282446,0.004358798255755053,0.01295787978475038
g400,Gap_4_9mps,open_gap,100,1000,100,13806,2.1534455128205128,0.009441745175477136,0.003676753798457044,0.012979523677401008
g400,Gap_4_9mps,open_gap,100,1000,100,13806,2.253605769230769,0.009723741518114793,0.003988425377536375,0.013763068338631291
g400,Gap_4_9mps,open_gap,100,1000,100,13806,2.3537660256410255,0.010048262199791247,0.0039845737424815736,0.014188853382612955
g400,Gap_4_9mps,open_gap,100,1000,100,13806,2.453926282051282,0.01021238797252681,0.004034039059733811,0.014634424870283274
g400,Gap_4_9mps,open_gap,100,1000,100,13806,2.5540865384615383,0.010195089354588727,0.0037451615434582627,0.0137412635720007
g400,Gap_4_9mps,open_gap,100,1000,100,13806,2.6542467948717947,0.01014447319920308,0.0039134140560764166,0.01490564389600832
g400,Gap_4_9mps,open_gap,100,1000,100,13806,2.754407051282051,0.010053992957080222,0.004160735999795306,0.015926637077755094
g400,Gap_4_9mps,open_gap,100,1000,100,13806,2.8545673076923075,0.010090154007279693,0.0038823751213894584,0.0145469077899695
g400,Gap_4_9mps,open_gap,100,1000,100,13806,2.9547275641025643,0.010311999652910358,0.003917978625256827,0.014656309101608426
g400,Gap_4_9mps,open_gap,100,1000,100,13806,3.0548878205128207,0.010529389605293957,0.0038984701403994397,0.015766634244933166
g400,Gap_4_9mps,open_gap,100,1000,100,13806,3.155048076923077,0.010727209275881415,0.004287180578562196,0.01565312158885962
g400,Gap_4_9mps,open_gap,100,1000,100,13806,3.2552083333333335,0.010950156741301691,0.004018443445831322,0.015646031405079718
g400,Gap_4_9mps,open_gap,100,1000,100,13806,3.35536858974359,0.011273331805351165,0.003963463509293002,0.015570437676175343
g400,Gap_4_9mps,open_gap,100,1000,100,13806,3.4555288461538463,0.01156436409551958,0.004720332745341232,0.015765164065920254
g400,Gap_4_9mps,open_gap,100,1000,100,13806,3.5556891025641026,0.011821665171624127,0.004576664583636904,0.015349103982198154
g400,Gap_4_9mps,open_gap,100,1000,100,13806,3.655849358974359,0.01209248632248702,0.004725155786712464,0.016133044352310298
g400,Gap_4_9mps,open_gap,100,1000,100,13806,3.7560096153846154,0.012294823495228981,0.005182639143161341,0.016600834013592133
g400,Gap_4_9mps,open_gap,100,1000,100,13806,3.856169871794872,0.012395333285592154,0.00533860821483996,0.017398879200398624
g400,Gap_4_9mps,open_gap,100,1000,100,13806,3.956330128205128,0.012453564009170722,0.00523445878078625,0.01725203057330843
g400,Gap_4_9mps,open_gap,100,1000,100,13806,4.056490384615385,0.012557544281873357,0.005183972782269135,0.01747603119548913
g400,Gap_4_9mps,open_gap,100,1000,100,13806,4.156650641025641,0.012705991677605832,0.005546457786212911,0.017706489351080924
g400,Gap_4_9mps,open_gap,100,1000,100,13806,4.256810897435898,0.012793598237728831,0.0054423688594035,0.01833804217590306
g400,Gap_4_9mps,open_gap,100,1000,100,13806,4.356971153846154,0.012797345064643577,0.005666461656385761,0.01904816453605984
g400,Gap_4_9mps,open_gap,100,1000,100,13806,4.457131410256411,0.012732745090524508,0.00572596073930122,0.01871768469617944
g400,Gap_4_9mps,open_gap,100,1000,100,13806,4.557291666666667,0.012747326571372118,0.005452896045265013,0.018544363557416774
g400,Gap_4_9mps,open_gap,100,1000,100,13806,4.657451923076923,0.01293008794725538,0.0049343851302314,0.018775131841807458
g400,Gap_4_9mps,open_gap,100,1000,100,13806,4.75761217948718,0.013089114477698166,0.004977898636202721,0.019180241233029163
g400,Gap_4_9mps,open_gap,100,1000,100,13806,4.857772435897436,0.013126271888433955,0.005102945963670717,0.019905698007914165
g400,Gap_4_9mps,open_gap,100,1000,100,13806,4.9579326923076925,0.013034270501215665,0.0048126747325657904,0.019850530181484024
g400,Gap_4_9mps,open_gap,100,1000,100,13806,5.058092948717949,0.012828634817012767,0.004498688575929303,0.019851791625081695
g400,Gap_4_9mps,open_gap,100,1000,100,13806,5.158253205128205,0.012591670345559268,0.004307835880349466,0.01977161830690348
g400,Gap_4_9mps,open_gap,100,1000,100,13806,5.258413461538462,0.012401048415655432,0.003926474196664151,0.01964482571214647
g400,Gap_4_9mps,open_gap,100,1000,100,13806,5.358573717948718,0.012193329493735578,0.003771308291530007,0.018829398685528888
g400,Gap_4_9mps,open_gap,100,1000,100,13806,5.4587339743589745,0.01194279707353103,0.0038407968950226563,0.018355297329637033
g400,Gap_4_9mps,open_gap,100,1000,100,13806,5.558894230769231,0.011692049068778004,0.003899762489980976,0.017836606573917977
g400,Gap_4_9mps,open_gap,100,1000,100,13806,5.659054487179487,0.011440074063881265,0.0038994558237196463,0.017802634407378573
g400,Gap_4_9mps,open_gap,100,1000,100,13806,5.759214743589744,0.011181530067556065,0.003664261570392109,0.01725016207061262
g400,Gap_4_9mps,open_gap,100,1000,100,13806,5.859375,0.010986818431911327,0.003433755137895477,0.016978220654173218
g400,Gap_4_9mps,open_gap,100,1000,100,13806,5.959535256410256,0.010896635331041422,0.0034635854873045473,0.016688640561700455
g400,Gap_4_9mps,open_gap,100,1000,100,13806,6.059695512820513,0.01087466536478442,0.003972939384653432,0.016315637446642065
g400,Gap_4_9mps,open_gap,100,1000,100,13806,6.159855769230769,0.010849364648886506,0.0036348561484981774,0.016355690672925173
g400,Gap_4_9mps,open_gap,100,1000,100,13806,6.2600160256410255,0.010796324219396611,0.0040012966527040615,0.015907270366771115
g400,Gap_4_9mps,open_gap,100,1000,100,13806,6.360176282051282,0.010744583395567893,0.0038226767547168802,0.016089504143663627
g400,Gap_4_9mps,open_gap,100,1000,100,13806,6.460336538461538,0.010671735758806691,0.004211584087806211,0.016106913642847782
g400,Gap_4_9mps,open_gap,100,1000,100,13806,6.560496794871795,0.010556798152739641,0.003935574311090739,0.015973282456349075
g400,Gap_4_9mps,open_gap,100,1000,100,13806,6.660657051282051,0.010454021773813781,0.003737308910088723,0.015212535960753549
g400,Gap_4_9mps,open_gap,100,1000,100,13806,6.7608173076923075,0.010426553268994285,0.0038424496758803274,0.015026983763396111
g400,Gap_4_9mps,open_gap,100,1000,100,13806,6.860977564102564,0.010488545896966928,0.0039767497902710655,0.01488471524067258
g400,Gap_4_9mps,open_gap,100,1000,100,13806,6.96113782051282,0.010619748586247854,0.0045324374697432975,0.015170345001053815
g400,Gap_4_9mps,open_gap,100,1000,100,13806,7.061298076923077,0.01071700393709317,0.004394575371084272,0.015330775761097171
g400,Gap_4_9mps,open_gap,100,1000,100,13806,7.161458333333333,0.010791999044507805,0.0044175879278684806,0.015469307299503701
g400,Gap_4_9mps,open_gap,100,1000,100,13806,7.261618589743589,0.01086124319982363,0.0043529404811302784,0.015565215998762406
g400,Gap_4_9mps,open_gap,100,1000,100,13806,7.361778846153846,0.010939255304322808,0.004121782623615514,0.01545346594962075
g400,Gap_4_9mps,open_gap,100,1000,100,13806,7.461939102564102,0.010992186258619368,0.0038083241029319465,0.015501031782442533
g400,Gap_4_9mps,open_gap,100,1000,100,13806,7.562099358974359,0.01100783661970211,0.004019270916503537,0.015738526227399192
g400,Gap_4_9mps,open_gap,100,1000,100,13806,7.662259615384615,0.011014128704596367,0.0038330345451849917,0.015777783399049956
g400,Gap_4_9mps,open_gap,100,1000,100,13806,7.762419871794871,0.011041323319215746,0.0034941700807599512,0.01576195787127027
g400,Gap_4_9mps,open_gap,100,1000,100,13806,7.862580128205129,0.011050332585686266,0.0037149757511320053,0.01582719381710104
g400,Gap_4_9mps,open_gap,100,1000,100,13806,7.962740384615385,0.011044309375537244,0.003940242159978858,0.015993550240101632
g400,Gap_4_9mps,open_gap,100,1000,100,13806,8.06290064102564,0.011047983089884162,0.004397787582643068,0.015842643650201202
g400,Gap_4_9mps,open_gap,100,1000,100,13806,8.163060897435898,0.011096817328381716,0.004562409006299563,0.015688335424341067
g400,Gap_4_9mps,open_gap,100,1000,100,13806,8.263221153846153,0.011160014384106538,0.00461151367809875,0.0158237384759813
g400,Gap_4_9mps,open_gap,100,1000,100,13806,8.36338141025641,0.011199797695735354,0.004388192717293812,0.016917325712242064
g400,Gap_4_9mps,open_gap,100,1000,100,13806,8.463541666666666,0.011241225989506389,0.004536720792004255,0.016438283286605102
g400,Gap_4_9mps,open_gap,100,1000,100,13806,8.563701923076923,0.0113456634239744,0.00500209668620559,0.017062738030540453
g400,Gap_4_9mps,open_gap,100,1000,100,13806,8.663862179487179,0.011494240217997921,0.004191053626364263,0.016920880667639443
g400,Gap_4_9mps,open_gap,100,1000,100,13806,8.764022435897436,0.011616526687701644,0.004561072931400035,0.017092136005706502
g400,Gap_4_9mps,open_gap,100,1000,100,13806,8.864182692307692,0.011804920944837632,0.004643400520539495,0.017275984428367207
g400,Gap_4_9mps,open_gap,100,1000,100,13806,8.964342948717949,0.012115660125968642,0.004813486968534125,0.017284930281411866
g400,Gap_4_9mps,open_gap,100,1000,100,13806,9.064503205128204,0.012498353823394957,0.004867408376290651,0.0174162408211243
g400,Gap_4_9mps,open_gap,100,1000,100,13806,9.164663461538462,0.012914293399125431,0.004831906849800958,0.01809540016951126
g400,Gap_4_9mps,open_gap,100,1000,100,13806,9.264823717948717,0.013312018807937443,0.005226795553084451,0.01844794462103959
g400,Gap_4_9mps,open_gap,100,1000,100,13806,9.364983974358974,0.013719472149595955,0.005267252096923352,0.019344125933084173
g400,Gap_4_9mps,open_gap,100,1000,100,13806,9.46514423076923,0.014143284775864325,0.005615554124479523,0.02046183134229341
g400,Gap_4_9mps,open_gap,100,1000,100,13806,9.565304487179487,0.014531827089396139,0.00616274208533278,0.020694512833900988
g400,Gap_4_9mps,open_gap,100,1000,100,13806,9.665464743589743,0.014849909320182254,0.006935904580862311,0.02151496901803738
g400,Gap_4_9mps,open_gap,100,1000,100,13806,9.765625,0.01505062957093774,0.007755667869901929,0.021459172237375118
g400,Gap_4_9mps,open_gap,100,1000,100,13806,9.865785256410257,0.015165175989641075,0.007966492016905502,0.020934639215532992
g400,Gap_4_9mps,open_gap,100,1000,100,13806,9.965945512820513,0.015229642676541102,0.008242825050160345,0.02103630640374041
g400,Gap_4_9mps,open_gap,500,1000,100,13806,0.05008012820512821,0.015629813928169974,0.006009961023538773,0.02238456882193933
g400,Gap_4_9mps,open_gap,500,1000,100,13806,0.1502403846153846,0.015194967747169129,0.006120988043828252,0.021928145972877906
g400,Gap_4_9mps,open_gap,500,1000,100,13806,0.250400641025641,0.015043070525378052,0.005796212052766353,0.022210368950164695
g400,Gap_4_9mps,open_gap,500,1000,100,13806,0.3505608974358974,0.013322822265636034,0.005275638379759158,0.019305304125010754
g400,Gap_4_9mps,open_gap,500,1000,100,13806,0.45072115384615385,0.010670092199966888,0.003936698160332807,0.01645828637215358
g400,Gap_4_9mps,open_gap,500,1000,100,13806,0.5508814102564102,0.008313655554202205,0.0027886525055862846,0.01251728013739904
g400,Gap_4_9mps,open_gap,500,1000,100,13806,0.6510416666666666,0.00721165138381873,0.0028456387150621234,0.01029469432354634
g400,Gap_4_9mps,open_gap,500,1000,100,13806,0.7512019230769231,0.006931891668632458,0.002751461356485148,0.009600875605684287
g400,Gap_4_9mps,open_gap,500,1000,100,13806,0.8513621794871795,0.006531863190669006,0.0023755285104422397,0.009798272927282917
g400,Gap_4_9mps,open_gap,500,1000,100,13806,0.9515224358974359,0.005720566335467546,0.0018130328648534996,0.008308963120116095
g400,Gap_4_9mps,open_gap,500,1000,100,13806,1.0516826923076923,0.004967811969292765,0.0016560669089165205,0.0070148285653048
g400,Gap_4_9mps,open_gap,500,1000,100,13806,1.1518429487179487,0.004400458121777907,0.001486821102376937,0.00643199152955723
g400,Gap_4_9mps,open_gap,500,1000,100,13806,1.252003205128205,0.004047705774433431,0.00097969676337919,0.006188324158693687
g400,Gap_4_9mps,open_gap,500,1000,100,13806,1.3521634615384615,0.003996355012455931,0.0011126765272420657,0.006417193283651625
g400,Gap_4_9mps,open_gap,500,1000,100,13806,1.4523237179487178,0.004050606862294434,0.0012807912342370522,0.006313725430857802
g400,Gap_4_9mps,open_gap,500,1000,100,13806,1.5524839743589745,0.004104152431386646,0.001359383644493909,0.006308554768822532
g400,Gap_4_9mps,open_gap,500,1000,100,13806,1.6526442307692308,0.004144567518057795,0.0014867687367638158,0.00630830693431254
g400,Gap_4_9mps,open_gap,500,1000,100,13806,1.7528044871794872,0.004141147805044784,0.0016704694834276503,0.00590469223533185
g400,Gap_4_9mps,open_gap,500,1000,100,13806,1.8529647435897436,0.004124333585514526,0.0016298724675406192,0.006105513127412764
g400,Gap_4_9mps,open_gap,500,1000,100,13806,1.953125,0.004156965961889213,0.0018993817197595153,0.005835894056085575
g400,Gap_4_9mps,open_gap,500,1000,100,13806,2.0532852564102564,0.004319657887672879,0.0017765047967630008,0.006029933867835988
g400,Gap_4_9mps,open_gap,500,1000,100,13806,2.1534455128205128,0.004590957201146293,0.001774067337564068,0.0065652253997782834
g400,Gap_4_9mps,open_gap,500,1000,100,13806,2.253605769230769,0.0049612862061846836,0.00246750062213777,0.007576824179090311
g400,Gap_4_9mps,open_gap,500,1000,100,13806,2.3537660256410255,0.0055108355884775015,0.0026500166561207487,0.008093110896864868
g400,Gap_4_9mps,open_gap,500,1000,100,13806,2.453926282051282,0.005972260852379213,0.00301908810944663,0.008529443634843393
g400,Gap_4_9mps,open_gap,500,1000,100,13806,2.5540865384615383,0.006301566148940214,0.0031947301758105157,0.009161575940180596
g400,Gap_4_9mps,open_gap,500,1000,100,13806,2.6542467948717947,0.006478478848945795,0.003313486350443497,0.008880221862965089
g400,Gap_4_9mps,open_gap,500,1000,100,13806,2.754407051282051,0.006556450327443849,0.003872335746078351,0.00885618423714515
g400,Gap_4_9mps,open_gap,500,1000,100,13806,2.8545673076923075,0.006685592844121248,0.004040654068757693,0.009326794841042723
g400,Gap_4_9mps,open_gap,500,1000,100,13806,2.9547275641025643,0.0068383578420976275,0.004035170491821544,0.009319274207711649
g400,Gap_4_9mps,open_gap,500,1000,100,13806,3.0548878205128207,0.006960264783448745,0.004061212978349321,0.009440631307680112
g400,Gap_4_9mps,open_gap,500,1000,100,13806,3.155048076923077,0.0070700154467213125,0.004021737204151298,0.009608406264328838
g400,Gap_4_9mps,open_gap,500,1000,100,13806,3.2552083333333335,0.007244559876555582,0.0038492150419764974,0.009705992389272318
g400,Gap_4_9mps,open_gap,500,1000,100,13806,3.35536858974359,0.007482137068336375,0.004072279198037356,0.010355912043794095
g400,Gap_4_9mps,open_gap,500,1000,100,13806,3.4555288461538463,0.007632623420315271,0.0040367376381119655,0.01059596244618932
g400,Gap_4_9mps,open_gap,500,1000,100,13806,3.5556891025641026,0.0076970033441848395,0.003976859545744875,0.010532579702942886
g400,Gap_4_9mps,open_gap,500,1000,100,13806,3.655849358974359,0.007791108521841173,0.0038966444882043054,0.01063151684772214
g400,Gap_4_9mps,open_gap,500,1000,100,13806,3.7560096153846154,0.00794643320916898,0.0041606721311486464,0.010770219765818496
g400,Gap_4_9mps,open_gap,500,1000,100,13806,3.856169871794872,0.008103320480721961,0.004327436189948762,0.010700521047735818
g400,Gap_4_9mps,open_gap,500,1000,100,13806,3.956330128205128,0.008213269316658063,0.004789277855387158,0.01073348766071833
g400,Gap_4_9mps,open_gap,500,1000,100,13806,4.056490384615385,0.008312019240289858,0.0049248428972575,0.010962807045655014
g400,Gap_4_9mps,open_gap,500,1000,100,13806,4.156650641025641,0.008429109936187285,0.004998186428704903,0.011234404407010769
g400,Gap_4_9mps,open_gap,500,1000,100,13806,4.256810897435898,0.008595963039436667,0.0055562186151728015,0.0115955594331339
g400,Gap_4_9mps,open_gap,500,1000,100,13806,4.356971153846154,0.008796710132570173,0.0058758665846497995,0.011954437782399262
g400,Gap_4_9mps,open_gap,500,1000,100,13806,4.457131410256411,0.008976168221904031,0.006221991573716826,0.012203414651355545
g400,Gap_4_9mps,open_gap,500,1000,100,13806,4.557291666666667,0.009242986489096635,0.006578077331633745,0.012172097831917843
g400,Gap_4_9mps,open_gap,500,1000,100,13806,4.657451923076923,0.009556673419145246,0.0068329297199303425,0.012320821699956673
g400,Gap_4_9mps,open_gap,500,1000,100,13806,4.75761217948718,0.009740548869032086,0.006822740715632893,0.012519719636378782
g400,Gap_4_9mps,open_gap,500,1000,100,13806,4.857772435897436,0.00978087975612595,0.006924806734959316,0.012695178574301913
g400,Gap_4_9mps,open_gap,500,1000,100,13806,4.9579326923076925,0.009721983352612902,0.007039551808169271,0.012348208294866726
g400,Gap_4_9mps,open_gap,500,1000,100,13806,5.058092948717949,0.009557820078127301,0.00664651447091935,0.012183542380559565
g400,Gap_4_9mps,open_gap,500,1000,100,13806,5.158253205128205,0.00936754241667474,0.006181538465681256,0.012111549311021704
g400,Gap_4_9mps,open_gap,500,1000,100,13806,5.258413461538462,0.009231861361799073,0.005849861757587995,0.011980237125797568
g400,Gap_4_9mps,open_gap,500,1000,100,13806,5.358573717948718,0.009093303798434683,0.005476734741706,0.011713237126976521
g400,Gap_4_9mps,open_gap,500,1000,100,13806,5.4587339743589745,0.008912427103767114,0.0050888159439437175,0.011463967471189811
g400,Gap_4_9mps,open_gap,500,1000,100,13806,5.558894230769231,0.008690650599464073,0.004535263900828972,0.011288351616797768
g400,Gap_4_9mps,open_gap,500,1000,100,13806,5.659054487179487,0.008385553380014286,0.0042325862294471765,0.011348061118091208
g400,Gap_4_9mps,open_gap,500,1000,100,13806,5.759214743589744,0.007999477884835716,0.004278177218882843,0.010633660256700027
g400,Gap_4_9mps,open_gap,500,1000,100,13806,5.859375,0.007673757827316013,0.0038599150538537563,0.010190688507567863
g400,Gap_4_9mps,open_gap,500,1000,100,13806,5.959535256410256,0.00748088813369739,0.003673363751082094,0.010122081411211443
g400,Gap_4_9mps,open_gap,500,1000,100,13806,6.059695512820513,0.007355076478670048,0.0036988551630435127,0.010132239121811727
g400,Gap_4_9mps,open_gap,500,1000,100,13806,6.159855769230769,0.007169077713253547,0.0036824937776811888,0.009923320708696387
g400,Gap_4_9mps,open_gap,500,1000,100,13806,6.2600160256410255,0.006898664198682677,0.0033587785593459244,0.00959278735963862
g400,Gap_4_9mps,open_gap,500,1000,100,13806,6.360176282051282,0.006642148288814297,0.0030245139310964876,0.00932033084370098
g400,Gap_4_9mps,open_gap,500,1000,100,13806,6.460336538461538,0.006390387524229334,0.0029508168532849295,0.00915414782029695
g400,Gap_4_9mps,open_gap,500,1000,100,13806,6.560496794871795,0.006132027456065828,0.0027123811071428144,0.00909214664999667
g400,Gap_4_9mps,open_gap,500,1000,100,13806,6.660657051282051,0.005879045916218903,0.002739454956448441,0.008283263615267876
g400,Gap_4_9mps,open_gap,500,1000,100,13806,6.7608173076923075,0.00566520157648006,0.0029180437021227457,0.00817915511319389
g400,Gap_4_9mps,open_gap,500,1000,100,13806,6.860977564102564,0.005537905554114822,0.0027341055336715194,0.007906017750617066
g400,Gap_4_9mps,open_gap,500,1000,100,13806,6.96113782051282,0.0055355805382260636,0.0025882990052351505,0.007835994146245563
g400,Gap_4_9mps,open_gap,500,1000,100,13806,7.061298076923077,0.005560554828726943,0.002536729234022113,0.0077757421018441325
g400,Gap_4_9mps,open_gap,500,1000,100,13806,7.161458333333333,0.005532855971776575,0.0024950126958633535,0.0078710388530536
g400,Gap_4_9mps,open_gap,500,1000,100,13806,7.261618589743589,0.005498834212110797,0.002559951026677637,0.007649239741003464
g400,Gap_4_9mps,open_gap,500,1000,100,13806,7.361778846153846,0.005492610417478469,0.0027172482608658457,0.00762115420362294
g400,Gap_4_9mps,open_gap,500,1000,100,13806,7.461939102564102,0.005485501585492338,0.0026949053406591056,0.007869429706976912
g400,Gap_4_9mps,open_gap,500,1000,100,13806,7.562099358974359,0.005439838618852859,0.002671917368884023,0.007611813556250381
g400,Gap_4_9mps,open_gap,500,1000,100,13806,7.662259615384615,0.00536131300047147,0.0026200897823088613,0.007685248549560041
g400,Gap_4_9mps,open_gap,500,1000,100,13806,7.762419871794871,0.00532021766006247,0.0025501162463641416,0.007437473644849559
g400,Gap_4_9mps,open_gap,500,1000,100,13806,7.862580128205129,0.00533433906762899,0.002637663045623751,0.0073159811717052456
g400,Gap_4_9mps,open_gap,500,1000,100,13806,7.962740384615385,0.005356638995324638,0.0025679844025397846,0.007474414416810991
g400,Gap_4_9mps,open_gap,500,1000,100,13806,8.06290064102564,0.005375801376052602,0.002579978728899082,0.007332112569143637
g400,Gap_4_9mps,open_gap,500,1000,100,13806,8.163060897435898,0.005415139067685466,0.002438175942211543,0.007468725114006388
g400,Gap_4_9mps,open_gap,500,1000,100,13806,8.263221153846153,0.0055091044269739275,0.002569021515319553,0.007583854973076049
g400,Gap_4_9mps,open_gap,500,1000,100,13806,8.36338141025641,0.0056854136308821775,0.0026458103842483217,0.007776044112647446
g400,Gap_4_9mps,open_gap,500,1000,100,13806,8.463541666666666,0.00594576384566636,0.0029993131667174515,0.008124870004024147
g400,Gap_4_9mps,open_gap,500,1000,100,13806,8.563701923076923,0.0062675453202112015,0.0034834168879062143,0.00851719582745514
g400,Gap_4_9mps,open_gap,500,1000,100,13806,8.663862179487179,0.006593663707596706,0.0037781280108871986,0.009002904463361872
g400,Gap_4_9mps,open_gap,500,1000,100,13806,8.764022435897436,0.00683077375583389,0.003770217810983458,0.009397802259062277
g400,Gap_4_9mps,open_gap,500,1000,100,13806,8.864182692307692,0.007036427016931472,0.003758699448764893,0.009576984269195316
g400,Gap_4_9mps,open_gap,500,1000,100,13806,8.964342948717949,0.007318278876247649,0.003929766500521882,0.009980252028364993
g400,Gap_4_9mps,open_gap,500,1000,100,13806,9.064503205128204,0.007696106453292798,0.004076864649177851,0.010578936704693528
g400,Gap_4_9mps,open_gap,500,1000,100,13806,9.164663461538462,0.008091706185458009,0.004420039513023961,0.01118190478969879
g400,Gap_4_9mps,open_gap,500,1000,100,13806,9.264823717948717,0.008474571903087605,0.004803239619249059,0.011658055581583743
g400,Gap_4_9mps,open_gap,500,1000,100,13806,9.364983974358974,0.008902473712364379,0.005327809639838167,0.012221637842296015
g400,Gap_4_9mps,open_gap,500,1000,100,13806,9.46514423076923,0.00935767365572657,0.005957328927900669,0.012659740285543364
g400,Gap_4_9mps,open_gap,500,1000,100,13806,9.565304487179487,0.009809917088217088,0.006509027403094537,0.013331290132047664
g400,Gap_4_9mps,open_gap,500,1000,100,13806,9.665464743589743,0.010178470723752008,0.006548754216870172,0.013655840716184446
g400,Gap_4_9mps,open_gap,500,1000,100,13806,9.765625,0.010406467832729464,0.006492102573467027,0.013763134793748069
g400,Gap_4_9mps,open_gap,500,1000,100,13806,9.865785256410257,0.010545095397302043,0.0069126046892934775,0.013974203474520832
g400,Gap_4_9mps,open_gap,500,1000,100,13806,9.965945512820513,0.010653336283370472,0.006979627330357123,0.014186878780896726
i1200,Patch_12_9mps,forested,1,1000,100,19593,0.05008012820512821,0.860751869272932,0.5498153099806027,0.8884535336107567
i1200,Patch_12_9mps,forested,1,1000,100,19593,0.1502403846153846,0.7696383051123619,0.549600975398606,0.8875273344959332
i1200,Patch_12_9mps,forested,1,1000,100,19593,0.250400641025641,0.6408821620287809,0.31027508545494703,0.7665323410858593
i1200,Patch_12_9mps,forested,1,1000,100,19593,0.3505608974358974,0.5482121109312129,0.1914231448884669,0.6985816729837555
i1200,Patch_12_9mps,forested,1,1000,100,19593,0.45072115384615385,0.3887428139294511,0.0873371790803414,0.5658012474653644
i1200,Patch_12_9mps,forested,1,1000,100,19593,0.5508814102564102,0.3103975925860437,0.0858295916372618,0.5382706710099532
i1200,Patch_12_9mps,forested,1,1000,100,19593,0.6510416666666666,0.25874589410492826,0.07018798949290433,0.4039080368255473
i1200,Patch_12_9mps,forested,1,1000,100,19593,0.7512019230769231,0.21968075927695987,0.06173471614246508,0.3356059823159452
i1200,Patch_12_9mps,forested,1,1000,100,19593,0.8513621794871795,0.19124022752835274,0.0568879603164116,0.305608595045764
i1200,Patch_12_9mps,forested,1,1000,100,19593,0.9515224358974359,0.16131554956072772,0.043047700031600335,0.2364429512723734
i1200,Patch_12_9mps,forested,1,1000,100,19593,1.0516826923076923,0.14341914498333305,0.03757189579135138,0.1677344005491265
i1200,Patch_12_9mps,forested,1,1000,100,19593,1.1518429487179487,0.1417534255977835,0.03572797202382781,0.16364491472461468
i1200,Patch_12_9mps,forested,1,1000,100,19593,1.252003205128205,0.1509230948530315,0.03466457126492215,0.17574417281215982
i1200,Patch_12_9mps,forested,1,1000,100,19593,1.3521634615384615,0.1660904981850349,0.030104298790279174,0.21343401860546465
i1200,Patch_12_9mps,forested,1,1000,100,19593,1.4523237179487178,0.1831760790057129,0.04596463369899179,0.23965453262786063
i1200,Patch_12_9mps,forested,1,1000,100,19593,1.5524839743589745,0.19662401061240758,0.05042267801757582,0.2503681433285534
i1200,Patch_12_9mps,forested,1,1000,100,19593,1.6526442307692308,0.210069385979148,0.07706431461612741,0.2781164966751428
i1200,Patch_12_9mps,forested,1,1000,100,19593,1.7528044871794872,0.2262778569167891,0.09782358826550534,0.28154574349643274
i1200,Patch_12_9mps,forested,1,1000,100,19593,1.8529647435897436,0.2428085476452903,0.11892358676494166,0.32263185762754126
i1200,Patch_12_9mps,forested,1,1000,100,19593,1.953125,0.2535597505031824,0.12674714363964815,0.33532872981970757
i1200,Patch_12_9mps,forested,1,1000,100,19593,2.0532852564102564,0.26018375950568995,0.1422697328323742,0.33085407928329147
i1200,Patch_12_9mps,forested,1,1000,100,19593,2.1534455128205128,0.2654965073936255,0.141632149456283,0.3208241678810289
i1200,Patch_12_9mps,forested,1,1000,100,19593,2.253605769230769,0.26968798803347904,0.15063304321003104,0.3329707804746959
i1200,Patch_12_9mps,forested,1,1000,100,19593,2.3537660256410255,0.27198534990785656,0.14723117438810135,0.3611603282666942
i1200,Patch_12_9mps,forested,1,1000,100,19593,2.453926282051282,0.27216002785233234,0.13723984689374605,0.3645758988816972
i1200,Patch_12_9mps,forested,1,1000,100,19593,2.5540865384615383,0.27628819228863405,0.1143185804275918,0.3820582457531214
i1200,Patch_12_9mps,forested,1,1000,100,19593,2.6542467948717947,0.2864804875673136,0.13692274362924012,0.4161226669179361
i1200,Patch_12_9mps,forested,1,1000,100,19593,2.754407051282051,0.29549539000620606,0.1498299548609432,0.4191646749806917
i1200,Patch_12_9mps,forested,1,1000,100,19593,2.8545673076923075,0.3015608591506167,0.14975660793819376,0.4126724298437384
i1200,Patch_12_9mps,forested,1,1000,100,19593,2.9547275641025643,0.3045570497654579,0.16338849605004666,0.40761876918981876
i1200,Patch_12_9mps,forested,1,1000,100,19593,3.0548878205128207,0.305358112762676,0.16672384714125166,0.41598251643844913
i1200,Patch_12_9mps,forested,1,1000,100,19593,3.155048076923077,0.30560061460909277,0.17352456076261885,0.4195052558960678
i1200,Patch_12_9mps,forested,1,1000,100,19593,3.2552083333333335,0.3044596171146835,0.1653489661332659,0.42412278109538515
i1200,Patch_12_9mps,forested,1,1000,100,19593,3.35536858974359,0.3007369024289761,0.169580894701227,0.4298941344674498
i1200,Patch_12_9mps,forested,1,1000,100,19593,3.4555288461538463,0.2956981987253703,0.16950201460492687,0.41333353388370914
i1200,Patch_12_9mps,forested,1,1000,100,19593,3.5556891025641026,0.2903531670880348,0.15824563084350046,0.41585417831285276
i1200,Patch_12_9mps,forested,1,1000,100,19593,3.655849358974359,0.28346770590805237,0.1340277808376765,0.41218863975437303
i1200,Patch_12_9mps,forested,1,1000,100,19593,3.7560096153846154,0.27618091062661043,0.1312116752637878,0.38995280043160624
i1200,Patch_12_9mps,forested,1,1000,100,19593,3.856169871794872,0.26950984522307647,0.12542507591217145,0.3800610567163437
i1200,Patch_12_9mps,forested,1,1000,100,19593,3.956330128205128,0.26348940425511275,0.13231261263675445,0.3791009369278314
i1200,Patch_12_9mps,forested,1,1000,100,19593,4.056490384615385,0.2577887124715095,0.12630582266838758,0.3643602783592209
i1200,Patch_12_9mps,forested,1,1000,100,19593,4.156650641025641,0.25213576931810944,0.1300799251700138,0.35562029293462305
i1200,Patch_12_9mps,forested,1,1000,100,19593,4.256810897435898,0.24633787020008152,0.1253318165537942,0.34954854672582003
i1200,Patch_12_9mps,forested,1,1000,100,19593,4.356971153846154,0.2402468661682733,0.12170794596687368,0.33071609572381033
i1200,Patch_12_9mps,forested,1,1000,100,19593,4.457131410256411,0.23342790324471252,0.10954450544020844,0.3196293958873859
i1200,Patch_12_9mps,forested,1,1000,100,19593,4.557291666666667,0.2257433109131871,0.10946592756054953,0.3207716040961171
i1200,Patch_12_9mps,forested,1,1000,100,19593,4.657451923076923,0.2176586793411402,0.09829350169560822,0.31275529494647925
i1200,Patch_12_9mps,forested,1,1000,100,19593,4.75761217948718,0.21015268366549766,0.09455742062544288,0.3021478444884644
i1200,Patch_12_9mps,forested,1,1000,100,19593,4.857772435897436,0.20235243016588997,0.08813777313007677,0.2929923710039417
i1200,Patch_12_9mps,forested,1,1000,100,19593,4.9579326923076925,0.19431077361857269,0.0825088356456401,0.28680234044564784
i1200,Patch_12_9mps,forested,1,1000,100,19593,5.058092948717949,0.1859593439863495,0.07977915145429669,0.275424727909575
i1200,Patch_12_9mps,forested,1,1000,100,19593,5.158253205128205,0.17767441229938125,0.06787897843384827,0.2670497241671322
i1200,Patch_12_9mps,forested,1,1000,100,19593,5.258413461538462,0.1699545499547203,0.06397114339609622,0.2623091814617705
i1200,Patch_12_9mps,forested,1,1000,100,19593,5.358573717948718,0.16371485447090744,0.06668336959783472,0.24712686293796393
i1200,Patch_12_9mps,forested,1,1000,100,19593,5.4587339743589745,0.15866189051989393,0.05741395902635855,0.2361533642531513
i1200,Patch_12_9mps,forested,1,1000,100,19593,5.558894230769231,0.15397134297442977,0.059101324901293405,0.22736162217724348
i1200,Patch_12_9mps,forested,1,1000,100,19593,5.659054487179487,0.1492883056294847,0.06021015776043803,0.22769666690947665
i1200,Patch_12_9mps,forested,1,1000,100,19593,5.759214743589744,0.14445983301029997,0.056610286399301955,0.2167952115659017
i1200,Patch_12_9mps,forested,1,1000,100,19593,5.859375,0.13934982615891398,0.05446573779774998,0.20450838947539277
i1200,Patch_12_9mps,forested,1,1000,100,19593,5.959535256410256,0.13450890672745527,0.05063092001096645,0.189020163009705
i1200,Patch_12_9mps,forested,1,1000,100,19593,6.059695512820513,0.13014813815019058,0.04515369646289045,0.18413687200532797
i1200,Patch_12_9mps,forested,1,1000,100,19593,6.159855769230769,0.12657995506746228,0.04309807184579999,0.18032229851784912
i1200,Patch_12_9mps,forested,1,1000,100,19593,6.2600160256410255,0.12426798868709017,0.04305798903731711,0.17653724727959919
i1200,Patch_12_9mps,forested,1,1000,100,19593,6.360176282051282,0.12262656885476905,0.04402805863621023,0.1757379632965627
i1200,Patch_12_9mps,forested,1,1000,100,19593,6.460336538461538,0.12208522511121181,0.04202939748841642,0.17149382972859373
i1200,Patch_12_9mps,forested,1,1000,100,19593,6.560496794871795,0.12226467408911353,0.045988821785123556,0.16770145071410106
i1200,Patch_12_9mps,forested,1,1000,100,19593,6.660657051282051,0.12204724097427057,0.046416268007987316,0.16746035163129303
i1200,Patch_12_9mps,forested,1,1000,100,19593,6.7608173076923075,0.12135066033940872,0.04163902326374966,0.16998611649235487
i1200,Patch_12_9mps,forested,1,1000,100,19593,6.860977564102564,0.12063790507249586,0.04131502197498384,0.16262778682548074
i1200,Patch_12_9mps,forested,1,1000,100,19593,6.96113782051282,0.12023168969497497,0.04260168342910806,0.16590146974242959
i1200,Patch_12_9mps,forested,1,1000,100,19593,7.061298076923077,0.120844461129506,0.03979695600201656,0.1610349702890028
i1200,Patch_12_9mps,forested,1,1000,100,19593,7.161458333333333,0.12136123851932026,0.036970474484491325,0.1592735073722755
i1200,Patch_12_9mps,forested,1,1000,100,19593,7.261618589743589,0.12221971618782938,0.04504325260073601,0.1585973223642222
i1200,Patch_12_9mps,forested,1,1000,100,19593,7.361778846153846,0.12336732883771676,0.0456743104231581,0.15691980430543187
i1200,Patch_12_9mps,forested,1,1000,100,19593,7.461939102564102,0.12471194167838422,0.04885151105616036,0.1583903796073068
i1200,Patch_12_9mps,forested,1,1000,100,19593,7.562099358974359,0.1258390483173288,0.05093176988092249,0.16088642957018212
i1200,Patch_12_9mps,forested,1,1000,100,19593,7.662259615384615,0.1267839715749771,0.05237608760110312,0.15878688376341762
i1200,Patch_12_9mps,forested,1,1000,100,19593,7.762419871794871,0.1273111776211389,0.05828570440205359,0.1563763186380015
i1200,Patch_12_9mps,forested,1,1000,100,19593,7.862580128205129,0.1278605112678705,0.05932398156508657,0.1617161398776713
i1200,Patch_12_9mps,forested,1,1000,100,19593,7.962740384615385,0.12847890876101034,0.05888443405879765,0.16549362781175958
i1200,Patch_12_9mps,forested,1,1000,100,19593,8.06290064102564,0.1292040694845878,0.05827927446503368,0.16905426843955978
i1200,Patch_12_9mps,forested,1,1000,100,19593,8.163060897435898,0.12948911462654056,0.06370365519592724,0.17248459777459726
i1200,Patch_12_9mps,forested,1,1000,100,19593,8.263221153846153,0.1293834403158033,0.0617028434233663,0.1777634366187334
i1200,Patch_12_9mps,forested,1,1000,100,19593,8.36338141025641,0.1294351413802244,0.06126055009483727,0.1817742828388628
i1200,Patch_12_9mps,forested,1,1000,100,19593,8.463541666666666,0.12900452771073787,0.06058093359501637,0.18059122790824456
i1200,Patch_12_9mps,forested,1,1000,100,19593,8.563701923076923,0.12829618953690572,0.06009332821421054,0.17491694205721103
i1200,Patch_12_9mps,forested,1,1000,100,19593,8.663862179487179,0.12714275929209884,0.06297123277117063,0.1703808713325578
i1200,Patch_12_9mps,forested,1,1000,100,19593,8.764022435897436,0.12541915164620096,0.06626942804739566,0.16753173301610608
i1200,Patch_12_9mps,forested,1,1000,100,19593,8.864182692307692,0.12336618082092532,0.06700425865249368,0.1627478743279658
i1200,Patch_12_9mps,forested,1,1000,100,19593,8.964342948717949,0.12133956287433804,0.06890224801438573,0.16062050134455585
i1200,Patch_12_9mps,forested,1,1000,100,19593,9.064503205128204,0.1192466728246972,0.07036383366008873,0.15960270892149986
i1200,Patch_12_9mps,forested,1,1000,100,19593,9.164663461538462,0.11667645058511238,0.06783980766954961,0.15847542213772747
i1200,Patch_12_9mps,forested,1,1000,100,19593,9.264823717948717,0.11417445898156953,0.06213249679783121,0.1553070414666722
i1200,Patch_12_9mps,forested,1,1000,100,19593,9.364983974358974,0.11175174796933358,0.05861822534854659,0.1511539209430209
i1200,Patch_12_9mps,forested,1,1000,100,19593,9.46514423076923,0.10906734722457449,0.05989620918121092,0.1515020627307434
i1200,Patch_12_9mps,forested,1,1000,100,19593,9.565304487179487,0.10628266118620637,0.05993261129660398,0.14347680046102734
i1200,Patch_12_9mps,forested,1,1000,100,19593,9.665464743589743,0.10362483250354268,0.050767769406420096,0.13887517480483358
i1200,Patch_12_9mps,forested,1,1000,100,19593,9.765625,0.10107414405955036,0.048872593916841664,0.13767319186199006
i1200,Patch_12_9mps,forested,1,1000,100,19593,9.865785256410257,0.09873882306727026,0.04659846780670413,0.13418198472985665
i1200,Patch_12_9mps,forested,1,1000,100,19593,9.965945512820513,0.09692216371475532,0.044496184056033325,0.13247262546676336
i1200,Patch_12_9mps,forested,10,1000,100,19593,0.05008012820512821,0.297781706981451,0.10646171309732393,0.40324132656978295
i1200,Patch_12_9mps,forested,10,1000,100,19593,0.1502403846153846,0.262164166270512,0.10348908571340612,0.3758401549823161
i1200,Patch_12_9mps,forested,10,1000,100,19593,0.250400641025641,0.28905203946656266,0.10213657056406855,0.38712434807012436
i1200,Patch_12_9mps,forested,10,1000,100,19593,0.3505608974358974,0.2393752905459402,0.0969504231487546,0.31210688190149516
i1200,Patch_12_9mps,forested,10,1000,100,19593,0.45072115384615385,0.155573774381246,0.06049420938418232,0.21118982072184744
i1200,Patch_12_9mps,forested,10,1000,100,19593,0.5508814102564102,0.11001761804989187,0.03763751520602374,0.166646345956953
i1200,Patch_12_9mps,forested,10,1000,100,19593,0.6510416666666666,0.08482102373445449,0.02899925720142449,0.12986157168408785
i1200,Patch_12_9mps,forested,10,1000,100,19593,0.7512019230769231,0.07181541928030229,0.028955081701218858,0.099993813631796
i1200,Patch_12_9mps,forested,10,1000,100,19593,0.8513621794871795,0.06808494613283267,0.028452030703599408,0.09947128386347419
i1200,Patch_12_9mps,forested,10,1000,100,19593,0.9515224358974359,0.06503626209780983,0.024263487402845677,0.0957266619748319
i1200,Patch_12_9mps,forested,10,1000,100,19593,1.0516826923076923,0.0632427364443843,0.02561416904814628,0.08589652767486726
i1200,Patch_12_9mps,forested,10,1000,100,19593,1.1518429487179487,0.061668093908704494,0.020845396186132077,0.08373498574860758
i1200,Patch_12_9mps,forested,10,1000,100,19593,1.252003205128205,0.060913062482192304,0.01844909625424043,0.08573717240172522
i1200,Patch_12_9mps,forested,10,1000,100,19593,1.3521634615384615,0.061680068229081335,0.022050101197868738,0.08787520492990925
i1200,Patch_12_9mps,forested,10,1000,100,19593,1.4523237179487178,0.06463174019270918,0.02261175393032984,0.08953170721862933
i1200,Patch_12_9mps,forested,10,1000,100,19593,1.5524839743589745,0.06905840690003294,0.024062550647553336,0.09336270310256714
i1200,Patch_12_9mps,forested,10,1000,100,19593,1.6526442307692308,0.07411741674661221,0.03513479867631309,0.10177701614148421
i1200,Patch_12_9mps,forested,10,1000,100,19593,1.7528044871794872,0.0791770541853673,0.041717917008194175,0.11011727526540549
i1200,Patch_12_9mps,forested,10,1000,100,19593,1.8529647435897436,0.08282339385942712,0.04165139391710104,0.1127927852687397
i1200,Patch_12_9mps,forested,10,1000,100,19593,1.953125,0.08510433147861304,0.046125149892330165,0.11124585412699167
i1200,Patch_12_9mps,forested,10,1000,100,19593,2.0532852564102564,0.08667042557760123,0.04225037843955171,0.11503027591968713
i1200,Patch_12_9mps,forested,10,1000,100,19593,2.1534455128205128,0.08726429543882636,0.0454704576819546,0.12338386270441239
i1200,Patch_12_9mps,forested,10,1000,100,19593,2.253605769230769,0.08837070082981047,0.043508450387331,0.11833491847603302
i1200,Patch_12_9mps,forested,10,1000,100,19593,2.3537660256410255,0.08945206392350227,0.041763392988691514,0.12022443293109006
i1200,Patch_12_9mps,forested,10,1000,100,19593,2.453926282051282,0.09076065589313947,0.04382592173589041,0.12356756550972166
i1200,Patch_12_9mps,forested,10,1000,100,19593,2.5540865384615383,0.0920821165084923,0.049433501997359366,0.13034436346079248
i1200,Patch_12_9mps,forested,10,1000,100,19593,2.6542467948717947,0.09306210786549567,0.04543978327368204,0.1287942234095776
i1200,Patch_12_9mps,forested,10,1000,100,19593,2.754407051282051,0.09270493935030145,0.04868582917924913,0.1292838745183969
i1200,Patch_12_9mps,forested,10,1000,100,19593,2.8545673076923075,0.09136076419644383,0.04908219293143072,0.12840271944638687
i1200,Patch_12_9mps,forested,10,1000,100,19593,2.9547275641025643,0.0905469925344558,0.04069730915556912,0.12399760444401482
i1200,Patch_12_9mps,forested,10,1000,100,19593,3.0548878205128207,0.08895997554055711,0.04164657117065879,0.12805626165858142
i1200,Patch_12_9mps,forested,10,1000,100,19593,3.155048076923077,0.08831772569431047,0.046591483555590396,0.12452906593837079
i1200,Patch_12_9mps,forested,10,1000,100,19593,3.2552083333333335,0.0877530552022347,0.04417804885430737,0.12695465799116634
i1200,Patch_12_9mps,forested,10,1000,100,19593,3.35536858974359,0.08675294878856743,0.041084235622179124,0.12207791176371144
i1200,Patch_12_9mps,forested,10,1000,100,19593,3.4555288461538463,0.08581324924341209,0.042934306390594576,0.1233899877639464
i1200,Patch_12_9mps,forested,10,1000,100,19593,3.5556891025641026,0.08453769894594286,0.04365825604988699,0.11874733789652564
i1200,Patch_12_9mps,forested,10,1000,100,19593,3.655849358974359,0.08348690943718419,0.04464984530769665,0.1185580147483231
i1200,Patch_12_9mps,forested,10,1000,100,19593,3.7560096153846154,0.08245167805827376,0.041317268595194925,0.12258380291555859
i1200,Patch_12_9mps,forested,10,1000,100,19593,3.856169871794872,0.08115816474603306,0.0396323408979591,0.1177394945904085
i1200,Patch_12_9mps,forested,10,1000,100,19593,3.956330128205128,0.07995196631656526,0.03824971676944454,0.11762815067095148
i1200,Patch_12_9mps,forested,10,1000,100,19593,4.056490384615385,0.07849186697022564,0.03835711302618917,0.11522949480923404
i1200,Patch_12_9mps,forested,10,1000,100,19593,4.156650641025641,0.07683105080066684,0.039138970863731776,0.11451576976936513
i1200,Patch_12_9mps,forested,10,1000,100,19593,4.256810897435898,0.07484913546497218,0.03334083533805231,0.10925883390294706
i1200,Patch_12_9mps,forested,10,1000,100,19593,4.356971153846154,0.07258637996213292,0.02946857217258386,0.10082463118491042
i1200,Patch_12_9mps,forested,10,1000,100,19593,4.457131410256411,0.0701278796849559,0.02581953722747377,0.09770747961443946
i1200,Patch_12_9mps,forested,10,1000,100,19593,4.557291666666667,0.0676232129507168,0.0246849159162654,0.09143266043786821
i1200,Patch_12_9mps,forested,10,1000,100,19593,4.657451923076923,0.06507569596940627,0.02329099314755954,0.09192412810108647
i1200,Patch_12_9mps,forested,10,1000,100,19593,4.75761217948718,0.06258317470204737,0.020880863462675925,0.08740137258789316
i1200,Patch_12_9mps,forested,10,1000,100,19593,4.857772435897436,0.060340228538717504,0.019262822037204252,0.08195860185281699
i1200,Patch_12_9mps,forested,10,1000,100,19593,4.9579326923076925,0.05822940646468521,0.020069744071746675,0.08123873066093577
i1200,Patch_12_9mps,forested,10,1000,100,19593,5.058092948717949,0.056213662119107895,0.019776324750982403,0.0807266485408688
i1200,Patch_12_9mps,forested,10,1000,100,19593,5.158253205128205,0.054406736267833725,0.02185241558691723,0.08115740660933538
i1200,Patch_12_9mps,forested,10,1000,100,19593,5.258413461538462,0.05249832054818542,0.022133626122029945,0.07835181444036113
i1200,Patch_12_9mps,forested,10,1000,100,19593,5.358573717948718,0.050326533958111694,0.02023204567015592,0.07784260493889111
i1200,Patch_12_9mps,forested,10,1000,100,19593,5.4587339743589745,0.04796785975546644,0.018629938699598565,0.0721914818365332
i1200,Patch_12_9mps,forested,10,1000,100,19593,5.558894230769231,0.0457150964655424,0.017613056209364736,0.06381072780896435
i1200,Patch_12_9mps,forested,10,1000,100,19593,5.659054487179487,0.04399013335432162,0.014718954945452799,0.06035361408515548
i1200,Patch_12_9mps,forested,10,1000,100,19593,5.759214743589744,0.04243849608521849,0.012346617698335989,0.05725327660782601
i1200,Patch_12_9mps,forested,10,1000,100,19593,5.859375,0.04114062736628482,0.013265601295473392,0.05504408182121921
i1200,Patch_12_9mps,forested,10,1000,100,19593,5.959535256410256,0.04035650169505384,0.013966912087890616,0.053457510364552194
i1200,Patch_12_9mps,forested,10,1000,100,19593,6.059695512820513,0.039934927355643655,0.013823157613777542,0.05269012833383271
i1200,Patch_12_9mps,forested,10,1000,100,19593,6.159855769230769,0.03941098984048259,0.013699696764998007,0.049927625172741304
i1200,Patch_12_9mps,forested,10,1000,100,19593,6.2600160256410255,0.038847263254365744,0.014011252617784178,0.049371376702297264
i1200,Patch_12_9mps,forested,10,1000,100,19593,6.360176282051282,0.038229461079370225,0.013950427302517426,0.04862623839105462
i1200,Patch_12_9mps,forested,10,1000,100,19593,6.460336538461538,0.03760735951882776,0.01431510738709606,0.04834017480618821
i1200,Patch_12_9mps,forested,10,1000,100,19593,6.560496794871795,0.03711863562149321,0.014084357927027844,0.047612371845665254
i1200,Patch_12_9mps,forested,10,1000,100,19593,6.660657051282051,0.03684707308926291,0.013386229849529805,0.04738704921683247
i1200,Patch_12_9mps,forested,10,1000,100,19593,6.7608173076923075,0.03657787504095394,0.012792998993736045,0.048554560414360695
i1200,Patch_12_9mps,forested,10,1000,100,19593,6.860977564102564,0.03622740267116735,0.012167371753085146,0.04970952101089525
i1200,Patch_12_9mps,forested,10,1000,100,19593,6.96113782051282,0.03574543945431266,0.011971466759046822,0.05020591765594784
i1200,Patch_12_9mps,forested,10,1000,100,19593,7.061298076923077,0.03516418732032288,0.011592644058059036,0.04834316046028023
i1200,Patch_12_9mps,forested,10,1000,100,19593,7.161458333333333,0.0345045550263627,0.0105660876979221,0.04898215882307671
i1200,Patch_12_9mps,forested,10,1000,100,19593,7.261618589743589,0.03406308573223857,0.00968674505527539,0.04884476526961076
i1200,Patch_12_9mps,forested,10,1000,100,19593,7.361778846153846,0.03380410268693994,0.010715859816455573,0.050165478381705694
i1200,Patch_12_9mps,forested,10,1000,100,19593,7.461939102564102,0.033679375193111365,0.011025050652517722,0.04908446931279327
i1200,Patch_12_9mps,forested,10,1000,100,19593,7.562099358974359,0.03352507453411069,0.01021324789038675,0.04889328930322544
i1200,Patch_12_9mps,forested,10,1000,100,19593,7.662259615384615,0.03320823427068333,0.01134932943638565,0.04926096445843217
i1200,Patch_12_9mps,forested,10,1000,100,19593,7.762419871794871,0.03288926430033124,0.01027138588430502,0.04531748581233505
i1200,Patch_12_9mps,forested,10,1000,100,19593,7.862580128205129,0.03255478099167662,0.008813023687944331,0.04319848364858998
i1200,Patch_12_9mps,forested,10,1000,100,19593,7.962740384615385,0.032267432243326115,0.008890509333565772,0.042007073978714636
i1200,Patch_12_9mps,forested,10,1000,100,19593,8.06290064102564,0.03216251220048282,0.009910476760586734,0.043360612739640536
i1200,Patch_12_9mps,forested,10,1000,100,19593,8.163060897435898,0.03214200584302327,0.011767613746397348,0.04326950582056198
i1200,Patch_12_9mps,forested,10,1000,100,19593,8.263221153846153,0.03214569921848412,0.013400339599859291,0.04316811816031891
i1200,Patch_12_9mps,forested,10,1000,100,19593,8.36338141025641,0.032103338286115765,0.012503698411886604,0.04405256459352809
i1200,Patch_12_9mps,forested,10,1000,100,19593,8.463541666666666,0.031914159408793545,0.01239140749399881,0.04572984883293906
i1200,Patch_12_9mps,forested,10,1000,100,19593,8.563701923076923,0.03149076237992317,0.013538627051232616,0.04411435063945714
i1200,Patch_12_9mps,forested,10,1000,100,19593,8.663862179487179,0.030979979905815108,0.012533987107410658,0.04408757108984648
i1200,Patch_12_9mps,forested,10,1000,100,19593,8.764022435897436,0.03052345069777748,0.012257071458307029,0.04468038994740153
i1200,Patch_12_9mps,forested,10,1000,100,19593,8.864182692307692,0.030158687756499894,0.010784642819609431,0.0443778089690114
i1200,Patch_12_9mps,forested,10,1000,100,19593,8.964342948717949,0.029820376894925213,0.010175421115747131,0.043848781111315766
i1200,Patch_12_9mps,forested,10,1000,100,19593,9.064503205128204,0.029515347109722593,0.00926212491032518,0.04518825648155615
i1200,Patch_12_9mps,forested,10,1000,100,19593,9.164663461538462,0.029305106667416973,0.008240433530666818,0.04452329387347595
i1200,Patch_12_9mps,forested,10,1000,100,19593,9.264823717948717,0.029160447885049883,0.007493193845198233,0.0442611815984825
i1200,Patch_12_9mps,forested,10,1000,100,19593,9.364983974358974,0.029047831374031028,0.009745076607566265,0.04410141976850942
i1200,Patch_12_9mps,forested,10,1000,100,19593,9.46514423076923,0.028988652394681333,0.01160605142335547,0.043763758729764124
i1200,Patch_12_9mps,forested,10,1000,100,19593,9.565304487179487,0.028941430899089564,0.012464004096289217,0.042972577503084565
i1200,Patch_12_9mps,forested,10,1000,100,19593,9.665464743589743,0.02885288246044934,0.01270957487628534,0.042987759539737824
i1200,Patch_12_9mps,forested,10,1000,100,19593,9.765625,0.028694135490075115,0.012302762269544472,0.04227354010755453
i1200,Patch_12_9mps,forested,10,1000,100,19593,9.865785256410257,0.028408209143157087,0.011011936656554276,0.04119544690882643
i1200,Patch_12_9mps,forested,10,1000,100,19593,9.965945512820513,0.028060573194433617,0.011142730903288779,0.041353320701395316
i1200,Patch_12_9mps,forested,50,1000,100,19593,0.05008012820512821,0.15049317997782785,0.05884409089520928,0.22928958320245596
i1200,Patch_12_9mps,forested,50,1000,100,19593,0.1502403846153846,0.12153111402645983,0.04942480891942924,0.16358513736118427
i1200,Patch_12_9mps,forested,50,1000,100,19593,0.250400641025641,0.13948100092844926,0.051681407626962245,0.21316695135567515
i1200,Patch_12_9mps,forested,50,1000,100,19593,0.3505608974358974,0.11060427391960939,0.03289342049962351,0.16465527532930524
i1200,Patch_12_9mps,forested,50,1000,100,19593,0.45072115384615385,0.07722867483958716,0.023476482648517514,0.11288357750418752
i1200,Patch_12_9mps,forested,50,1000,100,19593,0.5508814102564102,0.05798530320887663,0.020381219914413294,0.08303390879621608
i1200,Patch_12_9mps,forested,50,1000,100,19593,0.6510416666666666,0.045329693735718844,0.017691052152274362,0.06229683696176767
i1200,Patch_12_9mps,forested,50,1000,100,19593,0.7512019230769231,0.03617665714906384,0.013188943193989836,0.049410023321870826
i1200,Patch_12_9mps,forested,50,1000,100,19593,0.8513621794871795,0.032282901920797843,0.01476009146270483,0.040240780941881285
i1200,Patch_12_9mps,forested,50,1000,100,19593,0.9515224358974359,0.029430451136252485,0.013838929811862523,0.04250583733220215
i1200,Patch_12_9mps,forested,50,1000,100,19593,1.0516826923076923,0.0277262297960361,0.008088961115982559,0.043102816901237184
i1200,Patch_12_9mps,forested,50,1000,100,19593,1.1518429487179487,0.02812529424350977,0.009851205571003168,0.04525844647740999
i1200,Patch_12_9mps,forested,50,1000,100,19593,1.252003205128205,0.02929320743601532,0.01097279351507306,0.04392756274809069
i1200,Patch_12_9mps,forested,50,1000,100,19593,1.3521634615384615,0.03050570331674175,0.013348865657088947,0.04637507562482709
i1200,Patch_12_9mps,forested,50,1000,100,19593,1.4523237179487178,0.03126629321174063,0.011796588229734766,0.047703062554562796
i1200,Patch_12_9mps,forested,50,1000,100,19593,1.5524839743589745,0.0323618948040149,0.01403221989471929,0.04657556194179958
i1200,Patch_12_9mps,forested,50,1000,100,19593,1.6526442307692308,0.03394537008907129,0.015431126567778322,0.04568246363015347
i1200,Patch_12_9mps,forested,50,1000,100,19593,1.7528044871794872,0.0352984663327198,0.015519092187851642,0.04853018330827153
i1200,Patch_12_9mps,forested,50,1000,100,19593,1.8529647435897436,0.036348953504341766,0.016954672290997487,0.05077287796300774
i1200,Patch_12_9mps,forested,50,1000,100,19593,1.953125,0.03712752267995309,0.017098019764854096,0.053960490873765754
i1200,Patch_12_9mps,forested,50,1000,100,19593,2.0532852564102564,0.037947488703538285,0.01874919382632969,0.05822307793302746
i1200,Patch_12_9mps,forested,50,1000,100,19593,2.1534455128205128,0.03848078737101024,0.019743830426745723,0.05409007592906466
i1200,Patch_12_9mps,forested,50,1000,100,19593,2.253605769230769,0.03888028052976795,0.017862470212803377,0.05490000994368002
i1200,Patch_12_9mps,forested,50,1000,100,19593,2.3537660256410255,0.03942735723612818,0.01635554543972776,0.055682996500273814
i1200,Patch_12_9mps,forested,50,1000,100,19593,2.453926282051282,0.03984617162669643,0.018918365320679933,0.05540831327170963
i1200,Patch_12_9mps,forested,50,1000,100,19593,2.5540865384615383,0.03996807899729853,0.016562061396958865,0.05565022789985249
i1200,Patch_12_9mps,forested,50,1000,100,19593,2.6542467948717947,0.04000548827119447,0.015524055763934744,0.05526329679441594
i1200,Patch_12_9mps,forested,50,1000,100,19593,2.754407051282051,0.03962251496597282,0.019062057525362143,0.05275361906043377
i1200,Patch_12_9mps,forested,50,1000,100,19593,2.8545673076923075,0.03943063366317884,0.017429048744861366,0.05597847601288484
i1200,Patch_12_9mps,forested,50,1000,100,19593,2.9547275641025643,0.03915123825425078,0.01703743697756765,0.05840115876898946
i1200,Patch_12_9mps,forested,50,1000,100,19593,3.0548878205128207,0.03870494209258945,0.01509803797325051,0.05882414875614411
i1200,Patch_12_9mps,forested,50,1000,100,19593,3.155048076923077,0.03795300557404233,0.014420594314739982,0.057341879036951496
i1200,Patch_12_9mps,forested,50,1000,100,19593,3.2552083333333335,0.037213346563844625,0.013905277789512473,0.0573552860049924
i1200,Patch_12_9mps,forested,50,1000,100,19593,3.35536858974359,0.03643307292403044,0.011519397011783549,0.05451797713611878
i1200,Patch_12_9mps,forested,50,1000,100,19593,3.4555288461538463,0.03577074144027874,0.010205338354803747,0.05129283258858819
i1200,Patch_12_9mps,forested,50,1000,100,19593,3.5556891025641026,0.03516426217140581,0.010098181083933488,0.050529060674992556
i1200,Patch_12_9mps,forested,50,1000,100,19593,3.655849358974359,0.034664108168329336,0.010417104675448183,0.04948911688604862
i1200,Patch_12_9mps,forested,50,1000,100,19593,3.7560096153846154,0.03412694389306025,0.01120411758883794,0.048554017912313355
i1200,Patch_12_9mps,forested,50,1000,100,19593,3.856169871794872,0.03352214261929429,0.010507791705817992,0.04767726506721605
i1200,Patch_12_9mps,forested,50,1000,100,19593,3.956330128205128,0.03289674693415936,0.01008209917571973,0.04449939813105047
i1200,Patch_12_9mps,forested,50,1000,100,19593,4.056490384615385,0.0322482355131843,0.01061603042953557,0.04269694984926656
i1200,Patch_12_9mps,forested,50,1000,100,19593,4.156650641025641,0.031472923726048666,0.009971537071083524,0.044855975329627956
i1200,Patch_12_9mps,forested,50,1000,100,19593,4.256810897435898,0.030667796235677783,0.009142908399636109,0.04507893230366869
i1200,Patch_12_9mps,forested,50,1000,100,19593,4.356971153846154,0.030051776367520128,0.00976834750748257,0.04512745376934943
i1200,Patch_12_9mps,forested,50,1000,100,19593,4.457131410256411,0.029510926220113774,0.00881231782211413,0.04335563175709829
i1200,Patch_12_9mps,forested,50,1000,100,19593,4.557291666666667,0.028952948182175815,0.00917772000462911,0.04148181802310795
i1200,Patch_12_9mps,forested,50,1000,100,19593,4.657451923076923,0.02834595553740633,0.008477586562580302,0.03906268716260767
i1200,Patch_12_9mps,forested,50,1000,100,19593,4.75761217948718,0.027641383378845745,0.008061631957538342,0.03874899790664179
i1200,Patch_12_9mps,forested,50,1000,100,19593,4.857772435897436,0.026837268770991705,0.0081803861499293,0.03543649409361181
i1200,Patch_12_9mps,forested,50,1000,100,19593,4.9579326923076925,0.02604760348531532,0.006629710874771088,0.03479520605920881
i1200,Patch_12_9mps,forested,50,1000,100,19593,5.058092948717949,0.025358281281453454,0.0060267803482069796,0.0353285639984494
i1200,Patch_12_9mps,forested,50,1000,100,19593,5.158253205128205,0.024724723273276614,0.004980109592556132,0.03435577760204663
i1200,Patch_12_9mps,forested,50,1000,100,19593,5.258413461538462,0.02413547287156564,0.00469927960829491,0.03359461497619009
i1200,Patch_12_9mps,forested,50,1000,100,19593,5.358573717948718,0.023701322420084714,0.0053965822656938615,0.03549613783574874
i1200,Patch_12_9mps,forested,50,1000,100,19593,5.4587339743589745,0.023416350397468044,0.006565379352080148,0.03597004416095719
i1200,Patch_12_9mps,forested,50,1000,100,19593,5.558894230769231,0.023202483990254402,0.006344258754145869,0.035986646197871834
i1200,Patch_12_9mps,forested,50,1000,100,19593,5.659054487179487,0.022933422972904068,0.006665912660167007,0.03455974068885317
i1200,Patch_12_9mps,forested,50,1000,100,19593,5.759214743589744,0.02268690156861857,0.0070956254678684536,0.03301402947434762
i1200,Patch_12_9mps,forested,50,1000,100,19593,5.859375,0.022635776165310335,0.008407019385863992,0.033003776016207964
i1200,Patch_12_9mps,forested,50,1000,100,19593,5.959535256410256,0.022718987135446907,0.009161792919611552,0.032538400024323184
i1200,Patch_12_9mps,forested,50,1000,100,19593,6.059695512820513,0.02285271873510266,0.009252785936381288,0.03219868947541421
i1200,Patch_12_9mps,forested,50,1000,100,19593,6.159855769230769,0.022898826030346688,0.009782995570859501,0.032500104835798724
i1200,Patch_12_9mps,forested,50,1000,100,19593,6.2600160256410255,0.02285255248161782,0.009189480614747675,0.031561982012463866
i1200,Patch_12_9mps,forested,50,1000,100,19593,6.360176282051282,0.022822255575176337,0.010195785425198476,0.03212755766984726
i1200,Patch_12_9mps,forested,50,1000,100,19593,6.460336538461538,0.02286012488976547,0.01099705590307187,0.03191509982768791
i1200,Patch_12_9mps,forested,50,1000,100,19593,6.560496794871795,0.0228690447992941,0.010154621496564,0.032661115643267784
i1200,Patch_12_9mps,forested,50,1000,100,19593,6.660657051282051,0.022808291267584976,0.010274763732496424,0.03289962648061874
i1200,Patch_12_9mps,forested,50,1000,100,19593,6.7608173076923075,0.022660859021304113,0.010924204998758806,0.032058221524440524
i1200,Patch_12_9mps,forested,50,1000,100,19593,6.860977564102564,0.022492526501358245,0.011140458149389939,0.03203360296485967
i1200,Patch_12_9mps,forested,50,1000,100,19593,6.96113782051282,0.02228262042997493,0.010771986298765334,0.03127311270746983
i1200,Patch_12_9mps,forested,50,1000,100,19593,7.061298076923077,0.02203625903233778,0.010234634013480482,0.03027595254836906
i1200,Patch_12_9mps,forested,50,1000,100,19593,7.161458333333333,0.021744328531039483,0.00960315102325156,0.029882255729075068
i1200,Patch_12_9mps,forested,50,1000,100,19593,7.261618589743589,0.021348683585175762,0.010362026917997098,0.029847382634925382
i1200,Patch_12_9mps,forested,50,1000,100,19593,7.361778846153846,0.020909402662176158,0.00954437702895258,0.030112862874409403
i1200,Patch_12_9mps,forested,50,1000,100,19593,7.461939102564102,0.020415264190662107,0.008938137408793125,0.030211311405946573
i1200,Patch_12_9mps,forested,50,1000,100,19593,7.562099358974359,0.019850375655742335,0.007766917398959144,0.02941477298301628
i1200,Patch_12_9mps,forested,50,1000,100,19593,7.662259615384615,0.01924789373900643,0.0077914183988425185,0.027670697743773544
i1200,Patch_12_9mps,forested,50,1000,100,19593,7.762419871794871,0.01871566949248195,0.007572273784549692,0.027541643402098318
i1200,Patch_12_9mps,forested,50,1000,100,19593,7.862580128205129,0.018285016560247117,0.007137395760097323,0.027064411268726503
i1200,Patch_12_9mps,forested,50,1000,100,19593,7.962740384615385,0.01785776965028165,0.007204046707736465,0.026761277411729754
i1200,Patch_12_9mps,forested,50,1000,100,19593,8.06290064102564,0.01735977911481269,0.006800073398094,0.025445113137432075
i1200,Patch_12_9mps,forested,50,1000,100,19593,8.163060897435898,0.016827538270524377,0.007038878675875,0.02342671478921595
i1200,Patch_12_9mps,forested,50,1000,100,19593,8.263221153846153,0.016330678716459136,0.006759041711048485,0.023573237886524784
i1200,Patch_12_9mps,forested,50,1000,100,19593,8.36338141025641,0.015822590209319545,0.0059246920370685865,0.02308701209455299
i1200,Patch_12_9mps,forested,50,1000,100,19593,8.463541666666666,0.01533920299955446,0.006402058057587284,0.02302606913125267
i1200,Patch_12_9mps,forested,50,1000,100,19593,8.563701923076923,0.01488609259552018,0.005451076547729634,0.022005811776215627
i1200,Patch_12_9mps,forested,50,1000,100,19593,8.663862179487179,0.01446258725300712,0.005253569151361317,0.021570770276139482
i1200,Patch_12_9mps,forested,50,1000,100,19593,8.764022435897436,0.014067928322950743,0.0051363177396150286,0.020799668462188968
i1200,Patch_12_9mps,forested,50,1000,100,19593,8.864182692307692,0.013692341107894863,0.005336342242554023,0.02040925823071167
i1200,Patch_12_9mps,forested,50,1000,100,19593,8.964342948717949,0.013308428661054748,0.004936225462587375,0.01880547410690727
i1200,Patch_12_9mps,forested,50,1000,100,19593,9.064503205128204,0.012957941067890081,0.005159836978381583,0.01797731045497227
i1200,Patch_12_9mps,forested,50,1000,100,19593,9.164663461538462,0.012661591222010004,0.004908460165971568,0.017414563692676355
i1200,Patch_12_9mps,forested,50,1000,100,19593,9.264823717948717,0.01238292327449054,0.004521457874526935,0.017224789565324652
i1200,Patch_12_9mps,forested,50,1000,100,19593,9.364983974358974,0.012147743778902802,0.004681304249466599,0.017297175129125084
i1200,Patch_12_9mps,forested,50,1000,100,19593,9.46514423076923,0.01194452783617405,0.004776236477007999,0.017818972667552162
i1200,Patch_12_9mps,forested,50,1000,100,19593,9.565304487179487,0.011747786342887333,0.004706651053122192,0.01726112251121304
i1200,Patch_12_9mps,forested,50,1000,100,19593,9.665464743589743,0.011527521142271251,0.004915071282654992,0.01745069108028849
i1200,Patch_12_9mps,forested,50,1000,100,19593,9.765625,0.011321555722370378,0.0047137314369262205,0.01711291415423663
i1200,Patch_12_9mps,forested,50,1000,100,19593,9.865785256410257,0.011123156129803958,0.004911557356977248,0.016365200058727977
i1200,Patch_12_9mps,forested,50,1000,100,19593,9.965945512820513,0.010974188466022295,0.004640669879264865,0.015821250484463804
i1200,Patch_12_9mps,forested,100,1000,100,19593,0.05008012820512821,0.09834456976186737,0.042151810180756526,0.1402373451344263
i1200,Patch_12_9mps,forested,100,1000,100,19593,0.1502403846153846,0.09310776120737102,0.0431302623182758,0.13014191924390447
i1200,Patch_12_9mps,forested,100,1000,100,19593,0.250400641025641,0.10040216680094378,0.036684959706439084,0.13813888515966263
i1200,Patch_12_9mps,forested,100,1000,100,19593,0.3505608974358974,0.09336627336532112,0.03826427307403303,0.12110211857102238
i1200,Patch_12_9mps,forested,100,1000,100,19593,0.45072115384615385,0.06790004115244182,0.02966189135949347,0.09474570499039583
i1200,Patch_12_9mps,forested,100,1000,100,19593,0.5508814102564102,0.049920230727242096,0.01785748038398603,0.06770841900241063
i1200,Patch_12_9mps,forested,100,1000,100,19593,0.6510416666666666,0.03925242421008751,0.012004961495515509,0.054130029214102725
i1200,Patch_12_9mps,forested,100,1000,100,19593,0.7512019230769231,0.03276486572360738,0.012404076385928355,0.0471626561749514
i1200,Patch_12_9mps,forested,100,1000,100,19593,0.8513621794871795,0.028021228797857744,0.009313637342427166,0.04302021263616602
i1200,Patch_12_9mps,forested,100,1000,100,19593,0.9515224358974359,0.023653097693544088,0.007899397452764405,0.0373993848876505
i1200,Patch_12_9mps,forested,100,1000,100,19593,1.0516826923076923,0.020875110708259786,0.008639790544817219,0.03061968420277097
i1200,Patch_12_9mps,forested,100,1000,100,19593,1.1518429487179487,0.019375992718920203,0.006430860613706676,0.025157405312695467
i1200,Patch_12_9mps,forested,100,1000,100,19593,1.252003205128205,0.0190389070623483,0.006336103631329745,0.025922485032977807
i1200,Patch_12_9mps,forested,100,1000,100,19593,1.3521634615384615,0.01980449672783858,0.009299580006656866,0.028819367948975022
i1200,Patch_12_9mps,forested,100,1000,100,19593,1.4523237179487178,0.02063040894143014,0.00804335468699193,0.029681184645479516
i1200,Patch_12_9mps,forested,100,1000,100,19593,1.5524839743589745,0.021482096444876926,0.010391434130652959,0.02988924757505878
i1200,Patch_12_9mps,forested,100,1000,100,19593,1.6526442307692308,0.022423866631915583,0.011874913969516641,0.029399589123276233
i1200,Patch_12_9mps,forested,100,1000,100,19593,1.7528044871794872,0.023301931534255055,0.012010513853272845,0.030519905310820567
i1200,Patch_12_9mps,forested,100,1000,100,19593,1.8529647435897436,0.024184154719729428,0.012803090348126081,0.03251670431778544
i1200,Patch_12_9mps,forested,100,1000,100,19593,1.953125,0.025543123797656723,0.011351303646155712,0.0347227184916949
i1200,Patch_12_9mps,forested,100,1000,100,19593,2.0532852564102564,0.026534314960879657,0.012182729119521195,0.036208252960296936
i1200,Patch_12_9mps,forested,100,1000,100,19593,2.1534455128205128,0.027533860659778107,0.00973753407848719,0.03728565686859456
i1200,Patch_12_9mps,forested,100,1000,100,19593,2.253605769230769,0.02853735933330048,0.009979788253060272,0.0398408229289864
i1200,Patch_12_9mps,forested,100,1000,100,19593,2.3537660256410255,0.029421094916610952,0.012249605210380895,0.042240211188389165
i1200,Patch_12_9mps,forested,100,1000,100,19593,2.453926282051282,0.030123478362602412,0.013391621385250277,0.04119152200732335
i1200,Patch_12_9mps,forested,100,1000,100,19593,2.5540865384615383,0.030609524909783102,0.015892390357222567,0.039490657031520944
i1200,Patch_12_9mps,forested,100,1000,100,19593,2.6542467948717947,0.03064732927941067,0.01613229766500807,0.040509028811569245
i1200,Patch_12_9mps,forested,100,1000,100,19593,2.754407051282051,0.03035507825060463,0.01729462541652806,0.040181132825876424
i1200,Patch_12_9mps,forested,100,1000,100,19593,2.8545673076923075,0.029848411699912144,0.014421538239315355,0.03974020966225373
i1200,Patch_12_9mps,forested,100,1000,100,19593,2.9547275641025643,0.029259736256549772,0.012234910985960508,0.03975308178559336
i1200,Patch_12_9mps,forested,100,1000,100,19593,3.0548878205128207,0.028954766445498454,0.01211234902349453,0.039983422597655596
i1200,Patch_12_9mps,forested,100,1000,100,19593,3.155048076923077,0.028695199592092456,0.01109240756024615,0.0409500474398371
i1200,Patch_12_9mps,forested,100,1000,100,19593,3.2552083333333335,0.028480494995992593,0.011465091208490773,0.039294440895204244
i1200,Patch_12_9mps,forested,100,1000,100,19593,3.35536858974359,0.028409040346899686,0.010451632724983598,0.03866261911696463
i1200,Patch_12_9mps,forested,100,1000,100,19593,3.4555288461538463,0.028373980300046776,0.010964326731368634,0.03936778864371177
i1200,Patch_12_9mps,forested,100,1000,100,19593,3.5556891025641026,0.028236682066595856,0.01033011413707928,0.03910180708540942
i1200,Patch_12_9mps,forested,100,1000,100,19593,3.655849358974359,0.02800890412178083,0.01050511981456526,0.03829722023430318
i1200,Patch_12_9mps,forested,100,1000,100,19593,3.7560096153846154,0.027598511055923026,0.010925606882673968,0.03849868858417159
i1200,Patch_12_9mps,forested,100,1000,100,19593,3.856169871794872,0.027066822825737472,0.012439294206467017,0.03812898511026589
i1200,Patch_12_9mps,forested,100,1000,100,19593,3.956330128205128,0.02639843494197291,0.011718736221716479,0.03751321666460461
i1200,Patch_12_9mps,forested,100,1000,100,19593,4.056490384615385,0.02568008482963283,0.010684002487126643,0.035901032016970535
i1200,Patch_12_9mps,forested,100,1000,100,19593,4.156650641025641,0.024992827407560467,0.008672056493837196,0.03492883137268171
i1200,Patch_12_9mps,forested,100,1000,100,19593,4.256810897435898,0.02424429320360157,0.009129632077196786,0.03452613742900321
i1200,Patch_12_9mps,forested,100,1000,100,19593,4.356971153846154,0.023415387971653562,0.007861443235068728,0.032918812762409405
i1200,Patch_12_9mps,forested,100,1000,100,19593,4.457131410256411,0.02257488244086141,0.0066000638250697016,0.03301136999486413
i1200,Patch_12_9mps,forested,100,1000,100,19593,4.557291666666667,0.02185529467114108,0.005919033007606473,0.031533653065926336
i1200,Patch_12_9mps,forested,100,1000,100,19593,4.657451923076923,0.02119475634017177,0.005261914507975205,0.030408913049911144
i1200,Patch_12_9mps,forested,100,1000,100,19593,4.75761217948718,0.02050486156276207,0.005868961292909483,0.029670188528644375
i1200,Patch_12_9mps,forested,100,1000,100,19593,4.857772435897436,0.01975971554991253,0.006541456075949841,0.02920581935877708
i1200,Patch_12_9mps,forested,100,1000,100,19593,4.9579326923076925,0.019081207127676088,0.005869466193135708,0.02921945402084867
i1200,Patch_12_9mps,forested,100,1000,100,19593,5.058092948717949,0.018565766389308333,0.005729122020321584,0.027445199706072683
i1200,Patch_12_9mps,forested,100,1000,100,19593,5.158253205128205,0.0181823928757894,0.005937825291353478,0.02676929718535206
i1200,Patch_12_9mps,forested,100,1000,100,19593,5.258413461538462,0.01789270832789187,0.006153331650323611,0.026695717219450823
i1200,Patch_12_9mps,forested,100,1000,100,19593,5.358573717948718,0.01762638479451339,0.0070337095392113925,0.026919505219689947
i1200,Patch_12_9mps,forested,100,1000,100,19593,5.4587339743589745,0.017391896507572616,0.007614865348901482,0.025706074636353188
i1200,Patch_12_9mps,forested,100,1000,100,19593,5.558894230769231,0.017191746895680683,0.008213052643509699,0.02541847634640843
i1200,Patch_12_9mps,forested,100,1000,100,19593,5.659054487179487,0.016971412422527657,0.007965598031216653,0.024600299390838454
i1200,Patch_12_9mps,forested,100,1000,100,19593,5.759214743589744,0.016698494392447197,0.008158402939875797,0.024556044579262765
i1200,Patch_12_9mps,forested,100,1000,100,19593,5.859375,0.016524432369369478,0.007859627072306419,0.024584023043938932
i1200,Patch_12_9mps,forested,100,1000,100,19593,5.959535256410256,0.0164272530051868,0.006946734852534147,0.0248891074216249
i1200,Patch_12_9mps,forested,100,1000,100,19593,6.059695512820513,0.016440189594330266,0.006597693167758549,0.02557010734797411
i1200,Patch_12_9mps,forested,100,1000,100,19593,6.159855769230769,0.01641562850596283,0.007022759346491487,0.025875576552756883
i1200,Patch_12_9mps,forested,100,1000,100,19593,6.2600160256410255,0.016349866418014614,0.0072682708536862695,0.025561196923684047
i1200,Patch_12_9mps,forested,100,1000,100,19593,6.360176282051282,0.01628220852242186,0.007317457502480718,0.025790236477108163
i1200,Patch_12_9mps,forested,100,1000,100,19593,6.460336538461538,0.016243186650077294,0.006800470478869081,0.026035301743046434
i1200,Patch_12_9mps,forested,100,1000,100,19593,6.560496794871795,0.016205354681148313,0.006492815274961048,0.02621873146831903
i1200,Patch_12_9mps,forested,100,1000,100,19593,6.660657051282051,0.01613102207858499,0.006000817028503434,0.026163239283192034
i1200,Patch_12_9mps,forested,100,1000,100,19593,6.7608173076923075,0.015982546543821564,0.0058834553305022,0.026474845080469236
i1200,Patch_12_9mps,forested,100,1000,100,19593,6.860977564102564,0.01571409991276651,0.006345298617696563,0.02568595210994391
i1200,Patch_12_9mps,forested,100,1000,100,19593,6.96113782051282,0.015359191992503605,0.006533459153057537,0.024159028478920076
i1200,Patch_12_9mps,forested,100,1000,100,19593,7.061298076923077,0.014945981921121959,0.006507198660198776,0.02276848729483421
i1200,Patch_12_9mps,forested,100,1000,100,19593,7.161458333333333,0.014515188319701763,0.005300933469529564,0.021720179994251635
i1200,Patch_12_9mps,forested,100,1000,100,19593,7.261618589743589,0.014043217972410722,0.0054189966468695715,0.020748070856351754
i1200,Patch_12_9mps,forested,100,1000,100,19593,7.361778846153846,0.01350240135960094,0.004931197720474202,0.019916063432455704
i1200,Patch_12_9mps,forested,100,1000,100,19593,7.461939102564102,0.012914264471843205,0.004541787374673888,0.019378073430742878
i1200,Patch_12_9mps,forested,100,1000,100,19593,7.562099358974359,0.012293461168957185,0.004192984177398644,0.018640492841731665
i1200,Patch_12_9mps,forested,100,1000,100,19593,7.662259615384615,0.01168089865520028,0.003634936816964186,0.01766682183772783
i1200,Patch_12_9mps,forested,100,1000,100,19593,7.762419871794871,0.011111054590348786,0.0032733768691375403,0.016741117467628668
i1200,Patch_12_9mps,forested,100,1000,100,19593,7.862580128205129,0.010694269130537448,0.0029343064584777,0.017166211310475833
i1200,Patch_12_9mps,forested,100,1000,100,19593,7.962740384615385,0.010399169931433146,0.0029975828861859566,0.01605234814854416
i1200,Patch_12_9mps,forested,100,1000,100,19593,8.06290064102564,0.010193817520602343,0.0034970439229373793,0.01605607768461166
i1200,Patch_12_9mps,forested,100,1000,100,19593,8.163060897435898,0.010030269221549277,0.003968348944869307,0.015037002544106746
i1200,Patch_12_9mps,forested,100,1000,100,19593,8.263221153846153,0.009896660759166979,0.0039136850293309084,0.014083882398896425
i1200,Patch_12_9mps,forested,100,1000,100,19593,8.36338141025641,0.009791207119875885,0.0034141617736462137,0.013515271635496857
i1200,Patch_12_9mps,forested,100,1000,100,19593,8.463541666666666,0.00970010887195385,0.002981081623141078,0.013657870371142517
i1200,Patch_12_9mps,forested,100,1000,100,19593,8.563701923076923,0.00966281082137639,0.0031542408621149137,0.013590322820640635
i1200,Patch_12_9mps,forested,100,1000,100,19593,8.663862179487179,0.009639344222420899,0.003095543758918251,0.01357160689777206
i1200,Patch_12_9mps,forested,100,1000,100,19593,8.764022435897436,0.009699491534620226,0.0034984529303581703,0.013763188145453095
i1200,Patch_12_9mps,forested,100,1000,100,19593,8.864182692307692,0.009711766196006217,0.003732808588701907,0.013944465904750685
i1200,Patch_12_9mps,forested,100,1000,100,19593,8.964342948717949,0.009634368342143894,0.003697617694523899,0.01397015453127079
i1200,Patch_12_9mps,forested,100,1000,100,19593,9.064503205128204,0.00950546592852912,0.0037026140071359354,0.013712313819887582
i1200,Patch_12_9mps,forested,100,1000,100,19593,9.164663461538462,0.009417884540481473,0.0036458135670524023,0.013705676992024993
i1200,Patch_12_9mps,forested,100,1000,100,19593,9.264823717948717,0.009392289593006307,0.003579276333991966,0.012785908394077988
i1200,Patch_12_9mps,forested,100,1000,100,19593,9.364983974358974,0.009409454333391047,0.003751803136527964,0.012850683329963697
i1200,Patch_12_9mps,forested,100,1000,100,19593,9.46514423076923,0.009415979116350795,0.004169812540193435,0.012647722811645428
i1200,Patch_12_9mps,forested,100,1000,100,19593,9.565304487179487,0.009400436385687971,0.0041753062969354824,0.012480832461596172
i1200,Patch_12_9mps,forested,100,1000,100,19593,9.665464743589743,0.009382723044138645,0.004145613018430364,0.01230888962857287
i1200,Patch_12_9mps,forested,100,1000,100,19593,9.765625,0.0093673046698148,0.004246937150323399,0.012583744770191646
i1200,Patch_12_9mps,forested,100,1000,100,19593,9.865785256410257,0.009356973917984644,0.003972428641696699,0.012706767851308675
i1200,Patch_12_9mps,forested,100,1000,100,19593,9.965945512820513,0.00935763719755501,0.004307392498076377,0.01187745093839302
i1200,Patch_12_9mps,forested,500,1000,100,19593,0.05008012820512821,0.056249779617834915,0.0249315409036246,0.088255284659491
i1200,Patch_12_9mps,forested,500,1000,100,19593,0.1502403846153846,0.04652232714171399,0.019542429663144744,0.06407897901175176
i1200,Patch_12_9mps,forested,500,1000,100,19593,0.250400641025641,0.04802481666262991,0.019597681794754816,0.06550443093087843
i1200,Patch_12_9mps,forested,500,1000,100,19593,0.3505608974358974,0.057769655968794735,0.027644613553439522,0.07438267188740247
i1200,Patch_12_9mps,forested,500,1000,100,19593,0.45072115384615385,0.04957133450542279,0.027520750114905256,0.06545519518789995
i1200,Patch_12_9mps,forested,500,1000,100,19593,0.5508814102564102,0.03653107464739508,0.018246373451721885,0.04898333797262882
i1200,Patch_12_9mps,forested,500,1000,100,19593,0.6510416666666666,0.029387834568426245,0.015714803473975927,0.04116264724309568
i1200,Patch_12_9mps,forested,500,1000,100,19593,0.7512019230769231,0.02446962061177512,0.014176117167649552,0.03467529728163182
i1200,Patch_12_9mps,forested,500,1000,100,19593,0.8513621794871795,0.020296448066062536,0.011505726010700478,0.029473446218277764
i1200,Patch_12_9mps,forested,500,1000,100,19593,0.9515224358974359,0.016352408445160668,0.008825281621312814,0.024134502468858204
i1200,Patch_12_9mps,forested,500,1000,100,19593,1.0516826923076923,0.012833530826615624,0.0049127179130204444,0.01860200323902121
i1200,Patch_12_9mps,forested,500,1000,100,19593,1.1518429487179487,0.010708870933374876,0.004764727340970557,0.01538975328170871
i1200,Patch_12_9mps,forested,500,1000,100,19593,1.252003205128205,0.009623440506738364,0.005210011081661232,0.012807348600367707
i1200,Patch_12_9mps,forested,500,1000,100,19593,1.3521634615384615,0.009281314369468396,0.0042773361582768175,0.013542645974573822
i1200,Patch_12_9mps,forested,500,1000,100,19593,1.4523237179487178,0.00936628697833499,0.003996018780789599,0.013965344607656286
i1200,Patch_12_9mps,forested,500,1000,100,19593,1.5524839743589745,0.009722744275459647,0.003809867519265756,0.013743364105465535
i1200,Patch_12_9mps,forested,500,1000,100,19593,1.6526442307692308,0.010439204387078332,0.003899779117878777,0.013899590860693246
i1200,Patch_12_9mps,forested,500,1000,100,19593,1.7528044871794872,0.01170260446508977,0.005091483108724288,0.015514573998026714
i1200,Patch_12_9mps,forested,500,1000,100,19593,1.8529647435897436,0.013070740854432017,0.006003159704912485,0.017846030856942047
i1200,Patch_12_9mps,forested,500,1000,100,19593,1.953125,0.014439837340231512,0.005032696699759323,0.020234864780542233
i1200,Patch_12_9mps,forested,500,1000,100,19593,2.0532852564102564,0.015521966548553761,0.006393804811437034,0.02218056446131892
i1200,Patch_12_9mps,forested,500,1000,100,19593,2.1534455128205128,0.01634995106291082,0.007685707411013005,0.02327353399400588
i1200,Patch_12_9mps,forested,500,1000,100,19593,2.253605769230769,0.017038421318653102,0.0077035115874398786,0.025683176465810947
i1200,Patch_12_9mps,forested,500,1000,100,19593,2.3537660256410255,0.017357079382137815,0.008393878358482428,0.027314590608531402
i1200,Patch_12_9mps,forested,500,1000,100,19593,2.453926282051282,0.01742039668815993,0.008605627468508984,0.02756217712780346
i1200,Patch_12_9mps,forested,500,1000,100,19593,2.5540865384615383,0.016987970249111004,0.007607964382286941,0.02556210734123062
i1200,Patch_12_9mps,forested,500,1000,100,19593,2.6542467948717947,0.016264204100634075,0.006571442184890905,0.023959515048996412
i1200,Patch_12_9mps,forested,500,1000,100,19593,2.754407051282051,0.015344455842141048,0.006451325907224155,0.02293711068375823
i1200,Patch_12_9mps,forested,500,1000,100,19593,2.8545673076923075,0.014572281835816743,0.006654888795694982,0.02205609448630866
i1200,Patch_12_9mps,forested,500,1000,100,19593,2.9547275641025643,0.013874354221813148,0.006673308400692439,0.020449421928573207
i1200,Patch_12_9mps,forested,500,1000,100,19593,3.0548878205128207,0.013316953318871316,0.006793798053759247,0.02008464562892197
i1200,Patch_12_9mps,forested,500,1000,100,19593,3.155048076923077,0.012877098615232865,0.005525545504154563,0.018165035405417883
i1200,Patch_12_9mps,forested,500,1000,100,19593,3.2552083333333335,0.012442364774367642,0.006061122896822623,0.016839328783988826
i1200,Patch_12_9mps,forested,500,1000,100,19593,3.35536858974359,0.01214616082745084,0.005010674195002205,0.016641425353033756
i1200,Patch_12_9mps,forested,500,1000,100,19593,3.4555288461538463,0.012029839384677148,0.004302533019461453,0.01677291088338558
i1200,Patch_12_9mps,forested,500,1000,100,19593,3.5556891025641026,0.011940529565183211,0.004736689159557201,0.017030028662269506
i1200,Patch_12_9mps,forested,500,1000,100,19593,3.655849358974359,0.011822607020681972,0.004730900071073728,0.01623161852337291
i1200,Patch_12_9mps,forested,500,1000,100,19593,3.7560096153846154,0.011745137388163605,0.0045552390844341584,0.015941450446581972
i1200,Patch_12_9mps,forested,500,1000,100,19593,3.856169871794872,0.011682473247313635,0.003833266714608042,0.016230734298035027
i1200,Patch_12_9mps,forested,500,1000,100,19593,3.956330128205128,0.01160677127341183,0.0037138322293275017,0.016981111856201575
i1200,Patch_12_9mps,forested,500,1000,100,19593,4.056490384615385,0.011465624782756024,0.003892113029042764,0.017370794734056144
i1200,Patch_12_9mps,forested,500,1000,100,19593,4.156650641025641,0.011359474093537167,0.0038596349450831288,0.017290243427986372
i1200,Patch_12_9mps,forested,500,1000,100,19593,4.256810897435898,0.01126838872844937,0.0038962893081779864,0.017196687803660515
i1200,Patch_12_9mps,forested,500,1000,100,19593,4.356971153846154,0.011183064553950744,0.004547815908645543,0.015589087864644796
i1200,Patch_12_9mps,forested,500,1000,100,19593,4.457131410256411,0.011176669320286691,0.00456833750244745,0.01539755007935195
i1200,Patch_12_9mps,forested,500,1000,100,19593,4.557291666666667,0.011200310886279137,0.004479463095927722,0.014881901125716315
i1200,Patch_12_9mps,forested,500,1000,100,19593,4.657451923076923,0.011231291429652887,0.004620035236177372,0.014965910105942812
i1200,Patch_12_9mps,forested,500,1000,100,19593,4.75761217948718,0.011196698455269233,0.004425759807782547,0.01509571983034092
i1200,Patch_12_9mps,forested,500,1000,100,19593,4.857772435897436,0.011091798279096215,0.004193765925534942,0.015242128945628194
i1200,Patch_12_9mps,forested,500,1000,100,19593,4.9579326923076925,0.010953366444437103,0.003924367392973249,0.014891831771777574
i1200,Patch_12_9mps,forested,500,1000,100,19593,5.058092948717949,0.010884813410302452,0.00434229068755508,0.014857550352207604
i1200,Patch_12_9mps,forested,500,1000,100,19593,5.158253205128205,0.010964770091584967,0.005153077469710653,0.015799231935873705
i1200,Patch_12_9mps,forested,500,1000,100,19593,5.258413461538462,0.011161662143666824,0.00510123133014294,0.015603154728936416
i1200,Patch_12_9mps,forested,500,1000,100,19593,5.358573717948718,0.011354677487022758,0.005256408904257484,0.0161353508244541
i1200,Patch_12_9mps,forested,500,1000,100,19593,5.4587339743589745,0.01157388092272754,0.005636952231798986,0.01698437207308113
i1200,Patch_12_9mps,forested,500,1000,100,19593,5.558894230769231,0.011893819202331726,0.006133215564905439,0.01696901241583045
i1200,Patch_12_9mps,forested,500,1000,100,19593,5.659054487179487,0.012194502088435926,0.006581426597189521,0.016765915130093883
i1200,Patch_12_9mps,forested,500,1000,100,19593,5.759214743589744,0.01243466639198501,0.007098235718246072,0.01720817677558191
i1200,Patch_12_9mps,forested,500,1000,100,19593,5.859375,0.012738212415113059,0.006835539462665232,0.01788018610668185
i1200,Patch_12_9mps,forested,500,1000,100,19593,5.959535256410256,0.0132025039344505,0.007431256712824643,0.018558577523178587
i1200,Patch_12_9mps,forested,500,1000,100,19593,6.059695512820513,0.013726828116539073,0.008093387300887163,0.018870271732218193
i1200,Patch_12_9mps,forested,500,1000,100,19593,6.159855769230769,0.01416811640407236,0.00897088697267778,0.01963817456554236
i1200,Patch_12_9mps,forested,500,1000,100,19593,6.2600160256410255,0.014492252899428211,0.009072892712486779,0.020319852814387144
i1200,Patch_12_9mps,forested,500,1000,100,19593,6.360176282051282,0.014784086804128835,0.009601366776398399,0.02039293788886999
i1200,Patch_12_9mps,forested,500,1000,100,19593,6.460336538461538,0.015096334760535034,0.009807436930948186,0.02048131837167194
i1200,Patch_12_9mps,forested,500,1000,100,19593,6.560496794871795,0.01535882129649377,0.01034543013453386,0.020738261870508954
i1200,Patch_12_9mps,forested,500,1000,100,19593,6.660657051282051,0.015473421238798246,0.010528717409112832,0.0211521132410707
i1200,Patch_12_9mps,forested,500,1000,100,19593,6.7608173076923075,0.015412594289036262,0.01026355142679991,0.021103195288131406
i1200,Patch_12_9mps,forested,500,1000,100,19593,6.860977564102564,0.015227651632252766,0.010276096422230629,0.020748912738738114
i1200,Patch_12_9mps,forested,500,1000,100,19593,6.96113782051282,0.015027880095145085,0.010208328544925772,0.020461871601282988
i1200,Patch_12_9mps,forested,500,1000,100,19593,7.061298076923077,0.014818495978787006,0.010036992513729059,0.020044391276205664
i1200,Patch_12_9mps,forested,500,1000,100,19593,7.161458333333333,0.014540655462101799,0.009662540855470447,0.019672546825790126
i1200,Patch_12_9mps,forested,500,1000,100,19593,7.261618589743589,0.014064002550987265,0.009014963626569015,0.019008131877988162
i1200,Patch_12_9mps,forested,500,1000,100,19593,7.361778846153846,0.01334914381784978,0.008175957437816192,0.0180160667980658
i1200,Patch_12_9mps,forested,500,1000,100,19593,7.461939102564102,0.012521684260123756,0.007776810512702469,0.017117265341450083
i1200,Patch_12_9mps,forested,500,1000,100,19593,7.562099358974359,0.01164955942818336,0.007166331304009725,0.016395812591148307
i1200,Patch_12_9mps,forested,500,1000,100,19593,7.662259615384615,0.010792166308705175,0.0066123815872741925,0.015599698171133047
i1200,Patch_12_9mps,forested,500,1000,100,19593,7.762419871794871,0.009940536585248506,0.00595805277061347,0.014771779676757503
i1200,Patch_12_9mps,forested,500,1000,100,19593,7.862580128205129,0.009151391336337565,0.005067271594096399,0.013781062027741865
i1200,Patch_12_9mps,forested,500,1000,100,19593,7.962740384615385,0.00845975929968479,0.004354471917431751,0.012724310834500326
i1200,Patch_12_9mps,forested,500,1000,100,19593,8.06290064102564,0.007781126417579176,0.0036221148149597586,0.011788456544866675
i1200,Patch_12_9mps,forested,500,1000,100,19593,8.163060897435898,0.007107998477991596,0.0036173090673944424,0.010689778273975409
i1200,Patch_12_9mps,forested,500,1000,100,19593,8.263221153846153,0.00647356205058778,0.0032052336336849904,0.009505027675936249
i1200,Patch_12_9mps,forested,500,1000,100,19593,8.36338141025641,0.0059114177541818615,0.002461679391140385,0.008940377319833668
i1200,Patch_12_9mps,forested,500,1000,100,19593,8.463541666666666,0.005426629841490386,0.0023264688746898908,0.008222655105400106
i1200,Patch_12_9mps,forested,500,1000,100,19593,8.563701923076923,0.005050872788043515,0.0018031226976853536,0.007614238797174983
i1200,Patch_12_9mps,forested,500,1000,100,19593,8.663862179487179,0.004777590514464847,0.0015479437896016813,0.007625049439204615
i1200,Patch_12_9mps,forested,500,1000,100,19593,8.764022435897436,0.0045673650694386956,0.0017781356108803855,0.006818609134759851
i1200,Patch_12_9mps,forested,500,1000,100,19593,8.864182692307692,0.004472103392046463,0.0018402468967683632,0.00637239284526674
i1200,Patch_12_9mps,forested,500,1000,100,19593,8.964342948717949,0.004414737765532945,0.002023488937992841,0.00614652347060954
i1200,Patch_12_9mps,forested,500,1000,100,19593,9.064503205128204,0.004374459679178628,0.001965447439682596,0.006032106517524045
i1200,Patch_12_9mps,forested,500,1000,100,19593,9.164663461538462,0.004337722856762987,0.002097717576174056,0.005908314600314769
i1200,Patch_12_9mps,forested,500,1000,100,19593,9.264823717948717,0.00429787076710206,0.0017810454277081501,0.005904666242067851
i1200,Patch_12_9mps,forested,500,1000,100,19593,9.364983974358974,0.004273517527837602,0.0019004542053722723,0.005695945440677287
i1200,Patch_12_9mps,forested,500,1000,100,19593,9.46514423076923,0.004244376261351754,0.0018983930792397935,0.005750573505500022
i1200,Patch_12_9mps,forested,500,1000,100,19593,9.565304487179487,0.004223700961891507,0.0018260152079816467,0.005720966649596858
i1200,Patch_12_9mps,forested,500,1000,100,19593,9.665464743589743,0.004221122440968053,0.0018186423653201163,0.005903534694660997
i1200,Patch_12_9mps,forested,500,1000,100,19593,9.765625,0.004232152518088085,0.0017202616414157606,0.006104105529538381
i1200,Patch_12_9mps,forested,500,1000,100,19593,9.865785256410257,0.0042778254311025285,0.0018058116320215807,0.006149868430889654
i1200,Patch_12_9mps,forested,500,1000,100,19593,9.965945512820513,0.0042951724347401335,0.0019403510093411276,0.006206003166606014
i1200,Patch_12_9mps,open_gap,1,1000,100,45943,0.05008012820512821,0.19785368093820377,0.11306986907604252,0.2530870982819235
i1200,Patch_12_9mps,open_gap,1,1000,100,45943,0.1502403846153846,0.10393035768665276,0.03084526636202157,0.13246427417124565
i1200,Patch_12_9mps,open_gap,1,1000,100,45943,0.250400641025641,0.17652166979840775,0.05418280711181073,0.181647274619134
i1200,Patch_12_9mps,open_gap,1,1000,100,45943,0.3505608974358974,0.2664525104608395,0.11231105723071318,0.26802602640938766
i1200,Patch_12_9mps,open_gap,1,1000,100,45943,0.45072115384615385,0.3269913622495557,0.1639123607931156,0.3313224947446999
i1200,Patch_12_9mps,open_gap,1,1000,100,45943,0.5508814102564102,0.3826736680599579,0.21039819995092035,0.40679005952510966
i1200,Patch_12_9mps,open_gap,1,1000,100,45943,0.6510416666666666,0.4270909434609196,0.24146298495911075,0.44902043529039704
i1200,Patch_12_9mps,open_gap,1,1000,100,45943,0.7512019230769231,0.4563800558405249,0.2555431236955892,0.46505127222060627
i1200,Patch_12_9mps,open_gap,1,1000,100,45943,0.8513621794871795,0.47164414899624363,0.2608280830922578,0.49391871027575385
i1200,Patch_12_9mps,open_gap,1,1000,100,45943,0.9515224358974359,0.4749968550567704,0.26113909288430726,0.5104902204924122
i1200,Patch_12_9mps,open_gap,1,1000,100,45943,1.0516826923076923,0.47326586923381464,0.2579866797113272,0.5164683311053015
i1200,Patch_12_9mps,open_gap,1,1000,100,45943,1.1518429487179487,0.46916687688779246,0.24459688529621143,0.5322976102682653
i1200,Patch_12_9mps,open_gap,1,1000,100,45943,1.252003205128205,0.4620782211609544,0.23575051136560848,0.5401091486181573
i1200,Patch_12_9mps,open_gap,1,1000,100,45943,1.3521634615384615,0.4520559223521201,0.23874539733435593,0.5396698448580761
i1200,Patch_12_9mps,open_gap,1,1000,100,45943,1.4523237179487178,0.43993763702074906,0.2438087538333143,0.5124701345088182
i1200,Patch_12_9mps,open_gap,1,1000,100,45943,1.5524839743589745,0.42637091559257667,0.24156429165191315,0.514941631992504
i1200,Patch_12_9mps,open_gap,1,1000,100,45943,1.6526442307692308,0.41134510994932066,0.22900035253981957,0.5028997635285132
i1200,Patch_12_9mps,open_gap,1,1000,100,45943,1.7528044871794872,0.398231714130796,0.2124131377787131,0.4959415977064548
i1200,Patch_12_9mps,open_gap,1,1000,100,45943,1.8529647435897436,0.3838024723426805,0.21360860309352409,0.48574131983628843
i1200,Patch_12_9mps,open_gap,1,1000,100,45943,1.953125,0.3682627938369922,0.1967173710622825,0.4852093315321272
i1200,Patch_12_9mps,open_gap,1,1000,100,45943,2.0532852564102564,0.35215707297370036,0.19194610295855277,0.48255818433044184
i1200,Patch_12_9mps,open_gap,1,1000,100,45943,2.1534455128205128,0.33630858208469894,0.18277991577790054,0.4628010584716026
i1200,Patch_12_9mps,open_gap,1,1000,100,45943,2.253605769230769,0.3221588288376481,0.1740540489848949,0.4539339179326555
i1200,Patch_12_9mps,open_gap,1,1000,100,45943,2.3537660256410255,0.30945391170615993,0.15467904086987883,0.4408863921962415
i1200,Patch_12_9mps,open_gap,1,1000,100,45943,2.453926282051282,0.2978083825826473,0.1475657647730329,0.42726566984490544
i1200,Patch_12_9mps,open_gap,1,1000,100,45943,2.5540865384615383,0.2857976002175533,0.1447061694827381,0.415289706491993
i1200,Patch_12_9mps,open_gap,1,1000,100,45943,2.6542467948717947,0.27441276775440765,0.1332757802170323,0.3882020938871026
i1200,Patch_12_9mps,open_gap,1,1000,100,45943,2.754407051282051,0.2648467172881802,0.13778956180749355,0.36847653400716535
i1200,Patch_12_9mps,open_gap,1,1000,100,45943,2.8545673076923075,0.2557160770907061,0.12956118072439798,0.35794880803307505
i1200,Patch_12_9mps,open_gap,1,1000,100,45943,2.9547275641025643,0.24702781218637185,0.11870127208454878,0.34175079338251735
i1200,Patch_12_9mps,open_gap,1,1000,100,45943,3.0548878205128207,0.2388096933041559,0.1069461251744095,0.3305137635388858
i1200,Patch_12_9mps,open_gap,1,1000,100,45943,3.155048076923077,0.23004921731361616,0.0990725425684463,0.3213191993308554
i1200,Patch_12_9mps,open_gap,1,1000,100,45943,3.2552083333333335,0.22159760870624062,0.09044062339133463,0.3134835051815107
i1200,Patch_12_9mps,open_gap,1,1000,100,45943,3.35536858974359,0.2149027987661642,0.08427194927229714,0.3083098076281677
i1200,Patch_12_9mps,open_gap,1,1000,100,45943,3.4555288461538463,0.20996393396159885,0.08247974072348353,0.2989446194085602
i1200,Patch_12_9mps,open_gap,1,1000,100,45943,3.5556891025641026,0.2072343710377988,0.08731102774247382,0.3035024762253332
i1200,Patch_12_9mps,open_gap,1,1000,100,45943,3.655849358974359,0.20531133264141146,0.09186687874073662,0.29894936723705706
i1200,Patch_12_9mps,open_gap,1,1000,100,45943,3.7560096153846154,0.20341767090461965,0.09572164641449413,0.30177435957806426
i1200,Patch_12_9mps,open_gap,1,1000,100,45943,3.856169871794872,0.20070075699489162,0.09907786981754942,0.2894422662854373
i1200,Patch_12_9mps,open_gap,1,1000,100,45943,3.956330128205128,0.19866055893409812,0.09481107834285696,0.28378462796380916
i1200,Patch_12_9mps,open_gap,1,1000,100,45943,4.056490384615385,0.19704906427261154,0.0888961547163373,0.2834951818146926
i1200,Patch_12_9mps,open_gap,1,1000,100,45943,4.156650641025641,0.19510727108290765,0.08497320961925348,0.27959789535782975
i1200,Patch_12_9mps,open_gap,1,1000,100,45943,4.256810897435898,0.19214858834923412,0.07531611240584325,0.26509233021141543
i1200,Patch_12_9mps,open_gap,1,1000,100,45943,4.356971153846154,0.18960939534557006,0.07954443870768185,0.26262896596467133
i1200,Patch_12_9mps,open_gap,1,1000,100,45943,4.457131410256411,0.1874828752024257,0.0780418769709283,0.2538219549633991
i1200,Patch_12_9mps,open_gap,1,1000,100,45943,4.557291666666667,0.18632131140402952,0.06887135352330764,0.26637738850328296
i1200,Patch_12_9mps,open_gap,1,1000,100,45943,4.657451923076923,0.18638147846022787,0.07669424177501283,0.2720678398736081
i1200,Patch_12_9mps,open_gap,1,1000,100,45943,4.75761217948718,0.1862910447495581,0.07563287962535009,0.2819983044799098
i1200,Patch_12_9mps,open_gap,1,1000,100,45943,4.857772435897436,0.1864371154287562,0.09137926850955312,0.28268672390337746
i1200,Patch_12_9mps,open_gap,1,1000,100,45943,4.9579326923076925,0.18662340247540066,0.09690679351834709,0.2862636888369457
i1200,Patch_12_9mps,open_gap,1,1000,100,45943,5.058092948717949,0.18619056403328516,0.09685878173336127,0.2786757398124563
i1200,Patch_12_9mps,open_gap,1,1000,100,45943,5.158253205128205,0.1850896174502281,0.09922007238719803,0.2692734638044435
i1200,Patch_12_9mps,open_gap,1,1000,100,45943,5.258413461538462,0.1833697183933623,0.09324926931155045,0.25832218436771875
i1200,Patch_12_9mps,open_gap,1,1000,100,45943,5.358573717948718,0.1812280044731376,0.0923535840025635,0.24401378112860178
i1200,Patch_12_9mps,open_gap,1,1000,100,45943,5.4587339743589745,0.17936302349128364,0.08866535110404059,0.24887827695039713
i1200,Patch_12_9mps,open_gap,1,1000,100,45943,5.558894230769231,0.17706516436191172,0.08517680066224195,0.24307697465298628
i1200,Patch_12_9mps,open_gap,1,1000,100,45943,5.659054487179487,0.17411290579298683,0.08669894689482932,0.24382868257140614
i1200,Patch_12_9mps,open_gap,1,1000,100,45943,5.759214743589744,0.17071545671187535,0.07748163673464326,0.2446916023774223
i1200,Patch_12_9mps,open_gap,1,1000,100,45943,5.859375,0.1670274341057788,0.07548767691521333,0.2369983482783524
i1200,Patch_12_9mps,open_gap,1,1000,100,45943,5.959535256410256,0.1637842931340873,0.07223498283760088,0.22754077529706343
i1200,Patch_12_9mps,open_gap,1,1000,100,45943,6.059695512820513,0.16095040482244266,0.0631280060561798,0.22135770869812166
i1200,Patch_12_9mps,open_gap,1,1000,100,45943,6.159855769230769,0.15875034345899067,0.06297424690749112,0.22447601670530898
i1200,Patch_12_9mps,open_gap,1,1000,100,45943,6.2600160256410255,0.15634043560174127,0.05557769133915921,0.22180058112489306
i1200,Patch_12_9mps,open_gap,1,1000,100,45943,6.360176282051282,0.15364250933037243,0.05558864308332251,0.21661282942195542
i1200,Patch_12_9mps,open_gap,1,1000,100,45943,6.460336538461538,0.1505091066122123,0.05385954299008533,0.21574688488895682
i1200,Patch_12_9mps,open_gap,1,1000,100,45943,6.560496794871795,0.1476418062043331,0.04651925144255804,0.2096685995118434
i1200,Patch_12_9mps,open_gap,1,1000,100,45943,6.660657051282051,0.14520711105402687,0.041130464403713714,0.21269902236360055
i1200,Patch_12_9mps,open_gap,1,1000,100,45943,6.7608173076923075,0.14315948811933585,0.04012373171941135,0.210473279663897
i1200,Patch_12_9mps,open_gap,1,1000,100,45943,6.860977564102564,0.1413254628401938,0.03871506487776294,0.21136171088348524
i1200,Patch_12_9mps,open_gap,1,1000,100,45943,6.96113782051282,0.1400421232364061,0.04195216900184486,0.21047317775024116
i1200,Patch_12_9mps,open_gap,1,1000,100,45943,7.061298076923077,0.13887864938449376,0.045914799524196144,0.21467468915867827
i1200,Patch_12_9mps,open_gap,1,1000,100,45943,7.161458333333333,0.1374778867312036,0.04977723116042154,0.20272565363499925
i1200,Patch_12_9mps,open_gap,1,1000,100,45943,7.261618589743589,0.13557470560500082,0.04967521485727415,0.19399237062546698
i1200,Patch_12_9mps,open_gap,1,1000,100,45943,7.361778846153846,0.1332360412548452,0.05398063622910495,0.18647518348359787
i1200,Patch_12_9mps,open_gap,1,1000,100,45943,7.461939102564102,0.13107110131020439,0.05193767254866674,0.17878509143070206
i1200,Patch_12_9mps,open_gap,1,1000,100,45943,7.562099358974359,0.12906256308320846,0.052388926048604414,0.17383429985412552
i1200,Patch_12_9mps,open_gap,1,1000,100,45943,7.662259615384615,0.1272474618926172,0.049265893415512144,0.16709810140815184
i1200,Patch_12_9mps,open_gap,1,1000,100,45943,7.762419871794871,0.12582654866448775,0.048893787231839556,0.16797434396496008
i1200,Patch_12_9mps,open_gap,1,1000,100,45943,7.862580128205129,0.12442421198111342,0.04430209793050219,0.16821299125637199
i1200,Patch_12_9mps,open_gap,1,1000,100,45943,7.962740384615385,0.12303866473965823,0.041943066865442136,0.17117078441135603
i1200,Patch_12_9mps,open_gap,1,1000,100,45943,8.06290064102564,0.12183962954186019,0.04149773051566734,0.1680535066502143
i1200,Patch_12_9mps,open_gap,1,1000,100,45943,8.163060897435898,0.12107865299884882,0.040706976165423445,0.1642169623384015
i1200,Patch_12_9mps,open_gap,1,1000,100,45943,8.263221153846153,0.11999534396793635,0.0445607141529468,0.1641815491705893
i1200,Patch_12_9mps,open_gap,1,1000,100,45943,8.36338141025641,0.1186981209390828,0.04516529354843672,0.16518218966255005
i1200,Patch_12_9mps,open_gap,1,1000,100,45943,8.463541666666666,0.11679589149105325,0.04846408932812864,0.16386469638355147
i1200,Patch_12_9mps,open_gap,1,1000,100,45943,8.563701923076923,0.11473021814425888,0.04915646362550582,0.16357257391772215
i1200,Patch_12_9mps,open_gap,1,1000,100,45943,8.663862179487179,0.11239919991522546,0.04739373495226278,0.16068644251173164
i1200,Patch_12_9mps,open_gap,1,1000,100,45943,8.764022435897436,0.11047122580176906,0.04742860141470161,0.16090768887451948
i1200,Patch_12_9mps,open_gap,1,1000,100,45943,8.864182692307692,0.10873234658127044,0.04573937522985169,0.16565410515707188
i1200,Patch_12_9mps,open_gap,1,1000,100,45943,8.964342948717949,0.10648635939854056,0.047028867004302394,0.16242422171832316
i1200,Patch_12_9mps,open_gap,1,1000,100,45943,9.064503205128204,0.10409225100012484,0.04103453944344736,0.1610463527671336
i1200,Patch_12_9mps,open_gap,1,1000,100,45943,9.164663461538462,0.10186751971430147,0.039064681866843365,0.15529345745498632
i1200,Patch_12_9mps,open_gap,1,1000,100,45943,9.264823717948717,0.09991960917125073,0.038858606365922976,0.15220562228669438
i1200,Patch_12_9mps,open_gap,1,1000,100,45943,9.364983974358974,0.09857348550692108,0.03503663948902158,0.14134105332341795
i1200,Patch_12_9mps,open_gap,1,1000,100,45943,9.46514423076923,0.0974443583220357,0.03719414352130333,0.13408770325072483
i1200,Patch_12_9mps,open_gap,1,1000,100,45943,9.565304487179487,0.0961894860393105,0.03798306616363953,0.12941939548257697
i1200,Patch_12_9mps,open_gap,1,1000,100,45943,9.665464743589743,0.094711474577154,0.035040028224739776,0.13408878556651477
i1200,Patch_12_9mps,open_gap,1,1000,100,45943,9.765625,0.09294309457140935,0.039040896955057774,0.12877215671376196
i1200,Patch_12_9mps,open_gap,1,1000,100,45943,9.865785256410257,0.09163905950562504,0.04135191280005999,0.12325395824839881
i1200,Patch_12_9mps,open_gap,1,1000,100,45943,9.965945512820513,0.09099038427039391,0.04172118932948455,0.12555817525195023
i1200,Patch_12_9mps,open_gap,10,1000,100,45943,0.05008012820512821,0.060314324031125494,0.02853826994300234,0.08501685155368921
i1200,Patch_12_9mps,open_gap,10,1000,100,45943,0.1502403846153846,0.042773553037282516,0.018836576369238668,0.06226177536409177
i1200,Patch_12_9mps,open_gap,10,1000,100,45943,0.250400641025641,0.08198229012031988,0.043984737726551294,0.10981354307761645
i1200,Patch_12_9mps,open_gap,10,1000,100,45943,0.3505608974358974,0.11783563850715517,0.06889272372794955,0.1539876449100968
i1200,Patch_12_9mps,open_gap,10,1000,100,45943,0.45072115384615385,0.14270166659910746,0.07482353076337778,0.18319503853966795
i1200,Patch_12_9mps,open_gap,10,1000,100,45943,0.5508814102564102,0.1588681349505558,0.08228600048923769,0.2100235408677162
i1200,Patch_12_9mps,open_gap,10,1000,100,45943,0.6510416666666666,0.16788486199226205,0.08790998841068928,0.22240565633511153
i1200,Patch_12_9mps,open_gap,10,1000,100,45943,0.7512019230769231,0.17026107487849354,0.09090393738693078,0.2269730229061195
i1200,Patch_12_9mps,open_gap,10,1000,100,45943,0.8513621794871795,0.16842641450677365,0.08752285608526231,0.22619054741675143
i1200,Patch_12_9mps,open_gap,10,1000,100,45943,0.9515224358974359,0.16389420527547,0.08336257910926807,0.22765655285905223
i1200,Patch_12_9mps,open_gap,10,1000,100,45943,1.0516826923076923,0.15826878518078552,0.08140130090345825,0.2153168807269375
i1200,Patch_12_9mps,open_gap,10,1000,100,45943,1.1518429487179487,0.1529726513599864,0.07071441371632253,0.20687742409047233
i1200,Patch_12_9mps,open_gap,10,1000,100,45943,1.252003205128205,0.1478737137379853,0.06835376966570092,0.19637452264711847
i1200,Patch_12_9mps,open_gap,10,1000,100,45943,1.3521634615384615,0.14268798175003508,0.06434973616155035,0.18940183264405674
i1200,Patch_12_9mps,open_gap,10,1000,100,45943,1.4523237179487178,0.13765339445483998,0.06399103716003478,0.1826956999156764
i1200,Patch_12_9mps,open_gap,10,1000,100,45943,1.5524839743589745,0.1329288710013157,0.0636011163148384,0.17429269589378837
i1200,Patch_12_9mps,open_gap,10,1000,100,45943,1.6526442307692308,0.1286385015926193,0.06176674679316462,0.16972340727619248
i1200,Patch_12_9mps,open_gap,10,1000,100,45943,1.7528044871794872,0.12442880124702888,0.05490794942112465,0.16574083006065404
i1200,Patch_12_9mps,open_gap,10,1000,100,45943,1.8529647435897436,0.1201153661980798,0.049331962324684814,0.16477472761691725
i1200,Patch_12_9mps,open_gap,10,1000,100,45943,1.953125,0.11550392193898748,0.05030598500043898,0.1579626579996193
i1200,Patch_12_9mps,open_gap,10,1000,100,45943,2.0532852564102564,0.11109268885686259,0.04652162342144034,0.15103235819416128
i1200,Patch_12_9mps,open_gap,10,1000,100,45943,2.1534455128205128,0.10721512807131608,0.04501233083260714,0.1449992859785347
i1200,Patch_12_9mps,open_gap,10,1000,100,45943,2.253605769230769,0.1038753208580618,0.04424536025397037,0.13947210223542764
i1200,Patch_12_9mps,open_gap,10,1000,100,45943,2.3537660256410255,0.10061053969627727,0.042273879738238936,0.1357755430773182
i1200,Patch_12_9mps,open_gap,10,1000,100,45943,2.453926282051282,0.09754034336787651,0.04013514608959968,0.12993778979893444
i1200,Patch_12_9mps,open_gap,10,1000,100,45943,2.5540865384615383,0.09457908891701568,0.0368066909579,0.12735796744874983
i1200,Patch_12_9mps,open_gap,10,1000,100,45943,2.6542467948717947,0.09142116898886568,0.03208127890115423,0.1272236679289272
i1200,Patch_12_9mps,open_gap,10,1000,100,45943,2.754407051282051,0.08803990673533864,0.03026324715690906,0.12799850119389325
i1200,Patch_12_9mps,open_gap,10,1000,100,45943,2.8545673076923075,0.08513208058568089,0.031122748919902587,0.13208411708336165
i1200,Patch_12_9mps,open_gap,10,1000,100,45943,2.9547275641025643,0.08274499459026434,0.030166275380272955,0.12441153370558031
i1200,Patch_12_9mps,open_gap,10,1000,100,45943,3.0548878205128207,0.0804060785132818,0.027712936599288397,0.11284841055175038
i1200,Patch_12_9mps,open_gap,10,1000,100,45943,3.155048076923077,0.07832369291887455,0.028704745798825246,0.10518927865879568
i1200,Patch_12_9mps,open_gap,10,1000,100,45943,3.2552083333333335,0.07615911747167335,0.03105400285200969,0.10781802593763644
i1200,Patch_12_9mps,open_gap,10,1000,100,45943,3.35536858974359,0.07379334424393998,0.03206429767862383,0.10871549918499177
i1200,Patch_12_9mps,open_gap,10,1000,100,45943,3.4555288461538463,0.07139855916000824,0.03291338806123404,0.09924190437998962
i1200,Patch_12_9mps,open_gap,10,1000,100,45943,3.5556891025641026,0.06906557106102346,0.02998388928084814,0.08936498560904857
i1200,Patch_12_9mps,open_gap,10,1000,100,45943,3.655849358974359,0.06726534966756027,0.028390068263648573,0.0861162948903352
i1200,Patch_12_9mps,open_gap,10,1000,100,45943,3.7560096153846154,0.06571072257625281,0.02809036682600434,0.08443922297166098
i1200,Patch_12_9mps,open_gap,10,1000,100,45943,3.856169871794872,0.06396519885881155,0.02779744972328364,0.08300925379505204
i1200,Patch_12_9mps,open_gap,10,1000,100,45943,3.956330128205128,0.06190235715436183,0.02395996314391603,0.08254924037984117
i1200,Patch_12_9mps,open_gap,10,1000,100,45943,4.056490384615385,0.05985143091903529,0.02141488022303488,0.08045049651084665
i1200,Patch_12_9mps,open_gap,10,1000,100,45943,4.156650641025641,0.05825574361446599,0.018930651713353328,0.07681694491346097
i1200,Patch_12_9mps,open_gap,10,1000,100,45943,4.256810897435898,0.056902883117379746,0.017212913578639036,0.0754464958366668
i1200,Patch_12_9mps,open_gap,10,1000,100,45943,4.356971153846154,0.05598747441948923,0.01709068636033867,0.07563530420289193
i1200,Patch_12_9mps,open_gap,10,1000,100,45943,4.457131410256411,0.05550444229629473,0.018127166397066,0.07662038439026858
i1200,Patch_12_9mps,open_gap,10,1000,100,45943,4.557291666666667,0.05508132372104812,0.017136776632138945,0.07227184906169275
i1200,Patch_12_9mps,open_gap,10,1000,100,45943,4.657451923076923,0.05443932956794913,0.01841625710437482,0.07073507978275857
i1200,Patch_12_9mps,open_gap,10,1000,100,45943,4.75761217948718,0.05367176553625655,0.020300033276999207,0.07328289142316785
i1200,Patch_12_9mps,open_gap,10,1000,100,45943,4.857772435897436,0.05302271480524239,0.019887831753586015,0.0735775994819485
i1200,Patch_12_9mps,open_gap,10,1000,100,45943,4.9579326923076925,0.052543405527849085,0.020037695995493987,0.07319319951916867
i1200,Patch_12_9mps,open_gap,10,1000,100,45943,5.058092948717949,0.05218257980285532,0.018788828230104034,0.07439061495675449
i1200,Patch_12_9mps,open_gap,10,1000,100,45943,5.158253205128205,0.051798089312370836,0.018434562230989313,0.07279384734834375
i1200,Patch_12_9mps,open_gap,10,1000,100,45943,5.258413461538462,0.051214343636608047,0.018779915888669244,0.07399381932521867
i1200,Patch_12_9mps,open_gap,10,1000,100,45943,5.358573717948718,0.05063238596628529,0.019444662466974405,0.07363525994165779
i1200,Patch_12_9mps,open_gap,10,1000,100,45943,5.4587339743589745,0.05003329004407595,0.019793180414450842,0.07311531756097353
i1200,Patch_12_9mps,open_gap,10,1000,100,45943,5.558894230769231,0.04930851271892661,0.01965006712701403,0.07141205472856098
i1200,Patch_12_9mps,open_gap,10,1000,100,45943,5.659054487179487,0.048536712975703084,0.019945663695398377,0.06964521360807031
i1200,Patch_12_9mps,open_gap,10,1000,100,45943,5.759214743589744,0.0478416298092082,0.020014551762522217,0.06910546583554036
i1200,Patch_12_9mps,open_gap,10,1000,100,45943,5.859375,0.04711470608490389,0.01988244839613727,0.06903044864221364
i1200,Patch_12_9mps,open_gap,10,1000,100,45943,5.959535256410256,0.0464718331699969,0.021292411056348298,0.06741211302830621
i1200,Patch_12_9mps,open_gap,10,1000,100,45943,6.059695512820513,0.04588440060361573,0.021814008010592655,0.06520692678435501
i1200,Patch_12_9mps,open_gap,10,1000,100,45943,6.159855769230769,0.04546793649188147,0.02168670701828522,0.0671638365231819
i1200,Patch_12_9mps,open_gap,10,1000,100,45943,6.2600160256410255,0.045112339756328855,0.021224528360484735,0.06506062675330675
i1200,Patch_12_9mps,open_gap,10,1000,100,45943,6.360176282051282,0.04466723398982666,0.020309752818482997,0.06320774672698251
i1200,Patch_12_9mps,open_gap,10,1000,100,45943,6.460336538461538,0.04409392756126253,0.019706422271257042,0.06087561922971197
i1200,Patch_12_9mps,open_gap,10,1000,100,45943,6.560496794871795,0.043473903112927786,0.021437790126558158,0.060064458405323984
i1200,Patch_12_9mps,open_gap,10,1000,100,45943,6.660657051282051,0.042843739086285026,0.022408671866467163,0.058449336792728714
i1200,Patch_12_9mps,open_gap,10,1000,100,45943,6.7608173076923075,0.04220944632023488,0.02286025862899905,0.05660178935193776
i1200,Patch_12_9mps,open_gap,10,1000,100,45943,6.860977564102564,0.04157410376762219,0.023010477905426624,0.05655712392712033
i1200,Patch_12_9mps,open_gap,10,1000,100,45943,6.96113782051282,0.040884644603464436,0.021682849112828535,0.055541141699313776
i1200,Patch_12_9mps,open_gap,10,1000,100,45943,7.061298076923077,0.04021621595421019,0.020949771079487155,0.054509918763884384
i1200,Patch_12_9mps,open_gap,10,1000,100,45943,7.161458333333333,0.03953768483002798,0.01965596801394926,0.0536126853726813
i1200,Patch_12_9mps,open_gap,10,1000,100,45943,7.261618589743589,0.03880069171203616,0.01876566932089973,0.0517825578006435
i1200,Patch_12_9mps,open_gap,10,1000,100,45943,7.361778846153846,0.03796111536786369,0.01840623555438992,0.05105715759395127
i1200,Patch_12_9mps,open_gap,10,1000,100,45943,7.461939102564102,0.03697751517660234,0.016814650273681685,0.04868899590939847
i1200,Patch_12_9mps,open_gap,10,1000,100,45943,7.562099358974359,0.03601971906780528,0.014418668130812922,0.04813834821050961
i1200,Patch_12_9mps,open_gap,10,1000,100,45943,7.662259615384615,0.03511443573216959,0.014196452037426754,0.04705304983911157
i1200,Patch_12_9mps,open_gap,10,1000,100,45943,7.762419871794871,0.034341886772403095,0.012972176707609858,0.04647048352127406
i1200,Patch_12_9mps,open_gap,10,1000,100,45943,7.862580128205129,0.033634176566202593,0.01298810647295617,0.046099580336737306
i1200,Patch_12_9mps,open_gap,10,1000,100,45943,7.962740384615385,0.03303034732168403,0.012807524721596006,0.04574231038407245
i1200,Patch_12_9mps,open_gap,10,1000,100,45943,8.06290064102564,0.03242604471881092,0.01221542088964838,0.045285165076694375
i1200,Patch_12_9mps,open_gap,10,1000,100,45943,8.163060897435898,0.03187336316384245,0.011334497981325438,0.04495485379831175
i1200,Patch_12_9mps,open_gap,10,1000,100,45943,8.263221153846153,0.03158069548103909,0.011346135198020864,0.04357986444970402
i1200,Patch_12_9mps,open_gap,10,1000,100,45943,8.36338141025641,0.031276802199237966,0.010949083075266423,0.042780349248314885
i1200,Patch_12_9mps,open_gap,10,1000,100,45943,8.463541666666666,0.03098761776287449,0.011325995152988912,0.041256512314229166
i1200,Patch_12_9mps,open_gap,10,1000,100,45943,8.563701923076923,0.030761424067305115,0.01101619115973982,0.041403374415755735
i1200,Patch_12_9mps,open_gap,10,1000,100,45943,8.663862179487179,0.030567753210223706,0.010906412670055935,0.04349500511256724
i1200,Patch_12_9mps,open_gap,10,1000,100,45943,8.764022435897436,0.030387328681288538,0.011630670677616492,0.042360618114776274
i1200,Patch_12_9mps,open_gap,10,1000,100,45943,8.864182692307692,0.030243410140459833,0.011637927810866954,0.04194278576526636
i1200,Patch_12_9mps,open_gap,10,1000,100,45943,8.964342948717949,0.030150481812185242,0.011624244039394925,0.04088403629125581
i1200,Patch_12_9mps,open_gap,10,1000,100,45943,9.064503205128204,0.030060224921257716,0.011746893125114285,0.04125798635448076
i1200,Patch_12_9mps,open_gap,10,1000,100,45943,9.164663461538462,0.029880512252189743,0.011166421831532325,0.04175432555102344
i1200,Patch_12_9mps,open_gap,10,1000,100,45943,9.264823717948717,0.029734481560624224,0.011034225795634265,0.04284961306977903
i1200,Patch_12_9mps,open_gap,10,1000,100,45943,9.364983974358974,0.02962328313937885,0.0106222141531279,0.042849782014927576
i1200,Patch_12_9mps,open_gap,10,1000,100,45943,9.46514423076923,0.029496436697918814,0.012240333273244029,0.043735107474780766
i1200,Patch_12_9mps,open_gap,10,1000,100,45943,9.565304487179487,0.029312371371611336,0.011561816426182444,0.04270077393228938
i1200,Patch_12_9mps,open_gap,10,1000,100,45943,9.665464743589743,0.029028788307984138,0.01037994910337858,0.04426672604628641
i1200,Patch_12_9mps,open_gap,10,1000,100,45943,9.765625,0.028843656097829528,0.009439041002874755,0.04324732709978507
i1200,Patch_12_9mps,open_gap,10,1000,100,45943,9.865785256410257,0.02884010044330687,0.009903592132483192,0.042655600161341935
i1200,Patch_12_9mps,open_gap,10,1000,100,45943,9.965945512820513,0.028979155661885213,0.009659817605265617,0.04242483527268863
i1200,Patch_12_9mps,open_gap,50,1000,100,45943,0.05008012820512821,0.031486025160361815,0.013410574692620787,0.044804315237947756
i1200,Patch_12_9mps,open_gap,50,1000,100,45943,0.1502403846153846,0.02014492821512283,0.008172502514298595,0.029310090319648697
i1200,Patch_12_9mps,open_gap,50,1000,100,45943,0.250400641025641,0.030802438651639973,0.011404998719749407,0.04634948915390345
i1200,Patch_12_9mps,open_gap,50,1000,100,45943,0.3505608974358974,0.04336234880776667,0.018170791526253095,0.06395585695778802
i1200,Patch_12_9mps,open_gap,50,1000,100,45943,0.45072115384615385,0.05462800695297087,0.025118018092837296,0.07812002095177333
i1200,Patch_12_9mps,open_gap,50,1000,100,45943,0.5508814102564102,0.06341825567060477,0.025839049004152605,0.08634230640360421
i1200,Patch_12_9mps,open_gap,50,1000,100,45943,0.6510416666666666,0.06976367760542238,0.025039849083945305,0.09399704272920718
i1200,Patch_12_9mps,open_gap,50,1000,100,45943,0.7512019230769231,0.07314865102311828,0.023837551979353833,0.10454558175237343
i1200,Patch_12_9mps,open_gap,50,1000,100,45943,0.8513621794871795,0.07334491857203687,0.02280786798230553,0.1115206888558367
i1200,Patch_12_9mps,open_gap,50,1000,100,45943,0.9515224358974359,0.07112893713446095,0.026878689622063523,0.10881731305877246
i1200,Patch_12_9mps,open_gap,50,1000,100,45943,1.0516826923076923,0.06824859577482781,0.025959381225388604,0.10721046192001897
i1200,Patch_12_9mps,open_gap,50,1000,100,45943,1.1518429487179487,0.06533368485128117,0.02439070042002824,0.10553280070450921
i1200,Patch_12_9mps,open_gap,50,1000,100,45943,1.252003205128205,0.06285787913712118,0.02426297190783096,0.1053029412532888
i1200,Patch_12_9mps,open_gap,50,1000,100,45943,1.3521634615384615,0.06076006903406242,0.020591615177438856,0.09806825408726068
i1200,Patch_12_9mps,open_gap,50,1000,100,45943,1.4523237179487178,0.0589743021321233,0.019923362068889422,0.09200829416844422
i1200,Patch_12_9mps,open_gap,50,1000,100,45943,1.5524839743589745,0.057538042296178905,0.019563934508396538,0.08417616537535005
i1200,Patch_12_9mps,open_gap,50,1000,100,45943,1.6526442307692308,0.0563973617124811,0.018823554899697253,0.08378988888856617
i1200,Patch_12_9mps,open_gap,50,1000,100,45943,1.7528044871794872,0.055117660665432444,0.0173901897270067,0.07925799267259162
i1200,Patch_12_9mps,open_gap,50,1000,100,45943,1.8529647435897436,0.05381752423576584,0.01760361693291088,0.0781456699090623
i1200,Patch_12_9mps,open_gap,50,1000,100,45943,1.953125,0.052542660821448026,0.020427574757014233,0.07623282756532881
i1200,Patch_12_9mps,open_gap,50,1000,100,45943,2.0532852564102564,0.05107194554200906,0.0183168699900179,0.07386148584042646
i1200,Patch_12_9mps,open_gap,50,1000,100,45943,2.1534455128205128,0.049581672659346265,0.015724191263855575,0.07115966708782034
i1200,Patch_12_9mps,open_gap,50,1000,100,45943,2.253605769230769,0.04822684352929827,0.01709254259482405,0.06632258248511522
i1200,Patch_12_9mps,open_gap,50,1000,100,45943,2.3537660256410255,0.046895241981810845,0.017760943621661505,0.06389647595444617
i1200,Patch_12_9mps,open_gap,50,1000,100,45943,2.453926282051282,0.045624611163329665,0.016741300450489254,0.0621528006035921
i1200,Patch_12_9mps,open_gap,50,1000,100,45943,2.5540865384615383,0.04426170867467784,0.016029980989652966,0.060749815027625546
i1200,Patch_12_9mps,open_gap,50,1000,100,45943,2.6542467948717947,0.042928293220233914,0.01472456460172434,0.05852166583201225
i1200,Patch_12_9mps,open_gap,50,1000,100,45943,2.754407051282051,0.04161781725160348,0.014456668109516613,0.05944456279779316
i1200,Patch_12_9mps,open_gap,50,1000,100,45943,2.8545673076923075,0.040261224459506126,0.0136828199252044,0.05793680368437947
i1200,Patch_12_9mps,open_gap,50,1000,100,45943,2.9547275641025643,0.03887526378268977,0.012757031280358981,0.054641585553948574
i1200,Patch_12_9mps,open_gap,50,1000,100,45943,3.0548878205128207,0.0374491431397807,0.012885261376100143,0.0520951653181635
i1200,Patch_12_9mps,open_gap,50,1000,100,45943,3.155048076923077,0.03614158088772562,0.012249050341335116,0.05068729681640938
i1200,Patch_12_9mps,open_gap,50,1000,100,45943,3.2552083333333335,0.034984812287091736,0.01191241992503977,0.048752613871285246
i1200,Patch_12_9mps,open_gap,50,1000,100,45943,3.35536858974359,0.03403073229094449,0.01254368088433312,0.04892240311893144
i1200,Patch_12_9mps,open_gap,50,1000,100,45943,3.4555288461538463,0.03325988044280031,0.012278415297987379,0.04780492285273505
i1200,Patch_12_9mps,open_gap,50,1000,100,45943,3.5556891025641026,0.03256530370479678,0.012137409079342666,0.04703095772277718
i1200,Patch_12_9mps,open_gap,50,1000,100,45943,3.655849358974359,0.03187871415226274,0.012710109915583415,0.044732332480859664
i1200,Patch_12_9mps,open_gap,50,1000,100,45943,3.7560096153846154,0.031171720635911067,0.012731511304873057,0.04245868654928696
i1200,Patch_12_9mps,open_gap,50,1000,100,45943,3.856169871794872,0.030584926737684284,0.012791379544647494,0.04173236374645444
i1200,Patch_12_9mps,open_gap,50,1000,100,45943,3.956330128205128,0.029991752713324576,0.013234858614708401,0.040020928927989294
i1200,Patch_12_9mps,open_gap,50,1000,100,45943,4.056490384615385,0.029403165509904124,0.01312325468230498,0.03766114837988911
i1200,Patch_12_9mps,open_gap,50,1000,100,45943,4.156650641025641,0.02878720711192666,0.012287639023068172,0.0363095542482164
i1200,Patch_12_9mps,open_gap,50,1000,100,45943,4.256810897435898,0.028154569317670967,0.012183260910640585,0.0356735217859181
i1200,Patch_12_9mps,open_gap,50,1000,100,45943,4.356971153846154,0.027532119883515414,0.012141380308267623,0.03507477626655096
i1200,Patch_12_9mps,open_gap,50,1000,100,45943,4.457131410256411,0.02693762523674446,0.01224124540147258,0.035228428640665214
i1200,Patch_12_9mps,open_gap,50,1000,100,45943,4.557291666666667,0.026363923217552244,0.013077200703409045,0.03515185202387898
i1200,Patch_12_9mps,open_gap,50,1000,100,45943,4.657451923076923,0.02585562608350365,0.012514637774554293,0.03390767638355844
i1200,Patch_12_9mps,open_gap,50,1000,100,45943,4.75761217948718,0.025471002474642495,0.01284793254302194,0.034366008386161453
i1200,Patch_12_9mps,open_gap,50,1000,100,45943,4.857772435897436,0.025224993293161822,0.01252165841917812,0.03397339138429374
i1200,Patch_12_9mps,open_gap,50,1000,100,45943,4.9579326923076925,0.024934258048530684,0.012076278796346571,0.033583471580693205
i1200,Patch_12_9mps,open_gap,50,1000,100,45943,5.058092948717949,0.02458314143214478,0.01120784307320757,0.03191783656426541
i1200,Patch_12_9mps,open_gap,50,1000,100,45943,5.158253205128205,0.02419399099789575,0.010317649296293146,0.030661521464005338
i1200,Patch_12_9mps,open_gap,50,1000,100,45943,5.258413461538462,0.023803997505123027,0.011038162806015285,0.030552245967243596
i1200,Patch_12_9mps,open_gap,50,1000,100,45943,5.358573717948718,0.023394385341867774,0.010003132313119417,0.03000717936589682
i1200,Patch_12_9mps,open_gap,50,1000,100,45943,5.4587339743589745,0.022995405854209797,0.009832265156577228,0.030540171645225003
i1200,Patch_12_9mps,open_gap,50,1000,100,45943,5.558894230769231,0.02264672281308837,0.009910461000050745,0.031289003840734284
i1200,Patch_12_9mps,open_gap,50,1000,100,45943,5.659054487179487,0.02233398587513608,0.009722694368126518,0.031222526679162477
i1200,Patch_12_9mps,open_gap,50,1000,100,45943,5.759214743589744,0.022004208317730308,0.009047391298386276,0.03139116106101514
i1200,Patch_12_9mps,open_gap,50,1000,100,45943,5.859375,0.0216606502027111,0.008814869964058404,0.030269189042978695
i1200,Patch_12_9mps,open_gap,50,1000,100,45943,5.959535256410256,0.02134398854346104,0.008100244085440229,0.030440407433001478
i1200,Patch_12_9mps,open_gap,50,1000,100,45943,6.059695512820513,0.021070334549786626,0.007766117300700747,0.029458878943865202
i1200,Patch_12_9mps,open_gap,50,1000,100,45943,6.159855769230769,0.020798809155083184,0.007845859907604197,0.0284150836730019
i1200,Patch_12_9mps,open_gap,50,1000,100,45943,6.2600160256410255,0.020458985735937064,0.008213366577633146,0.028422897721672894
i1200,Patch_12_9mps,open_gap,50,1000,100,45943,6.360176282051282,0.02010615803701664,0.007998033232906869,0.027171593875982773
i1200,Patch_12_9mps,open_gap,50,1000,100,45943,6.460336538461538,0.019783709264159562,0.007966609125148481,0.02611187546965316
i1200,Patch_12_9mps,open_gap,50,1000,100,45943,6.560496794871795,0.01949513198932385,0.007688434184677164,0.02587826411897592
i1200,Patch_12_9mps,open_gap,50,1000,100,45943,6.660657051282051,0.01917511725507787,0.00789524770212425,0.026087179218970583
i1200,Patch_12_9mps,open_gap,50,1000,100,45943,6.7608173076923075,0.0188358269612734,0.007613516753701257,0.026253599060401436
i1200,Patch_12_9mps,open_gap,50,1000,100,45943,6.860977564102564,0.018497028847810407,0.007531969057731397,0.025332451418551914
i1200,Patch_12_9mps,open_gap,50,1000,100,45943,6.96113782051282,0.018178602842504065,0.0072919364099463075,0.024784269154323215
i1200,Patch_12_9mps,open_gap,50,1000,100,45943,7.061298076923077,0.017853339924584738,0.007570691695126608,0.02440764592293935
i1200,Patch_12_9mps,open_gap,50,1000,100,45943,7.161458333333333,0.017510183411126933,0.007113643963756281,0.024873427984183624
i1200,Patch_12_9mps,open_gap,50,1000,100,45943,7.261618589743589,0.01715388554185741,0.0070930969274252235,0.024914791137888248
i1200,Patch_12_9mps,open_gap,50,1000,100,45943,7.361778846153846,0.016773735775934842,0.007057009889122218,0.024534152044846644
i1200,Patch_12_9mps,open_gap,50,1000,100,45943,7.461939102564102,0.01639204610950204,0.007081112497472279,0.024697882484946147
i1200,Patch_12_9mps,open_gap,50,1000,100,45943,7.562099358974359,0.01601923308659788,0.007027906383447633,0.024672577556181623
i1200,Patch_12_9mps,open_gap,50,1000,100,45943,7.662259615384615,0.015704253555968155,0.006845903707800973,0.02407182707641967
i1200,Patch_12_9mps,open_gap,50,1000,100,45943,7.762419871794871,0.01541437687927839,0.006134986595452203,0.023045885891127348
i1200,Patch_12_9mps,open_gap,50,1000,100,45943,7.862580128205129,0.01512336420176032,0.005833098150300911,0.02253313152881071
i1200,Patch_12_9mps,open_gap,50,1000,100,45943,7.962740384615385,0.014830810506335718,0.005164627705189152,0.0228318668557157
i1200,Patch_12_9mps,open_gap,50,1000,100,45943,8.06290064102564,0.014564527288960176,0.00478864748171788,0.02253035630481987
i1200,Patch_12_9mps,open_gap,50,1000,100,45943,8.163060897435898,0.014281788500864912,0.004864028105515538,0.02171310679729522
i1200,Patch_12_9mps,open_gap,50,1000,100,45943,8.263221153846153,0.013922743085744734,0.004995770459390558,0.021059881544252472
i1200,Patch_12_9mps,open_gap,50,1000,100,45943,8.36338141025641,0.013534125320413839,0.004850639231310445,0.020617516142378257
i1200,Patch_12_9mps,open_gap,50,1000,100,45943,8.463541666666666,0.013162449876678977,0.004505736384360892,0.019753183162530538
i1200,Patch_12_9mps,open_gap,50,1000,100,45943,8.563701923076923,0.0128228543214352,0.00417476749950273,0.019518197679017597
i1200,Patch_12_9mps,open_gap,50,1000,100,45943,8.663862179487179,0.012512352900780668,0.004129993404908803,0.020078761812183498
i1200,Patch_12_9mps,open_gap,50,1000,100,45943,8.764022435897436,0.012189985988957305,0.0033527320400703153,0.01988459895382571
i1200,Patch_12_9mps,open_gap,50,1000,100,45943,8.864182692307692,0.01187462193815659,0.0032933088511212724,0.018529403602317362
i1200,Patch_12_9mps,open_gap,50,1000,100,45943,8.964342948717949,0.011602621576818923,0.0028213317831205518,0.01814114988354165
i1200,Patch_12_9mps,open_gap,50,1000,100,45943,9.064503205128204,0.011427789064008868,0.0029775403819439533,0.017678262270695737
i1200,Patch_12_9mps,open_gap,50,1000,100,45943,9.164663461538462,0.011351292592753416,0.0029988498526881077,0.017487076691735246
i1200,Patch_12_9mps,open_gap,50,1000,100,45943,9.264823717948717,0.011314351629339423,0.0038203922320726655,0.016627574345206085
i1200,Patch_12_9mps,open_gap,50,1000,100,45943,9.364983974358974,0.011317260653542311,0.003703340956432321,0.016245990881707126
i1200,Patch_12_9mps,open_gap,50,1000,100,45943,9.46514423076923,0.011409871513999161,0.004014484970215896,0.015807335180899718
i1200,Patch_12_9mps,open_gap,50,1000,100,45943,9.565304487179487,0.011568225478644193,0.0043588452781139235,0.015726502060876703
i1200,Patch_12_9mps,open_gap,50,1000,100,45943,9.665464743589743,0.011744509016024569,0.00502203542341293,0.01591213561869019
i1200,Patch_12_9mps,open_gap,50,1000,100,45943,9.765625,0.011852670977873488,0.005014512942857938,0.016613980218320508
i1200,Patch_12_9mps,open_gap,50,1000,100,45943,9.865785256410257,0.011892511621874316,0.005230784303530033,0.016251219484564445
i1200,Patch_12_9mps,open_gap,50,1000,100,45943,9.965945512820513,0.011884744408401995,0.005274879411219326,0.016823946890356718
i1200,Patch_12_9mps,open_gap,100,1000,100,45943,0.05008012820512821,0.01912613424555653,0.007837485636093513,0.025884125223024468
i1200,Patch_12_9mps,open_gap,100,1000,100,45943,0.1502403846153846,0.01274642035671993,0.005557230671917499,0.01721829894245224
i1200,Patch_12_9mps,open_gap,100,1000,100,45943,0.250400641025641,0.02230768945864771,0.00765396890629502,0.031886799824087604
i1200,Patch_12_9mps,open_gap,100,1000,100,45943,0.3505608974358974,0.032195537345935075,0.013756821678907702,0.049454822473727816
i1200,Patch_12_9mps,open_gap,100,1000,100,45943,0.45072115384615385,0.03950696241490737,0.01649452292983281,0.05695721318179692
i1200,Patch_12_9mps,open_gap,100,1000,100,45943,0.5508814102564102,0.04460463115016351,0.017146746478011333,0.06183297197523312
i1200,Patch_12_9mps,open_gap,100,1000,100,45943,0.6510416666666666,0.047834753668885226,0.017274053167595466,0.06716004936324191
i1200,Patch_12_9mps,open_gap,100,1000,100,45943,0.7512019230769231,0.04949603105427781,0.017648625639925877,0.07325511151909792
i1200,Patch_12_9mps,open_gap,100,1000,100,45943,0.8513621794871795,0.049822571393932036,0.01581985427079753,0.07460086433651283
i1200,Patch_12_9mps,open_gap,100,1000,100,45943,0.9515224358974359,0.04887579281255609,0.015422257070566247,0.0726793349951819
i1200,Patch_12_9mps,open_gap,100,1000,100,45943,1.0516826923076923,0.047598646159893315,0.017564499946410194,0.06923803034168965
i1200,Patch_12_9mps,open_gap,100,1000,100,45943,1.1518429487179487,0.04645084442151992,0.015493039176178957,0.06669814997938628
i1200,Patch_12_9mps,open_gap,100,1000,100,45943,1.252003205128205,0.045195084676552554,0.01539640056787172,0.06472558841711515
i1200,Patch_12_9mps,open_gap,100,1000,100,45943,1.3521634615384615,0.04414497683811166,0.017350807608744117,0.06175655954031789
i1200,Patch_12_9mps,open_gap,100,1000,100,45943,1.4523237179487178,0.043033683304109574,0.015043642988877556,0.05946348929552788
i1200,Patch_12_9mps,open_gap,100,1000,100,45943,1.5524839743589745,0.041783378714885265,0.015489553761534228,0.060267248472113316
i1200,Patch_12_9mps,open_gap,100,1000,100,45943,1.6526442307692308,0.040508476551638826,0.014751129575666195,0.0575943008369391
i1200,Patch_12_9mps,open_gap,100,1000,100,45943,1.7528044871794872,0.03925452874310885,0.015309405702243158,0.057300239728821596
i1200,Patch_12_9mps,open_gap,100,1000,100,45943,1.8529647435897436,0.03787803192089159,0.01557126254214911,0.05490464721305707
i1200,Patch_12_9mps,open_gap,100,1000,100,45943,1.953125,0.03655068889497346,0.01642027970231577,0.05196102429319594
i1200,Patch_12_9mps,open_gap,100,1000,100,45943,2.0532852564102564,0.035355771546054765,0.015448372171365923,0.05042239945491053
i1200,Patch_12_9mps,open_gap,100,1000,100,45943,2.1534455128205128,0.0341467372128748,0.013466217116240568,0.051012302123714444
i1200,Patch_12_9mps,open_gap,100,1000,100,45943,2.253605769230769,0.03293083102459249,0.01280086292131664,0.05094860721975853
i1200,Patch_12_9mps,open_gap,100,1000,100,45943,2.3537660256410255,0.031914239861960826,0.012726478043104473,0.05008409302938616
i1200,Patch_12_9mps,open_gap,100,1000,100,45943,2.453926282051282,0.03105112321125941,0.011877646284355916,0.048995893904930324
i1200,Patch_12_9mps,open_gap,100,1000,100,45943,2.5540865384615383,0.030029169434706064,0.011987995177728663,0.04490863492102749
i1200,Patch_12_9mps,open_gap,100,1000,100,45943,2.6542467948717947,0.028811481112976902,0.012668688435350703,0.04042166119527765
i1200,Patch_12_9mps,open_gap,100,1000,100,45943,2.754407051282051,0.027618859787636483,0.011486941624966445,0.03829110711380465
i1200,Patch_12_9mps,open_gap,100,1000,100,45943,2.8545673076923075,0.02647122095256903,0.010389889316062176,0.03500050166111954
i1200,Patch_12_9mps,open_gap,100,1000,100,45943,2.9547275641025643,0.025315481841839415,0.010429967826070871,0.03216484001074886
i1200,Patch_12_9mps,open_gap,100,1000,100,45943,3.0548878205128207,0.024157723359559194,0.010024014701601943,0.03157878817637673
i1200,Patch_12_9mps,open_gap,100,1000,100,45943,3.155048076923077,0.023024641604292767,0.00954335924847658,0.03046709083586586
i1200,Patch_12_9mps,open_gap,100,1000,100,45943,3.2552083333333335,0.021985816850747943,0.00918379915032504,0.03039184644776357
i1200,Patch_12_9mps,open_gap,100,1000,100,45943,3.35536858974359,0.021099224239765832,0.0077430288113090155,0.029763863509051084
i1200,Patch_12_9mps,open_gap,100,1000,100,45943,3.4555288461538463,0.02038949594905053,0.006765775117146681,0.029238659693454426
i1200,Patch_12_9mps,open_gap,100,1000,100,45943,3.5556891025641026,0.01978034218230649,0.006656979209723969,0.030260571262587584
i1200,Patch_12_9mps,open_gap,100,1000,100,45943,3.655849358974359,0.019279439657000432,0.00699545540322072,0.02886941151754841
i1200,Patch_12_9mps,open_gap,100,1000,100,45943,3.7560096153846154,0.01882822596587341,0.007623455392666324,0.028591862771031817
i1200,Patch_12_9mps,open_gap,100,1000,100,45943,3.856169871794872,0.01851747002917028,0.006410021487896619,0.027352889086277487
i1200,Patch_12_9mps,open_gap,100,1000,100,45943,3.956330128205128,0.01820516316890861,0.005644036205671856,0.02672573596575038
i1200,Patch_12_9mps,open_gap,100,1000,100,45943,4.056490384615385,0.01805594711231889,0.0053213646299875,0.025405662092726832
i1200,Patch_12_9mps,open_gap,100,1000,100,45943,4.156650641025641,0.017978294314007784,0.006257814934925966,0.024922384783209114
i1200,Patch_12_9mps,open_gap,100,1000,100,45943,4.256810897435898,0.01801594143002033,0.0069635927884701835,0.026298961555366745
i1200,Patch_12_9mps,open_gap,100,1000,100,45943,4.356971153846154,0.01811329505607215,0.00704465297254825,0.026581458637040284
i1200,Patch_12_9mps,open_gap,100,1000,100,45943,4.457131410256411,0.018146852602646944,0.007711456031127547,0.0262185893725155
i1200,Patch_12_9mps,open_gap,100,1000,100,45943,4.557291666666667,0.018084012495532664,0.008288918485323827,0.025609834234090807
i1200,Patch_12_9mps,open_gap,100,1000,100,45943,4.657451923076923,0.017914165523564743,0.008304092106837815,0.026417233111770404
i1200,Patch_12_9mps,open_gap,100,1000,100,45943,4.75761217948718,0.017771809982349066,0.008013054509565146,0.025752824186745966
i1200,Patch_12_9mps,open_gap,100,1000,100,45943,4.857772435897436,0.01762800097361108,0.00835381913747027,0.026052061339104312
i1200,Patch_12_9mps,open_gap,100,1000,100,45943,4.9579326923076925,0.017510471935255584,0.008127365728803293,0.02630290157091803
i1200,Patch_12_9mps,open_gap,100,1000,100,45943,5.058092948717949,0.017391966916884816,0.006853523461745432,0.025023012440114352
i1200,Patch_12_9mps,open_gap,100,1000,100,45943,5.158253205128205,0.0172639759350319,0.006148406369251408,0.024523932887769738
i1200,Patch_12_9mps,open_gap,100,1000,100,45943,5.258413461538462,0.01711505844019548,0.006956119753767165,0.024279257497698783
i1200,Patch_12_9mps,open_gap,100,1000,100,45943,5.358573717948718,0.01691008164206123,0.007742847295755721,0.023589756868509344
i1200,Patch_12_9mps,open_gap,100,1000,100,45943,5.4587339743589745,0.016702582298722127,0.007342486988449556,0.023509375252344082
i1200,Patch_12_9mps,open_gap,100,1000,100,45943,5.558894230769231,0.016478964425316968,0.007454806441045183,0.02301827860984211
i1200,Patch_12_9mps,open_gap,100,1000,100,45943,5.659054487179487,0.01623856365139561,0.007574048810575662,0.022025323107912734
i1200,Patch_12_9mps,open_gap,100,1000,100,45943,5.759214743589744,0.016013113833249236,0.007095801135892366,0.02329921015847568
i1200,Patch_12_9mps,open_gap,100,1000,100,45943,5.859375,0.015769787874536333,0.0074691990296034605,0.02218837095910367
i1200,Patch_12_9mps,open_gap,100,1000,100,45943,5.959535256410256,0.015504649265272475,0.007270399182827883,0.02244744388179529
i1200,Patch_12_9mps,open_gap,100,1000,100,45943,6.059695512820513,0.01528899438468101,0.007130924050832505,0.02245089813343274
i1200,Patch_12_9mps,open_gap,100,1000,100,45943,6.159855769230769,0.015176207569655606,0.006548630436473778,0.022438093981665158
i1200,Patch_12_9mps,open_gap,100,1000,100,45943,6.2600160256410255,0.015072937131444997,0.005540685052684602,0.022468387859474408
i1200,Patch_12_9mps,open_gap,100,1000,100,45943,6.360176282051282,0.014951318567164293,0.0054289239069737925,0.022587768364837602
i1200,Patch_12_9mps,open_gap,100,1000,100,45943,6.460336538461538,0.014776987534780033,0.005478316745277526,0.02228088597127948
i1200,Patch_12_9mps,open_gap,100,1000,100,45943,6.560496794871795,0.014607369682437981,0.004763749237621426,0.02152125346675199
i1200,Patch_12_9mps,open_gap,100,1000,100,45943,6.660657051282051,0.01445803620079399,0.00538756538460013,0.020863022015202366
i1200,Patch_12_9mps,open_gap,100,1000,100,45943,6.7608173076923075,0.01430223704666945,0.005441204187740797,0.020511666084609127
i1200,Patch_12_9mps,open_gap,100,1000,100,45943,6.860977564102564,0.014145878361736322,0.0052451179434555234,0.020245760553413178
i1200,Patch_12_9mps,open_gap,100,1000,100,45943,6.96113782051282,0.013960539686463746,0.004541175065620991,0.019863271663205444
i1200,Patch_12_9mps,open_gap,100,1000,100,45943,7.061298076923077,0.013759682235391368,0.0050984736045796425,0.019003503225215324
i1200,Patch_12_9mps,open_gap,100,1000,100,45943,7.161458333333333,0.01354987024794529,0.004407040646225075,0.018339287577087734
i1200,Patch_12_9mps,open_gap,100,1000,100,45943,7.261618589743589,0.013387187817878834,0.004819256172174917,0.017904090159432385
i1200,Patch_12_9mps,open_gap,100,1000,100,45943,7.361778846153846,0.01324758418407931,0.004624221977423975,0.01846085078322128
i1200,Patch_12_9mps,open_gap,100,1000,100,45943,7.461939102564102,0.013107061688559645,0.004819846422697897,0.018836209981864645
i1200,Patch_12_9mps,open_gap,100,1000,100,45943,7.562099358974359,0.012937534317578443,0.005471301942408864,0.01919137930921258
i1200,Patch_12_9mps,open_gap,100,1000,100,45943,7.662259615384615,0.012764543448770196,0.00611919561701625,0.01851112491092227
i1200,Patch_12_9mps,open_gap,100,1000,100,45943,7.762419871794871,0.012604078085178348,0.006163290811887647,0.01803990772803061
i1200,Patch_12_9mps,open_gap,100,1000,100,45943,7.862580128205129,0.012452966523994146,0.005397528046080097,0.017287642075727538
i1200,Patch_12_9mps,open_gap,100,1000,100,45943,7.962740384615385,0.012296071811576706,0.005434766093820793,0.017174223321698174
i1200,Patch_12_9mps,open_gap,100,1000,100,45943,8.06290064102564,0.0121360246859976,0.005501829778584209,0.017254346711922993
i1200,Patch_12_9mps,open_gap,100,1000,100,45943,8.163060897435898,0.01199723187109889,0.005393015036814006,0.017059055522150184
i1200,Patch_12_9mps,open_gap,100,1000,100,45943,8.263221153846153,0.011911062537979506,0.00533734514612918,0.01694896494523505
i1200,Patch_12_9mps,open_gap,100,1000,100,45943,8.36338141025641,0.01180367241870405,0.005207292176264101,0.016707174534826022
i1200,Patch_12_9mps,open_gap,100,1000,100,45943,8.463541666666666,0.011682148942797533,0.005021211169990358,0.016549628986295896
i1200,Patch_12_9mps,open_gap,100,1000,100,45943,8.563701923076923,0.011555884323845406,0.004922624009461987,0.01650417690773332
i1200,Patch_12_9mps,open_gap,100,1000,100,45943,8.663862179487179,0.011483543056112029,0.004758404910391649,0.016445023564696924
i1200,Patch_12_9mps,open_gap,100,1000,100,45943,8.764022435897436,0.011451243236875186,0.004993581030703125,0.015981520874982655
i1200,Patch_12_9mps,open_gap,100,1000,100,45943,8.864182692307692,0.011416650904656158,0.0050735473804923905,0.015878071430002458
i1200,Patch_12_9mps,open_gap,100,1000,100,45943,8.964342948717949,0.011381648938936777,0.0051265569836401546,0.015621716772723383
i1200,Patch_12_9mps,open_gap,100,1000,100,45943,9.064503205128204,0.011336690663258897,0.00534287208406527,0.015821540844828934
i1200,Patch_12_9mps,open_gap,100,1000,100,45943,9.164663461538462,0.011280330531231047,0.005624269485869372,0.016360642328002342
i1200,Patch_12_9mps,open_gap,100,1000,100,45943,9.264823717948717,0.011209729688757527,0.006055091944520502,0.01626510733589264
i1200,Patch_12_9mps,open_gap,100,1000,100,45943,9.364983974358974,0.011118190545804197,0.006124120284800613,0.015955920463818114
i1200,Patch_12_9mps,open_gap,100,1000,100,45943,9.46514423076923,0.010963851761024825,0.006416656936320862,0.01570485088013724
i1200,Patch_12_9mps,open_gap,100,1000,100,45943,9.565304487179487,0.01072438512223391,0.006188960810214577,0.014910429375282135
i1200,Patch_12_9mps,open_gap,100,1000,100,45943,9.665464743589743,0.010445417234687211,0.005695847802984716,0.014395794260700225
i1200,Patch_12_9mps,open_gap,100,1000,100,45943,9.765625,0.010191553679101769,0.005262027231504391,0.01454374306538522
i1200,Patch_12_9mps,open_gap,100,1000,100,45943,9.865785256410257,0.009950745048596062,0.004607406680705794,0.013936583012143565
i1200,Patch_12_9mps,open_gap,100,1000,100,45943,9.965945512820513,0.00972565423156641,0.004607005618442894,0.013599391132860274
i1200,Patch_12_9mps,open_gap,500,1000,100,45943,0.05008012820512821,0.00887415894623464,0.00377198873826872,0.013170419711241504
i1200,Patch_12_9mps,open_gap,500,1000,100,45943,0.1502403846153846,0.005522065345087499,0.002483044823530409,0.007374355668992494
i1200,Patch_12_9mps,open_gap,500,1000,100,45943,0.250400641025641,0.010443092153907617,0.0036304113856456006,0.015561602851661204
i1200,Patch_12_9mps,open_gap,500,1000,100,45943,0.3505608974358974,0.014715410447579394,0.0055294219840533124,0.022532232058930002
i1200,Patch_12_9mps,open_gap,500,1000,100,45943,0.45072115384615385,0.017483567870895597,0.006708655705369071,0.026351466920968722
i1200,Patch_12_9mps,open_gap,500,1000,100,45943,0.5508814102564102,0.019521013890868234,0.007770373713043488,0.02865704699456348
i1200,Patch_12_9mps,open_gap,500,1000,100,45943,0.6510416666666666,0.02078931725076139,0.008147530496756534,0.02871345197407148
i1200,Patch_12_9mps,open_gap,500,1000,100,45943,0.7512019230769231,0.02168790973798753,0.008884482626750328,0.031956405319973985
i1200,Patch_12_9mps,open_gap,500,1000,100,45943,0.8513621794871795,0.021816366440158073,0.009414040639854217,0.03164564405054711
i1200,Patch_12_9mps,open_gap,500,1000,100,45943,0.9515224358974359,0.02139730319157979,0.010384390270761875,0.03136250853910195
i1200,Patch_12_9mps,open_gap,500,1000,100,45943,1.0516826923076923,0.02085435601653948,0.008070142879040534,0.030389572461830574
i1200,Patch_12_9mps,open_gap,500,1000,100,45943,1.1518429487179487,0.02028898474959084,0.006662172280532154,0.029238718638037973
i1200,Patch_12_9mps,open_gap,500,1000,100,45943,1.252003205128205,0.01994974978140911,0.005128303667121713,0.028770991552306436
i1200,Patch_12_9mps,open_gap,500,1000,100,45943,1.3521634615384615,0.01982124014778627,0.00551451054190553,0.027453224498480144
i1200,Patch_12_9mps,open_gap,500,1000,100,45943,1.4523237179487178,0.019779657630942492,0.00768233669652855,0.028547992490687058
i1200,Patch_12_9mps,open_gap,500,1000,100,45943,1.5524839743589745,0.019938525005369724,0.007533410943799711,0.029460771347682747
i1200,Patch_12_9mps,open_gap,500,1000,100,45943,1.6526442307692308,0.02006189343791847,0.00843743302191723,0.029584041558668683
i1200,Patch_12_9mps,open_gap,500,1000,100,45943,1.7528044871794872,0.019984906421004353,0.008024111903638224,0.02961594777673089
i1200,Patch_12_9mps,open_gap,500,1000,100,45943,1.8529647435897436,0.01981713198507444,0.00801042293727391,0.029935997468301487
i1200,Patch_12_9mps,open_gap,500,1000,100,45943,1.953125,0.019517020790076858,0.007359671734623921,0.030448907778870042
i1200,Patch_12_9mps,open_gap,500,1000,100,45943,2.0532852564102564,0.019122718245110738,0.006938423604398196,0.02887222522170765
i1200,Patch_12_9mps,open_gap,500,1000,100,45943,2.1534455128205128,0.018756684401169055,0.006464893995791881,0.028103958769312643
i1200,Patch_12_9mps,open_gap,500,1000,100,45943,2.253605769230769,0.018516708385326854,0.006506927395980869,0.026624533610031986
i1200,Patch_12_9mps,open_gap,500,1000,100,45943,2.3537660256410255,0.018462406674593968,0.0062547549561416185,0.02584638207225241
i1200,Patch_12_9mps,open_gap,500,1000,100,45943,2.453926282051282,0.01837196887483608,0.00693292745589643,0.025481366097838295
i1200,Patch_12_9mps,open_gap,500,1000,100,45943,2.5540865384615383,0.018049632544883912,0.006727501279752903,0.02503056975644191
i1200,Patch_12_9mps,open_gap,500,1000,100,45943,2.6542467948717947,0.017533206940091677,0.0069138474936098065,0.024559161706325928
i1200,Patch_12_9mps,open_gap,500,1000,100,45943,2.754407051282051,0.01694911521345421,0.006311409184952736,0.024040880901623488
i1200,Patch_12_9mps,open_gap,500,1000,100,45943,2.8545673076923075,0.01635389451327455,0.005804079650973305,0.02339874009477698
i1200,Patch_12_9mps,open_gap,500,1000,100,45943,2.9547275641025643,0.015753305831144558,0.0059263212364706105,0.0220953425506066
i1200,Patch_12_9mps,open_gap,500,1000,100,45943,3.0548878205128207,0.01510350140250248,0.005675983416241765,0.02136939035730883
i1200,Patch_12_9mps,open_gap,500,1000,100,45943,3.155048076923077,0.014435677018931982,0.005397214086289347,0.020537068318299507
i1200,Patch_12_9mps,open_gap,500,1000,100,45943,3.2552083333333335,0.013856889550131014,0.005670346759804182,0.019967231100490312
i1200,Patch_12_9mps,open_gap,500,1000,100,45943,3.35536858974359,0.013397735811108242,0.005513142531643659,0.018772641635980098
i1200,Patch_12_9mps,open_gap,500,1000,100,45943,3.4555288461538463,0.013026753618709731,0.00518175157192282,0.018356737535676345
i1200,Patch_12_9mps,open_gap,500,1000,100,45943,3.5556891025641026,0.012630568551155345,0.005123489534099325,0.017862072221439186
i1200,Patch_12_9mps,open_gap,500,1000,100,45943,3.655849358974359,0.01219731228645892,0.005058528300796814,0.017207967573888726
i1200,Patch_12_9mps,open_gap,500,1000,100,45943,3.7560096153846154,0.011842339714336658,0.004543745558696872,0.01689985779886046
i1200,Patch_12_9mps,open_gap,500,1000,100,45943,3.856169871794872,0.011527613510066103,0.004593073539549805,0.016615902964374756
i1200,Patch_12_9mps,open_gap,500,1000,100,45943,3.956330128205128,0.011138159550894852,0.004361293954318554,0.01615888761478665
i1200,Patch_12_9mps,open_gap,500,1000,100,45943,4.056490384615385,0.010749865894015678,0.004008407114869314,0.015179034648444712
i1200,Patch_12_9mps,open_gap,500,1000,100,45943,4.156650641025641,0.01046514421864161,0.003861775392796465,0.014826056287011358
i1200,Patch_12_9mps,open_gap,500,1000,100,45943,4.256810897435898,0.01027314461717706,0.0033779550878879224,0.01466147700633599
i1200,Patch_12_9mps,open_gap,500,1000,100,45943,4.356971153846154,0.010109717528048625,0.003332343220825427,0.014386449563519067
i1200,Patch_12_9mps,open_gap,500,1000,100,45943,4.457131410256411,0.009937124309524651,0.003968062413195113,0.01396647831848629
i1200,Patch_12_9mps,open_gap,500,1000,100,45943,4.557291666666667,0.009667232977925391,0.004002576228662855,0.013923853067796471
i1200,Patch_12_9mps,open_gap,500,1000,100,45943,4.657451923076923,0.009361534114517818,0.0036726822443168784,0.013489777978365196
i1200,Patch_12_9mps,open_gap,500,1000,100,45943,4.75761217948718,0.009038365791697847,0.003664129497735767,0.012883264817806283
i1200,Patch_12_9mps,open_gap,500,1000,100,45943,4.857772435897436,0.008707632326196181,0.003311359544101263,0.012026284540038776
i1200,Patch_12_9mps,open_gap,500,1000,100,45943,4.9579326923076925,0.008392905464374658,0.003230430845859147,0.011449409163065579
i1200,Patch_12_9mps,open_gap,500,1000,100,45943,5.058092948717949,0.008107763610023659,0.0035483861866324844,0.011003952615825527
i1200,Patch_12_9mps,open_gap,500,1000,100,45943,5.158253205128205,0.00778357350693706,0.003699871162656034,0.010269966725930633
i1200,Patch_12_9mps,open_gap,500,1000,100,45943,5.258413461538462,0.007452523498630358,0.003421559481983428,0.0096561973042769
i1200,Patch_12_9mps,open_gap,500,1000,100,45943,5.358573717948718,0.007153112077256112,0.003333658811457207,0.009188116002023834
i1200,Patch_12_9mps,open_gap,500,1000,100,45943,5.4587339743589745,0.006859638720819465,0.003418151635328359,0.008828380830661927
i1200,Patch_12_9mps,open_gap,500,1000,100,45943,5.558894230769231,0.0065346417852107175,0.003069692189892429,0.008550787407754695
i1200,Patch_12_9mps,open_gap,500,1000,100,45943,5.659054487179487,0.006261515309647896,0.0027214418484663265,0.00830753053065839
i1200,Patch_12_9mps,open_gap,500,1000,100,45943,5.759214743589744,0.006051664278675761,0.002579138557909483,0.008019130980895458
i1200,Patch_12_9mps,open_gap,500,1000,100,45943,5.859375,0.0059264455783772825,0.0025384923869272175,0.007850420943918723
i1200,Patch_12_9mps,open_gap,500,1000,100,45943,5.959535256410256,0.005835513997026197,0.0023025164867956334,0.007642830603312646
i1200,Patch_12_9mps,open_gap,500,1000,100,45943,6.059695512820513,0.005775515044024649,0.0023287725850522248,0.00764530617732991
i1200,Patch_12_9mps,open_gap,500,1000,100,45943,6.159855769230769,0.005758939012141668,0.002208752671931864,0.007504141384856559
i1200,Patch_12_9mps,open_gap,500,1000,100,45943,6.2600160256410255,0.005793900882517796,0.0021046451142950557,0.00781864270901845
i1200,Patch_12_9mps,open_gap,500,1000,100,45943,6.360176282051282,0.005854890130042475,0.002625133421636884,0.008047925692233488
i1200,Patch_12_9mps,open_gap,500,1000,100,45943,6.460336538461538,0.005922114072694262,0.002558825178980128,0.008463346567609935
i1200,Patch_12_9mps,open_gap,500,1000,100,45943,6.560496794871795,0.005976700148162315,0.0026848207210242044,0.008671281282133875
i1200,Patch_12_9mps,open_gap,500,1000,100,45943,6.660657051282051,0.0060396467008896546,0.0026982460420728726,0.008981762150090928
i1200,Patch_12_9mps,open_gap,500,1000,100,45943,6.7608173076923075,0.006095219293528017,0.0027393263834765524,0.0090919178539601
i1200,Patch_12_9mps,open_gap,500,1000,100,45943,6.860977564102564,0.006110646387519759,0.002695719215131962,0.008986841454352381
i1200,Patch_12_9mps,open_gap,500,1000,100,45943,6.96113782051282,0.006106281168555645,0.0026428117822584244,0.008948922275008455
i1200,Patch_12_9mps,open_gap,500,1000,100,45943,7.061298076923077,0.006069952352200639,0.0025298063109607176,0.009088779324439297
i1200,Patch_12_9mps,open_gap,500,1000,100,45943,7.161458333333333,0.006006722208538877,0.002291515854678308,0.00912346578148714
i1200,Patch_12_9mps,open_gap,500,1000,100,45943,7.261618589743589,0.005934111974779952,0.002180491784234553,0.00916801416435143
i1200,Patch_12_9mps,open_gap,500,1000,100,45943,7.361778846153846,0.005871247282893841,0.0022408796066050113,0.009127237236631832
i1200,Patch_12_9mps,open_gap,500,1000,100,45943,7.461939102564102,0.005782060205071141,0.002110593907139213,0.008794939447478894
i1200,Patch_12_9mps,open_gap,500,1000,100,45943,7.562099358974359,0.005654559050472504,0.0019609140147259056,0.008576151410986336
i1200,Patch_12_9mps,open_gap,500,1000,100,45943,7.662259615384615,0.005531230057115981,0.001983217324504184,0.008542322593035827
i1200,Patch_12_9mps,open_gap,500,1000,100,45943,7.762419871794871,0.005398489231929802,0.00175660936786133,0.008215966547175529
i1200,Patch_12_9mps,open_gap,500,1000,100,45943,7.862580128205129,0.005270856087331786,0.0017585435873344274,0.007915014693535501
i1200,Patch_12_9mps,open_gap,500,1000,100,45943,7.962740384615385,0.0051455822120964785,0.0018300775630867025,0.00759292423923942
i1200,Patch_12_9mps,open_gap,500,1000,100,45943,8.06290064102564,0.005039220486457434,0.0017059254904124338,0.007335108859284896
i1200,Patch_12_9mps,open_gap,500,1000,100,45943,8.163060897435898,0.004963612702962768,0.001609423812500301,0.0071919867165266445
i1200,Patch_12_9mps,open_gap,500,1000,100,45943,8.263221153846153,0.004918715768005559,0.0017167638877455173,0.0072348363625950015
i1200,Patch_12_9mps,open_gap,500,1000,100,45943,8.36338141025641,0.004897204503598366,0.0015558791800884101,0.007267592995163865
i1200,Patch_12_9mps,open_gap,500,1000,100,45943,8.463541666666666,0.004883318149548507,0.0017403146643180062,0.007082380506397406
i1200,Patch_12_9mps,open_gap,500,1000,100,45943,8.563701923076923,0.004830778082409227,0.0017100103455493934,0.006898300087050151
i1200,Patch_12_9mps,open_gap,500,1000,100,45943,8.663862179487179,0.004754933465349467,0.001681512534887734,0.006935503506168849
i1200,Patch_12_9mps,open_gap,500,1000,100,45943,8.764022435897436,0.0047288825123471875,0.001703761597532545,0.006675442854492352
i1200,Patch_12_9mps,open_gap,500,1000,100,45943,8.864182692307692,0.004739085982599673,0.0018597265696512902,0.006808235502380694
i1200,Patch_12_9mps,open_gap,500,1000,100,45943,8.964342948717949,0.0047576147475527925,0.0019596539849676244,0.00666160320922246
i1200,Patch_12_9mps,open_gap,500,1000,100,45943,9.064503205128204,0.0047665740712183585,0.0021875968176224576,0.006781462420268633
i1200,Patch_12_9mps,open_gap,500,1000,100,45943,9.164663461538462,0.004753656826703971,0.0023235034725293535,0.006567258594276291
i1200,Patch_12_9mps,open_gap,500,1000,100,45943,9.264823717948717,0.004719553425588805,0.0024044381283469503,0.0064098694174575845
i1200,Patch_12_9mps,open_gap,500,1000,100,45943,9.364983974358974,0.00468664596013961,0.002393885391931848,0.006536463970747395
i1200,Patch_12_9mps,open_gap,500,1000,100,45943,9.46514423076923,0.004652794876281806,0.002223330818613537,0.006424126804270916
i1200,Patch_12_9mps,open_gap,500,1000,100,45943,9.565304487179487,0.004601773752609985,0.002160957290951697,0.006430847153973592
i1200,Patch_12_9mps,open_gap,500,1000,100,45943,9.665464743589743,0.004505461065017826,0.0020706486702026993,0.0063635136761016125
i1200,Patch_12_9mps,open_gap,500,1000,100,45943,9.765625,0.004356381275238094,0.0019608305160089814,0.006034160423827217
i1200,Patch_12_9mps,open_gap,500,1000,100,45943,9.865785256410257,0.004238710569070015,0.0018246111652381047,0.006097369676280183
i1200,Patch_12_9mps,open_gap,500,1000,100,45943,9.965945512820513,0.004166187907368444,0.001816760362836638,0.005793809136343904
i800,Patch_8_9mps,forested,1,1000,100,19460,0.05008012820512821,0.7923692950627921,0.3510331432767949,0.8905230495931911
i800,Patch_8_9mps,forested,1,1000,100,19460,0.1502403846153846,0.6938088029854316,0.27625327026722973,0.8605497665044318
i800,Patch_8_9mps,forested,1,1000,100,19460,0.250400641025641,0.7046039940608074,0.2443774980791655,0.7434174695647878
i800,Patch_8_9mps,forested,1,1000,100,19460,0.3505608974358974,0.6301132659447535,0.23979443569622613,0.781861376839091
i800,Patch_8_9mps,forested,1,1000,100,19460,0.45072115384615385,0.47902571357488016,0.12100027133638293,0.6710925832424739
i800,Patch_8_9mps,forested,1,1000,100,19460,0.5508814102564102,0.38223903649347063,0.09013698705575576,0.6030313211919308
i800,Patch_8_9mps,forested,1,1000,100,19460,0.6510416666666666,0.3051077565834018,0.09058470125441713,0.4349720482786984
i800,Patch_8_9mps,forested,1,1000,100,19460,0.7512019230769231,0.24720468500895812,0.0873679896833191,0.3618867397758248
i800,Patch_8_9mps,forested,1,1000,100,19460,0.8513621794871795,0.21598967421674128,0.06822423829985906,0.3420979580084072
i800,Patch_8_9mps,forested,1,1000,100,19460,0.9515224358974359,0.2040151240086271,0.06840498838711181,0.3212026631578794
i800,Patch_8_9mps,forested,1,1000,100,19460,1.0516826923076923,0.20239564286432835,0.05383036346020155,0.303392108010372
i800,Patch_8_9mps,forested,1,1000,100,19460,1.1518429487179487,0.21312833256499764,0.0658550291688701,0.2998164445059761
i800,Patch_8_9mps,forested,1,1000,100,19460,1.252003205128205,0.22558332325280625,0.07004480286307836,0.32381457612197717
i800,Patch_8_9mps,forested,1,1000,100,19460,1.3521634615384615,0.24192008400682838,0.08156788043863762,0.33348890100610873
i800,Patch_8_9mps,forested,1,1000,100,19460,1.4523237179487178,0.25701397089608025,0.08049761059227652,0.3390600113809952
i800,Patch_8_9mps,forested,1,1000,100,19460,1.5524839743589745,0.2689805539504718,0.09561373140014436,0.33606912753525225
i800,Patch_8_9mps,forested,1,1000,100,19460,1.6526442307692308,0.28140194147505143,0.12842934756882876,0.34573623322235963
i800,Patch_8_9mps,forested,1,1000,100,19460,1.7528044871794872,0.2893982488882179,0.14192968979621895,0.38124153486295376
i800,Patch_8_9mps,forested,1,1000,100,19460,1.8529647435897436,0.2991797567125133,0.13911048947364865,0.42650544670261137
i800,Patch_8_9mps,forested,1,1000,100,19460,1.953125,0.3056402176099069,0.13978738745890573,0.4609909047562025
i800,Patch_8_9mps,forested,1,1000,100,19460,2.0532852564102564,0.30847971361467286,0.11664933189990448,0.4809509845667658
i800,Patch_8_9mps,forested,1,1000,100,19460,2.1534455128205128,0.31248294458761405,0.13714818526920206,0.5046293313848599
i800,Patch_8_9mps,forested,1,1000,100,19460,2.253605769230769,0.3165096378972378,0.1446478671345105,0.4769357710577757
i800,Patch_8_9mps,forested,1,1000,100,19460,2.3537660256410255,0.31850529750551354,0.14890612803979864,0.4565054175256741
i800,Patch_8_9mps,forested,1,1000,100,19460,2.453926282051282,0.31931012390967206,0.15732713337652723,0.4642494201593431
i800,Patch_8_9mps,forested,1,1000,100,19460,2.5540865384615383,0.3197712278421909,0.15826321079053962,0.44264829985590876
i800,Patch_8_9mps,forested,1,1000,100,19460,2.6542467948717947,0.31775113012055245,0.1747772037889223,0.44274375131456534
i800,Patch_8_9mps,forested,1,1000,100,19460,2.754407051282051,0.3142191222632893,0.1555063459299158,0.43391676731639356
i800,Patch_8_9mps,forested,1,1000,100,19460,2.8545673076923075,0.3086248345479691,0.16256500857231757,0.43468419147640647
i800,Patch_8_9mps,forested,1,1000,100,19460,2.9547275641025643,0.30386921398751243,0.1377001316623058,0.4350956623493252
i800,Patch_8_9mps,forested,1,1000,100,19460,3.0548878205128207,0.29734552850332885,0.1247394292882508,0.4239674311284384
i800,Patch_8_9mps,forested,1,1000,100,19460,3.155048076923077,0.29030309373995505,0.12771349063108312,0.41273948252500653
i800,Patch_8_9mps,forested,1,1000,100,19460,3.2552083333333335,0.2856208065230798,0.1219822336638615,0.4051221676200892
i800,Patch_8_9mps,forested,1,1000,100,19460,3.35536858974359,0.278612941868302,0.12492399492994126,0.3852237409943795
i800,Patch_8_9mps,forested,1,1000,100,19460,3.4555288461538463,0.26985293742955924,0.14550106166464172,0.38245551105227904
i800,Patch_8_9mps,forested,1,1000,100,19460,3.5556891025641026,0.2615834856266292,0.14151951768643217,0.388986760004953
i800,Patch_8_9mps,forested,1,1000,100,19460,3.655849358974359,0.2534967130231778,0.14135447433144838,0.36110835712393796
i800,Patch_8_9mps,forested,1,1000,100,19460,3.7560096153846154,0.24523924100044384,0.11703798280111095,0.35535254378590947
i800,Patch_8_9mps,forested,1,1000,100,19460,3.856169871794872,0.23559996654887214,0.09740620283549628,0.3428932004374677
i800,Patch_8_9mps,forested,1,1000,100,19460,3.956330128205128,0.22560877260401735,0.10800014843805279,0.31855831296883486
i800,Patch_8_9mps,forested,1,1000,100,19460,4.056490384615385,0.21674938963740029,0.10422820915457219,0.30874857262919847
i800,Patch_8_9mps,forested,1,1000,100,19460,4.156650641025641,0.20844306451301686,0.10235630810046131,0.3008660106290097
i800,Patch_8_9mps,forested,1,1000,100,19460,4.256810897435898,0.2028306121412555,0.09671420054146915,0.28500554823963037
i800,Patch_8_9mps,forested,1,1000,100,19460,4.356971153846154,0.19677399704044946,0.09968672110631631,0.27331343948043413
i800,Patch_8_9mps,forested,1,1000,100,19460,4.457131410256411,0.19048065599923672,0.09971766194604206,0.2655300820140601
i800,Patch_8_9mps,forested,1,1000,100,19460,4.557291666666667,0.18485583492060076,0.10020690759901252,0.2610348449134623
i800,Patch_8_9mps,forested,1,1000,100,19460,4.657451923076923,0.17884995163725698,0.09507603001425549,0.25312552872459193
i800,Patch_8_9mps,forested,1,1000,100,19460,4.75761217948718,0.17313806791523764,0.09706699409880858,0.2423876192538029
i800,Patch_8_9mps,forested,1,1000,100,19460,4.857772435897436,0.16814254559713465,0.08809069641692133,0.23204924938453833
i800,Patch_8_9mps,forested,1,1000,100,19460,4.9579326923076925,0.1634154322465484,0.08527107669121732,0.22422563147104385
i800,Patch_8_9mps,forested,1,1000,100,19460,5.058092948717949,0.15887964942821536,0.08533230149077202,0.21536603566626594
i800,Patch_8_9mps,forested,1,1000,100,19460,5.158253205128205,0.15504749063398837,0.0864676912797156,0.20580535276643608
i800,Patch_8_9mps,forested,1,1000,100,19460,5.258413461538462,0.1514142920114012,0.07988200997836215,0.1966477977943431
i800,Patch_8_9mps,forested,1,1000,100,19460,5.358573717948718,0.14784849149937535,0.07717513180520891,0.18722524182019312
i800,Patch_8_9mps,forested,1,1000,100,19460,5.4587339743589745,0.14475766807252805,0.07514703910607484,0.18323784868402168
i800,Patch_8_9mps,forested,1,1000,100,19460,5.558894230769231,0.1421314593781071,0.07279303104806245,0.18365620259870313
i800,Patch_8_9mps,forested,1,1000,100,19460,5.659054487179487,0.1396893607237642,0.06952916820093194,0.18404420930498783
i800,Patch_8_9mps,forested,1,1000,100,19460,5.759214743589744,0.13789928392692966,0.0630842609296304,0.17672650691144848
i800,Patch_8_9mps,forested,1,1000,100,19460,5.859375,0.13660423295807284,0.061603215964833674,0.17709490223236124
i800,Patch_8_9mps,forested,1,1000,100,19460,5.959535256410256,0.13535003144098073,0.06367653241002907,0.1777258669479459
i800,Patch_8_9mps,forested,1,1000,100,19460,6.059695512820513,0.1339905558635324,0.06608331237769724,0.1699015014460588
i800,Patch_8_9mps,forested,1,1000,100,19460,6.159855769230769,0.1323881869612828,0.06344465192030395,0.1649254820018048
i800,Patch_8_9mps,forested,1,1000,100,19460,6.2600160256410255,0.13053456020519336,0.06375339589905449,0.1718060651506606
i800,Patch_8_9mps,forested,1,1000,100,19460,6.360176282051282,0.12848550971398176,0.05839386254175639,0.1816149912131444
i800,Patch_8_9mps,forested,1,1000,100,19460,6.460336538461538,0.12666251025840058,0.05398791648141616,0.18973502106543444
i800,Patch_8_9mps,forested,1,1000,100,19460,6.560496794871795,0.12519366515085298,0.055162181636939187,0.19356929926264568
i800,Patch_8_9mps,forested,1,1000,100,19460,6.660657051282051,0.12413014452665667,0.050668149785119215,0.19594435080239847
i800,Patch_8_9mps,forested,1,1000,100,19460,6.7608173076923075,0.12285397059335809,0.045441699367604026,0.1949277891542668
i800,Patch_8_9mps,forested,1,1000,100,19460,6.860977564102564,0.12143302573738385,0.04382773599293908,0.19089295446840535
i800,Patch_8_9mps,forested,1,1000,100,19460,6.96113782051282,0.11986453173472947,0.038841941567650654,0.1907074881875403
i800,Patch_8_9mps,forested,1,1000,100,19460,7.061298076923077,0.11837422801823495,0.03251428989177191,0.18257669592755887
i800,Patch_8_9mps,forested,1,1000,100,19460,7.161458333333333,0.11642943184814548,0.028019763635640592,0.17913782433399617
i800,Patch_8_9mps,forested,1,1000,100,19460,7.261618589743589,0.11453355964529573,0.02786785155052247,0.17250437047325104
i800,Patch_8_9mps,forested,1,1000,100,19460,7.361778846153846,0.11304000557611393,0.028895672000409177,0.1723323382803453
i800,Patch_8_9mps,forested,1,1000,100,19460,7.461939102564102,0.1125339344958069,0.03163668839003602,0.16806138598344406
i800,Patch_8_9mps,forested,1,1000,100,19460,7.562099358974359,0.11232776795640215,0.030513374114736133,0.17322784684345255
i800,Patch_8_9mps,forested,1,1000,100,19460,7.662259615384615,0.1117632982471637,0.029924870431077232,0.16829993852423145
i800,Patch_8_9mps,forested,1,1000,100,19460,7.762419871794871,0.11089849855227252,0.032949920146321934,0.1655499555702994
i800,Patch_8_9mps,forested,1,1000,100,19460,7.862580128205129,0.10983858133498021,0.0321098129761115,0.16178865455855196
i800,Patch_8_9mps,forested,1,1000,100,19460,7.962740384615385,0.1089939285239925,0.03548022633271881,0.15719440434569465
i800,Patch_8_9mps,forested,1,1000,100,19460,8.06290064102564,0.10863210729654299,0.038863575798163366,0.1584884995582169
i800,Patch_8_9mps,forested,1,1000,100,19460,8.163060897435898,0.10810891569659126,0.03631027125860201,0.16474777512402078
i800,Patch_8_9mps,forested,1,1000,100,19460,8.263221153846153,0.10707601123660719,0.03827899994606194,0.1684695840430937
i800,Patch_8_9mps,forested,1,1000,100,19460,8.36338141025641,0.10553879812118762,0.03784931822525858,0.163869642092383
i800,Patch_8_9mps,forested,1,1000,100,19460,8.463541666666666,0.1039958676531456,0.03583614996863496,0.1556285608633973
i800,Patch_8_9mps,forested,1,1000,100,19460,8.563701923076923,0.10271131576700437,0.03786897919557192,0.16001814705453882
i800,Patch_8_9mps,forested,1,1000,100,19460,8.663862179487179,0.10196074056308885,0.03712593359024678,0.16119101029048197
i800,Patch_8_9mps,forested,1,1000,100,19460,8.764022435897436,0.10169560692672464,0.03878366330730117,0.16418319976648196
i800,Patch_8_9mps,forested,1,1000,100,19460,8.864182692307692,0.10185831944089008,0.04119118902982126,0.16095867139089415
i800,Patch_8_9mps,forested,1,1000,100,19460,8.964342948717949,0.10244987232032816,0.04096269890587904,0.15873529308334117
i800,Patch_8_9mps,forested,1,1000,100,19460,9.064503205128204,0.10308854963774343,0.043097000471620184,0.15934747230152008
i800,Patch_8_9mps,forested,1,1000,100,19460,9.164663461538462,0.10367373920271715,0.04232327733575504,0.16124755215733239
i800,Patch_8_9mps,forested,1,1000,100,19460,9.264823717948717,0.10429516832561825,0.04436826458576751,0.16005355853208478
i800,Patch_8_9mps,forested,1,1000,100,19460,9.364983974358974,0.10488047270114272,0.04588312498097996,0.15701505096457125
i800,Patch_8_9mps,forested,1,1000,100,19460,9.46514423076923,0.10549226264896899,0.04879292457756833,0.14969168563036653
i800,Patch_8_9mps,forested,1,1000,100,19460,9.565304487179487,0.10603346174970289,0.046821850659694554,0.1449887724361775
i800,Patch_8_9mps,forested,1,1000,100,19460,9.665464743589743,0.1065116656534618,0.04368851606013469,0.1444499853163831
i800,Patch_8_9mps,forested,1,1000,100,19460,9.765625,0.10686230065954895,0.038591942178088645,0.14802109856269907
i800,Patch_8_9mps,forested,1,1000,100,19460,9.865785256410257,0.10692347566833177,0.04129374353114809,0.15051420671533355
i800,Patch_8_9mps,forested,1,1000,100,19460,9.965945512820513,0.10652223163855506,0.04593159886121971,0.1538452216247116
i800,Patch_8_9mps,forested,10,1000,100,19460,0.05008012820512821,0.21929272718721204,0.06730595226364584,0.2905645638585318
i800,Patch_8_9mps,forested,10,1000,100,19460,0.1502403846153846,0.23913588616696302,0.09476680836135946,0.3458665093621937
i800,Patch_8_9mps,forested,10,1000,100,19460,0.250400641025641,0.2769986615943293,0.09790573369153502,0.3844151310336212
i800,Patch_8_9mps,forested,10,1000,100,19460,0.3505608974358974,0.260053451664743,0.12168482371825559,0.3506117189099271
i800,Patch_8_9mps,forested,10,1000,100,19460,0.45072115384615385,0.18620477784549766,0.07469776566401473,0.259523651770402
i800,Patch_8_9mps,forested,10,1000,100,19460,0.5508814102564102,0.14400265586341182,0.050763348470859206,0.20135610326772035
i800,Patch_8_9mps,forested,10,1000,100,19460,0.6510416666666666,0.11514689744507663,0.04814270263556254,0.17080490610582716
i800,Patch_8_9mps,forested,10,1000,100,19460,0.7512019230769231,0.09170612676302073,0.03613808263745552,0.1343388263914319
i800,Patch_8_9mps,forested,10,1000,100,19460,0.8513621794871795,0.08173725759316547,0.03223962579596168,0.1195976681960747
i800,Patch_8_9mps,forested,10,1000,100,19460,0.9515224358974359,0.07578802962863414,0.03152860395040563,0.11145673458292746
i800,Patch_8_9mps,forested,10,1000,100,19460,1.0516826923076923,0.07294409815722074,0.028996369274863168,0.10956998862812031
i800,Patch_8_9mps,forested,10,1000,100,19460,1.1518429487179487,0.07513677707444776,0.03363234804094739,0.1102222609489795
i800,Patch_8_9mps,forested,10,1000,100,19460,1.252003205128205,0.08060001626042981,0.03491867091489069,0.12616985611620876
i800,Patch_8_9mps,forested,10,1000,100,19460,1.3521634615384615,0.08603943555482217,0.036470319983645555,0.12824023578413513
i800,Patch_8_9mps,forested,10,1000,100,19460,1.4523237179487178,0.0890164039289521,0.03756749370989379,0.1318880239823205
i800,Patch_8_9mps,forested,10,1000,100,19460,1.5524839743589745,0.0910468982305005,0.038332788623181555,0.1324161257505947
i800,Patch_8_9mps,forested,10,1000,100,19460,1.6526442307692308,0.09294703239619524,0.04133300171064379,0.1273715747160503
i800,Patch_8_9mps,forested,10,1000,100,19460,1.7528044871794872,0.09622460304364722,0.04766851282037325,0.13336372597247925
i800,Patch_8_9mps,forested,10,1000,100,19460,1.8529647435897436,0.09707091264139063,0.043855460601978515,0.13306089370849358
i800,Patch_8_9mps,forested,10,1000,100,19460,1.953125,0.0967010747976885,0.0438782988643763,0.13453999271681255
i800,Patch_8_9mps,forested,10,1000,100,19460,2.0532852564102564,0.09628124020226413,0.048283267396670486,0.13494937865369688
i800,Patch_8_9mps,forested,10,1000,100,19460,2.1534455128205128,0.09567886834688555,0.04803695115713395,0.12956513917117962
i800,Patch_8_9mps,forested,10,1000,100,19460,2.253605769230769,0.09548959514945428,0.048849777142663905,0.1251614249103254
i800,Patch_8_9mps,forested,10,1000,100,19460,2.3537660256410255,0.0953606194383393,0.04510367293398157,0.12476357981276824
i800,Patch_8_9mps,forested,10,1000,100,19460,2.453926282051282,0.09536577655904635,0.05218621773321308,0.12908455641695193
i800,Patch_8_9mps,forested,10,1000,100,19460,2.5540865384615383,0.09503422388189935,0.050155258119744625,0.12982821997385785
i800,Patch_8_9mps,forested,10,1000,100,19460,2.6542467948717947,0.09410192631077026,0.04538282099777602,0.1278906188095673
i800,Patch_8_9mps,forested,10,1000,100,19460,2.754407051282051,0.09223281217152084,0.042487968599507084,0.12802206128481186
i800,Patch_8_9mps,forested,10,1000,100,19460,2.8545673076923075,0.08953937268501734,0.036479875353358476,0.1336533531622231
i800,Patch_8_9mps,forested,10,1000,100,19460,2.9547275641025643,0.08770082225408787,0.033912501765520006,0.12653461903786345
i800,Patch_8_9mps,forested,10,1000,100,19460,3.0548878205128207,0.08555540286027753,0.035180984749122485,0.12265900578092293
i800,Patch_8_9mps,forested,10,1000,100,19460,3.155048076923077,0.08343055294459051,0.03444707817673972,0.11753157227834411
i800,Patch_8_9mps,forested,10,1000,100,19460,3.2552083333333335,0.08094934164039584,0.038407615347871515,0.1193220122312516
i800,Patch_8_9mps,forested,10,1000,100,19460,3.35536858974359,0.07811900087464711,0.03473678839590213,0.11708953154587196
i800,Patch_8_9mps,forested,10,1000,100,19460,3.4555288461538463,0.07504483092425197,0.03293457508962849,0.11165178781099089
i800,Patch_8_9mps,forested,10,1000,100,19460,3.5556891025641026,0.07212197335647391,0.031975733302006204,0.10361355114113628
i800,Patch_8_9mps,forested,10,1000,100,19460,3.655849358974359,0.06902634385015205,0.030065563759847223,0.10188178466472422
i800,Patch_8_9mps,forested,10,1000,100,19460,3.7560096153846154,0.066099469726557,0.025844978836630943,0.09751956544344723
i800,Patch_8_9mps,forested,10,1000,100,19460,3.856169871794872,0.0632345004578692,0.022960437308025026,0.09461152836051366
i800,Patch_8_9mps,forested,10,1000,100,19460,3.956330128205128,0.06072745904054707,0.023305714386523013,0.09392785068811227
i800,Patch_8_9mps,forested,10,1000,100,19460,4.056490384615385,0.058297852466273635,0.021210674827499817,0.09088797555078225
i800,Patch_8_9mps,forested,10,1000,100,19460,4.156650641025641,0.05584445595446776,0.01821835388892531,0.08511704066166839
i800,Patch_8_9mps,forested,10,1000,100,19460,4.256810897435898,0.054016163540723604,0.01644804192353597,0.08049186572353433
i800,Patch_8_9mps,forested,10,1000,100,19460,4.356971153846154,0.052416682652024094,0.019500092443661222,0.07980478675324734
i800,Patch_8_9mps,forested,10,1000,100,19460,4.457131410256411,0.05121837677997153,0.017729603190349906,0.08002174296879687
i800,Patch_8_9mps,forested,10,1000,100,19460,4.557291666666667,0.050231948745896024,0.01623624403711125,0.0759709689794578
i800,Patch_8_9mps,forested,10,1000,100,19460,4.657451923076923,0.0493218930801744,0.015889540397475047,0.07215930264842414
i800,Patch_8_9mps,forested,10,1000,100,19460,4.75761217948718,0.04876602307529762,0.01504467710663589,0.06711343087821653
i800,Patch_8_9mps,forested,10,1000,100,19460,4.857772435897436,0.04849301541737505,0.015365509450176076,0.06804930079115895
i800,Patch_8_9mps,forested,10,1000,100,19460,4.9579326923076925,0.048280256412889536,0.017024604234319392,0.07109556700134147
i800,Patch_8_9mps,forested,10,1000,100,19460,5.058092948717949,0.04799593007191257,0.01661242476625416,0.07442203990689576
i800,Patch_8_9mps,forested,10,1000,100,19460,5.158253205128205,0.0476795037088048,0.017124445023548693,0.0764193662950011
i800,Patch_8_9mps,forested,10,1000,100,19460,5.258413461538462,0.04736124566143907,0.01876138125493678,0.07692099315845807
i800,Patch_8_9mps,forested,10,1000,100,19460,5.358573717948718,0.04734647179259043,0.01842326648132088,0.07543889736949315
i800,Patch_8_9mps,forested,10,1000,100,19460,5.4587339743589745,0.04740435627276525,0.02076496716246538,0.0734133290922229
i800,Patch_8_9mps,forested,10,1000,100,19460,5.558894230769231,0.04727050381667352,0.0220657664648529,0.07114782805813984
i800,Patch_8_9mps,forested,10,1000,100,19460,5.659054487179487,0.04695805636483849,0.020990132819395206,0.06869095416155101
i800,Patch_8_9mps,forested,10,1000,100,19460,5.759214743589744,0.046590518638198415,0.019723564913580398,0.06698006926312353
i800,Patch_8_9mps,forested,10,1000,100,19460,5.859375,0.04624114306710091,0.01905712588969274,0.06619720302180707
i800,Patch_8_9mps,forested,10,1000,100,19460,5.959535256410256,0.04584229344426837,0.01821893978685855,0.06570233773197635
i800,Patch_8_9mps,forested,10,1000,100,19460,6.059695512820513,0.045391375269060265,0.019330818986112837,0.06669859158669175
i800,Patch_8_9mps,forested,10,1000,100,19460,6.159855769230769,0.044988014214479025,0.019662107482372577,0.06458971207776161
i800,Patch_8_9mps,forested,10,1000,100,19460,6.2600160256410255,0.044553754773204945,0.017560182446447074,0.06395289811957384
i800,Patch_8_9mps,forested,10,1000,100,19460,6.360176282051282,0.04417708427845033,0.016298096198062807,0.060727747593506964
i800,Patch_8_9mps,forested,10,1000,100,19460,6.460336538461538,0.043938571830843466,0.01592004785216778,0.05977604282779805
i800,Patch_8_9mps,forested,10,1000,100,19460,6.560496794871795,0.04384398802252558,0.01788867487445964,0.06042673069595999
i800,Patch_8_9mps,forested,10,1000,100,19460,6.660657051282051,0.043905085138124626,0.01935495787957263,0.05987312691041903
i800,Patch_8_9mps,forested,10,1000,100,19460,6.7608173076923075,0.044083950299739154,0.01897193862476225,0.0591876013997562
i800,Patch_8_9mps,forested,10,1000,100,19460,6.860977564102564,0.04426391392599162,0.017338510152930683,0.06070481160570694
i800,Patch_8_9mps,forested,10,1000,100,19460,6.96113782051282,0.044346215606662825,0.018036511965275566,0.05970127206936511
i800,Patch_8_9mps,forested,10,1000,100,19460,7.061298076923077,0.04429937510730842,0.018800895793661523,0.0612481571552783
i800,Patch_8_9mps,forested,10,1000,100,19460,7.161458333333333,0.04424061647150752,0.018635246037839157,0.06038033574956809
i800,Patch_8_9mps,forested,10,1000,100,19460,7.261618589743589,0.044196523143633405,0.02072154839915624,0.058199556552335954
i800,Patch_8_9mps,forested,10,1000,100,19460,7.361778846153846,0.04423544223997959,0.020313150117004304,0.05968976405308195
i800,Patch_8_9mps,forested,10,1000,100,19460,7.461939102564102,0.04438822694110154,0.019798303959097294,0.06088671420426043
i800,Patch_8_9mps,forested,10,1000,100,19460,7.562099358974359,0.044530124391749644,0.021000572278718436,0.06088331471586121
i800,Patch_8_9mps,forested,10,1000,100,19460,7.662259615384615,0.04457552760155058,0.0214724911550667,0.06018869667537352
i800,Patch_8_9mps,forested,10,1000,100,19460,7.762419871794871,0.04437911719517214,0.02023442907465744,0.06217066675421612
i800,Patch_8_9mps,forested,10,1000,100,19460,7.862580128205129,0.04403953386598645,0.021211179117717173,0.06354117374524439
i800,Patch_8_9mps,forested,10,1000,100,19460,7.962740384615385,0.043746572986495466,0.020672004170158496,0.06422884181722058
i800,Patch_8_9mps,forested,10,1000,100,19460,8.06290064102564,0.043493905611291205,0.02232228673296758,0.06366049464732948
i800,Patch_8_9mps,forested,10,1000,100,19460,8.163060897435898,0.04315450116394001,0.023004602464437664,0.06463480366016801
i800,Patch_8_9mps,forested,10,1000,100,19460,8.263221153846153,0.042724961216807786,0.023402085885406702,0.06248760681799288
i800,Patch_8_9mps,forested,10,1000,100,19460,8.36338141025641,0.042249866992678554,0.02185068474938516,0.06041706335793566
i800,Patch_8_9mps,forested,10,1000,100,19460,8.463541666666666,0.0416307956657362,0.0207642361948473,0.059798794809941505
i800,Patch_8_9mps,forested,10,1000,100,19460,8.563701923076923,0.04097088532316416,0.018979989456764337,0.05899020664749709
i800,Patch_8_9mps,forested,10,1000,100,19460,8.663862179487179,0.040378927568418384,0.019523323310760933,0.057325525902686435
i800,Patch_8_9mps,forested,10,1000,100,19460,8.764022435897436,0.03976051341813535,0.01762962486875085,0.05783972280383524
i800,Patch_8_9mps,forested,10,1000,100,19460,8.864182692307692,0.039150697676607026,0.016490394916004958,0.055541140523449155
i800,Patch_8_9mps,forested,10,1000,100,19460,8.964342948717949,0.038670101753371836,0.017144751573828783,0.054620441429464595
i800,Patch_8_9mps,forested,10,1000,100,19460,9.064503205128204,0.03822752749652299,0.016840210378158256,0.05371003876959208
i800,Patch_8_9mps,forested,10,1000,100,19460,9.164663461538462,0.03771314536214303,0.014671315390785237,0.0556900043285214
i800,Patch_8_9mps,forested,10,1000,100,19460,9.264823717948717,0.037296595133043314,0.015286282545436373,0.05693236394686257
i800,Patch_8_9mps,forested,10,1000,100,19460,9.364983974358974,0.037008414288759936,0.015760805425259303,0.054716324522647894
i800,Patch_8_9mps,forested,10,1000,100,19460,9.46514423076923,0.03684415564612542,0.014587892744632968,0.054768421438008405
i800,Patch_8_9mps,forested,10,1000,100,19460,9.565304487179487,0.03660039429083062,0.014339397734624825,0.055245561978434866
i800,Patch_8_9mps,forested,10,1000,100,19460,9.665464743589743,0.03622053854872136,0.014433263306050624,0.05553112301812248
i800,Patch_8_9mps,forested,10,1000,100,19460,9.765625,0.03590930983013789,0.013332358852349143,0.05531254220383728
i800,Patch_8_9mps,forested,10,1000,100,19460,9.865785256410257,0.0356321981869379,0.012242887741268627,0.054227364455922626
i800,Patch_8_9mps,forested,10,1000,100,19460,9.965945512820513,0.03539230447147142,0.010838017045731344,0.05458893847792543
i800,Patch_8_9mps,forested,50,1000,100,19460,0.05008012820512821,0.13549966716061126,0.06405248074259215,0.18485876664762313
i800,Patch_8_9mps,forested,50,1000,100,19460,0.1502403846153846,0.11679571642006932,0.05794800831131926,0.16726255153393177
i800,Patch_8_9mps,forested,50,1000,100,19460,0.250400641025641,0.13627723185791674,0.06537929346811888,0.18527800096215086
i800,Patch_8_9mps,forested,50,1000,100,19460,0.3505608974358974,0.11463044905772633,0.05114123364478501,0.1665230550242812
i800,Patch_8_9mps,forested,50,1000,100,19460,0.45072115384615385,0.08006031399033424,0.03384968874534159,0.10940082494191407
i800,Patch_8_9mps,forested,50,1000,100,19460,0.5508814102564102,0.06110337177725196,0.01839123290995313,0.09895574937740298
i800,Patch_8_9mps,forested,50,1000,100,19460,0.6510416666666666,0.049899939955124074,0.01600482782122653,0.07775305352928877
i800,Patch_8_9mps,forested,50,1000,100,19460,0.7512019230769231,0.044441131856895355,0.019758782853523657,0.06062715236900614
i800,Patch_8_9mps,forested,50,1000,100,19460,0.8513621794871795,0.04097128574856176,0.015703124461848697,0.05360791170107623
i800,Patch_8_9mps,forested,50,1000,100,19460,0.9515224358974359,0.03770303501166613,0.014842160247177104,0.05258133820173734
i800,Patch_8_9mps,forested,50,1000,100,19460,1.0516826923076923,0.035542668710565585,0.01566848076647499,0.05340182433200396
i800,Patch_8_9mps,forested,50,1000,100,19460,1.1518429487179487,0.03408191755639587,0.011598002215571085,0.052193230763059525
i800,Patch_8_9mps,forested,50,1000,100,19460,1.252003205128205,0.0351928533011887,0.014233388634944333,0.049338613999598824
i800,Patch_8_9mps,forested,50,1000,100,19460,1.3521634615384615,0.03748282484081038,0.019809042042148735,0.052838422076247615
i800,Patch_8_9mps,forested,50,1000,100,19460,1.4523237179487178,0.03924040457338257,0.01639274219719233,0.050473254624505255
i800,Patch_8_9mps,forested,50,1000,100,19460,1.5524839743589745,0.040323134067019754,0.017476944260279435,0.05324757556459455
i800,Patch_8_9mps,forested,50,1000,100,19460,1.6526442307692308,0.04044274381314942,0.014838514390346976,0.0535290699364541
i800,Patch_8_9mps,forested,50,1000,100,19460,1.7528044871794872,0.040393510102477076,0.015685977149073632,0.05821575479767244
i800,Patch_8_9mps,forested,50,1000,100,19460,1.8529647435897436,0.04047945807473989,0.013415274784077929,0.06200355322423744
i800,Patch_8_9mps,forested,50,1000,100,19460,1.953125,0.04058462272821082,0.013281281775685438,0.06209244464442654
i800,Patch_8_9mps,forested,50,1000,100,19460,2.0532852564102564,0.040870488054575035,0.0164386131721036,0.06068808786695106
i800,Patch_8_9mps,forested,50,1000,100,19460,2.1534455128205128,0.041080663405478564,0.01955489753561864,0.05628653744173791
i800,Patch_8_9mps,forested,50,1000,100,19460,2.253605769230769,0.04060239919150695,0.019546734158709105,0.054353488849542685
i800,Patch_8_9mps,forested,50,1000,100,19460,2.3537660256410255,0.03960481272795179,0.016824175041290086,0.05499118582337181
i800,Patch_8_9mps,forested,50,1000,100,19460,2.453926282051282,0.03848732816657651,0.014846948907678473,0.05163554724384724
i800,Patch_8_9mps,forested,50,1000,100,19460,2.5540865384615383,0.03728183590158964,0.01233039363598412,0.048672430354235026
i800,Patch_8_9mps,forested,50,1000,100,19460,2.6542467948717947,0.0363539255085427,0.012669786694741694,0.0492390076006559
i800,Patch_8_9mps,forested,50,1000,100,19460,2.754407051282051,0.03557821190131077,0.011550155620536495,0.050054188142763814
i800,Patch_8_9mps,forested,50,1000,100,19460,2.8545673076923075,0.03491574714003503,0.011410886081467429,0.051757704492567676
i800,Patch_8_9mps,forested,50,1000,100,19460,2.9547275641025643,0.03475669977362997,0.013105394157489403,0.050179369248484054
i800,Patch_8_9mps,forested,50,1000,100,19460,3.0548878205128207,0.03484705774758033,0.013856531746614512,0.05067584399869152
i800,Patch_8_9mps,forested,50,1000,100,19460,3.155048076923077,0.03466600848392252,0.013869750683142296,0.049759833035666806
i800,Patch_8_9mps,forested,50,1000,100,19460,3.2552083333333335,0.034181623670946445,0.013638860130986516,0.04680768725611537
i800,Patch_8_9mps,forested,50,1000,100,19460,3.35536858974359,0.03357621448586024,0.014649855753004603,0.044801837459824176
i800,Patch_8_9mps,forested,50,1000,100,19460,3.4555288461538463,0.03300238941135439,0.015238323828427212,0.04372595443903725
i800,Patch_8_9mps,forested,50,1000,100,19460,3.5556891025641026,0.032351259447301,0.01650291263143357,0.04356249061161471
i800,Patch_8_9mps,forested,50,1000,100,19460,3.655849358974359,0.03155991888482144,0.01402656589946809,0.04262653198469414
i800,Patch_8_9mps,forested,50,1000,100,19460,3.7560096153846154,0.030713565351196584,0.014728165981581788,0.041946446906096245
i800,Patch_8_9mps,forested,50,1000,100,19460,3.856169871794872,0.029819168178992207,0.01407419543415696,0.04071857152125395
i800,Patch_8_9mps,forested,50,1000,100,19460,3.956330128205128,0.02878830587306875,0.013567860566273687,0.039698628528524356
i800,Patch_8_9mps,forested,50,1000,100,19460,4.056490384615385,0.027769497874232583,0.013173927429087,0.037917648388666625
i800,Patch_8_9mps,forested,50,1000,100,19460,4.156650641025641,0.026739697356205974,0.011436382906341693,0.03822159361054682
i800,Patch_8_9mps,forested,50,1000,100,19460,4.256810897435898,0.025902190554580238,0.010619116239396346,0.03633671372133579
i800,Patch_8_9mps,forested,50,1000,100,19460,4.356971153846154,0.025157476097126253,0.011187534939729958,0.03509085925008394
i800,Patch_8_9mps,forested,50,1000,100,19460,4.457131410256411,0.024544444772918193,0.01067617910963499,0.03318229392515139
i800,Patch_8_9mps,forested,50,1000,100,19460,4.557291666666667,0.024001283141882254,0.00998404448612479,0.032477536155628706
i800,Patch_8_9mps,forested,50,1000,100,19460,4.657451923076923,0.023609911088454186,0.009298855772987589,0.03248928119726943
i800,Patch_8_9mps,forested,50,1000,100,19460,4.75761217948718,0.02324140736061121,0.0091864684574878,0.032940402373311396
i800,Patch_8_9mps,forested,50,1000,100,19460,4.857772435897436,0.022940336494442735,0.00875722165763413,0.03311601612840027
i800,Patch_8_9mps,forested,50,1000,100,19460,4.9579326923076925,0.022764107948668025,0.0076903682419862925,0.032727612947999515
i800,Patch_8_9mps,forested,50,1000,100,19460,5.058092948717949,0.02263816384473126,0.008201126687857994,0.03208803067639373
i800,Patch_8_9mps,forested,50,1000,100,19460,5.158253205128205,0.02248956835616913,0.008649482088995993,0.030928448719365988
i800,Patch_8_9mps,forested,50,1000,100,19460,5.258413461538462,0.022283127539272755,0.008434740358480776,0.030593995422980014
i800,Patch_8_9mps,forested,50,1000,100,19460,5.358573717948718,0.022091816810695736,0.008741357918185358,0.030396843217198148
i800,Patch_8_9mps,forested,50,1000,100,19460,5.4587339743589745,0.021940423955399916,0.008699215523127784,0.030334525856277897
i800,Patch_8_9mps,forested,50,1000,100,19460,5.558894230769231,0.021808582675377677,0.008668347766348197,0.03102056010975448
i800,Patch_8_9mps,forested,50,1000,100,19460,5.659054487179487,0.02174029508696051,0.008549270838770546,0.030311886848242785
i800,Patch_8_9mps,forested,50,1000,100,19460,5.759214743589744,0.021586608844023667,0.00822217701485153,0.02976270503943166
i800,Patch_8_9mps,forested,50,1000,100,19460,5.859375,0.021333539727897973,0.008730913400270116,0.02987352402148258
i800,Patch_8_9mps,forested,50,1000,100,19460,5.959535256410256,0.02113012373348336,0.008153817333552695,0.029351632416623655
i800,Patch_8_9mps,forested,50,1000,100,19460,6.059695512820513,0.021006815607739083,0.007245432171272491,0.03007732618385966
i800,Patch_8_9mps,forested,50,1000,100,19460,6.159855769230769,0.02098943565786135,0.007079437455198645,0.030804725138550273
i800,Patch_8_9mps,forested,50,1000,100,19460,6.2600160256410255,0.020980646906058456,0.0069976832794049195,0.030634523340839694
i800,Patch_8_9mps,forested,50,1000,100,19460,6.360176282051282,0.020989918503476698,0.007771124023683244,0.031001071759677902
i800,Patch_8_9mps,forested,50,1000,100,19460,6.460336538461538,0.020929268480648213,0.007375960797274013,0.0313433811260474
i800,Patch_8_9mps,forested,50,1000,100,19460,6.560496794871795,0.02082648449989134,0.007864096453401593,0.03212860981200814
i800,Patch_8_9mps,forested,50,1000,100,19460,6.660657051282051,0.02078086335567867,0.007081141240337933,0.031816622025546956
i800,Patch_8_9mps,forested,50,1000,100,19460,6.7608173076923075,0.020839274867969815,0.007555443795014712,0.03135667398762476
i800,Patch_8_9mps,forested,50,1000,100,19460,6.860977564102564,0.020917328962757456,0.007952879650220568,0.031154067697147902
i800,Patch_8_9mps,forested,50,1000,100,19460,6.96113782051282,0.020964932597649574,0.008597677400252548,0.031429004825598884
i800,Patch_8_9mps,forested,50,1000,100,19460,7.061298076923077,0.020989475957869895,0.007129439113663841,0.031567817771108016
i800,Patch_8_9mps,forested,50,1000,100,19460,7.161458333333333,0.020978624945755357,0.007419753741495553,0.030882932332486478
i800,Patch_8_9mps,forested,50,1000,100,19460,7.261618589743589,0.020931939171194403,0.008438115271783403,0.03059861707022022
i800,Patch_8_9mps,forested,50,1000,100,19460,7.361778846153846,0.020896321559562638,0.007413577948195879,0.031544801328138874
i800,Patch_8_9mps,forested,50,1000,100,19460,7.461939102564102,0.020832649740416157,0.006855189218679081,0.03218251078082211
i800,Patch_8_9mps,forested,50,1000,100,19460,7.562099358974359,0.020811898585558396,0.007423174378576204,0.03194917764773152
i800,Patch_8_9mps,forested,50,1000,100,19460,7.662259615384615,0.020806504006346902,0.007528003682655522,0.03213821146395529
i800,Patch_8_9mps,forested,50,1000,100,19460,7.762419871794871,0.020879803546019548,0.008739999513963061,0.031437436643093626
i800,Patch_8_9mps,forested,50,1000,100,19460,7.862580128205129,0.020932041578878614,0.008766214432769887,0.03005473642698428
i800,Patch_8_9mps,forested,50,1000,100,19460,7.962740384615385,0.020973469464204652,0.008498092431995986,0.029365761895444376
i800,Patch_8_9mps,forested,50,1000,100,19460,8.06290064102564,0.02101288155241425,0.008474007596398825,0.028931012480856805
i800,Patch_8_9mps,forested,50,1000,100,19460,8.163060897435898,0.021051726213636376,0.008590558230952979,0.029042411621879493
i800,Patch_8_9mps,forested,50,1000,100,19460,8.263221153846153,0.021091602301105093,0.009957764723228901,0.02899242247623158
i800,Patch_8_9mps,forested,50,1000,100,19460,8.36338141025641,0.021097812194325893,0.010020388717259483,0.029033808840908514
i800,Patch_8_9mps,forested,50,1000,100,19460,8.463541666666666,0.02107082153293386,0.009500078537091783,0.03037156593333749
i800,Patch_8_9mps,forested,50,1000,100,19460,8.563701923076923,0.02102209667832309,0.009729614994093326,0.030630734218767997
i800,Patch_8_9mps,forested,50,1000,100,19460,8.663862179487179,0.020937053742281338,0.009596930557333136,0.030492907392153688
i800,Patch_8_9mps,forested,50,1000,100,19460,8.764022435897436,0.020868516829882368,0.00852594965198735,0.03132928808870186
i800,Patch_8_9mps,forested,50,1000,100,19460,8.864182692307692,0.02078000397740293,0.008033681786521672,0.03103661962834339
i800,Patch_8_9mps,forested,50,1000,100,19460,8.964342948717949,0.02062790157618337,0.008695921148946737,0.030652076398708754
i800,Patch_8_9mps,forested,50,1000,100,19460,9.064503205128204,0.02041413212836848,0.008133658963406593,0.029886689322604857
i800,Patch_8_9mps,forested,50,1000,100,19460,9.164663461538462,0.02018558584679324,0.008273957357731225,0.029154597136927203
i800,Patch_8_9mps,forested,50,1000,100,19460,9.264823717948717,0.019955578028506765,0.008268909589845002,0.02867983593988923
i800,Patch_8_9mps,forested,50,1000,100,19460,9.364983974358974,0.01976258243084126,0.00807986021932357,0.027798124714724936
i800,Patch_8_9mps,forested,50,1000,100,19460,9.46514423076923,0.019649617957143234,0.008261949480081692,0.028302179970070365
i800,Patch_8_9mps,forested,50,1000,100,19460,9.565304487179487,0.019589858466128488,0.008413147982011853,0.027335038792022825
i800,Patch_8_9mps,forested,50,1000,100,19460,9.665464743589743,0.019577406478409658,0.008398230475539408,0.027906337716221998
i800,Patch_8_9mps,forested,50,1000,100,19460,9.765625,0.019494078901278605,0.008033255912850647,0.029329573204743498
i800,Patch_8_9mps,forested,50,1000,100,19460,9.865785256410257,0.019298407354693056,0.007550634559925433,0.029564967968426385
i800,Patch_8_9mps,forested,50,1000,100,19460,9.965945512820513,0.019059572653622715,0.0076255094613734194,0.02792740759669901
i800,Patch_8_9mps,forested,100,1000,100,19460,0.05008012820512821,0.08819055780830919,0.03887554968345241,0.12151547247758233
i800,Patch_8_9mps,forested,100,1000,100,19460,0.1502403846153846,0.07790512280424386,0.031668939738192306,0.10942313479313825
i800,Patch_8_9mps,forested,100,1000,100,19460,0.250400641025641,0.08120053373047359,0.0282783350918931,0.11634473663508804
i800,Patch_8_9mps,forested,100,1000,100,19460,0.3505608974358974,0.07608648677979357,0.03170845323050829,0.10459758574568753
i800,Patch_8_9mps,forested,100,1000,100,19460,0.45072115384615385,0.04756571837531434,0.01703505747900435,0.06697968635583568
i800,Patch_8_9mps,forested,100,1000,100,19460,0.5508814102564102,0.037076141218535995,0.013463253184987135,0.051516762433226726
i800,Patch_8_9mps,forested,100,1000,100,19460,0.6510416666666666,0.02965602801239765,0.01201413646965682,0.04118648449024018
i800,Patch_8_9mps,forested,100,1000,100,19460,0.7512019230769231,0.025475501715762277,0.010619225783537477,0.03529044882543522
i800,Patch_8_9mps,forested,100,1000,100,19460,0.8513621794871795,0.02429371066723378,0.008846343921570663,0.035829702222545154
i800,Patch_8_9mps,forested,100,1000,100,19460,0.9515224358974359,0.02437720062225701,0.008238131044794164,0.03482868327917716
i800,Patch_8_9mps,forested,100,1000,100,19460,1.0516826923076923,0.02415463256057499,0.009205023307817807,0.035099176953289686
i800,Patch_8_9mps,forested,100,1000,100,19460,1.1518429487179487,0.02317136004635017,0.008506448419730946,0.033119438889743266
i800,Patch_8_9mps,forested,100,1000,100,19460,1.252003205128205,0.022144109082135915,0.00782888082833716,0.03154079849511511
i800,Patch_8_9mps,forested,100,1000,100,19460,1.3521634615384615,0.021955203011976735,0.0075985639908220035,0.03513695534359353
i800,Patch_8_9mps,forested,100,1000,100,19460,1.4523237179487178,0.022364424999690234,0.0074946976921478545,0.03426144010431213
i800,Patch_8_9mps,forested,100,1000,100,19460,1.5524839743589745,0.023296802800234752,0.008061047574903215,0.0334360365946269
i800,Patch_8_9mps,forested,100,1000,100,19460,1.6526442307692308,0.02441213915734521,0.00951245361855737,0.03548496198444148
i800,Patch_8_9mps,forested,100,1000,100,19460,1.7528044871794872,0.025636164302253635,0.009517219421045282,0.03432693167043057
i800,Patch_8_9mps,forested,100,1000,100,19460,1.8529647435897436,0.026476426954214025,0.00971892339063481,0.037694562033538125
i800,Patch_8_9mps,forested,100,1000,100,19460,1.953125,0.027349043705650212,0.009605496414278413,0.03911323533591751
i800,Patch_8_9mps,forested,100,1000,100,19460,2.0532852564102564,0.028104551387625177,0.011026656318484445,0.03961329608654438
i800,Patch_8_9mps,forested,100,1000,100,19460,2.1534455128205128,0.028671088221442455,0.010721387185224718,0.039835334689153595
i800,Patch_8_9mps,forested,100,1000,100,19460,2.253605769230769,0.02910878265173195,0.012728725453938473,0.040567926780726175
i800,Patch_8_9mps,forested,100,1000,100,19460,2.3537660256410255,0.02900239661205547,0.013270213075667097,0.039823530323645086
i800,Patch_8_9mps,forested,100,1000,100,19460,2.453926282051282,0.02873323121041152,0.012502167492129321,0.04025211634120586
i800,Patch_8_9mps,forested,100,1000,100,19460,2.5540865384615383,0.02846883832676506,0.00995985039626035,0.039536661828049074
i800,Patch_8_9mps,forested,100,1000,100,19460,2.6542467948717947,0.028031331358619443,0.010349020917034718,0.03879405035727098
i800,Patch_8_9mps,forested,100,1000,100,19460,2.754407051282051,0.027439427244723164,0.010069299033556814,0.03903442839735327
i800,Patch_8_9mps,forested,100,1000,100,19460,2.8545673076923075,0.026931348410356732,0.011434435076622894,0.037559792466964365
i800,Patch_8_9mps,forested,100,1000,100,19460,2.9547275641025643,0.026512938542702827,0.011261722102080804,0.035891550658366994
i800,Patch_8_9mps,forested,100,1000,100,19460,3.0548878205128207,0.0260025256807665,0.010687186283725347,0.03913684504429994
i800,Patch_8_9mps,forested,100,1000,100,19460,3.155048076923077,0.025655104604389262,0.010252831795171178,0.0360366852895575
i800,Patch_8_9mps,forested,100,1000,100,19460,3.2552083333333335,0.025275599850402,0.010095675007136286,0.03340333004969366
i800,Patch_8_9mps,forested,100,1000,100,19460,3.35536858974359,0.024798132394633337,0.012650267691934525,0.03223905141273573
i800,Patch_8_9mps,forested,100,1000,100,19460,3.4555288461538463,0.02421959604922115,0.01241273744915912,0.032242757213717374
i800,Patch_8_9mps,forested,100,1000,100,19460,3.5556891025641026,0.023656530463210673,0.01122092729392163,0.030770583517514216
i800,Patch_8_9mps,forested,100,1000,100,19460,3.655849358974359,0.023115824184469922,0.011001252656711324,0.03025624132013655
i800,Patch_8_9mps,forested,100,1000,100,19460,3.7560096153846154,0.022564021754495293,0.009814890269438943,0.029233332946846657
i800,Patch_8_9mps,forested,100,1000,100,19460,3.856169871794872,0.02189444056183547,0.008819357043015983,0.02820684127211714
i800,Patch_8_9mps,forested,100,1000,100,19460,3.956330128205128,0.02120922993633647,0.008236707662616829,0.02782012309440663
i800,Patch_8_9mps,forested,100,1000,100,19460,4.056490384615385,0.020525857543953432,0.008456203519356718,0.027409076143768533
i800,Patch_8_9mps,forested,100,1000,100,19460,4.156650641025641,0.019858101674896943,0.009253583520994087,0.026528793273897712
i800,Patch_8_9mps,forested,100,1000,100,19460,4.256810897435898,0.019274826997120287,0.009023284190893571,0.026626669283095285
i800,Patch_8_9mps,forested,100,1000,100,19460,4.356971153846154,0.01882566228524046,0.009255193767016584,0.025324209138963022
i800,Patch_8_9mps,forested,100,1000,100,19460,4.457131410256411,0.018477851789152833,0.009154952904645202,0.024341031654782436
i800,Patch_8_9mps,forested,100,1000,100,19460,4.557291666666667,0.018126672438103203,0.00951322053013253,0.023772834487492223
i800,Patch_8_9mps,forested,100,1000,100,19460,4.657451923076923,0.017745944575683834,0.009482151284122178,0.02279295869219092
i800,Patch_8_9mps,forested,100,1000,100,19460,4.75761217948718,0.01738513956050955,0.00927974596730535,0.02290750176141676
i800,Patch_8_9mps,forested,100,1000,100,19460,4.857772435897436,0.01708444624048427,0.008840829463518753,0.022646913518089902
i800,Patch_8_9mps,forested,100,1000,100,19460,4.9579326923076925,0.01678581612715792,0.008109218341060303,0.021744452654458145
i800,Patch_8_9mps,forested,100,1000,100,19460,5.058092948717949,0.016469552994634314,0.007951011046098572,0.022633374661660592
i800,Patch_8_9mps,forested,100,1000,100,19460,5.158253205128205,0.016138868260576443,0.007214871378792928,0.022531144091154635
i800,Patch_8_9mps,forested,100,1000,100,19460,5.258413461538462,0.015830081208313446,0.0071398201520938885,0.022102396609136266
i800,Patch_8_9mps,forested,100,1000,100,19460,5.358573717948718,0.015517919965377231,0.007078840693644301,0.0211678771697728
i800,Patch_8_9mps,forested,100,1000,100,19460,5.4587339743589745,0.015218775660356345,0.006220936114962776,0.020265396514517923
i800,Patch_8_9mps,forested,100,1000,100,19460,5.558894230769231,0.014900747238960288,0.0060069943406713434,0.019525600501366945
i800,Patch_8_9mps,forested,100,1000,100,19460,5.659054487179487,0.014618458720329882,0.00626136855409352,0.019724980787915944
i800,Patch_8_9mps,forested,100,1000,100,19460,5.759214743589744,0.014316331206014898,0.005893571377110725,0.020007691186277984
i800,Patch_8_9mps,forested,100,1000,100,19460,5.859375,0.014016860092635926,0.005734188340801465,0.020174854428170585
i800,Patch_8_9mps,forested,100,1000,100,19460,5.959535256410256,0.013765660400547814,0.0054165773003388325,0.019665666400393897
i800,Patch_8_9mps,forested,100,1000,100,19460,6.059695512820513,0.01360108547194379,0.0051158433943157226,0.01864208598877576
i800,Patch_8_9mps,forested,100,1000,100,19460,6.159855769230769,0.013460091902328032,0.005031244910239041,0.01811533417455203
i800,Patch_8_9mps,forested,100,1000,100,19460,6.2600160256410255,0.013344207759236022,0.004779210527165755,0.017861747916436348
i800,Patch_8_9mps,forested,100,1000,100,19460,6.360176282051282,0.013220567111811054,0.004854279694318056,0.01787662189385693
i800,Patch_8_9mps,forested,100,1000,100,19460,6.460336538461538,0.013082797960225484,0.004799450153177629,0.018265168743975664
i800,Patch_8_9mps,forested,100,1000,100,19460,6.560496794871795,0.012911192224259018,0.0044746474682479005,0.018812441778111002
i800,Patch_8_9mps,forested,100,1000,100,19460,6.660657051282051,0.012741860729788208,0.004655554900593101,0.018162841715814327
i800,Patch_8_9mps,forested,100,1000,100,19460,6.7608173076923075,0.012657737882646911,0.004548488273900826,0.01814039265760154
i800,Patch_8_9mps,forested,100,1000,100,19460,6.860977564102564,0.012610885358494677,0.0032452702055263544,0.018828307104019646
i800,Patch_8_9mps,forested,100,1000,100,19460,6.96113782051282,0.012579375016229162,0.0036353414956132395,0.017439925921748204
i800,Patch_8_9mps,forested,100,1000,100,19460,7.061298076923077,0.012567169913292386,0.0043541282284959735,0.017071089249915083
i800,Patch_8_9mps,forested,100,1000,100,19460,7.161458333333333,0.012550027655446574,0.004539073728838054,0.016935152754953706
i800,Patch_8_9mps,forested,100,1000,100,19460,7.261618589743589,0.012541996582840394,0.0044487703413181295,0.01687425462367278
i800,Patch_8_9mps,forested,100,1000,100,19460,7.361778846153846,0.012532276059971072,0.004715422823417735,0.01700796961355014
i800,Patch_8_9mps,forested,100,1000,100,19460,7.461939102564102,0.012500926554287868,0.004961403532031259,0.01659491999972791
i800,Patch_8_9mps,forested,100,1000,100,19460,7.562099358974359,0.012449079751925258,0.0050305353461371095,0.016912247104740066
i800,Patch_8_9mps,forested,100,1000,100,19460,7.662259615384615,0.012394512383600707,0.005059312097239498,0.017015592818696943
i800,Patch_8_9mps,forested,100,1000,100,19460,7.762419871794871,0.012361291956252502,0.00512945073462384,0.017063721946403383
i800,Patch_8_9mps,forested,100,1000,100,19460,7.862580128205129,0.01237180770838071,0.005104699695741247,0.01687693551913304
i800,Patch_8_9mps,forested,100,1000,100,19460,7.962740384615385,0.012391609321095003,0.005524477402520707,0.016142139553435766
i800,Patch_8_9mps,forested,100,1000,100,19460,8.06290064102564,0.01236037071646031,0.005124045379759289,0.01575537518373992
i800,Patch_8_9mps,forested,100,1000,100,19460,8.163060897435898,0.012288164990552375,0.005542051262730903,0.015630400486085765
i800,Patch_8_9mps,forested,100,1000,100,19460,8.263221153846153,0.012228107841898601,0.005096410368095088,0.015178038857739194
i800,Patch_8_9mps,forested,100,1000,100,19460,8.36338141025641,0.012162760828313603,0.005329492551590246,0.015457465373501938
i800,Patch_8_9mps,forested,100,1000,100,19460,8.463541666666666,0.012108209111238818,0.005068891498679263,0.01623728550785604
i800,Patch_8_9mps,forested,100,1000,100,19460,8.563701923076923,0.012079183554190758,0.005099589742506617,0.01754015690622716
i800,Patch_8_9mps,forested,100,1000,100,19460,8.663862179487179,0.012019234794140047,0.005138658485362817,0.01857592199582899
i800,Patch_8_9mps,forested,100,1000,100,19460,8.764022435897436,0.011921271339412197,0.004929815584333565,0.019161765028817234
i800,Patch_8_9mps,forested,100,1000,100,19460,8.864182692307692,0.011830688438563823,0.004460768555819181,0.019077919963141884
i800,Patch_8_9mps,forested,100,1000,100,19460,8.964342948717949,0.01177528386999098,0.003938565405050281,0.018314884734470193
i800,Patch_8_9mps,forested,100,1000,100,19460,9.064503205128204,0.011722506409327888,0.0038057715443434773,0.017778422429909638
i800,Patch_8_9mps,forested,100,1000,100,19460,9.164663461538462,0.011685066802587827,0.004132623475818879,0.017106439653355607
i800,Patch_8_9mps,forested,100,1000,100,19460,9.264823717948717,0.011652420601266882,0.00386985896265654,0.01697419813093066
i800,Patch_8_9mps,forested,100,1000,100,19460,9.364983974358974,0.011618753643486818,0.003597194508651401,0.017468728621463453
i800,Patch_8_9mps,forested,100,1000,100,19460,9.46514423076923,0.011591821286537024,0.0035035755090923677,0.016970206352049162
i800,Patch_8_9mps,forested,100,1000,100,19460,9.565304487179487,0.011579909414955696,0.0037200605220096103,0.016837037075256855
i800,Patch_8_9mps,forested,100,1000,100,19460,9.665464743589743,0.01155975861719773,0.003845986723365851,0.016700067446112944
i800,Patch_8_9mps,forested,100,1000,100,19460,9.765625,0.011503176787540814,0.004102787728041233,0.016767304777592248
i800,Patch_8_9mps,forested,100,1000,100,19460,9.865785256410257,0.011405520437295747,0.00366302102389611,0.01651309797793915
i800,Patch_8_9mps,forested,100,1000,100,19460,9.965945512820513,0.011281581267787952,0.004049528516190822,0.01652958087719425
i800,Patch_8_9mps,forested,500,1000,100,19460,0.05008012820512821,0.041428748208045,0.016085462115115357,0.06143387626490681
i800,Patch_8_9mps,forested,500,1000,100,19460,0.1502403846153846,0.03945756546407216,0.015181511878073668,0.058158926473106234
i800,Patch_8_9mps,forested,500,1000,100,19460,0.250400641025641,0.03529868159152312,0.013258656401512045,0.04938582660961752
i800,Patch_8_9mps,forested,500,1000,100,19460,0.3505608974358974,0.03694958948472638,0.01622801564346308,0.054894230482220224
i800,Patch_8_9mps,forested,500,1000,100,19460,0.45072115384615385,0.027527318521680225,0.009895019743823296,0.040576632218496236
i800,Patch_8_9mps,forested,500,1000,100,19460,0.5508814102564102,0.023312997840799606,0.009269822956564117,0.03092295651959209
i800,Patch_8_9mps,forested,500,1000,100,19460,0.6510416666666666,0.02056116575337766,0.008730262872499877,0.02645358134548533
i800,Patch_8_9mps,forested,500,1000,100,19460,0.7512019230769231,0.019220696772924175,0.009228691808600177,0.02625568727853105
i800,Patch_8_9mps,forested,500,1000,100,19460,0.8513621794871795,0.01785236387697003,0.008342695885137084,0.023528653914430694
i800,Patch_8_9mps,forested,500,1000,100,19460,0.9515224358974359,0.015879147833640504,0.007512965723535956,0.021387042496151386
i800,Patch_8_9mps,forested,500,1000,100,19460,1.0516826923076923,0.013150973150810326,0.006074634633182079,0.0185626610864692
i800,Patch_8_9mps,forested,500,1000,100,19460,1.1518429487179487,0.01100674892701688,0.004079699712014257,0.017692963499462224
i800,Patch_8_9mps,forested,500,1000,100,19460,1.252003205128205,0.01076631240123906,0.0037531781003703668,0.016158569930190006
i800,Patch_8_9mps,forested,500,1000,100,19460,1.3521634615384615,0.011068301665968736,0.0041856880141929505,0.014862477311569996
i800,Patch_8_9mps,forested,500,1000,100,19460,1.4523237179487178,0.011419584909060176,0.003560044984138097,0.015818927447282093
i800,Patch_8_9mps,forested,500,1000,100,19460,1.5524839743589745,0.011717275374119662,0.004250640744435208,0.018097985400088296
i800,Patch_8_9mps,forested,500,1000,100,19460,1.6526442307692308,0.011807713735463618,0.004362943720153149,0.016517767496301017
i800,Patch_8_9mps,forested,500,1000,100,19460,1.7528044871794872,0.011813972582872888,0.004204770722464295,0.017474132274097463
i800,Patch_8_9mps,forested,500,1000,100,19460,1.8529647435897436,0.01189612732737161,0.004264661066265007,0.016833606834522136
i800,Patch_8_9mps,forested,500,1000,100,19460,1.953125,0.01178562622330282,0.0038996720624898114,0.01779740227827508
i800,Patch_8_9mps,forested,500,1000,100,19460,2.0532852564102564,0.011810459103154463,0.004324433953654899,0.01741813602504512
i800,Patch_8_9mps,forested,500,1000,100,19460,2.1534455128205128,0.011997571708384225,0.004528898011212702,0.016341593129069104
i800,Patch_8_9mps,forested,500,1000,100,19460,2.253605769230769,0.012127440615894153,0.005244019865999478,0.01581008204678096
i800,Patch_8_9mps,forested,500,1000,100,19460,2.3537660256410255,0.012177490959101105,0.005308926922768465,0.01550202254241006
i800,Patch_8_9mps,forested,500,1000,100,19460,2.453926282051282,0.012222248218210708,0.005702283383721002,0.01624298561422654
i800,Patch_8_9mps,forested,500,1000,100,19460,2.5540865384615383,0.012173966591052647,0.005686460612719669,0.016234461785652153
i800,Patch_8_9mps,forested,500,1000,100,19460,2.6542467948717947,0.0122318593901524,0.005750196256478861,0.015804615145422227
i800,Patch_8_9mps,forested,500,1000,100,19460,2.754407051282051,0.012322058473979743,0.005061454943016959,0.017111514664701056
i800,Patch_8_9mps,forested,500,1000,100,19460,2.8545673076923075,0.012341593239921582,0.004980840048663414,0.017546538284177376
i800,Patch_8_9mps,forested,500,1000,100,19460,2.9547275641025643,0.012307973601751137,0.004985022867855592,0.01747024130041764
i800,Patch_8_9mps,forested,500,1000,100,19460,3.0548878205128207,0.012350784841004906,0.005098932288935512,0.017048098780454563
i800,Patch_8_9mps,forested,500,1000,100,19460,3.155048076923077,0.012375302796692933,0.005754312362324353,0.017129360451377907
i800,Patch_8_9mps,forested,500,1000,100,19460,3.2552083333333335,0.012285657424685176,0.005627261087965957,0.016735363178761505
i800,Patch_8_9mps,forested,500,1000,100,19460,3.35536858974359,0.012091200357861718,0.0063434777594577815,0.016149553414107877
i800,Patch_8_9mps,forested,500,1000,100,19460,3.4555288461538463,0.011827351348204937,0.006350421252304523,0.015046883973576196
i800,Patch_8_9mps,forested,500,1000,100,19460,3.5556891025641026,0.011520018507118607,0.005912174854514949,0.014228991781091606
i800,Patch_8_9mps,forested,500,1000,100,19460,3.655849358974359,0.011162465502669748,0.0052123358039875365,0.014294015535048952
i800,Patch_8_9mps,forested,500,1000,100,19460,3.7560096153846154,0.010751406236895276,0.005091910720237905,0.01395265254439254
i800,Patch_8_9mps,forested,500,1000,100,19460,3.856169871794872,0.010303641830250666,0.00475544016486553,0.013744792390525232
i800,Patch_8_9mps,forested,500,1000,100,19460,3.956330128205128,0.009845941834579562,0.004107535253202499,0.013292839337443952
i800,Patch_8_9mps,forested,500,1000,100,19460,4.056490384615385,0.00939715387386327,0.0037774948534724357,0.013060871816555452
i800,Patch_8_9mps,forested,500,1000,100,19460,4.156650641025641,0.008930315894943724,0.003827430594306448,0.012419585273419723
i800,Patch_8_9mps,forested,500,1000,100,19460,4.256810897435898,0.008511243052314647,0.0035635893425392936,0.011952746427555469
i800,Patch_8_9mps,forested,500,1000,100,19460,4.356971153846154,0.008141301873959545,0.003290173055941906,0.010860767124622238
i800,Patch_8_9mps,forested,500,1000,100,19460,4.457131410256411,0.00786618263864168,0.0033941953602444844,0.010024182138996009
i800,Patch_8_9mps,forested,500,1000,100,19460,4.557291666666667,0.007599105225135947,0.003178502936034179,0.009731687068909608
i800,Patch_8_9mps,forested,500,1000,100,19460,4.657451923076923,0.007385556164883865,0.0034900258851101235,0.00943304401077577
i800,Patch_8_9mps,forested,500,1000,100,19460,4.75761217948718,0.007193822011709228,0.0035376420487762115,0.00904665678303304
i800,Patch_8_9mps,forested,500,1000,100,19460,4.857772435897436,0.006984673622103128,0.0032449825261892887,0.008932974485141907
i800,Patch_8_9mps,forested,500,1000,100,19460,4.9579326923076925,0.006794368916832584,0.0027633580842986345,0.008793025158618527
i800,Patch_8_9mps,forested,500,1000,100,19460,5.058092948717949,0.006650059860278613,0.0027068605073335104,0.00912852673216272
i800,Patch_8_9mps,forested,500,1000,100,19460,5.158253205128205,0.0064995093759416004,0.0026491786151992885,0.009241108690821663
i800,Patch_8_9mps,forested,500,1000,100,19460,5.258413461538462,0.006375501846386926,0.002749120819831152,0.00901869892776451
i800,Patch_8_9mps,forested,500,1000,100,19460,5.358573717948718,0.006271828409417178,0.002660901597917766,0.008568696359610318
i800,Patch_8_9mps,forested,500,1000,100,19460,5.4587339743589745,0.006178136915644918,0.0028710277179385263,0.008530696903466684
i800,Patch_8_9mps,forested,500,1000,100,19460,5.558894230769231,0.006096922990814945,0.002939995679710216,0.008616495554762458
i800,Patch_8_9mps,forested,500,1000,100,19460,5.659054487179487,0.006015321195400167,0.0029266798215279092,0.008483632568427577
i800,Patch_8_9mps,forested,500,1000,100,19460,5.759214743589744,0.005936088718066889,0.002510594667734875,0.008460280169543949
i800,Patch_8_9mps,forested,500,1000,100,19460,5.859375,0.0058690494057633425,0.0024106657767321857,0.008254706788209505
i800,Patch_8_9mps,forested,500,1000,100,19460,5.959535256410256,0.005826885713654321,0.002391744536516015,0.008067416029688981
i800,Patch_8_9mps,forested,500,1000,100,19460,6.059695512820513,0.005788115956908983,0.0021380916224187085,0.007928594390158193
i800,Patch_8_9mps,forested,500,1000,100,19460,6.159855769230769,0.005749074949005183,0.0022147997497229638,0.007981254970328661
i800,Patch_8_9mps,forested,500,1000,100,19460,6.2600160256410255,0.005738569154547252,0.002219828612921482,0.007742791580460576
i800,Patch_8_9mps,forested,500,1000,100,19460,6.360176282051282,0.005725126024620359,0.002270536157077626,0.007893057243598607
i800,Patch_8_9mps,forested,500,1000,100,19460,6.460336538461538,0.005706779468882975,0.00215480202920631,0.007819670902145115
i800,Patch_8_9mps,forested,500,1000,100,19460,6.560496794871795,0.005675267131525267,0.0020400332265992564,0.008122650706641227
i800,Patch_8_9mps,forested,500,1000,100,19460,6.660657051282051,0.005632680481068444,0.0018950233770924114,0.00815324365735203
i800,Patch_8_9mps,forested,500,1000,100,19460,6.7608173076923075,0.005589438477671326,0.0019492603485452755,0.008168818354345728
i800,Patch_8_9mps,forested,500,1000,100,19460,6.860977564102564,0.005557895908770701,0.0020147027281482337,0.008495746360713527
i800,Patch_8_9mps,forested,500,1000,100,19460,6.96113782051282,0.005526616475394195,0.0018013858200647717,0.008190904498237096
i800,Patch_8_9mps,forested,500,1000,100,19460,7.061298076923077,0.005503941200702736,0.0015007693380981945,0.007827702935777794
i800,Patch_8_9mps,forested,500,1000,100,19460,7.161458333333333,0.005482462926264702,0.0015613614692046858,0.008210850186182814
i800,Patch_8_9mps,forested,500,1000,100,19460,7.261618589743589,0.005444446877451838,0.001562998562693438,0.008237996677173934
i800,Patch_8_9mps,forested,500,1000,100,19460,7.361778846153846,0.005384250786633143,0.001713863959193216,0.008043907754214447
i800,Patch_8_9mps,forested,500,1000,100,19460,7.461939102564102,0.005290419652317907,0.0016831503378864406,0.007939813870295926
i800,Patch_8_9mps,forested,500,1000,100,19460,7.562099358974359,0.005225769534424579,0.0015848346281178527,0.007903639858970413
i800,Patch_8_9mps,forested,500,1000,100,19460,7.662259615384615,0.005197294116766396,0.0018644649476625556,0.007851232451286713
i800,Patch_8_9mps,forested,500,1000,100,19460,7.762419871794871,0.005192652292528132,0.0019415247760107297,0.0077777886028319145
i800,Patch_8_9mps,forested,500,1000,100,19460,7.862580128205129,0.005182595951560488,0.002073982837367072,0.00763058057885517
i800,Patch_8_9mps,forested,500,1000,100,19460,7.962740384615385,0.0051712739170291285,0.0021674682668111917,0.007567798744837113
i800,Patch_8_9mps,forested,500,1000,100,19460,8.06290064102564,0.005155402140247913,0.002184033233227157,0.007780966094420194
i800,Patch_8_9mps,forested,500,1000,100,19460,8.163060897435898,0.005150689017052588,0.0024060956445820622,0.007376208453854955
i800,Patch_8_9mps,forested,500,1000,100,19460,8.263221153846153,0.0051399743800958075,0.0023680474069815724,0.007092002495950571
i800,Patch_8_9mps,forested,500,1000,100,19460,8.36338141025641,0.005113781994280261,0.0023898966659778404,0.007034617590825173
i800,Patch_8_9mps,forested,500,1000,100,19460,8.463541666666666,0.005073616309246357,0.002471935079619902,0.007273888146092186
i800,Patch_8_9mps,forested,500,1000,100,19460,8.563701923076923,0.005030393760228512,0.00231531395697312,0.006935882798532373
i800,Patch_8_9mps,forested,500,1000,100,19460,8.663862179487179,0.0049657458983696145,0.002284411114507836,0.006970947263828727
i800,Patch_8_9mps,forested,500,1000,100,19460,8.764022435897436,0.004891240816021766,0.0022451021107540298,0.007042352960267399
i800,Patch_8_9mps,forested,500,1000,100,19460,8.864182692307692,0.004827102836018573,0.0019986884782880656,0.007114479643238182
i800,Patch_8_9mps,forested,500,1000,100,19460,8.964342948717949,0.0047925060575917285,0.0016790296888402874,0.0069559500744141006
i800,Patch_8_9mps,forested,500,1000,100,19460,9.064503205128204,0.004747148748501612,0.0016310126092110744,0.006782862638472276
i800,Patch_8_9mps,forested,500,1000,100,19460,9.164663461538462,0.004703121201889907,0.001696747764883476,0.006835057990679
i800,Patch_8_9mps,forested,500,1000,100,19460,9.264823717948717,0.004675146699387757,0.0018547278930534901,0.0065439808773259675
i800,Patch_8_9mps,forested,500,1000,100,19460,9.364983974358974,0.004659941606075113,0.0017218394819532908,0.006674791979504827
i800,Patch_8_9mps,forested,500,1000,100,19460,9.46514423076923,0.00465276798797273,0.0016978513684251157,0.006672174307959266
i800,Patch_8_9mps,forested,500,1000,100,19460,9.565304487179487,0.004638760821943505,0.0016752168985133455,0.006523517063688573
i800,Patch_8_9mps,forested,500,1000,100,19460,9.665464743589743,0.00462087047397876,0.0015747324622338204,0.006609349713432271
i800,Patch_8_9mps,forested,500,1000,100,19460,9.765625,0.004587438502422952,0.0015220693628713805,0.006833373429892091
i800,Patch_8_9mps,forested,500,1000,100,19460,9.865785256410257,0.004525338119971547,0.001720719635646851,0.0068354095192386345
i800,Patch_8_9mps,forested,500,1000,100,19460,9.965945512820513,0.004467338907487602,0.001571855875012219,0.006565518817357791
i800,Patch_8_9mps,open_gap,1,1000,100,46076,0.05008012820512821,0.24038886923103722,0.10772415189300247,0.305045349802364
i800,Patch_8_9mps,open_gap,1,1000,100,46076,0.1502403846153846,0.13439200103833765,0.040635386769529595,0.17285476206923334
i800,Patch_8_9mps,open_gap,1,1000,100,46076,0.250400641025641,0.18840253691719977,0.07056627352393974,0.19795202209970922
i800,Patch_8_9mps,open_gap,1,1000,100,46076,0.3505608974358974,0.2703179685372373,0.1340889781072549,0.2811057941784325
i800,Patch_8_9mps,open_gap,1,1000,100,46076,0.45072115384615385,0.3282873305413109,0.16661038034510425,0.3572198228241682
i800,Patch_8_9mps,open_gap,1,1000,100,46076,0.5508814102564102,0.38434679498695756,0.21684541993636058,0.42254361414189057
i800,Patch_8_9mps,open_gap,1,1000,100,46076,0.6510416666666666,0.4304562262252783,0.22282153536728574,0.47343799986848406
i800,Patch_8_9mps,open_gap,1,1000,100,46076,0.7512019230769231,0.46039308612378393,0.2336234230052483,0.49431156002782295
i800,Patch_8_9mps,open_gap,1,1000,100,46076,0.8513621794871795,0.4733823961378605,0.24322570352397288,0.5101128697667257
i800,Patch_8_9mps,open_gap,1,1000,100,46076,0.9515224358974359,0.4700844173763604,0.24214647624063285,0.5244559833143064
i800,Patch_8_9mps,open_gap,1,1000,100,46076,1.0516826923076923,0.45896966427471503,0.25649560480172323,0.5319945365105169
i800,Patch_8_9mps,open_gap,1,1000,100,46076,1.1518429487179487,0.4457009399933771,0.2435302003557044,0.537455925270867
i800,Patch_8_9mps,open_gap,1,1000,100,46076,1.252003205128205,0.4335047087011023,0.2382660995192119,0.5332117286833429
i800,Patch_8_9mps,open_gap,1,1000,100,46076,1.3521634615384615,0.42075210164143717,0.23264195127940523,0.5150506327256241
i800,Patch_8_9mps,open_gap,1,1000,100,46076,1.4523237179487178,0.40681335416115016,0.22243034562463523,0.5114772595918462
i800,Patch_8_9mps,open_gap,1,1000,100,46076,1.5524839743589745,0.3931004490389269,0.22454684579034528,0.5149119744237416
i800,Patch_8_9mps,open_gap,1,1000,100,46076,1.6526442307692308,0.38060683426157,0.21677047328819501,0.5170864432750876
i800,Patch_8_9mps,open_gap,1,1000,100,46076,1.7528044871794872,0.36999557151731033,0.20906624845614064,0.49794880185893586
i800,Patch_8_9mps,open_gap,1,1000,100,46076,1.8529647435897436,0.35886556818405213,0.2091800176964982,0.4830413864881607
i800,Patch_8_9mps,open_gap,1,1000,100,46076,1.953125,0.3466724265045945,0.2026978116105081,0.47303087450711234
i800,Patch_8_9mps,open_gap,1,1000,100,46076,2.0532852564102564,0.3350967320845612,0.1928833856313938,0.4663285978050126
i800,Patch_8_9mps,open_gap,1,1000,100,46076,2.1534455128205128,0.32597960497245687,0.19366252357488464,0.45848505751757307
i800,Patch_8_9mps,open_gap,1,1000,100,46076,2.253605769230769,0.316367552177059,0.18807321917923756,0.4379681328641557
i800,Patch_8_9mps,open_gap,1,1000,100,46076,2.3537660256410255,0.3070937111286499,0.184741695534922,0.421076492846137
i800,Patch_8_9mps,open_gap,1,1000,100,46076,2.453926282051282,0.29708615622113893,0.18014033288218576,0.39569497841297663
i800,Patch_8_9mps,open_gap,1,1000,100,46076,2.5540865384615383,0.28548745263881675,0.1668289687684879,0.38745385934448995
i800,Patch_8_9mps,open_gap,1,1000,100,46076,2.6542467948717947,0.2730783648641262,0.16170856420698554,0.37589499976571233
i800,Patch_8_9mps,open_gap,1,1000,100,46076,2.754407051282051,0.2623161573688271,0.14442056624652017,0.35987156996551395
i800,Patch_8_9mps,open_gap,1,1000,100,46076,2.8545673076923075,0.2548208166421864,0.1332330042328745,0.35005543882691753
i800,Patch_8_9mps,open_gap,1,1000,100,46076,2.9547275641025643,0.24745036036932916,0.15351735194010147,0.33691093378412024
i800,Patch_8_9mps,open_gap,1,1000,100,46076,3.0548878205128207,0.2392474717628579,0.1377506478829041,0.32497801548835503
i800,Patch_8_9mps,open_gap,1,1000,100,46076,3.155048076923077,0.23087662782482035,0.12839894993935028,0.31581018502508984
i800,Patch_8_9mps,open_gap,1,1000,100,46076,3.2552083333333335,0.22339246604462745,0.11624222877179144,0.31117072302531057
i800,Patch_8_9mps,open_gap,1,1000,100,46076,3.35536858974359,0.2170315515674179,0.10928392761303322,0.31443135577440107
i800,Patch_8_9mps,open_gap,1,1000,100,46076,3.4555288461538463,0.21113815362834118,0.09851267188717389,0.3056217232402407
i800,Patch_8_9mps,open_gap,1,1000,100,46076,3.5556891025641026,0.20604334174453282,0.0979954679470648,0.2958870885518941
i800,Patch_8_9mps,open_gap,1,1000,100,46076,3.655849358974359,0.20148312576304914,0.09075192347903703,0.2893149797797732
i800,Patch_8_9mps,open_gap,1,1000,100,46076,3.7560096153846154,0.19657801848043122,0.08583369327482997,0.28171381165116716
i800,Patch_8_9mps,open_gap,1,1000,100,46076,3.856169871794872,0.19176456282609447,0.09024885487072434,0.2802298301917981
i800,Patch_8_9mps,open_gap,1,1000,100,46076,3.956330128205128,0.18770024586371445,0.09398121247209189,0.2731550438900402
i800,Patch_8_9mps,open_gap,1,1000,100,46076,4.056490384615385,0.18359200757920444,0.0942015417578114,0.267902461282534
i800,Patch_8_9mps,open_gap,1,1000,100,46076,4.156650641025641,0.17939785689615284,0.0853081890877603,0.2675160658329475
i800,Patch_8_9mps,open_gap,1,1000,100,46076,4.256810897435898,0.1757591836586786,0.08669501469256018,0.25468376569174567
i800,Patch_8_9mps,open_gap,1,1000,100,46076,4.356971153846154,0.17220624548919752,0.08258285858677546,0.24727859770207486
i800,Patch_8_9mps,open_gap,1,1000,100,46076,4.457131410256411,0.16889594957040446,0.08077174258443294,0.24140376537701635
i800,Patch_8_9mps,open_gap,1,1000,100,46076,4.557291666666667,0.16610999710294638,0.08137193848354267,0.24093040572211394
i800,Patch_8_9mps,open_gap,1,1000,100,46076,4.657451923076923,0.163164912544474,0.08013993078522998,0.24358958280256576
i800,Patch_8_9mps,open_gap,1,1000,100,46076,4.75761217948718,0.1604673186338112,0.08265143718666067,0.24325924772305219
i800,Patch_8_9mps,open_gap,1,1000,100,46076,4.857772435897436,0.1578977798611559,0.08120144338563817,0.2410245267655847
i800,Patch_8_9mps,open_gap,1,1000,100,46076,4.9579326923076925,0.15524488835775144,0.08112311406022715,0.2216794165222777
i800,Patch_8_9mps,open_gap,1,1000,100,46076,5.058092948717949,0.15213396235432422,0.07605663724890435,0.2135600319096818
i800,Patch_8_9mps,open_gap,1,1000,100,46076,5.158253205128205,0.1486141697797062,0.07376297945000822,0.206875446080577
i800,Patch_8_9mps,open_gap,1,1000,100,46076,5.258413461538462,0.14502468143687328,0.07129872541170977,0.20554738924254867
i800,Patch_8_9mps,open_gap,1,1000,100,46076,5.358573717948718,0.1413019138818006,0.06519015195674714,0.20721029531559856
i800,Patch_8_9mps,open_gap,1,1000,100,46076,5.4587339743589745,0.13782630148315106,0.05659661928194136,0.20778775726261664
i800,Patch_8_9mps,open_gap,1,1000,100,46076,5.558894230769231,0.1343839743343729,0.060633675022464056,0.20086133844847334
i800,Patch_8_9mps,open_gap,1,1000,100,46076,5.659054487179487,0.1311814710160533,0.05265961887717975,0.19839826105627925
i800,Patch_8_9mps,open_gap,1,1000,100,46076,5.759214743589744,0.12815654444458274,0.04983493645163031,0.1898729172982037
i800,Patch_8_9mps,open_gap,1,1000,100,46076,5.859375,0.12546101748915334,0.04757628762181047,0.19135631752406126
i800,Patch_8_9mps,open_gap,1,1000,100,46076,5.959535256410256,0.12340881700524915,0.04758442404992273,0.18743698013187857
i800,Patch_8_9mps,open_gap,1,1000,100,46076,6.059695512820513,0.12194430480007791,0.04796183446148353,0.18267697566079102
i800,Patch_8_9mps,open_gap,1,1000,100,46076,6.159855769230769,0.12071904573375722,0.04775345118193183,0.18107527672834528
i800,Patch_8_9mps,open_gap,1,1000,100,46076,6.2600160256410255,0.11989974010856339,0.05457802535777223,0.17766829606890508
i800,Patch_8_9mps,open_gap,1,1000,100,46076,6.360176282051282,0.11966489081042361,0.05723061224019464,0.17307144441579816
i800,Patch_8_9mps,open_gap,1,1000,100,46076,6.460336538461538,0.11997373872492983,0.058162806409929074,0.17101836510106888
i800,Patch_8_9mps,open_gap,1,1000,100,46076,6.560496794871795,0.11959897585138815,0.057846722803950666,0.17347486409954024
i800,Patch_8_9mps,open_gap,1,1000,100,46076,6.660657051282051,0.11907040273354424,0.051419560392283334,0.17329996514470133
i800,Patch_8_9mps,open_gap,1,1000,100,46076,6.7608173076923075,0.11874894429332007,0.04692433207732316,0.171086419663882
i800,Patch_8_9mps,open_gap,1,1000,100,46076,6.860977564102564,0.11825094272099519,0.04140619065861629,0.16716807421688992
i800,Patch_8_9mps,open_gap,1,1000,100,46076,6.96113782051282,0.117983578528482,0.04573665814795992,0.16783217016526839
i800,Patch_8_9mps,open_gap,1,1000,100,46076,7.061298076923077,0.11770164553274123,0.04384494730110673,0.1654192518917352
i800,Patch_8_9mps,open_gap,1,1000,100,46076,7.161458333333333,0.11747492836792274,0.042805280536188955,0.1699535217368966
i800,Patch_8_9mps,open_gap,1,1000,100,46076,7.261618589743589,0.11723094105363986,0.04657891748982006,0.16381531979879096
i800,Patch_8_9mps,open_gap,1,1000,100,46076,7.361778846153846,0.11703434477983171,0.04687915957042298,0.16990146512624282
i800,Patch_8_9mps,open_gap,1,1000,100,46076,7.461939102564102,0.11667402239147404,0.045504662563097785,0.17307111240335263
i800,Patch_8_9mps,open_gap,1,1000,100,46076,7.562099358974359,0.11604383813001284,0.0470480701122397,0.1788404436272944
i800,Patch_8_9mps,open_gap,1,1000,100,46076,7.662259615384615,0.11503146128062733,0.04740635464810906,0.1783552748708845
i800,Patch_8_9mps,open_gap,1,1000,100,46076,7.762419871794871,0.11413101883440198,0.043432236053669394,0.17564112845429225
i800,Patch_8_9mps,open_gap,1,1000,100,46076,7.862580128205129,0.11356922214301447,0.04496013283883925,0.1701144405732375
i800,Patch_8_9mps,open_gap,1,1000,100,46076,7.962740384615385,0.11299149724713609,0.04750083662434545,0.16659982281897437
i800,Patch_8_9mps,open_gap,1,1000,100,46076,8.06290064102564,0.11241265267011226,0.04545605584010189,0.16211082008161243
i800,Patch_8_9mps,open_gap,1,1000,100,46076,8.163060897435898,0.11169630139599088,0.0454094466134676,0.15951548766812434
i800,Patch_8_9mps,open_gap,1,1000,100,46076,8.263221153846153,0.11092021202769642,0.04124662051648153,0.16057145698223602
i800,Patch_8_9mps,open_gap,1,1000,100,46076,8.36338141025641,0.11065093988526954,0.042079333941930086,0.16134734844180876
i800,Patch_8_9mps,open_gap,1,1000,100,46076,8.463541666666666,0.11059926691757178,0.03642869887527635,0.16535411484653906
i800,Patch_8_9mps,open_gap,1,1000,100,46076,8.563701923076923,0.11024130141642983,0.03523580398228559,0.164492637590853
i800,Patch_8_9mps,open_gap,1,1000,100,46076,8.663862179487179,0.10933074525767643,0.035221240625231964,0.16022959481349902
i800,Patch_8_9mps,open_gap,1,1000,100,46076,8.764022435897436,0.10815450794051372,0.033662149604424235,0.15605346024152209
i800,Patch_8_9mps,open_gap,1,1000,100,46076,8.864182692307692,0.10714400348131388,0.03520032579663496,0.15227951169171608
i800,Patch_8_9mps,open_gap,1,1000,100,46076,8.964342948717949,0.10640737224392768,0.0387180441486725,0.15123709844411704
i800,Patch_8_9mps,open_gap,1,1000,100,46076,9.064503205128204,0.10579335643720678,0.03711293670009654,0.15175619189453918
i800,Patch_8_9mps,open_gap,1,1000,100,46076,9.164663461538462,0.10577727333482442,0.04069699854233962,0.15288011871444962
i800,Patch_8_9mps,open_gap,1,1000,100,46076,9.264823717948717,0.10605473340363719,0.04264565466052844,0.15495550984696976
i800,Patch_8_9mps,open_gap,1,1000,100,46076,9.364983974358974,0.10641900204773519,0.04444651735043247,0.15615533989928393
i800,Patch_8_9mps,open_gap,1,1000,100,46076,9.46514423076923,0.10694673804777198,0.04394639578674552,0.15879689890832827
i800,Patch_8_9mps,open_gap,1,1000,100,46076,9.565304487179487,0.10739783481046469,0.0418656914308814,0.1549827827031414
i800,Patch_8_9mps,open_gap,1,1000,100,46076,9.665464743589743,0.10768839274538283,0.045011556250989904,0.14963917554233325
i800,Patch_8_9mps,open_gap,1,1000,100,46076,9.765625,0.10791599570873156,0.046001509852520536,0.15178602667888563
i800,Patch_8_9mps,open_gap,1,1000,100,46076,9.865785256410257,0.10785078273060568,0.048255177444039093,0.15293717210923385
i800,Patch_8_9mps,open_gap,1,1000,100,46076,9.965945512820513,0.10785147255661581,0.046284714382680725,0.15052375025003845
i800,Patch_8_9mps,open_gap,10,1000,100,46076,0.05008012820512821,0.071044769739072,0.02462514867967726,0.1104123805014757
i800,Patch_8_9mps,open_gap,10,1000,100,46076,0.1502403846153846,0.04075435747404734,0.011833382713119258,0.059739850622356414
i800,Patch_8_9mps,open_gap,10,1000,100,46076,0.250400641025641,0.07194727912124464,0.028675759553121287,0.10382277182082332
i800,Patch_8_9mps,open_gap,10,1000,100,46076,0.3505608974358974,0.10116019148034078,0.03995087944320969,0.14646035127806112
i800,Patch_8_9mps,open_gap,10,1000,100,46076,0.45072115384615385,0.12146689242758485,0.0488705677459214,0.17950544013696734
i800,Patch_8_9mps,open_gap,10,1000,100,46076,0.5508814102564102,0.1350299425244711,0.0472260429601926,0.19516804361776002
i800,Patch_8_9mps,open_gap,10,1000,100,46076,0.6510416666666666,0.1427158054296781,0.046339065364937815,0.22240876573535573
i800,Patch_8_9mps,open_gap,10,1000,100,46076,0.7512019230769231,0.14658429419253394,0.046963758201090236,0.23272388442113756
i800,Patch_8_9mps,open_gap,10,1000,100,46076,0.8513621794871795,0.14632988049265008,0.050532600340539004,0.22905216742224593
i800,Patch_8_9mps,open_gap,10,1000,100,46076,0.9515224358974359,0.14273683013557073,0.04489981239697585,0.22778879450922296
i800,Patch_8_9mps,open_gap,10,1000,100,46076,1.0516826923076923,0.13793440238958016,0.048728227494698684,0.21274746660472216
i800,Patch_8_9mps,open_gap,10,1000,100,46076,1.1518429487179487,0.13270588362556363,0.04727290263234905,0.1997653246883107
i800,Patch_8_9mps,open_gap,10,1000,100,46076,1.252003205128205,0.12819459031062613,0.042053780496646584,0.18790773990080842
i800,Patch_8_9mps,open_gap,10,1000,100,46076,1.3521634615384615,0.12406378768117517,0.04125051746833998,0.17135698304533892
i800,Patch_8_9mps,open_gap,10,1000,100,46076,1.4523237179487178,0.12018802370845473,0.04234321102160407,0.1634842478859409
i800,Patch_8_9mps,open_gap,10,1000,100,46076,1.5524839743589745,0.11670758509757233,0.04267781709209058,0.15712759619520067
i800,Patch_8_9mps,open_gap,10,1000,100,46076,1.6526442307692308,0.11298404395333451,0.047172676714002576,0.15241881467477086
i800,Patch_8_9mps,open_gap,10,1000,100,46076,1.7528044871794872,0.10908143361162287,0.04575733222762031,0.15257118489702032
i800,Patch_8_9mps,open_gap,10,1000,100,46076,1.8529647435897436,0.10556523472048548,0.04924629691472774,0.14595923627967086
i800,Patch_8_9mps,open_gap,10,1000,100,46076,1.953125,0.10269606846827899,0.051311979887694606,0.1441822716002555
i800,Patch_8_9mps,open_gap,10,1000,100,46076,2.0532852564102564,0.09971292569670435,0.05067117574539684,0.14453829495007914
i800,Patch_8_9mps,open_gap,10,1000,100,46076,2.1534455128205128,0.09634036647770962,0.042201016869848076,0.14160220880391025
i800,Patch_8_9mps,open_gap,10,1000,100,46076,2.253605769230769,0.09289586776517361,0.04875914163288233,0.1423280021027343
i800,Patch_8_9mps,open_gap,10,1000,100,46076,2.3537660256410255,0.08942827454728398,0.04380449441717441,0.13936160578346657
i800,Patch_8_9mps,open_gap,10,1000,100,46076,2.453926282051282,0.08699261054964165,0.04252889438887328,0.13227361740456234
i800,Patch_8_9mps,open_gap,10,1000,100,46076,2.5540865384615383,0.08507977819394727,0.04184377668812357,0.1252865226857334
i800,Patch_8_9mps,open_gap,10,1000,100,46076,2.6542467948717947,0.08301406507290704,0.042285809830772125,0.11685804628555206
i800,Patch_8_9mps,open_gap,10,1000,100,46076,2.754407051282051,0.0808720140667367,0.03703209219551148,0.11070774579262407
i800,Patch_8_9mps,open_gap,10,1000,100,46076,2.8545673076923075,0.07880723510300873,0.038365328963163324,0.1121055889648712
i800,Patch_8_9mps,open_gap,10,1000,100,46076,2.9547275641025643,0.07694358980231833,0.03793167572251699,0.10628699142312312
i800,Patch_8_9mps,open_gap,10,1000,100,46076,3.0548878205128207,0.07506286534234358,0.03124507981654226,0.10198394013138357
i800,Patch_8_9mps,open_gap,10,1000,100,46076,3.155048076923077,0.0731982365816851,0.03235795345639894,0.10288954342050646
i800,Patch_8_9mps,open_gap,10,1000,100,46076,3.2552083333333335,0.0717344464061444,0.029911637091295264,0.10319319426586629
i800,Patch_8_9mps,open_gap,10,1000,100,46076,3.35536858974359,0.0706609754124439,0.029407250389055038,0.10311389845574656
i800,Patch_8_9mps,open_gap,10,1000,100,46076,3.4555288461538463,0.06969270716314979,0.029932214649262535,0.1019129948003436
i800,Patch_8_9mps,open_gap,10,1000,100,46076,3.5556891025641026,0.06870986785309273,0.03306094341749259,0.10056119518283896
i800,Patch_8_9mps,open_gap,10,1000,100,46076,3.655849358974359,0.06787123825680871,0.03441973291312017,0.09601453462217559
i800,Patch_8_9mps,open_gap,10,1000,100,46076,3.7560096153846154,0.06704523223755283,0.03187907712147414,0.0938917345219005
i800,Patch_8_9mps,open_gap,10,1000,100,46076,3.856169871794872,0.06600828605699895,0.029339952411531426,0.0909442860413705
i800,Patch_8_9mps,open_gap,10,1000,100,46076,3.956330128205128,0.06466649675025873,0.02835655997219462,0.08733731014066631
i800,Patch_8_9mps,open_gap,10,1000,100,46076,4.056490384615385,0.0632556434700602,0.031153651050800497,0.08814266415853184
i800,Patch_8_9mps,open_gap,10,1000,100,46076,4.156650641025641,0.06189269283597131,0.028270357337899298,0.08792618734049537
i800,Patch_8_9mps,open_gap,10,1000,100,46076,4.256810897435898,0.060552570136733666,0.03021040949541233,0.08588805485420187
i800,Patch_8_9mps,open_gap,10,1000,100,46076,4.356971153846154,0.05929870340915623,0.030656572348168463,0.08715446030821022
i800,Patch_8_9mps,open_gap,10,1000,100,46076,4.457131410256411,0.057953479045401324,0.028639411120518432,0.08637083853113742
i800,Patch_8_9mps,open_gap,10,1000,100,46076,4.557291666666667,0.056465498215351524,0.02523997023899212,0.08523278805218029
i800,Patch_8_9mps,open_gap,10,1000,100,46076,4.657451923076923,0.05491560093674125,0.02420680248087226,0.08241369600686269
i800,Patch_8_9mps,open_gap,10,1000,100,46076,4.75761217948718,0.05329629475553992,0.020920304937735223,0.0838653641050909
i800,Patch_8_9mps,open_gap,10,1000,100,46076,4.857772435897436,0.05179394297018154,0.018083176118216894,0.08519271747746132
i800,Patch_8_9mps,open_gap,10,1000,100,46076,4.9579326923076925,0.05058723126395018,0.017951322925842707,0.08029027203959675
i800,Patch_8_9mps,open_gap,10,1000,100,46076,5.058092948717949,0.049484406053458344,0.01881877155282231,0.07924112116927991
i800,Patch_8_9mps,open_gap,10,1000,100,46076,5.158253205128205,0.04860450509303018,0.019051646328588783,0.07690355767657372
i800,Patch_8_9mps,open_gap,10,1000,100,46076,5.258413461538462,0.04772713594124729,0.018495827052493013,0.07482672753228292
i800,Patch_8_9mps,open_gap,10,1000,100,46076,5.358573717948718,0.046792634935580286,0.017355948216431584,0.07341504780273132
i800,Patch_8_9mps,open_gap,10,1000,100,46076,5.4587339743589745,0.045908735280952906,0.016479452678034606,0.07110282507567696
i800,Patch_8_9mps,open_gap,10,1000,100,46076,5.558894230769231,0.04511500678266861,0.01676244779970751,0.06940891280797981
i800,Patch_8_9mps,open_gap,10,1000,100,46076,5.659054487179487,0.04440217670666114,0.016907297460868064,0.06815081738205045
i800,Patch_8_9mps,open_gap,10,1000,100,46076,5.759214743589744,0.04376796341434953,0.016485222900878792,0.06625724174655709
i800,Patch_8_9mps,open_gap,10,1000,100,46076,5.859375,0.04349987468641596,0.018020428967378134,0.06588502138269157
i800,Patch_8_9mps,open_gap,10,1000,100,46076,5.959535256410256,0.04351711416319473,0.01855292177463809,0.06649468638575426
i800,Patch_8_9mps,open_gap,10,1000,100,46076,6.059695512820513,0.04351176777781569,0.018637741028849526,0.06531916403080877
i800,Patch_8_9mps,open_gap,10,1000,100,46076,6.159855769230769,0.04331444946341919,0.01966936348006091,0.06618419631055784
i800,Patch_8_9mps,open_gap,10,1000,100,46076,6.2600160256410255,0.042920366639906525,0.021283541256765258,0.06705385627272639
i800,Patch_8_9mps,open_gap,10,1000,100,46076,6.360176282051282,0.042301483443924204,0.01912062917438693,0.06531399109361774
i800,Patch_8_9mps,open_gap,10,1000,100,46076,6.460336538461538,0.04157762867300197,0.01798691881965608,0.06318878843527209
i800,Patch_8_9mps,open_gap,10,1000,100,46076,6.560496794871795,0.04084679374766074,0.01903533377755507,0.060136875506687136
i800,Patch_8_9mps,open_gap,10,1000,100,46076,6.660657051282051,0.04016086517044792,0.01903397357535561,0.05891833530587949
i800,Patch_8_9mps,open_gap,10,1000,100,46076,6.7608173076923075,0.039514083868086504,0.018498079107176192,0.05903055440838226
i800,Patch_8_9mps,open_gap,10,1000,100,46076,6.860977564102564,0.03905085105640412,0.01801767708133669,0.05622749994164625
i800,Patch_8_9mps,open_gap,10,1000,100,46076,6.96113782051282,0.03852596271298871,0.018604034128600486,0.05275930767534593
i800,Patch_8_9mps,open_gap,10,1000,100,46076,7.061298076923077,0.03796418062749405,0.01789207178114207,0.05076374141049446
i800,Patch_8_9mps,open_gap,10,1000,100,46076,7.161458333333333,0.03742372651949316,0.017675537335703005,0.05032887998386245
i800,Patch_8_9mps,open_gap,10,1000,100,46076,7.261618589743589,0.03694196957791336,0.016836247976950845,0.05161846612235092
i800,Patch_8_9mps,open_gap,10,1000,100,46076,7.361778846153846,0.0364608758996667,0.016650268641309363,0.05061967984450531
i800,Patch_8_9mps,open_gap,10,1000,100,46076,7.461939102564102,0.035994920019353414,0.015259594902191524,0.05015459849534778
i800,Patch_8_9mps,open_gap,10,1000,100,46076,7.562099358974359,0.03551292587704679,0.014442449628344383,0.05106124394898327
i800,Patch_8_9mps,open_gap,10,1000,100,46076,7.662259615384615,0.034973600811402564,0.014369826835617614,0.05113166728700373
i800,Patch_8_9mps,open_gap,10,1000,100,46076,7.762419871794871,0.034456072641525226,0.014731695216450957,0.05032952258671873
i800,Patch_8_9mps,open_gap,10,1000,100,46076,7.862580128205129,0.03409804835100928,0.01345601790118803,0.048610331889101625
i800,Patch_8_9mps,open_gap,10,1000,100,46076,7.962740384615385,0.03378865807102342,0.01244512474171968,0.04873917687481792
i800,Patch_8_9mps,open_gap,10,1000,100,46076,8.06290064102564,0.033425812256069755,0.012110488340230688,0.04893505709578301
i800,Patch_8_9mps,open_gap,10,1000,100,46076,8.163060897435898,0.03309175096504862,0.013657026898165739,0.049943695933412816
i800,Patch_8_9mps,open_gap,10,1000,100,46076,8.263221153846153,0.03280657901001169,0.013660009373030156,0.048928172820501006
i800,Patch_8_9mps,open_gap,10,1000,100,46076,8.36338141025641,0.03262617162165093,0.01459707726353275,0.0479094272763764
i800,Patch_8_9mps,open_gap,10,1000,100,46076,8.463541666666666,0.032366143205858934,0.015498294517181535,0.04577484560598876
i800,Patch_8_9mps,open_gap,10,1000,100,46076,8.563701923076923,0.0319115571441698,0.014592737865456378,0.04443088353634292
i800,Patch_8_9mps,open_gap,10,1000,100,46076,8.663862179487179,0.031403202433837714,0.0135501445976399,0.04274140315171337
i800,Patch_8_9mps,open_gap,10,1000,100,46076,8.764022435897436,0.03090243253171159,0.012701689086176264,0.04373686689815755
i800,Patch_8_9mps,open_gap,10,1000,100,46076,8.864182692307692,0.030392912580006294,0.012799397384098854,0.04331538720995827
i800,Patch_8_9mps,open_gap,10,1000,100,46076,8.964342948717949,0.029964978120504814,0.012430304159325186,0.04152269504577391
i800,Patch_8_9mps,open_gap,10,1000,100,46076,9.064503205128204,0.02967809919685029,0.010529989634683457,0.04147420168865073
i800,Patch_8_9mps,open_gap,10,1000,100,46076,9.164663461538462,0.02941453339183149,0.011459349287913437,0.04132430653390985
i800,Patch_8_9mps,open_gap,10,1000,100,46076,9.264823717948717,0.029241192820481002,0.01148403593889282,0.041333910312712725
i800,Patch_8_9mps,open_gap,10,1000,100,46076,9.364983974358974,0.029193567899571834,0.011298952529242942,0.04268578263167847
i800,Patch_8_9mps,open_gap,10,1000,100,46076,9.46514423076923,0.02923368907694536,0.010939897196490925,0.04338828933085833
i800,Patch_8_9mps,open_gap,10,1000,100,46076,9.565304487179487,0.029277008060495966,0.011265387905621982,0.042073469549521826
i800,Patch_8_9mps,open_gap,10,1000,100,46076,9.665464743589743,0.02928768655559473,0.012013051979248256,0.041507738864856994
i800,Patch_8_9mps,open_gap,10,1000,100,46076,9.765625,0.029356442559428073,0.01216578037514687,0.042026024635553105
i800,Patch_8_9mps,open_gap,10,1000,100,46076,9.865785256410257,0.02943378339935051,0.012504818311981485,0.043197537778271636
i800,Patch_8_9mps,open_gap,10,1000,100,46076,9.965945512820513,0.029584889098428956,0.012649258344233492,0.044406839995764516
i800,Patch_8_9mps,open_gap,50,1000,100,46076,0.05008012820512821,0.030871450027268862,0.01017420515845461,0.04695476228722689
i800,Patch_8_9mps,open_gap,50,1000,100,46076,0.1502403846153846,0.022889058087070858,0.010157735466980268,0.030749850317874743
i800,Patch_8_9mps,open_gap,50,1000,100,46076,0.250400641025641,0.033395539509677385,0.011786975789572666,0.049249663001486775
i800,Patch_8_9mps,open_gap,50,1000,100,46076,0.3505608974358974,0.043714251959077084,0.017705718572876915,0.05703453143327147
i800,Patch_8_9mps,open_gap,50,1000,100,46076,0.45072115384615385,0.05171795150930502,0.020337649715943488,0.06967170277192383
i800,Patch_8_9mps,open_gap,50,1000,100,46076,0.5508814102564102,0.05805551836835412,0.021346718565882942,0.07711223612490885
i800,Patch_8_9mps,open_gap,50,1000,100,46076,0.6510416666666666,0.062290795707346726,0.028255683585510595,0.08267491230992215
i800,Patch_8_9mps,open_gap,50,1000,100,46076,0.7512019230769231,0.06438656718861817,0.026557208544509013,0.08817543649708462
i800,Patch_8_9mps,open_gap,50,1000,100,46076,0.8513621794871795,0.0642713556148625,0.02530175721984832,0.09070615399341271
i800,Patch_8_9mps,open_gap,50,1000,100,46076,0.9515224358974359,0.06265669155328464,0.025262163960954414,0.09252013757833448
i800,Patch_8_9mps,open_gap,50,1000,100,46076,1.0516826923076923,0.060723065451618395,0.025135900239486017,0.08630611163164491
i800,Patch_8_9mps,open_gap,50,1000,100,46076,1.1518429487179487,0.05883754364048633,0.022707856413508344,0.08321731090265361
i800,Patch_8_9mps,open_gap,50,1000,100,46076,1.252003205128205,0.05700147634471759,0.020349227879709497,0.0826925190498938
i800,Patch_8_9mps,open_gap,50,1000,100,46076,1.3521634615384615,0.05578053699025239,0.019447702677936263,0.07814509233539411
i800,Patch_8_9mps,open_gap,50,1000,100,46076,1.4523237179487178,0.05463144381549874,0.023301137571909658,0.07585160943545965
i800,Patch_8_9mps,open_gap,50,1000,100,46076,1.5524839743589745,0.05326284468945218,0.02505594056809252,0.0732754299109773
i800,Patch_8_9mps,open_gap,50,1000,100,46076,1.6526442307692308,0.0518064815373444,0.025113460686720268,0.0694204855186673
i800,Patch_8_9mps,open_gap,50,1000,100,46076,1.7528044871794872,0.05023848915112912,0.02484909154704395,0.06854504291121398
i800,Patch_8_9mps,open_gap,50,1000,100,46076,1.8529647435897436,0.04855140351072273,0.02523930873373005,0.06421600282849997
i800,Patch_8_9mps,open_gap,50,1000,100,46076,1.953125,0.046924852533247005,0.024025081939408523,0.061806435205314286
i800,Patch_8_9mps,open_gap,50,1000,100,46076,2.0532852564102564,0.04539619594128969,0.02192456612534688,0.060673791656757396
i800,Patch_8_9mps,open_gap,50,1000,100,46076,2.1534455128205128,0.04400560466677754,0.018464081298002998,0.058220138220250205
i800,Patch_8_9mps,open_gap,50,1000,100,46076,2.253605769230769,0.042707156584792655,0.016211556492368145,0.05754532686617558
i800,Patch_8_9mps,open_gap,50,1000,100,46076,2.3537660256410255,0.04146888009402606,0.017364922715279275,0.056912958885633705
i800,Patch_8_9mps,open_gap,50,1000,100,46076,2.453926282051282,0.040140357964021954,0.014875873884890024,0.05668248514764261
i800,Patch_8_9mps,open_gap,50,1000,100,46076,2.5540865384615383,0.03874992574714014,0.012140447283434892,0.05366069719619469
i800,Patch_8_9mps,open_gap,50,1000,100,46076,2.6542467948717947,0.03729720253633395,0.011809786988855106,0.05411861044380907
i800,Patch_8_9mps,open_gap,50,1000,100,46076,2.754407051282051,0.03592347270249876,0.01293938992031182,0.05195103556809166
i800,Patch_8_9mps,open_gap,50,1000,100,46076,2.8545673076923075,0.03492626039831125,0.013018555107645581,0.04960471654111019
i800,Patch_8_9mps,open_gap,50,1000,100,46076,2.9547275641025643,0.034157246448748284,0.01167270658695063,0.051164567315517925
i800,Patch_8_9mps,open_gap,50,1000,100,46076,3.0548878205128207,0.0334170767138064,0.011163072203347672,0.04963428376213802
i800,Patch_8_9mps,open_gap,50,1000,100,46076,3.155048076923077,0.03266594233517385,0.012282396023116957,0.04695947751712812
i800,Patch_8_9mps,open_gap,50,1000,100,46076,3.2552083333333335,0.03211335126208387,0.012333171169566034,0.046256733205675055
i800,Patch_8_9mps,open_gap,50,1000,100,46076,3.35536858974359,0.03151719888694771,0.012893342836303773,0.04649067476835836
i800,Patch_8_9mps,open_gap,50,1000,100,46076,3.4555288461538463,0.030807743782609497,0.013017252076322457,0.0457661007289365
i800,Patch_8_9mps,open_gap,50,1000,100,46076,3.5556891025641026,0.030221028763285456,0.012487109286503586,0.044417288645499715
i800,Patch_8_9mps,open_gap,50,1000,100,46076,3.655849358974359,0.029744106301016413,0.012033383516535497,0.04188053707020816
i800,Patch_8_9mps,open_gap,50,1000,100,46076,3.7560096153846154,0.029322747401152986,0.012053341108811583,0.04025505342819753
i800,Patch_8_9mps,open_gap,50,1000,100,46076,3.856169871794872,0.028916518683190645,0.01213997283614373,0.039663717087550135
i800,Patch_8_9mps,open_gap,50,1000,100,46076,3.956330128205128,0.028530698579351612,0.013116267297578242,0.03942492793926942
i800,Patch_8_9mps,open_gap,50,1000,100,46076,4.056490384615385,0.028067692812304833,0.012117533245338007,0.03984822554942026
i800,Patch_8_9mps,open_gap,50,1000,100,46076,4.156650641025641,0.027561209671308814,0.011277826265433694,0.03947587740756708
i800,Patch_8_9mps,open_gap,50,1000,100,46076,4.256810897435898,0.027150028026156136,0.011150232192638351,0.040092446827039954
i800,Patch_8_9mps,open_gap,50,1000,100,46076,4.356971153846154,0.026785102814639073,0.011067432854814496,0.03878856542241413
i800,Patch_8_9mps,open_gap,50,1000,100,46076,4.457131410256411,0.02641354773143895,0.00978366180391908,0.03682363146644904
i800,Patch_8_9mps,open_gap,50,1000,100,46076,4.557291666666667,0.025971285371255804,0.010959476925459982,0.0353900238435047
i800,Patch_8_9mps,open_gap,50,1000,100,46076,4.657451923076923,0.02550314788758423,0.01034813886259949,0.03472963593184261
i800,Patch_8_9mps,open_gap,50,1000,100,46076,4.75761217948718,0.025063455892207105,0.009632849874065366,0.03599092124093041
i800,Patch_8_9mps,open_gap,50,1000,100,46076,4.857772435897436,0.024542000047502847,0.010047278796956183,0.034714127292981026
i800,Patch_8_9mps,open_gap,50,1000,100,46076,4.9579326923076925,0.02396080326746529,0.009906520535944496,0.03427275448952223
i800,Patch_8_9mps,open_gap,50,1000,100,46076,5.058092948717949,0.02332234088785798,0.008981682658163383,0.034376463380649286
i800,Patch_8_9mps,open_gap,50,1000,100,46076,5.158253205128205,0.022824640743825144,0.007777445986612186,0.03362036505455428
i800,Patch_8_9mps,open_gap,50,1000,100,46076,5.258413461538462,0.022310568028910755,0.0075810369013373504,0.03228197831736528
i800,Patch_8_9mps,open_gap,50,1000,100,46076,5.358573717948718,0.02177038567538182,0.006581253556274393,0.031616211793471155
i800,Patch_8_9mps,open_gap,50,1000,100,46076,5.4587339743589745,0.021258143453609,0.00673655469822294,0.031173961906964302
i800,Patch_8_9mps,open_gap,50,1000,100,46076,5.558894230769231,0.020846019866340205,0.007098409297477443,0.03036938440347593
i800,Patch_8_9mps,open_gap,50,1000,100,46076,5.659054487179487,0.020506039614801973,0.008032308813129559,0.029931717065142846
i800,Patch_8_9mps,open_gap,50,1000,100,46076,5.759214743589744,0.020224110677468335,0.007845209396244283,0.02906990960704047
i800,Patch_8_9mps,open_gap,50,1000,100,46076,5.859375,0.019931510681524482,0.0077544059561959165,0.02785069731063188
i800,Patch_8_9mps,open_gap,50,1000,100,46076,5.959535256410256,0.019600465169713827,0.008519799122048548,0.02731854073213833
i800,Patch_8_9mps,open_gap,50,1000,100,46076,6.059695512820513,0.019170691313338893,0.008585716378115373,0.026057969466490097
i800,Patch_8_9mps,open_gap,50,1000,100,46076,6.159855769230769,0.01867403609249521,0.007992561988563148,0.026052062851006356
i800,Patch_8_9mps,open_gap,50,1000,100,46076,6.2600160256410255,0.018218712394348274,0.006961124669055676,0.024927514929054186
i800,Patch_8_9mps,open_gap,50,1000,100,46076,6.360176282051282,0.01788010258896967,0.0070880167824226015,0.02496186195808015
i800,Patch_8_9mps,open_gap,50,1000,100,46076,6.460336538461538,0.01765254500053093,0.006379066061513332,0.024329262384034864
i800,Patch_8_9mps,open_gap,50,1000,100,46076,6.560496794871795,0.017462491463909654,0.0063540991579387005,0.024129985609267376
i800,Patch_8_9mps,open_gap,50,1000,100,46076,6.660657051282051,0.017269469134326462,0.006147358032593562,0.023660467246422765
i800,Patch_8_9mps,open_gap,50,1000,100,46076,6.7608173076923075,0.017088334895021078,0.006192137486202641,0.023978608417834425
i800,Patch_8_9mps,open_gap,50,1000,100,46076,6.860977564102564,0.01701497785244014,0.006387130579290848,0.024428457375673455
i800,Patch_8_9mps,open_gap,50,1000,100,46076,6.96113782051282,0.01695133516985095,0.006513156418235521,0.023991801216439353
i800,Patch_8_9mps,open_gap,50,1000,100,46076,7.061298076923077,0.016859181869222844,0.006292353028771882,0.022840588487718763
i800,Patch_8_9mps,open_gap,50,1000,100,46076,7.161458333333333,0.01675058674091121,0.006385709277653164,0.023063132641782058
i800,Patch_8_9mps,open_gap,50,1000,100,46076,7.261618589743589,0.016626660725590554,0.007147616148159569,0.02262479907236062
i800,Patch_8_9mps,open_gap,50,1000,100,46076,7.361778846153846,0.01653416917824589,0.007479920279555222,0.022263747927526546
i800,Patch_8_9mps,open_gap,50,1000,100,46076,7.461939102564102,0.016471854805791525,0.007385359463613804,0.021800205019178315
i800,Patch_8_9mps,open_gap,50,1000,100,46076,7.562099358974359,0.016395326435044145,0.007005214267728593,0.021260734738971516
i800,Patch_8_9mps,open_gap,50,1000,100,46076,7.662259615384615,0.01627523428418625,0.007443984287549946,0.021773659706152602
i800,Patch_8_9mps,open_gap,50,1000,100,46076,7.762419871794871,0.016123396286983747,0.0062246752773457825,0.021944068132920054
i800,Patch_8_9mps,open_gap,50,1000,100,46076,7.862580128205129,0.01602298427202387,0.005579786940893351,0.02194649770451118
i800,Patch_8_9mps,open_gap,50,1000,100,46076,7.962740384615385,0.015954815933489633,0.006244381881148356,0.0224737750280602
i800,Patch_8_9mps,open_gap,50,1000,100,46076,8.06290064102564,0.015878907572933282,0.006507863810538274,0.022423718402549843
i800,Patch_8_9mps,open_gap,50,1000,100,46076,8.163060897435898,0.015854978823197897,0.006788617999235999,0.021857697280879985
i800,Patch_8_9mps,open_gap,50,1000,100,46076,8.263221153846153,0.015801698142594297,0.007075678664780496,0.02173806202284711
i800,Patch_8_9mps,open_gap,50,1000,100,46076,8.36338141025641,0.01573899768935197,0.007360583001150124,0.021170744163150006
i800,Patch_8_9mps,open_gap,50,1000,100,46076,8.463541666666666,0.015682081425793363,0.007378758002833422,0.020555968750132023
i800,Patch_8_9mps,open_gap,50,1000,100,46076,8.563701923076923,0.01565808780994434,0.00760987808691084,0.021407068950883762
i800,Patch_8_9mps,open_gap,50,1000,100,46076,8.663862179487179,0.01564110333773178,0.0077722794204988736,0.020683952912164006
i800,Patch_8_9mps,open_gap,50,1000,100,46076,8.764022435897436,0.01563422777329334,0.007597152649425269,0.022098682498335718
i800,Patch_8_9mps,open_gap,50,1000,100,46076,8.864182692307692,0.01566556521477969,0.007073395125242783,0.021787296855334155
i800,Patch_8_9mps,open_gap,50,1000,100,46076,8.964342948717949,0.015718141335815325,0.006853386797693252,0.021556206780305218
i800,Patch_8_9mps,open_gap,50,1000,100,46076,9.064503205128204,0.015701946300380284,0.006354851668085688,0.021170191955815865
i800,Patch_8_9mps,open_gap,50,1000,100,46076,9.164663461538462,0.015658271232899982,0.006674161941537428,0.0209910592419008
i800,Patch_8_9mps,open_gap,50,1000,100,46076,9.264823717948717,0.015587892585594334,0.007214457436655106,0.02084082164414883
i800,Patch_8_9mps,open_gap,50,1000,100,46076,9.364983974358974,0.015515199095552297,0.00754732543025988,0.020324503877149007
i800,Patch_8_9mps,open_gap,50,1000,100,46076,9.46514423076923,0.01546319836663022,0.007341500206376109,0.01944360195785493
i800,Patch_8_9mps,open_gap,50,1000,100,46076,9.565304487179487,0.015393681359605591,0.007265460726148766,0.020070812136539027
i800,Patch_8_9mps,open_gap,50,1000,100,46076,9.665464743589743,0.015267909790994218,0.006880084581567017,0.019776279378815202
i800,Patch_8_9mps,open_gap,50,1000,100,46076,9.765625,0.015109463783540729,0.00650541467208332,0.019544637220166736
i800,Patch_8_9mps,open_gap,50,1000,100,46076,9.865785256410257,0.014960743879284543,0.00638232549226544,0.020150019574036487
i800,Patch_8_9mps,open_gap,50,1000,100,46076,9.965945512820513,0.014800693078084147,0.006282841082349999,0.020507795182291174
i800,Patch_8_9mps,open_gap,100,1000,100,46076,0.05008012820512821,0.020793898249120327,0.009757675234338677,0.02778898590498839
i800,Patch_8_9mps,open_gap,100,1000,100,46076,0.1502403846153846,0.014296841502561832,0.007368990034025584,0.021625235109668017
i800,Patch_8_9mps,open_gap,100,1000,100,46076,0.250400641025641,0.02152284216669305,0.008547342508891677,0.03039592789165832
i800,Patch_8_9mps,open_gap,100,1000,100,46076,0.3505608974358974,0.028206063677822923,0.011893963256023073,0.04039330866768803
i800,Patch_8_9mps,open_gap,100,1000,100,46076,0.45072115384615385,0.03282373478221478,0.012744110676154784,0.049167679107776585
i800,Patch_8_9mps,open_gap,100,1000,100,46076,0.5508814102564102,0.03542271693032763,0.013133861360332195,0.05144767448115573
i800,Patch_8_9mps,open_gap,100,1000,100,46076,0.6510416666666666,0.03782874219207189,0.013975741457572643,0.05605356706192307
i800,Patch_8_9mps,open_gap,100,1000,100,46076,0.7512019230769231,0.03946269256282449,0.015678573770048925,0.05829536027799844
i800,Patch_8_9mps,open_gap,100,1000,100,46076,0.8513621794871795,0.039597415302712616,0.01649707433903236,0.05853530848766576
i800,Patch_8_9mps,open_gap,100,1000,100,46076,0.9515224358974359,0.03848227526882341,0.01643254229929444,0.053033068074904585
i800,Patch_8_9mps,open_gap,100,1000,100,46076,1.0516826923076923,0.037282110468885694,0.015787254995754993,0.05215323315639781
i800,Patch_8_9mps,open_gap,100,1000,100,46076,1.1518429487179487,0.03616771707737926,0.015815105755335814,0.05010484271803972
i800,Patch_8_9mps,open_gap,100,1000,100,46076,1.252003205128205,0.035019515401880044,0.016382326854249202,0.04626347470718403
i800,Patch_8_9mps,open_gap,100,1000,100,46076,1.3521634615384615,0.03385870045604033,0.016070861052653384,0.04958801732378762
i800,Patch_8_9mps,open_gap,100,1000,100,46076,1.4523237179487178,0.032924212542060356,0.015296136725629924,0.04748077374851147
i800,Patch_8_9mps,open_gap,100,1000,100,46076,1.5524839743589745,0.032253893199998794,0.01357527690386754,0.04553266984367549
i800,Patch_8_9mps,open_gap,100,1000,100,46076,1.6526442307692308,0.031398286261793903,0.012584153414681408,0.0435217244105654
i800,Patch_8_9mps,open_gap,100,1000,100,46076,1.7528044871794872,0.0304302738789421,0.012215293000218022,0.041911870805981
i800,Patch_8_9mps,open_gap,100,1000,100,46076,1.8529647435897436,0.02937384612139503,0.011231988862015178,0.039603246008032326
i800,Patch_8_9mps,open_gap,100,1000,100,46076,1.953125,0.028481355688752926,0.010948356506039047,0.03835269153478785
i800,Patch_8_9mps,open_gap,100,1000,100,46076,2.0532852564102564,0.027563993202939292,0.011148595568948027,0.03794036032662821
i800,Patch_8_9mps,open_gap,100,1000,100,46076,2.1534455128205128,0.026764507501112585,0.011703215174103918,0.03811190241293223
i800,Patch_8_9mps,open_gap,100,1000,100,46076,2.253605769230769,0.026141540710729202,0.012753682348057084,0.0377923788972421
i800,Patch_8_9mps,open_gap,100,1000,100,46076,2.3537660256410255,0.025549973105714215,0.011883919080354162,0.03727600422500067
i800,Patch_8_9mps,open_gap,100,1000,100,46076,2.453926282051282,0.024937971329768004,0.011407552769699514,0.03748417461275706
i800,Patch_8_9mps,open_gap,100,1000,100,46076,2.5540865384615383,0.024164855437258992,0.01063998186881695,0.03654593804506258
i800,Patch_8_9mps,open_gap,100,1000,100,46076,2.6542467948717947,0.023330238630675976,0.009747452184765245,0.03467878250701052
i800,Patch_8_9mps,open_gap,100,1000,100,46076,2.754407051282051,0.022579408873650907,0.00928591198269641,0.032600966540356484
i800,Patch_8_9mps,open_gap,100,1000,100,46076,2.8545673076923075,0.021975918232478176,0.009035591434610059,0.03074587382332203
i800,Patch_8_9mps,open_gap,100,1000,100,46076,2.9547275641025643,0.021400195253238916,0.009066023196485062,0.030058164506891367
i800,Patch_8_9mps,open_gap,100,1000,100,46076,3.0548878205128207,0.020792060825914477,0.008641273794508573,0.028259356008091277
i800,Patch_8_9mps,open_gap,100,1000,100,46076,3.155048076923077,0.020157117828050835,0.008872864759231006,0.027337241298884464
i800,Patch_8_9mps,open_gap,100,1000,100,46076,3.2552083333333335,0.019547376303767267,0.008018820165449981,0.02737171983569866
i800,Patch_8_9mps,open_gap,100,1000,100,46076,3.35536858974359,0.01897511505629225,0.007949420328700456,0.02642105047886656
i800,Patch_8_9mps,open_gap,100,1000,100,46076,3.4555288461538463,0.018469625787085647,0.008110402760899754,0.025958130005895055
i800,Patch_8_9mps,open_gap,100,1000,100,46076,3.5556891025641026,0.017907391019953672,0.007722097172756618,0.025083186280848338
i800,Patch_8_9mps,open_gap,100,1000,100,46076,3.655849358974359,0.01723694466281315,0.007085986083612934,0.024430514186006204
i800,Patch_8_9mps,open_gap,100,1000,100,46076,3.7560096153846154,0.016552974937780636,0.006382168177313961,0.023710578146890687
i800,Patch_8_9mps,open_gap,100,1000,100,46076,3.856169871794872,0.01603308767908472,0.0057147362774676875,0.023315259941496625
i800,Patch_8_9mps,open_gap,100,1000,100,46076,3.956330128205128,0.015677909712259658,0.006030863337226286,0.022103680083997067
i800,Patch_8_9mps,open_gap,100,1000,100,46076,4.056490384615385,0.01541065269020348,0.005459274858237436,0.0219262434421484
i800,Patch_8_9mps,open_gap,100,1000,100,46076,4.156650641025641,0.015254995330358692,0.005511119206170274,0.022355628577286218
i800,Patch_8_9mps,open_gap,100,1000,100,46076,4.256810897435898,0.015152928117893226,0.005626107611281041,0.021997416854084566
i800,Patch_8_9mps,open_gap,100,1000,100,46076,4.356971153846154,0.01504772793547271,0.005735605112392868,0.02215514096532695
i800,Patch_8_9mps,open_gap,100,1000,100,46076,4.457131410256411,0.015014231414111796,0.005195880010669834,0.02191206457229106
i800,Patch_8_9mps,open_gap,100,1000,100,46076,4.557291666666667,0.014941978465947683,0.005279992717965087,0.02162770220741777
i800,Patch_8_9mps,open_gap,100,1000,100,46076,4.657451923076923,0.014809404388517206,0.0056504244577788585,0.02126847043417532
i800,Patch_8_9mps,open_gap,100,1000,100,46076,4.75761217948718,0.014686123969936881,0.006087206795285913,0.020015047284681495
i800,Patch_8_9mps,open_gap,100,1000,100,46076,4.857772435897436,0.014554243586931824,0.006116535102616578,0.019754919458977584
i800,Patch_8_9mps,open_gap,100,1000,100,46076,4.9579326923076925,0.014389740620299275,0.006069457317389315,0.019837116045369273
i800,Patch_8_9mps,open_gap,100,1000,100,46076,5.058092948717949,0.014206797052861844,0.005946064560847191,0.0189697710867628
i800,Patch_8_9mps,open_gap,100,1000,100,46076,5.158253205128205,0.014036504309640496,0.006116469817991748,0.019372671436833407
i800,Patch_8_9mps,open_gap,100,1000,100,46076,5.258413461538462,0.013881989222844827,0.0061496882228243635,0.019462919531524694
i800,Patch_8_9mps,open_gap,100,1000,100,46076,5.358573717948718,0.013752799891652942,0.0055995540720858265,0.018510096004808206
i800,Patch_8_9mps,open_gap,100,1000,100,46076,5.4587339743589745,0.013600625680909115,0.0052197444284381245,0.01790973850851497
i800,Patch_8_9mps,open_gap,100,1000,100,46076,5.558894230769231,0.01347467530032729,0.004856911544748984,0.01755440072290139
i800,Patch_8_9mps,open_gap,100,1000,100,46076,5.659054487179487,0.013341409452333695,0.004581659807311282,0.016870496643881586
i800,Patch_8_9mps,open_gap,100,1000,100,46076,5.759214743589744,0.013295080640177355,0.004727287249233169,0.01749771941785828
i800,Patch_8_9mps,open_gap,100,1000,100,46076,5.859375,0.01328610329355556,0.004897604553537667,0.017546128765350746
i800,Patch_8_9mps,open_gap,100,1000,100,46076,5.959535256410256,0.013249400855780642,0.004846586089171624,0.017932672244019725
i800,Patch_8_9mps,open_gap,100,1000,100,46076,6.059695512820513,0.01322752461011494,0.004810415177048364,0.018497970600267907
i800,Patch_8_9mps,open_gap,100,1000,100,46076,6.159855769230769,0.0132547832018491,0.004902974030501476,0.018161314613055615
i800,Patch_8_9mps,open_gap,100,1000,100,46076,6.2600160256410255,0.01329306967843066,0.005265445042958706,0.01782030869209504
i800,Patch_8_9mps,open_gap,100,1000,100,46076,6.360176282051282,0.013284795562063216,0.0055908362972668865,0.01727725485568322
i800,Patch_8_9mps,open_gap,100,1000,100,46076,6.460336538461538,0.01326267252552444,0.0057063767722709624,0.017246175900357038
i800,Patch_8_9mps,open_gap,100,1000,100,46076,6.560496794871795,0.013239362469367046,0.005812104610386291,0.01739931227339423
i800,Patch_8_9mps,open_gap,100,1000,100,46076,6.660657051282051,0.013210048982863766,0.005621134946527092,0.017924774455852267
i800,Patch_8_9mps,open_gap,100,1000,100,46076,6.7608173076923075,0.013200522409544424,0.005496016388486456,0.018166954526700557
i800,Patch_8_9mps,open_gap,100,1000,100,46076,6.860977564102564,0.013209092916174076,0.005582995727664505,0.018285445749111957
i800,Patch_8_9mps,open_gap,100,1000,100,46076,6.96113782051282,0.01319317678085731,0.005443646483587545,0.018678062851884194
i800,Patch_8_9mps,open_gap,100,1000,100,46076,7.061298076923077,0.013181210653327837,0.005707695197510888,0.01872724398018898
i800,Patch_8_9mps,open_gap,100,1000,100,46076,7.161458333333333,0.013140077042490315,0.0058727493193572585,0.01863936708880821
i800,Patch_8_9mps,open_gap,100,1000,100,46076,7.261618589743589,0.013029948946223936,0.0056792244195144085,0.018088955568904098
i800,Patch_8_9mps,open_gap,100,1000,100,46076,7.361778846153846,0.01288509375403123,0.005563102999560217,0.017278039999923816
i800,Patch_8_9mps,open_gap,100,1000,100,46076,7.461939102564102,0.012705597348946208,0.005613322607209264,0.01699472820417851
i800,Patch_8_9mps,open_gap,100,1000,100,46076,7.562099358974359,0.01252845384988914,0.005650630046891055,0.016621234103059438
i800,Patch_8_9mps,open_gap,100,1000,100,46076,7.662259615384615,0.01238358920017231,0.005551657731336316,0.016544259855017056
i800,Patch_8_9mps,open_gap,100,1000,100,46076,7.762419871794871,0.012287583922510104,0.005791084423887498,0.016748750010836914
i800,Patch_8_9mps,open_gap,100,1000,100,46076,7.862580128205129,0.012216379066939533,0.005642637139010267,0.01664895867666379
i800,Patch_8_9mps,open_gap,100,1000,100,46076,7.962740384615385,0.01212588194263779,0.005814643735001004,0.01632850139900142
i800,Patch_8_9mps,open_gap,100,1000,100,46076,8.06290064102564,0.011997473896975674,0.005367854700784651,0.0162813752112279
i800,Patch_8_9mps,open_gap,100,1000,100,46076,8.163060897435898,0.011828579021705268,0.005289331297251558,0.015871133993950175
i800,Patch_8_9mps,open_gap,100,1000,100,46076,8.263221153846153,0.01169610942075437,0.004948136604038502,0.015390681542015987
i800,Patch_8_9mps,open_gap,100,1000,100,46076,8.36338141025641,0.011631231963657755,0.0044110761457668846,0.015479330713169424
i800,Patch_8_9mps,open_gap,100,1000,100,46076,8.463541666666666,0.011558931228130547,0.004123898636233102,0.016150617614061943
i800,Patch_8_9mps,open_gap,100,1000,100,46076,8.563701923076923,0.011455225889029492,0.003656699863867848,0.016534754376216605
i800,Patch_8_9mps,open_gap,100,1000,100,46076,8.663862179487179,0.01136022848849651,0.003859838732058611,0.01687235997822882
i800,Patch_8_9mps,open_gap,100,1000,100,46076,8.764022435897436,0.011310088628129605,0.004019844928633658,0.01675616539349517
i800,Patch_8_9mps,open_gap,100,1000,100,46076,8.864182692307692,0.011297547263944496,0.004125430452836205,0.01735335495129656
i800,Patch_8_9mps,open_gap,100,1000,100,46076,8.964342948717949,0.011313096442628567,0.003969266540448399,0.017284050468739508
i800,Patch_8_9mps,open_gap,100,1000,100,46076,9.064503205128204,0.011338175760380662,0.003980711246843677,0.016846846207311816
i800,Patch_8_9mps,open_gap,100,1000,100,46076,9.164663461538462,0.011376700728243778,0.0038082674512908846,0.016698371004590568
i800,Patch_8_9mps,open_gap,100,1000,100,46076,9.264823717948717,0.011425689390559457,0.003943038167969202,0.01699940536624858
i800,Patch_8_9mps,open_gap,100,1000,100,46076,9.364983974358974,0.011426128200975938,0.004131722379063965,0.01699042322996998
i800,Patch_8_9mps,open_gap,100,1000,100,46076,9.46514423076923,0.011373741388754523,0.0042520802967080384,0.01736920015955108
i800,Patch_8_9mps,open_gap,100,1000,100,46076,9.565304487179487,0.011341516256930795,0.004302994025463485,0.017159813684093642
i800,Patch_8_9mps,open_gap,100,1000,100,46076,9.665464743589743,0.011331288353191615,0.004570072459240117,0.017621523070122054
i800,Patch_8_9mps,open_gap,100,1000,100,46076,9.765625,0.011302313491135675,0.004675490370516584,0.017452658408091765
i800,Patch_8_9mps,open_gap,100,1000,100,46076,9.865785256410257,0.011263786086382045,0.004795723734258095,0.017720917163879225
i800,Patch_8_9mps,open_gap,100,1000,100,46076,9.965945512820513,0.011236237687254957,0.004832584777091139,0.017581216037905623
i800,Patch_8_9mps,open_gap,500,1000,100,46076,0.05008012820512821,0.009949419544880343,0.004006457280134145,0.015436910797785034
i800,Patch_8_9mps,open_gap,500,1000,100,46076,0.1502403846153846,0.005986964797178095,0.0028928448643079398,0.007543575565991053
i800,Patch_8_9mps,open_gap,500,1000,100,46076,0.250400641025641,0.009419534621400338,0.0033537586121896662,0.01304565500407321
i800,Patch_8_9mps,open_gap,500,1000,100,46076,0.3505608974358974,0.013511139631935825,0.005630614843987009,0.019657266686479692
i800,Patch_8_9mps,open_gap,500,1000,100,46076,0.45072115384615385,0.016641655888616144,0.006262669107274594,0.023118333818757462
i800,Patch_8_9mps,open_gap,500,1000,100,46076,0.5508814102564102,0.01887371172859169,0.007349619307453351,0.025456086468559756
i800,Patch_8_9mps,open_gap,500,1000,100,46076,0.6510416666666666,0.02037150293924509,0.008700533532013898,0.02713626790230571
i800,Patch_8_9mps,open_gap,500,1000,100,46076,0.7512019230769231,0.02116385414984959,0.00787432284802143,0.028449448869620145
i800,Patch_8_9mps,open_gap,500,1000,100,46076,0.8513621794871795,0.02116280601727966,0.008072993628695308,0.02786185779602835
i800,Patch_8_9mps,open_gap,500,1000,100,46076,0.9515224358974359,0.020414294625765113,0.009110087684076052,0.027827080292618538
i800,Patch_8_9mps,open_gap,500,1000,100,46076,1.0516826923076923,0.019565085212469465,0.00863213705414484,0.02867654180349238
i800,Patch_8_9mps,open_gap,500,1000,100,46076,1.1518429487179487,0.018884206559306543,0.0074894060725235,0.027053062551638644
i800,Patch_8_9mps,open_gap,500,1000,100,46076,1.252003205128205,0.0182559061664719,0.006088661274066631,0.027097585538198188
i800,Patch_8_9mps,open_gap,500,1000,100,46076,1.3521634615384615,0.01773779341957835,0.00690369971146899,0.026277577187007035
i800,Patch_8_9mps,open_gap,500,1000,100,46076,1.4523237179487178,0.01736230801813686,0.007086624031236253,0.026479323980186324
i800,Patch_8_9mps,open_gap,500,1000,100,46076,1.5524839743589745,0.017007924185056793,0.006783263648964826,0.026381671531734034
i800,Patch_8_9mps,open_gap,500,1000,100,46076,1.6526442307692308,0.01665669222469968,0.0065784659751680396,0.02600170526847579
i800,Patch_8_9mps,open_gap,500,1000,100,46076,1.7528044871794872,0.016190916080997052,0.00546762530186967,0.024334477304126412
i800,Patch_8_9mps,open_gap,500,1000,100,46076,1.8529647435897436,0.015649311551095627,0.00561570129621276,0.023573228293124377
i800,Patch_8_9mps,open_gap,500,1000,100,46076,1.953125,0.015178224431082035,0.005069694729184774,0.023042222608957497
i800,Patch_8_9mps,open_gap,500,1000,100,46076,2.0532852564102564,0.014848320527489045,0.00496239400539947,0.02205949301644898
i800,Patch_8_9mps,open_gap,500,1000,100,46076,2.1534455128205128,0.014654230317188908,0.005764379030881383,0.02194253456226276
i800,Patch_8_9mps,open_gap,500,1000,100,46076,2.253605769230769,0.014529284956293131,0.005787915892312038,0.021005033241885414
i800,Patch_8_9mps,open_gap,500,1000,100,46076,2.3537660256410255,0.014422765462902786,0.0066991018701841555,0.020850428111725192
i800,Patch_8_9mps,open_gap,500,1000,100,46076,2.453926282051282,0.01425892142087641,0.006647438974525802,0.02072533656045638
i800,Patch_8_9mps,open_gap,500,1000,100,46076,2.5540865384615383,0.013934711310544568,0.006768403550287752,0.02046525523405628
i800,Patch_8_9mps,open_gap,500,1000,100,46076,2.6542467948717947,0.013428227806246959,0.00679333410394307,0.018993898200954054
i800,Patch_8_9mps,open_gap,500,1000,100,46076,2.754407051282051,0.012806105632013542,0.0063942749404662155,0.018285176550103276
i800,Patch_8_9mps,open_gap,500,1000,100,46076,2.8545673076923075,0.012121718806315109,0.005966483031688517,0.01744027214080665
i800,Patch_8_9mps,open_gap,500,1000,100,46076,2.9547275641025643,0.011398766147025133,0.005325178658078081,0.017213610741884797
i800,Patch_8_9mps,open_gap,500,1000,100,46076,3.0548878205128207,0.01064221125985529,0.004514746238085221,0.01614678744203038
i800,Patch_8_9mps,open_gap,500,1000,100,46076,3.155048076923077,0.009872456968341976,0.00456857327989732,0.01412493838705343
i800,Patch_8_9mps,open_gap,500,1000,100,46076,3.2552083333333335,0.009160253157715343,0.00371989442663997,0.012919532566611006
i800,Patch_8_9mps,open_gap,500,1000,100,46076,3.35536858974359,0.008610236577103072,0.003069697316449093,0.011946599891259367
i800,Patch_8_9mps,open_gap,500,1000,100,46076,3.4555288461538463,0.00817959192138184,0.0033494631064923106,0.010661280702638571
i800,Patch_8_9mps,open_gap,500,1000,100,46076,3.5556891025641026,0.007775399044694772,0.003296333768041837,0.009839011604203193
i800,Patch_8_9mps,open_gap,500,1000,100,46076,3.655849358974359,0.007418729565863487,0.003174056355995053,0.009154958043750359
i800,Patch_8_9mps,open_gap,500,1000,100,46076,3.7560096153846154,0.00710684854260071,0.0029986670320011014,0.009633598452502628
i800,Patch_8_9mps,open_gap,500,1000,100,46076,3.856169871794872,0.0068544054729289434,0.002649684135437602,0.010071343041174907
i800,Patch_8_9mps,open_gap,500,1000,100,46076,3.956330128205128,0.006650932185632702,0.002490706224853931,0.009623146034810537
i800,Patch_8_9mps,open_gap,500,1000,100,46076,4.056490384615385,0.00651394980549325,0.002654341535708054,0.009349785889834579
i800,Patch_8_9mps,open_gap,500,1000,100,46076,4.156650641025641,0.006401948458234897,0.00264504878872705,0.008937568898386608
i800,Patch_8_9mps,open_gap,500,1000,100,46076,4.256810897435898,0.006310141322895787,0.0028943812639396016,0.00855596392869025
i800,Patch_8_9mps,open_gap,500,1000,100,46076,4.356971153846154,0.00624826357207533,0.0028256959640273346,0.008405563076754026
i800,Patch_8_9mps,open_gap,500,1000,100,46076,4.457131410256411,0.0062359642391797586,0.0025656549715971787,0.008340870427761908
i800,Patch_8_9mps,open_gap,500,1000,100,46076,4.557291666666667,0.006212207371256864,0.0025353805358295685,0.009596292928710531
i800,Patch_8_9mps,open_gap,500,1000,100,46076,4.657451923076923,0.006154179523567731,0.0026548183475073287,0.009124418983171057
i800,Patch_8_9mps,open_gap,500,1000,100,46076,4.75761217948718,0.006058818756610312,0.0025302275556808576,0.008998353446516042
i800,Patch_8_9mps,open_gap,500,1000,100,46076,4.857772435897436,0.006018908228451105,0.0023161924649958854,0.008958119014756192
i800,Patch_8_9mps,open_gap,500,1000,100,46076,4.9579326923076925,0.005975734499725748,0.002293139998696094,0.008733403877554844
i800,Patch_8_9mps,open_gap,500,1000,100,46076,5.058092948717949,0.005940916003046407,0.0024420345415573537,0.008469163753078776
i800,Patch_8_9mps,open_gap,500,1000,100,46076,5.158253205128205,0.0059103566232539435,0.0028151267001054014,0.00821772423447909
i800,Patch_8_9mps,open_gap,500,1000,100,46076,5.258413461538462,0.005890940884935795,0.0027712055765599227,0.008170159890087531
i800,Patch_8_9mps,open_gap,500,1000,100,46076,5.358573717948718,0.005903277525829027,0.002921762827173076,0.008227743810968217
i800,Patch_8_9mps,open_gap,500,1000,100,46076,5.4587339743589745,0.005958499525399935,0.0029835119970566632,0.008270544143038589
i800,Patch_8_9mps,open_gap,500,1000,100,46076,5.558894230769231,0.0060116749419598485,0.0030734451453820165,0.008269848806423789
i800,Patch_8_9mps,open_gap,500,1000,100,46076,5.659054487179487,0.006036430999965082,0.0031120760576333886,0.008534150769410767
i800,Patch_8_9mps,open_gap,500,1000,100,46076,5.759214743589744,0.006029571679909759,0.003040873999807287,0.008536395569998271
i800,Patch_8_9mps,open_gap,500,1000,100,46076,5.859375,0.006004395603251641,0.0029250281597620643,0.008287887654234702
i800,Patch_8_9mps,open_gap,500,1000,100,46076,5.959535256410256,0.00596399656138749,0.002658386154049027,0.00806652687990222
i800,Patch_8_9mps,open_gap,500,1000,100,46076,6.059695512820513,0.00592576805433992,0.0026946060699480326,0.008056229828803451
i800,Patch_8_9mps,open_gap,500,1000,100,46076,6.159855769230769,0.0059051363805146554,0.0028079191777406858,0.007948829970839632
i800,Patch_8_9mps,open_gap,500,1000,100,46076,6.2600160256410255,0.005876669646611852,0.0028583125239654557,0.008271968662862866
i800,Patch_8_9mps,open_gap,500,1000,100,46076,6.360176282051282,0.00581778440607997,0.0028783081201548483,0.008194708407041349
i800,Patch_8_9mps,open_gap,500,1000,100,46076,6.460336538461538,0.00575374457454167,0.002918850150953261,0.007946095194283208
i800,Patch_8_9mps,open_gap,500,1000,100,46076,6.560496794871795,0.0057020869625215844,0.002741327541970148,0.007588334628200509
i800,Patch_8_9mps,open_gap,500,1000,100,46076,6.660657051282051,0.005668318070832141,0.0025830676240106805,0.007446529481669857
i800,Patch_8_9mps,open_gap,500,1000,100,46076,6.7608173076923075,0.005661851798589988,0.0025253377312549215,0.007431914463457248
i800,Patch_8_9mps,open_gap,500,1000,100,46076,6.860977564102564,0.0056881437759128736,0.0024341975731345996,0.007265499856811798
i800,Patch_8_9mps,open_gap,500,1000,100,46076,6.96113782051282,0.005734623986963054,0.002532355511055008,0.007617654290864298
i800,Patch_8_9mps,open_gap,500,1000,100,46076,7.061298076923077,0.005786508996598795,0.002692933018718392,0.007982005792429012
i800,Patch_8_9mps,open_gap,500,1000,100,46076,7.161458333333333,0.005834886711674663,0.0024117886202402647,0.007870304204803108
i800,Patch_8_9mps,open_gap,500,1000,100,46076,7.261618589743589,0.005855199388230379,0.002282601902634618,0.007917186064237042
i800,Patch_8_9mps,open_gap,500,1000,100,46076,7.361778846153846,0.005832105420624563,0.0023522649889030256,0.00765135877967548
i800,Patch_8_9mps,open_gap,500,1000,100,46076,7.461939102564102,0.005813433091268881,0.002554524346737104,0.0072091754180754
i800,Patch_8_9mps,open_gap,500,1000,100,46076,7.562099358974359,0.005805584697284815,0.002817351778414626,0.007268124189671722
i800,Patch_8_9mps,open_gap,500,1000,100,46076,7.662259615384615,0.005779134548080473,0.0027099041298425247,0.007556218402543795
i800,Patch_8_9mps,open_gap,500,1000,100,46076,7.762419871794871,0.005742959116459424,0.002627579850026714,0.007789460580094257
i800,Patch_8_9mps,open_gap,500,1000,100,46076,7.862580128205129,0.005697224756450891,0.002762277391847854,0.008244174994837025
i800,Patch_8_9mps,open_gap,500,1000,100,46076,7.962740384615385,0.005638904355572584,0.002686872660104662,0.008088486096265047
i800,Patch_8_9mps,open_gap,500,1000,100,46076,8.06290064102564,0.005551887998638561,0.0026577191817655143,0.007485158203460242
i800,Patch_8_9mps,open_gap,500,1000,100,46076,8.163060897435898,0.00544884295669699,0.0027547422057641966,0.007348090348640344
i800,Patch_8_9mps,open_gap,500,1000,100,46076,8.263221153846153,0.005357074473464432,0.0024822633634770997,0.0073758119889175845
i800,Patch_8_9mps,open_gap,500,1000,100,46076,8.36338141025641,0.00527604069683079,0.0025909777428419684,0.007361716788993909
i800,Patch_8_9mps,open_gap,500,1000,100,46076,8.463541666666666,0.0052051756067755355,0.0023549740652640877,0.007497820456407664
i800,Patch_8_9mps,open_gap,500,1000,100,46076,8.563701923076923,0.005148724089578239,0.002437951285947364,0.00718207383274389
i800,Patch_8_9mps,open_gap,500,1000,100,46076,8.663862179487179,0.005123862717699631,0.002655943303805953,0.006901791564770699
i800,Patch_8_9mps,open_gap,500,1000,100,46076,8.764022435897436,0.005141138801022463,0.002691743609368826,0.006833499870697975
i800,Patch_8_9mps,open_gap,500,1000,100,46076,8.864182692307692,0.00515362313273279,0.002655148425181247,0.006977169905790261
i800,Patch_8_9mps,open_gap,500,1000,100,46076,8.964342948717949,0.005152665687365646,0.0025366988046149363,0.006735441174781684
i800,Patch_8_9mps,open_gap,500,1000,100,46076,9.064503205128204,0.005145280177068576,0.002282874834968213,0.006481833407121046
i800,Patch_8_9mps,open_gap,500,1000,100,46076,9.164663461538462,0.005125140018682877,0.002458620037557148,0.0065507443086306166
i800,Patch_8_9mps,open_gap,500,1000,100,46076,9.264823717948717,0.005090207045500859,0.002339982030519352,0.006818821381789045
i800,Patch_8_9mps,open_gap,500,1000,100,46076,9.364983974358974,0.0050405685148196665,0.002177023814034434,0.006952386530407692
i800,Patch_8_9mps,open_gap,500,1000,100,46076,9.46514423076923,0.00498664873665907,0.0021555079157151175,0.0068855925707327036
i800,Patch_8_9mps,open_gap,500,1000,100,46076,9.565304487179487,0.004950941972738539,0.0021266783895045552,0.006867441444816256
i800,Patch_8_9mps,open_gap,500,1000,100,46076,9.665464743589743,0.004916786605258507,0.00210283298659356,0.006980294113407835
i800,Patch_8_9mps,open_gap,500,1000,100,46076,9.765625,0.004880017149362153,0.002083372689139027,0.007168954698809718
i800,Patch_8_9mps,open_gap,500,1000,100,46076,9.865785256410257,0.004834994677156364,0.0021268947536644428,0.0074198331190775246
i800,Patch_8_9mps,open_gap,500,1000,100,46076,9.965945512820513,0.0048019641439781815,0.0019775967452595918,0.00745016322022065
i400,Patch_4_9mps,forested,1,1000,100,18798,0.05008012820512821,0.5246972358016606,0.2142675338642244,0.695303456813926
i400,Patch_4_9mps,forested,1,1000,100,18798,0.1502403846153846,0.3650380438892654,0.15232734217045474,0.5402116388775493
i400,Patch_4_9mps,forested,1,1000,100,18798,0.250400641025641,0.6609851065226756,0.26954902602062364,0.7376796994552103
i400,Patch_4_9mps,forested,1,1000,100,18798,0.3505608974358974,0.8918455242260951,0.4770408893567578,0.9031902792432144
i400,Patch_4_9mps,forested,1,1000,100,18798,0.45072115384615385,0.5837625057239644,0.295999610994189,0.7776108767473664
i400,Patch_4_9mps,forested,1,1000,100,18798,0.5508814102564102,0.4187554459815568,0.17282536138152757,0.62098649382027
i400,Patch_4_9mps,forested,1,1000,100,18798,0.6510416666666666,0.32928632456496965,0.16132289472886643,0.4808171478470867
i400,Patch_4_9mps,forested,1,1000,100,18798,0.7512019230769231,0.27957376658117566,0.1269103084557942,0.4071720008749943
i400,Patch_4_9mps,forested,1,1000,100,18798,0.8513621794871795,0.2695929355080328,0.13091997002016648,0.3812281486504165
i400,Patch_4_9mps,forested,1,1000,100,18798,0.9515224358974359,0.26663851254164606,0.1271562653369613,0.38082846911390905
i400,Patch_4_9mps,forested,1,1000,100,18798,1.0516826923076923,0.26614737029945984,0.14309960096106394,0.3721165357949188
i400,Patch_4_9mps,forested,1,1000,100,18798,1.1518429487179487,0.26727111236517265,0.11597171478229995,0.37642912224843494
i400,Patch_4_9mps,forested,1,1000,100,18798,1.252003205128205,0.2642202640164505,0.11369319722879255,0.38203868824799747
i400,Patch_4_9mps,forested,1,1000,100,18798,1.3521634615384615,0.2640630339330147,0.10158631924578694,0.38846883674659977
i400,Patch_4_9mps,forested,1,1000,100,18798,1.4523237179487178,0.2731499795407454,0.10214988434628491,0.38594386816477483
i400,Patch_4_9mps,forested,1,1000,100,18798,1.5524839743589745,0.28054285043263183,0.11644994343333115,0.39691648368633825
i400,Patch_4_9mps,forested,1,1000,100,18798,1.6526442307692308,0.279742913838228,0.13054482609555623,0.426526530439151
i400,Patch_4_9mps,forested,1,1000,100,18798,1.7528044871794872,0.2751168279329248,0.12499832608325484,0.41338417888348156
i400,Patch_4_9mps,forested,1,1000,100,18798,1.8529647435897436,0.2702975688366029,0.12343754785619278,0.3974541085816098
i400,Patch_4_9mps,forested,1,1000,100,18798,1.953125,0.26550769646571143,0.15153088766849024,0.34429633964574924
i400,Patch_4_9mps,forested,1,1000,100,18798,2.0532852564102564,0.25765043967802376,0.14816015354597034,0.34420419718850453
i400,Patch_4_9mps,forested,1,1000,100,18798,2.1534455128205128,0.24581372673214472,0.12803614630114551,0.3598317477777231
i400,Patch_4_9mps,forested,1,1000,100,18798,2.253605769230769,0.23593658814239774,0.08969749575093783,0.34890484787873005
i400,Patch_4_9mps,forested,1,1000,100,18798,2.3537660256410255,0.23452296657523733,0.1006038125429409,0.34976496413864366
i400,Patch_4_9mps,forested,1,1000,100,18798,2.453926282051282,0.23839803982037513,0.10582714014962646,0.3433876495692417
i400,Patch_4_9mps,forested,1,1000,100,18798,2.5540865384615383,0.24127042127986786,0.11611731962186463,0.3352668180194426
i400,Patch_4_9mps,forested,1,1000,100,18798,2.6542467948717947,0.2396586798675056,0.11444178225306469,0.3389287991674747
i400,Patch_4_9mps,forested,1,1000,100,18798,2.754407051282051,0.2356354295919024,0.10728303244980984,0.33721292782046197
i400,Patch_4_9mps,forested,1,1000,100,18798,2.8545673076923075,0.22975562904904745,0.10399454733574647,0.32038173520480173
i400,Patch_4_9mps,forested,1,1000,100,18798,2.9547275641025643,0.22228359786204702,0.10028102239743213,0.3131746201385676
i400,Patch_4_9mps,forested,1,1000,100,18798,3.0548878205128207,0.21420480929496205,0.09671996849797927,0.29053146142413133
i400,Patch_4_9mps,forested,1,1000,100,18798,3.155048076923077,0.2069940931215438,0.09457445378553521,0.28423407396879186
i400,Patch_4_9mps,forested,1,1000,100,18798,3.2552083333333335,0.19980804482217238,0.09104966182519633,0.2818650349747124
i400,Patch_4_9mps,forested,1,1000,100,18798,3.35536858974359,0.19116019752881755,0.09168061873554229,0.26872417461393766
i400,Patch_4_9mps,forested,1,1000,100,18798,3.4555288461538463,0.18138720368572586,0.08866429639720642,0.2585615333899342
i400,Patch_4_9mps,forested,1,1000,100,18798,3.5556891025641026,0.17183910092993546,0.07278096847697502,0.2483066991715179
i400,Patch_4_9mps,forested,1,1000,100,18798,3.655849358974359,0.16294909226535229,0.0657207015984324,0.24980064593799128
i400,Patch_4_9mps,forested,1,1000,100,18798,3.7560096153846154,0.15490993243285373,0.06411662522491422,0.22960999840741653
i400,Patch_4_9mps,forested,1,1000,100,18798,3.856169871794872,0.14907539306593054,0.058028312967543974,0.23061604190795887
i400,Patch_4_9mps,forested,1,1000,100,18798,3.956330128205128,0.14331117803255075,0.058905087353217964,0.23855860972324333
i400,Patch_4_9mps,forested,1,1000,100,18798,4.056490384615385,0.1366649717421566,0.05104503038319578,0.21426435264985313
i400,Patch_4_9mps,forested,1,1000,100,18798,4.156650641025641,0.13095530627721297,0.053516366377208816,0.20712698846893943
i400,Patch_4_9mps,forested,1,1000,100,18798,4.256810897435898,0.12515670634928752,0.05228196095191471,0.19324789291951777
i400,Patch_4_9mps,forested,1,1000,100,18798,4.356971153846154,0.11928134411814352,0.048716027223591286,0.17069815708727826
i400,Patch_4_9mps,forested,1,1000,100,18798,4.457131410256411,0.11377775129978004,0.046939758684644554,0.16304388669890002
i400,Patch_4_9mps,forested,1,1000,100,18798,4.557291666666667,0.10938245983456887,0.04021834357627204,0.15887852246260428
i400,Patch_4_9mps,forested,1,1000,100,18798,4.657451923076923,0.10588378919126498,0.03729809792958716,0.15046042507829427
i400,Patch_4_9mps,forested,1,1000,100,18798,4.75761217948718,0.10356630334923939,0.03611647662119762,0.14828690584093615
i400,Patch_4_9mps,forested,1,1000,100,18798,4.857772435897436,0.10160384520289453,0.0338793614512793,0.14605086448774926
i400,Patch_4_9mps,forested,1,1000,100,18798,4.9579326923076925,0.100947207496864,0.0345701577476514,0.152640155225866
i400,Patch_4_9mps,forested,1,1000,100,18798,5.058092948717949,0.10167544358887756,0.0386405063186046,0.1535853090165299
i400,Patch_4_9mps,forested,1,1000,100,18798,5.158253205128205,0.10230980972159825,0.044009970528530756,0.15504788918678067
i400,Patch_4_9mps,forested,1,1000,100,18798,5.258413461538462,0.10233152012534197,0.04786784669145398,0.1503372239497864
i400,Patch_4_9mps,forested,1,1000,100,18798,5.358573717948718,0.10152918166577869,0.05176311903696951,0.15019925747577695
i400,Patch_4_9mps,forested,1,1000,100,18798,5.4587339743589745,0.0999218478955861,0.054364938132876316,0.14605100024141407
i400,Patch_4_9mps,forested,1,1000,100,18798,5.558894230769231,0.09832452102663554,0.05422765966715961,0.1398481484461624
i400,Patch_4_9mps,forested,1,1000,100,18798,5.659054487179487,0.09682132438449541,0.05297510077968556,0.12994403396785864
i400,Patch_4_9mps,forested,1,1000,100,18798,5.759214743589744,0.09552269182280507,0.051805387253931565,0.12683589783662264
i400,Patch_4_9mps,forested,1,1000,100,18798,5.859375,0.0943149348400659,0.04836422348413725,0.12908102079091988
i400,Patch_4_9mps,forested,1,1000,100,18798,5.959535256410256,0.09351975879866767,0.044815167463496806,0.12439554543124304
i400,Patch_4_9mps,forested,1,1000,100,18798,6.059695512820513,0.09277489294659853,0.03950898424597434,0.12558939725077056
i400,Patch_4_9mps,forested,1,1000,100,18798,6.159855769230769,0.09163358023868208,0.03967417316873488,0.12681233284607635
i400,Patch_4_9mps,forested,1,1000,100,18798,6.2600160256410255,0.09108747181746639,0.03976404275337978,0.1303163495240947
i400,Patch_4_9mps,forested,1,1000,100,18798,6.360176282051282,0.09096784752269689,0.03609429980105052,0.12804726322780047
i400,Patch_4_9mps,forested,1,1000,100,18798,6.460336538461538,0.09096759295676785,0.03864205302340886,0.12942705954119393
i400,Patch_4_9mps,forested,1,1000,100,18798,6.560496794871795,0.09065472585545059,0.04317001783246976,0.13061392293650936
i400,Patch_4_9mps,forested,1,1000,100,18798,6.660657051282051,0.09039900219849224,0.04430703703918519,0.12893242866972662
i400,Patch_4_9mps,forested,1,1000,100,18798,6.7608173076923075,0.09020089886477216,0.04212456651469959,0.1252978785686439
i400,Patch_4_9mps,forested,1,1000,100,18798,6.860977564102564,0.08996174203249174,0.04015024880170661,0.12834727485500041
i400,Patch_4_9mps,forested,1,1000,100,18798,6.96113782051282,0.08972964300917224,0.03821046361648529,0.12418113239763258
i400,Patch_4_9mps,forested,1,1000,100,18798,7.061298076923077,0.08971874276009333,0.038831860489922654,0.12564802867804034
i400,Patch_4_9mps,forested,1,1000,100,18798,7.161458333333333,0.08993485590114471,0.03802175841263364,0.1281064485731688
i400,Patch_4_9mps,forested,1,1000,100,18798,7.261618589743589,0.09002449322836512,0.04006583339618163,0.1316285631798656
i400,Patch_4_9mps,forested,1,1000,100,18798,7.361778846153846,0.08961930629419569,0.034681126597788034,0.1311011487377697
i400,Patch_4_9mps,forested,1,1000,100,18798,7.461939102564102,0.08901807427566123,0.03463738079027556,0.13097684146357053
i400,Patch_4_9mps,forested,1,1000,100,18798,7.562099358974359,0.08863512395906785,0.035062896622515966,0.13013310967954284
i400,Patch_4_9mps,forested,1,1000,100,18798,7.662259615384615,0.08855810304377179,0.03218009886824191,0.12777566419354053
i400,Patch_4_9mps,forested,1,1000,100,18798,7.762419871794871,0.0882507487796999,0.03271386770963222,0.12880497385932999
i400,Patch_4_9mps,forested,1,1000,100,18798,7.862580128205129,0.08807898452106834,0.029626644930233655,0.1336666157117654
i400,Patch_4_9mps,forested,1,1000,100,18798,7.962740384615385,0.08800355285139153,0.03174519670263591,0.13835084304556372
i400,Patch_4_9mps,forested,1,1000,100,18798,8.06290064102564,0.08795527336642685,0.03389704269203858,0.13772800482426134
i400,Patch_4_9mps,forested,1,1000,100,18798,8.163060897435898,0.08743638123464789,0.034158258696900506,0.13485002979657779
i400,Patch_4_9mps,forested,1,1000,100,18798,8.263221153846153,0.08672245953376377,0.03638343606996823,0.13541340310794553
i400,Patch_4_9mps,forested,1,1000,100,18798,8.36338141025641,0.08643943392686601,0.033238969808438816,0.13789038130053777
i400,Patch_4_9mps,forested,1,1000,100,18798,8.463541666666666,0.08649927246592401,0.0308323799751823,0.13877231046789962
i400,Patch_4_9mps,forested,1,1000,100,18798,8.563701923076923,0.08628477547960571,0.03496506974318686,0.13705727192946282
i400,Patch_4_9mps,forested,1,1000,100,18798,8.663862179487179,0.08549338776794918,0.03238107433554206,0.13563825249553535
i400,Patch_4_9mps,forested,1,1000,100,18798,8.764022435897436,0.08498902754893305,0.02958167750229434,0.138383194095461
i400,Patch_4_9mps,forested,1,1000,100,18798,8.864182692307692,0.08503876277382265,0.028612377127690464,0.14158338999954062
i400,Patch_4_9mps,forested,1,1000,100,18798,8.964342948717949,0.08533387406746241,0.02812319966680163,0.14274465941413975
i400,Patch_4_9mps,forested,1,1000,100,18798,9.064503205128204,0.08607362375712352,0.028968658541096055,0.13889464222108855
i400,Patch_4_9mps,forested,1,1000,100,18798,9.164663461538462,0.0869207380962493,0.025155843141191556,0.14073935756086797
i400,Patch_4_9mps,forested,1,1000,100,18798,9.264823717948717,0.08778412720262463,0.024440584984277595,0.14120288178666554
i400,Patch_4_9mps,forested,1,1000,100,18798,9.364983974358974,0.08852123454802102,0.025438229174025457,0.14049691766924965
i400,Patch_4_9mps,forested,1,1000,100,18798,9.46514423076923,0.08917718104785916,0.025136106628900666,0.13970035175030052
i400,Patch_4_9mps,forested,1,1000,100,18798,9.565304487179487,0.08941160008699786,0.02819782178897721,0.13836313429066527
i400,Patch_4_9mps,forested,1,1000,100,18798,9.665464743589743,0.08899073337124382,0.030793053556406144,0.13878225261948046
i400,Patch_4_9mps,forested,1,1000,100,18798,9.765625,0.08815381918636948,0.028982759718273715,0.134893704954144
i400,Patch_4_9mps,forested,1,1000,100,18798,9.865785256410257,0.08719251984920373,0.02941478031398475,0.1368938947174826
i400,Patch_4_9mps,forested,1,1000,100,18798,9.965945512820513,0.08603323363133317,0.028716634589564635,0.13389339841555087
i400,Patch_4_9mps,forested,10,1000,100,18798,0.05008012820512821,0.19285182049465832,0.06424124247568969,0.26431555832593806
i400,Patch_4_9mps,forested,10,1000,100,18798,0.1502403846153846,0.13121183885578702,0.0490541793527419,0.19641677175764596
i400,Patch_4_9mps,forested,10,1000,100,18798,0.250400641025641,0.21837715930824447,0.08626435549936748,0.33457767103980673
i400,Patch_4_9mps,forested,10,1000,100,18798,0.3505608974358974,0.28660642643760315,0.1418791377907203,0.38824211332337344
i400,Patch_4_9mps,forested,10,1000,100,18798,0.45072115384615385,0.2055870691546493,0.09209911380934367,0.28027584050198656
i400,Patch_4_9mps,forested,10,1000,100,18798,0.5508814102564102,0.14670261339165133,0.061019609732356525,0.21494211057043436
i400,Patch_4_9mps,forested,10,1000,100,18798,0.6510416666666666,0.11210429493881156,0.04692642373207909,0.16214709804642174
i400,Patch_4_9mps,forested,10,1000,100,18798,0.7512019230769231,0.0876913987846152,0.03400377805790353,0.12430450536359251
i400,Patch_4_9mps,forested,10,1000,100,18798,0.8513621794871795,0.07481985757412457,0.029882165214329348,0.10395773371063245
i400,Patch_4_9mps,forested,10,1000,100,18798,0.9515224358974359,0.07103485259788128,0.02985897140213411,0.09690894607420605
i400,Patch_4_9mps,forested,10,1000,100,18798,1.0516826923076923,0.07386313121457513,0.03921470696833461,0.10319595937131962
i400,Patch_4_9mps,forested,10,1000,100,18798,1.1518429487179487,0.07654398615713269,0.032860912313349075,0.10799258911798545
i400,Patch_4_9mps,forested,10,1000,100,18798,1.252003205128205,0.07740605951639487,0.0221185050472021,0.11286857989314328
i400,Patch_4_9mps,forested,10,1000,100,18798,1.3521634615384615,0.08032016673844902,0.02375267964110757,0.11399402872867227
i400,Patch_4_9mps,forested,10,1000,100,18798,1.4523237179487178,0.0819593243570457,0.028799376012403177,0.11975316775035477
i400,Patch_4_9mps,forested,10,1000,100,18798,1.5524839743589745,0.08165716971798469,0.036869853106925754,0.11207146211868749
i400,Patch_4_9mps,forested,10,1000,100,18798,1.6526442307692308,0.07925038249785869,0.03814010574704868,0.10136107987664414
i400,Patch_4_9mps,forested,10,1000,100,18798,1.7528044871794872,0.07489195783919339,0.03287652986478644,0.09772804139454493
i400,Patch_4_9mps,forested,10,1000,100,18798,1.8529647435897436,0.0711958444460529,0.0244463168727356,0.09820248186968895
i400,Patch_4_9mps,forested,10,1000,100,18798,1.953125,0.07063678605815428,0.026629433558566586,0.1043840390765435
i400,Patch_4_9mps,forested,10,1000,100,18798,2.0532852564102564,0.0733328306286025,0.035014023611893506,0.10025258215052209
i400,Patch_4_9mps,forested,10,1000,100,18798,2.1534455128205128,0.07573184473522494,0.03824602551198116,0.10357777480443962
i400,Patch_4_9mps,forested,10,1000,100,18798,2.253605769230769,0.07650842392948903,0.032623464276844094,0.108033392346681
i400,Patch_4_9mps,forested,10,1000,100,18798,2.3537660256410255,0.07701808855122465,0.029773786510289547,0.11468202584976542
i400,Patch_4_9mps,forested,10,1000,100,18798,2.453926282051282,0.07726323532429599,0.028426530139750446,0.12404022230094051
i400,Patch_4_9mps,forested,10,1000,100,18798,2.5540865384615383,0.07699200032187938,0.027448038594719382,0.1273398742656829
i400,Patch_4_9mps,forested,10,1000,100,18798,2.6542467948717947,0.07619711801129796,0.02587066660487669,0.12622183599482265
i400,Patch_4_9mps,forested,10,1000,100,18798,2.754407051282051,0.07500446479231371,0.026771076430661702,0.11951782564102026
i400,Patch_4_9mps,forested,10,1000,100,18798,2.8545673076923075,0.0731874517365325,0.029115010096085622,0.11409956911280363
i400,Patch_4_9mps,forested,10,1000,100,18798,2.9547275641025643,0.07091968061281292,0.029382822025952413,0.1109645399179966
i400,Patch_4_9mps,forested,10,1000,100,18798,3.0548878205128207,0.06861093330814469,0.029822641157278458,0.10562893987445537
i400,Patch_4_9mps,forested,10,1000,100,18798,3.155048076923077,0.06633644386548522,0.02858140405090745,0.0978586015048615
i400,Patch_4_9mps,forested,10,1000,100,18798,3.2552083333333335,0.0639419995756533,0.02955906587494644,0.09858888251701078
i400,Patch_4_9mps,forested,10,1000,100,18798,3.35536858974359,0.06130543620667054,0.03012398225334436,0.08897152724301398
i400,Patch_4_9mps,forested,10,1000,100,18798,3.4555288461538463,0.05869971557845227,0.028595210288804088,0.08694361744393339
i400,Patch_4_9mps,forested,10,1000,100,18798,3.5556891025641026,0.05605865994912776,0.025349083924492814,0.08242002479903382
i400,Patch_4_9mps,forested,10,1000,100,18798,3.655849358974359,0.053325633256096135,0.024431948620320533,0.07749627613037957
i400,Patch_4_9mps,forested,10,1000,100,18798,3.7560096153846154,0.05104696467275332,0.023011150215673744,0.07397667854428633
i400,Patch_4_9mps,forested,10,1000,100,18798,3.856169871794872,0.04887463295010046,0.023685897410840432,0.07013494783489628
i400,Patch_4_9mps,forested,10,1000,100,18798,3.956330128205128,0.04706000820338522,0.020025321392224446,0.06637608288415649
i400,Patch_4_9mps,forested,10,1000,100,18798,4.056490384615385,0.04543514230967122,0.019540608405963916,0.06520996935824593
i400,Patch_4_9mps,forested,10,1000,100,18798,4.156650641025641,0.04376655642047775,0.016647563758228442,0.060902590535622116
i400,Patch_4_9mps,forested,10,1000,100,18798,4.256810897435898,0.042251399142272834,0.016166508079905408,0.06076466781245504
i400,Patch_4_9mps,forested,10,1000,100,18798,4.356971153846154,0.041262317451111176,0.014664928050714131,0.059168895832877946
i400,Patch_4_9mps,forested,10,1000,100,18798,4.457131410256411,0.0406864526698326,0.014998151144642563,0.05973334063942641
i400,Patch_4_9mps,forested,10,1000,100,18798,4.557291666666667,0.0401688927657008,0.016250761359097213,0.05821465360355872
i400,Patch_4_9mps,forested,10,1000,100,18798,4.657451923076923,0.039705145918549255,0.016970599902763967,0.056874228484830355
i400,Patch_4_9mps,forested,10,1000,100,18798,4.75761217948718,0.03925897338612254,0.019256498219834932,0.05353876957592759
i400,Patch_4_9mps,forested,10,1000,100,18798,4.857772435897436,0.0387804727969513,0.017966176746412085,0.054222824535647335
i400,Patch_4_9mps,forested,10,1000,100,18798,4.9579326923076925,0.038089196941359905,0.017293153805410102,0.05226612939456079
i400,Patch_4_9mps,forested,10,1000,100,18798,5.058092948717949,0.03734741261229717,0.017507091317428735,0.050513937616519976
i400,Patch_4_9mps,forested,10,1000,100,18798,5.158253205128205,0.03663988067755467,0.017086407663994673,0.049148487996139884
i400,Patch_4_9mps,forested,10,1000,100,18798,5.258413461538462,0.035911606157707825,0.015898092513482728,0.04836222587334514
i400,Patch_4_9mps,forested,10,1000,100,18798,5.358573717948718,0.03513649207268192,0.01491723705108948,0.04734673399044382
i400,Patch_4_9mps,forested,10,1000,100,18798,5.4587339743589745,0.03456257571120096,0.01477596579494006,0.046948442112377656
i400,Patch_4_9mps,forested,10,1000,100,18798,5.558894230769231,0.03398770336445617,0.014748299462856806,0.04515441768690473
i400,Patch_4_9mps,forested,10,1000,100,18798,5.659054487179487,0.03340764154820742,0.013835861181495846,0.043624479957912174
i400,Patch_4_9mps,forested,10,1000,100,18798,5.759214743589744,0.032820793041330745,0.013777584223445286,0.04330917422152296
i400,Patch_4_9mps,forested,10,1000,100,18798,5.859375,0.0323060980860048,0.013675210114109956,0.04311833716864296
i400,Patch_4_9mps,forested,10,1000,100,18798,5.959535256410256,0.03181238912988191,0.012738628782242502,0.04262215854253486
i400,Patch_4_9mps,forested,10,1000,100,18798,6.059695512820513,0.03142146334541937,0.010442384948968042,0.04308885843822587
i400,Patch_4_9mps,forested,10,1000,100,18798,6.159855769230769,0.031088275825315072,0.010312083277442074,0.04218730032136303
i400,Patch_4_9mps,forested,10,1000,100,18798,6.2600160256410255,0.030806191232001935,0.011184311360479045,0.04187212022137499
i400,Patch_4_9mps,forested,10,1000,100,18798,6.360176282051282,0.030640106389395506,0.012019281899677865,0.04168673688633957
i400,Patch_4_9mps,forested,10,1000,100,18798,6.460336538461538,0.030586132401858798,0.01254639014993694,0.043683322152641244
i400,Patch_4_9mps,forested,10,1000,100,18798,6.560496794871795,0.03046450776768292,0.012840542541964345,0.04434047655218317
i400,Patch_4_9mps,forested,10,1000,100,18798,6.660657051282051,0.03042673356801667,0.012336514473037243,0.04471564922242113
i400,Patch_4_9mps,forested,10,1000,100,18798,6.7608173076923075,0.030458438850281325,0.012225886526040935,0.04457744783510126
i400,Patch_4_9mps,forested,10,1000,100,18798,6.860977564102564,0.030491732539564276,0.012097155327324537,0.04501908040049991
i400,Patch_4_9mps,forested,10,1000,100,18798,6.96113782051282,0.030466415828738325,0.011265549137954481,0.0444568038630618
i400,Patch_4_9mps,forested,10,1000,100,18798,7.061298076923077,0.030342775448413125,0.010588080883766704,0.04520824552391021
i400,Patch_4_9mps,forested,10,1000,100,18798,7.161458333333333,0.03019466767679683,0.010806489704758082,0.04573130332227165
i400,Patch_4_9mps,forested,10,1000,100,18798,7.261618589743589,0.030041165751239225,0.010273648367239189,0.04582644245048524
i400,Patch_4_9mps,forested,10,1000,100,18798,7.361778846153846,0.03011979344760041,0.010242772013321048,0.046440031737812665
i400,Patch_4_9mps,forested,10,1000,100,18798,7.461939102564102,0.03031311086367526,0.010006973465772548,0.045738594350324034
i400,Patch_4_9mps,forested,10,1000,100,18798,7.562099358974359,0.030637749294506803,0.010607788550203645,0.046050945798216066
i400,Patch_4_9mps,forested,10,1000,100,18798,7.662259615384615,0.030929853991790407,0.010729295965338372,0.04716283194615345
i400,Patch_4_9mps,forested,10,1000,100,18798,7.762419871794871,0.031120884528593705,0.011683624539059407,0.050190672468144994
i400,Patch_4_9mps,forested,10,1000,100,18798,7.862580128205129,0.03125479739145361,0.011539335216896306,0.052124859887305086
i400,Patch_4_9mps,forested,10,1000,100,18798,7.962740384615385,0.031387007160713506,0.010776683220632872,0.04905089809026981
i400,Patch_4_9mps,forested,10,1000,100,18798,8.06290064102564,0.03152994837513069,0.011311290845766327,0.04758831688488007
i400,Patch_4_9mps,forested,10,1000,100,18798,8.163060897435898,0.03163783964515418,0.01039370436123841,0.046301014990395184
i400,Patch_4_9mps,forested,10,1000,100,18798,8.263221153846153,0.031711770285767577,0.010383976372976658,0.047217136297403865
i400,Patch_4_9mps,forested,10,1000,100,18798,8.36338141025641,0.03164887869889238,0.009463768730796303,0.047087126621980856
i400,Patch_4_9mps,forested,10,1000,100,18798,8.463541666666666,0.03150370942275086,0.009432525842696026,0.046288317518567615
i400,Patch_4_9mps,forested,10,1000,100,18798,8.563701923076923,0.031309840666447,0.008754324164458075,0.04463984418375886
i400,Patch_4_9mps,forested,10,1000,100,18798,8.663862179487179,0.031200886016413548,0.00944527897776218,0.04449758481558155
i400,Patch_4_9mps,forested,10,1000,100,18798,8.764022435897436,0.031205319633577887,0.010385799621909313,0.042944575387355965
i400,Patch_4_9mps,forested,10,1000,100,18798,8.864182692307692,0.03126785090563397,0.010862972198116612,0.04221250416389867
i400,Patch_4_9mps,forested,10,1000,100,18798,8.964342948717949,0.031240529825062188,0.010261320253347627,0.042568569167938705
i400,Patch_4_9mps,forested,10,1000,100,18798,9.064503205128204,0.031141776229959825,0.010063155943280212,0.042803362765669255
i400,Patch_4_9mps,forested,10,1000,100,18798,9.164663461538462,0.030940855009804594,0.009475933995523496,0.042316227194926566
i400,Patch_4_9mps,forested,10,1000,100,18798,9.264823717948717,0.03077770105510373,0.008690549012465151,0.04257891059084252
i400,Patch_4_9mps,forested,10,1000,100,18798,9.364983974358974,0.03074903827009739,0.008893816131742257,0.04175665708098816
i400,Patch_4_9mps,forested,10,1000,100,18798,9.46514423076923,0.030713077576895956,0.01005830051595682,0.04140888518842509
i400,Patch_4_9mps,forested,10,1000,100,18798,9.565304487179487,0.03062017568821509,0.009421928159610411,0.04121319078007438
i400,Patch_4_9mps,forested,10,1000,100,18798,9.665464743589743,0.030630605545050114,0.010246889558461963,0.04255198621327082
i400,Patch_4_9mps,forested,10,1000,100,18798,9.765625,0.03074579251562419,0.011731076432774202,0.04219405613146794
i400,Patch_4_9mps,forested,10,1000,100,18798,9.865785256410257,0.03079915601991357,0.011417573213437598,0.04168080356412623
i400,Patch_4_9mps,forested,10,1000,100,18798,9.965945512820513,0.030743424171636002,0.012053839980196056,0.042565681110359396
i400,Patch_4_9mps,forested,50,1000,100,18798,0.05008012820512821,0.0810564478793771,0.037264663566305506,0.11907859622852161
i400,Patch_4_9mps,forested,50,1000,100,18798,0.1502403846153846,0.06424562630164965,0.02936598072960274,0.0885398450229053
i400,Patch_4_9mps,forested,50,1000,100,18798,0.250400641025641,0.09526097803252705,0.03718626721110761,0.1476152983321656
i400,Patch_4_9mps,forested,50,1000,100,18798,0.3505608974358974,0.1296268225987321,0.0551945909446803,0.19443323131189028
i400,Patch_4_9mps,forested,50,1000,100,18798,0.45072115384615385,0.08530139370418967,0.03400963585715212,0.12591194648033927
i400,Patch_4_9mps,forested,50,1000,100,18798,0.5508814102564102,0.06295224355719643,0.02573418484832933,0.08682414676042954
i400,Patch_4_9mps,forested,50,1000,100,18798,0.6510416666666666,0.049380796086067644,0.026277765817532068,0.07200057315210981
i400,Patch_4_9mps,forested,50,1000,100,18798,0.7512019230769231,0.040513571344230774,0.018178515371880102,0.05878321937210331
i400,Patch_4_9mps,forested,50,1000,100,18798,0.8513621794871795,0.03607006992410764,0.013775665069650642,0.05155083100545317
i400,Patch_4_9mps,forested,50,1000,100,18798,0.9515224358974359,0.034484323957184,0.017179573104181677,0.047785952423543124
i400,Patch_4_9mps,forested,50,1000,100,18798,1.0516826923076923,0.03582836278725862,0.01612231338268418,0.05035496508592804
i400,Patch_4_9mps,forested,50,1000,100,18798,1.1518429487179487,0.03754879569496301,0.016812717113602993,0.05681198028662454
i400,Patch_4_9mps,forested,50,1000,100,18798,1.252003205128205,0.038924511559803254,0.013422652878806444,0.05682224610224652
i400,Patch_4_9mps,forested,50,1000,100,18798,1.3521634615384615,0.04000122520675692,0.015406391188146814,0.0564454767041584
i400,Patch_4_9mps,forested,50,1000,100,18798,1.4523237179487178,0.040408195999906464,0.015094376688881056,0.05618820995846257
i400,Patch_4_9mps,forested,50,1000,100,18798,1.5524839743589745,0.03953606083210777,0.015707667169914643,0.0560841203042281
i400,Patch_4_9mps,forested,50,1000,100,18798,1.6526442307692308,0.038182604777902036,0.015113038682747122,0.0505132360824537
i400,Patch_4_9mps,forested,50,1000,100,18798,1.7528044871794872,0.036262406371655495,0.01849528421456265,0.049812120628326434
i400,Patch_4_9mps,forested,50,1000,100,18798,1.8529647435897436,0.03447174107646471,0.016363075514134646,0.04751447421427203
i400,Patch_4_9mps,forested,50,1000,100,18798,1.953125,0.0329008578157208,0.016195064077342787,0.04690044138302303
i400,Patch_4_9mps,forested,50,1000,100,18798,2.0532852564102564,0.031948245225087185,0.01507078013431103,0.045920545619464334
i400,Patch_4_9mps,forested,50,1000,100,18798,2.1534455128205128,0.03120242205542631,0.013882134011380755,0.04508832178816091
i400,Patch_4_9mps,forested,50,1000,100,18798,2.253605769230769,0.03059067894827765,0.012639125335696826,0.04755679860174311
i400,Patch_4_9mps,forested,50,1000,100,18798,2.3537660256410255,0.02999012603310231,0.009657121770386693,0.0476291200426867
i400,Patch_4_9mps,forested,50,1000,100,18798,2.453926282051282,0.029749024565583797,0.008738161323165489,0.04871212249542508
i400,Patch_4_9mps,forested,50,1000,100,18798,2.5540865384615383,0.02922023024412407,0.008066552885659299,0.047482984174346335
i400,Patch_4_9mps,forested,50,1000,100,18798,2.6542467948717947,0.028902152338179568,0.007422767163028702,0.047928533765947426
i400,Patch_4_9mps,forested,50,1000,100,18798,2.754407051282051,0.028666873095316178,0.007261087897570207,0.04684040852126691
i400,Patch_4_9mps,forested,50,1000,100,18798,2.8545673076923075,0.028174559509132772,0.009533047534449283,0.0446852260055886
i400,Patch_4_9mps,forested,50,1000,100,18798,2.9547275641025643,0.027463846150790002,0.009930793104230722,0.04296774881186765
i400,Patch_4_9mps,forested,50,1000,100,18798,3.0548878205128207,0.026647357519843182,0.010258055141796542,0.04033503450149099
i400,Patch_4_9mps,forested,50,1000,100,18798,3.155048076923077,0.02575141132892096,0.007615131024182657,0.037872558357502514
i400,Patch_4_9mps,forested,50,1000,100,18798,3.2552083333333335,0.02478029594174199,0.007926704408655531,0.03807597253440736
i400,Patch_4_9mps,forested,50,1000,100,18798,3.35536858974359,0.023954439599253252,0.007414768148709505,0.037700001041625325
i400,Patch_4_9mps,forested,50,1000,100,18798,3.4555288461538463,0.023224452206901027,0.006533047920453118,0.03582890840152514
i400,Patch_4_9mps,forested,50,1000,100,18798,3.5556891025641026,0.0225470295132552,0.006513825082666196,0.03256304298150853
i400,Patch_4_9mps,forested,50,1000,100,18798,3.655849358974359,0.022027654246714823,0.006526609731354366,0.03227145754120375
i400,Patch_4_9mps,forested,50,1000,100,18798,3.7560096153846154,0.021542975697504338,0.00756491360779273,0.03216980819774346
i400,Patch_4_9mps,forested,50,1000,100,18798,3.856169871794872,0.021209960160439252,0.008024005101747786,0.032013461286682456
i400,Patch_4_9mps,forested,50,1000,100,18798,3.956330128205128,0.020885588255471047,0.008259886835293396,0.03159626756027768
i400,Patch_4_9mps,forested,50,1000,100,18798,4.056490384615385,0.02057699191694535,0.007752592841718391,0.030108725143938888
i400,Patch_4_9mps,forested,50,1000,100,18798,4.156650641025641,0.020280840334171026,0.007692542067613604,0.030796838639571472
i400,Patch_4_9mps,forested,50,1000,100,18798,4.256810897435898,0.020000177015992077,0.008149862629765144,0.030431006270704324
i400,Patch_4_9mps,forested,50,1000,100,18798,4.356971153846154,0.019620503128230198,0.007681632543704046,0.031694438409584795
i400,Patch_4_9mps,forested,50,1000,100,18798,4.457131410256411,0.019133093830959565,0.007804822891725726,0.03154581652134805
i400,Patch_4_9mps,forested,50,1000,100,18798,4.557291666666667,0.018747989749368633,0.006933986603542809,0.03098550369565413
i400,Patch_4_9mps,forested,50,1000,100,18798,4.657451923076923,0.01839073020340163,0.006545145522451626,0.02959629099746655
i400,Patch_4_9mps,forested,50,1000,100,18798,4.75761217948718,0.017974426043600972,0.006000381001029553,0.027734232651874823
i400,Patch_4_9mps,forested,50,1000,100,18798,4.857772435897436,0.01751160101932162,0.005475531471516356,0.02553948425345398
i400,Patch_4_9mps,forested,50,1000,100,18798,4.9579326923076925,0.017176369861329973,0.005184957615619564,0.02511179497302778
i400,Patch_4_9mps,forested,50,1000,100,18798,5.058092948717949,0.017000093178082053,0.0048986728743403984,0.025712219465747577
i400,Patch_4_9mps,forested,50,1000,100,18798,5.158253205128205,0.016809017907348737,0.005893179581613596,0.02480916803596527
i400,Patch_4_9mps,forested,50,1000,100,18798,5.258413461538462,0.01657951344503684,0.0052924284441091905,0.024583361004129892
i400,Patch_4_9mps,forested,50,1000,100,18798,5.358573717948718,0.016335867737847717,0.0055073535266693925,0.02450338933040477
i400,Patch_4_9mps,forested,50,1000,100,18798,5.4587339743589745,0.01616925496941382,0.0061391092234187525,0.0250721371522517
i400,Patch_4_9mps,forested,50,1000,100,18798,5.558894230769231,0.016168380551129655,0.006350879770810469,0.02471770192307815
i400,Patch_4_9mps,forested,50,1000,100,18798,5.659054487179487,0.016099238795255207,0.006764142233737199,0.023446469401295914
i400,Patch_4_9mps,forested,50,1000,100,18798,5.759214743589744,0.01591368699875163,0.006935052855941144,0.02343073553170691
i400,Patch_4_9mps,forested,50,1000,100,18798,5.859375,0.015676971639906365,0.006963300524467627,0.023864698984981933
i400,Patch_4_9mps,forested,50,1000,100,18798,5.959535256410256,0.015419351002156856,0.006805356964664227,0.023645859752568697
i400,Patch_4_9mps,forested,50,1000,100,18798,6.059695512820513,0.015197916256737715,0.006341114517975733,0.022997542683903305
i400,Patch_4_9mps,forested,50,1000,100,18798,6.159855769230769,0.015025696463311923,0.005484930008267924,0.023042937537741216
i400,Patch_4_9mps,forested,50,1000,100,18798,6.2600160256410255,0.014861308797233064,0.006865724105755037,0.021164587240464963
i400,Patch_4_9mps,forested,50,1000,100,18798,6.360176282051282,0.01474455882354173,0.006701585061042092,0.020604297499951723
i400,Patch_4_9mps,forested,50,1000,100,18798,6.460336538461538,0.014725636291516997,0.006760107527996929,0.020759431743651875
i400,Patch_4_9mps,forested,50,1000,100,18798,6.560496794871795,0.014806957803568072,0.0068905401759650035,0.020973860041358133
i400,Patch_4_9mps,forested,50,1000,100,18798,6.660657051282051,0.014938415744222324,0.006965940737686408,0.0212121379619115
i400,Patch_4_9mps,forested,50,1000,100,18798,6.7608173076923075,0.015057137249337547,0.006411100981879602,0.02133969497765841
i400,Patch_4_9mps,forested,50,1000,100,18798,6.860977564102564,0.015162992779790701,0.006028181197805868,0.02121455472863594
i400,Patch_4_9mps,forested,50,1000,100,18798,6.96113782051282,0.01524869234654466,0.006272356327536229,0.021440595044481932
i400,Patch_4_9mps,forested,50,1000,100,18798,7.061298076923077,0.015292265191606766,0.007006328275866258,0.020558951381065883
i400,Patch_4_9mps,forested,50,1000,100,18798,7.161458333333333,0.01530172140178675,0.007034276423305092,0.0206301306045193
i400,Patch_4_9mps,forested,50,1000,100,18798,7.261618589743589,0.015309296083141561,0.007276283335786528,0.021611053181116793
i400,Patch_4_9mps,forested,50,1000,100,18798,7.361778846153846,0.015312695754046432,0.0067719078475192524,0.021802576968337622
i400,Patch_4_9mps,forested,50,1000,100,18798,7.461939102564102,0.015262682350907284,0.006300165665501814,0.021711311106201586
i400,Patch_4_9mps,forested,50,1000,100,18798,7.562099358974359,0.015144867529422899,0.0060555702195235,0.02080296183863142
i400,Patch_4_9mps,forested,50,1000,100,18798,7.662259615384615,0.014992455747939525,0.005941033183037523,0.020226124288183694
i400,Patch_4_9mps,forested,50,1000,100,18798,7.762419871794871,0.014850412797544428,0.0057576025220061715,0.02018110754925246
i400,Patch_4_9mps,forested,50,1000,100,18798,7.862580128205129,0.014707339883518706,0.005830838677558275,0.02012645475073653
i400,Patch_4_9mps,forested,50,1000,100,18798,7.962740384615385,0.014587762796082213,0.005424669311110655,0.020134520553087554
i400,Patch_4_9mps,forested,50,1000,100,18798,8.06290064102564,0.014476644412980043,0.005430894010646641,0.01949061593819195
i400,Patch_4_9mps,forested,50,1000,100,18798,8.163060897435898,0.014418188169943573,0.0050544804759838444,0.020158262179440813
i400,Patch_4_9mps,forested,50,1000,100,18798,8.263221153846153,0.014402842319778708,0.0049927903432080275,0.020789159036649647
i400,Patch_4_9mps,forested,50,1000,100,18798,8.36338141025641,0.014367626553076662,0.004938352116761227,0.019797930258676256
i400,Patch_4_9mps,forested,50,1000,100,18798,8.463541666666666,0.014300284639901607,0.005303711214273009,0.020138545541586818
i400,Patch_4_9mps,forested,50,1000,100,18798,8.563701923076923,0.014272797752859086,0.004982543612190476,0.02068018880698772
i400,Patch_4_9mps,forested,50,1000,100,18798,8.663862179487179,0.014255598449730646,0.005326374117540141,0.02125645079169204
i400,Patch_4_9mps,forested,50,1000,100,18798,8.764022435897436,0.014242445159467477,0.0056732789416926235,0.02180761445191782
i400,Patch_4_9mps,forested,50,1000,100,18798,8.864182692307692,0.014251114821140196,0.006115621572290898,0.021963979078477646
i400,Patch_4_9mps,forested,50,1000,100,18798,8.964342948717949,0.014292158883829793,0.005910480240245855,0.022222731572190846
i400,Patch_4_9mps,forested,50,1000,100,18798,9.064503205128204,0.014342738137189993,0.005900077187159752,0.02237816811246887
i400,Patch_4_9mps,forested,50,1000,100,18798,9.164663461538462,0.014346220296195866,0.006272344954697287,0.021778082964725207
i400,Patch_4_9mps,forested,50,1000,100,18798,9.264823717948717,0.014257424801374556,0.0062900259087084204,0.021651288104789404
i400,Patch_4_9mps,forested,50,1000,100,18798,9.364983974358974,0.014146926633841683,0.005949339591500447,0.020642666374636885
i400,Patch_4_9mps,forested,50,1000,100,18798,9.46514423076923,0.014031182671627467,0.005745385134573038,0.020489039597441614
i400,Patch_4_9mps,forested,50,1000,100,18798,9.565304487179487,0.013896031177139284,0.005692122289672089,0.020204999452935687
i400,Patch_4_9mps,forested,50,1000,100,18798,9.665464743589743,0.013736908800088541,0.005635217862106976,0.019883135668351266
i400,Patch_4_9mps,forested,50,1000,100,18798,9.765625,0.013571836294720111,0.005411209679442561,0.019970964515598665
i400,Patch_4_9mps,forested,50,1000,100,18798,9.865785256410257,0.013407687647274437,0.004900675125457101,0.020253844794697228
i400,Patch_4_9mps,forested,50,1000,100,18798,9.965945512820513,0.013282383071531212,0.004863348369767316,0.020105747608827173
i400,Patch_4_9mps,forested,100,1000,100,18798,0.05008012820512821,0.05774065107708562,0.021662288830122816,0.09542881617223505
i400,Patch_4_9mps,forested,100,1000,100,18798,0.1502403846153846,0.04817009273488521,0.018905970734821483,0.06951134136873656
i400,Patch_4_9mps,forested,100,1000,100,18798,0.250400641025641,0.07993397536606772,0.039016779647791947,0.11149056984325265
i400,Patch_4_9mps,forested,100,1000,100,18798,0.3505608974358974,0.09404432294556071,0.03238049082771417,0.13397282149558307
i400,Patch_4_9mps,forested,100,1000,100,18798,0.45072115384615385,0.061376263046912724,0.02335502348487383,0.08590355171812715
i400,Patch_4_9mps,forested,100,1000,100,18798,0.5508814102564102,0.046001846064995355,0.016813872883265066,0.0669533972786767
i400,Patch_4_9mps,forested,100,1000,100,18798,0.6510416666666666,0.036064184198319825,0.014548547627168004,0.04822463379152442
i400,Patch_4_9mps,forested,100,1000,100,18798,0.7512019230769231,0.0293359782805641,0.012300878557818019,0.04215853267724674
i400,Patch_4_9mps,forested,100,1000,100,18798,0.8513621794871795,0.026126208534601316,0.008827266132868517,0.03791445117970027
i400,Patch_4_9mps,forested,100,1000,100,18798,0.9515224358974359,0.02584285196000606,0.010612929167827804,0.0378073225973134
i400,Patch_4_9mps,forested,100,1000,100,18798,1.0516826923076923,0.027625702164687137,0.012501861392521886,0.03798374621067235
i400,Patch_4_9mps,forested,100,1000,100,18798,1.1518429487179487,0.030042654562479173,0.01496413669215882,0.04010984073112327
i400,Patch_4_9mps,forested,100,1000,100,18798,1.252003205128205,0.031962603755488,0.014909319353538543,0.0431395789926989
i400,Patch_4_9mps,forested,100,1000,100,18798,1.3521634615384615,0.032652775279964213,0.013510732233052755,0.04623393374637009
i400,Patch_4_9mps,forested,100,1000,100,18798,1.4523237179487178,0.03202536660793978,0.010268927061374519,0.04651538305997252
i400,Patch_4_9mps,forested,100,1000,100,18798,1.5524839743589745,0.03156921449323728,0.011936496084307241,0.047890296642004
i400,Patch_4_9mps,forested,100,1000,100,18798,1.6526442307692308,0.030642721252827285,0.011879386295393833,0.04303715783278851
i400,Patch_4_9mps,forested,100,1000,100,18798,1.7528044871794872,0.029067925121789226,0.011669874263063046,0.04312444714959658
i400,Patch_4_9mps,forested,100,1000,100,18798,1.8529647435897436,0.027736425941540625,0.010904409295766039,0.04157571056888126
i400,Patch_4_9mps,forested,100,1000,100,18798,1.953125,0.026274771162393594,0.01376632510639051,0.03969951223789614
i400,Patch_4_9mps,forested,100,1000,100,18798,2.0532852564102564,0.024932235382857236,0.012683662814152539,0.03309726506541556
i400,Patch_4_9mps,forested,100,1000,100,18798,2.1534455128205128,0.024541375463822717,0.012748899845269172,0.032442215209446484
i400,Patch_4_9mps,forested,100,1000,100,18798,2.253605769230769,0.02428445122489082,0.013113166054392639,0.03458893247204368
i400,Patch_4_9mps,forested,100,1000,100,18798,2.3537660256410255,0.024324458685947778,0.011835255568713522,0.03520968116696381
i400,Patch_4_9mps,forested,100,1000,100,18798,2.453926282051282,0.024148754584824916,0.01177649673456084,0.033352576343121026
i400,Patch_4_9mps,forested,100,1000,100,18798,2.5540865384615383,0.02382169984214757,0.011193643034894875,0.03302558928607337
i400,Patch_4_9mps,forested,100,1000,100,18798,2.6542467948717947,0.023494029359423397,0.010741109563138422,0.03304653596813503
i400,Patch_4_9mps,forested,100,1000,100,18798,2.754407051282051,0.022992009774588772,0.011273293559022684,0.03263845724193973
i400,Patch_4_9mps,forested,100,1000,100,18798,2.8545673076923075,0.022387756685000638,0.010685733032689921,0.030945101061798846
i400,Patch_4_9mps,forested,100,1000,100,18798,2.9547275641025643,0.021722314805144482,0.009703191623678914,0.030530594406684316
i400,Patch_4_9mps,forested,100,1000,100,18798,3.0548878205128207,0.021095157180793432,0.009464537793721,0.03152084131191628
i400,Patch_4_9mps,forested,100,1000,100,18798,3.155048076923077,0.020460125990082886,0.008791728807876358,0.03276347081172263
i400,Patch_4_9mps,forested,100,1000,100,18798,3.2552083333333335,0.019948108417358452,0.007914516368650667,0.031549155357653895
i400,Patch_4_9mps,forested,100,1000,100,18798,3.35536858974359,0.019532328923830427,0.007867379278809431,0.030521578392621262
i400,Patch_4_9mps,forested,100,1000,100,18798,3.4555288461538463,0.01925773752381984,0.007080291586555206,0.02860071343993778
i400,Patch_4_9mps,forested,100,1000,100,18798,3.5556891025641026,0.019089900839695445,0.007531868462591517,0.027062952630089912
i400,Patch_4_9mps,forested,100,1000,100,18798,3.655849358974359,0.01890789826760817,0.006998240684347938,0.02648253357197035
i400,Patch_4_9mps,forested,100,1000,100,18798,3.7560096153846154,0.01868035914591789,0.007889769613249584,0.025942932232291528
i400,Patch_4_9mps,forested,100,1000,100,18798,3.856169871794872,0.0184990712245748,0.00823237317075769,0.02576349485828937
i400,Patch_4_9mps,forested,100,1000,100,18798,3.956330128205128,0.01825764012469453,0.008219495443835073,0.025747963672737365
i400,Patch_4_9mps,forested,100,1000,100,18798,4.056490384615385,0.017948615810221513,0.007855852934218713,0.025059198707584884
i400,Patch_4_9mps,forested,100,1000,100,18798,4.156650641025641,0.017709669996919798,0.0076142424445672305,0.02569921790948245
i400,Patch_4_9mps,forested,100,1000,100,18798,4.256810897435898,0.017425463699163018,0.0074834993304853,0.025054163892291263
i400,Patch_4_9mps,forested,100,1000,100,18798,4.356971153846154,0.0170408031273757,0.006737058390058702,0.023526128539092122
i400,Patch_4_9mps,forested,100,1000,100,18798,4.457131410256411,0.0166328290446526,0.006301939979195497,0.023252943773083755
i400,Patch_4_9mps,forested,100,1000,100,18798,4.557291666666667,0.01620493891663984,0.006598298028311828,0.023166251877477555
i400,Patch_4_9mps,forested,100,1000,100,18798,4.657451923076923,0.015750543292707146,0.007025731685700068,0.02282157209052245
i400,Patch_4_9mps,forested,100,1000,100,18798,4.75761217948718,0.01533446529745504,0.007145721378138455,0.02252001835256371
i400,Patch_4_9mps,forested,100,1000,100,18798,4.857772435897436,0.0149784404144245,0.007375419299029435,0.022561922722694448
i400,Patch_4_9mps,forested,100,1000,100,18798,4.9579326923076925,0.01466472404837793,0.006495733453346018,0.022183836675400994
i400,Patch_4_9mps,forested,100,1000,100,18798,5.058092948717949,0.01436066869377139,0.00646852135368138,0.02221143448418468
i400,Patch_4_9mps,forested,100,1000,100,18798,5.158253205128205,0.014072601180853756,0.006485167488453368,0.021421889801402996
i400,Patch_4_9mps,forested,100,1000,100,18798,5.258413461538462,0.013766088936115797,0.0060823576613148,0.02048137849343959
i400,Patch_4_9mps,forested,100,1000,100,18798,5.358573717948718,0.01343063991969481,0.005868467623792111,0.019991869200468717
i400,Patch_4_9mps,forested,100,1000,100,18798,5.4587339743589745,0.01308500226182068,0.005780639157846114,0.0191183574907109
i400,Patch_4_9mps,forested,100,1000,100,18798,5.558894230769231,0.012733671662906336,0.005546856818142792,0.01787134911058488
i400,Patch_4_9mps,forested,100,1000,100,18798,5.659054487179487,0.01234033002773399,0.00491522333251909,0.017355772917895182
i400,Patch_4_9mps,forested,100,1000,100,18798,5.759214743589744,0.012025915568453525,0.005116140252546705,0.01668905577784959
i400,Patch_4_9mps,forested,100,1000,100,18798,5.859375,0.011734477764930631,0.005197164338572823,0.01675449829745551
i400,Patch_4_9mps,forested,100,1000,100,18798,5.959535256410256,0.01147324531962831,0.0053941511670145105,0.01623286160917374
i400,Patch_4_9mps,forested,100,1000,100,18798,6.059695512820513,0.011212913668407718,0.005265692834763195,0.016210541427272927
i400,Patch_4_9mps,forested,100,1000,100,18798,6.159855769230769,0.011008402597835053,0.004361410322576124,0.01630017203290416
i400,Patch_4_9mps,forested,100,1000,100,18798,6.2600160256410255,0.010864757707770784,0.004100044006912022,0.01591052326596593
i400,Patch_4_9mps,forested,100,1000,100,18798,6.360176282051282,0.0107603360435649,0.004194007539562602,0.015720245211667976
i400,Patch_4_9mps,forested,100,1000,100,18798,6.460336538461538,0.010646343094879013,0.004360270519867666,0.01578720936921176
i400,Patch_4_9mps,forested,100,1000,100,18798,6.560496794871795,0.01057826475913239,0.0038077679009840544,0.01535404340705353
i400,Patch_4_9mps,forested,100,1000,100,18798,6.660657051282051,0.010551294593280074,0.004317780778695518,0.015637919575071966
i400,Patch_4_9mps,forested,100,1000,100,18798,6.7608173076923075,0.010547904467037114,0.004105199310218503,0.01606102619086385
i400,Patch_4_9mps,forested,100,1000,100,18798,6.860977564102564,0.010570724297784112,0.003983398636429118,0.015875477767306436
i400,Patch_4_9mps,forested,100,1000,100,18798,6.96113782051282,0.010595810630841423,0.003647940082725264,0.015916379875013688
i400,Patch_4_9mps,forested,100,1000,100,18798,7.061298076923077,0.010559294998160851,0.0035090313035956843,0.015801318080079993
i400,Patch_4_9mps,forested,100,1000,100,18798,7.161458333333333,0.01048715763816891,0.0037982651608308242,0.015340856594441676
i400,Patch_4_9mps,forested,100,1000,100,18798,7.261618589743589,0.010451469020384083,0.004162604936260424,0.015290881818085897
i400,Patch_4_9mps,forested,100,1000,100,18798,7.361778846153846,0.010405005468649982,0.003988780523657094,0.015301251856707802
i400,Patch_4_9mps,forested,100,1000,100,18798,7.461939102564102,0.010313942142286325,0.0037909912960873,0.01590371062409878
i400,Patch_4_9mps,forested,100,1000,100,18798,7.562099358974359,0.010202652980877008,0.0037049179909045965,0.01645575747645358
i400,Patch_4_9mps,forested,100,1000,100,18798,7.662259615384615,0.010051669281281534,0.004022173650887505,0.01620005522506493
i400,Patch_4_9mps,forested,100,1000,100,18798,7.762419871794871,0.009875760145477933,0.004018501652744697,0.015589841027153007
i400,Patch_4_9mps,forested,100,1000,100,18798,7.862580128205129,0.009718907855490224,0.003950698167742607,0.015021459535439171
i400,Patch_4_9mps,forested,100,1000,100,18798,7.962740384615385,0.009630256458574007,0.003972921652778366,0.014056674562495342
i400,Patch_4_9mps,forested,100,1000,100,18798,8.06290064102564,0.009561768893172977,0.004049102821081776,0.013508188397194162
i400,Patch_4_9mps,forested,100,1000,100,18798,8.163060897435898,0.009498707549578978,0.0038147927002303004,0.01291394347713687
i400,Patch_4_9mps,forested,100,1000,100,18798,8.263221153846153,0.009416643804380516,0.004045961947342894,0.012834706081767172
i400,Patch_4_9mps,forested,100,1000,100,18798,8.36338141025641,0.009340364558248977,0.0042263378052886085,0.012791099133573777
i400,Patch_4_9mps,forested,100,1000,100,18798,8.463541666666666,0.009298530293190582,0.004028495196481529,0.012903643252907982
i400,Patch_4_9mps,forested,100,1000,100,18798,8.563701923076923,0.009246804610402344,0.0037021383345595686,0.012966216999501573
i400,Patch_4_9mps,forested,100,1000,100,18798,8.663862179487179,0.009225630312422017,0.0038839944180043525,0.013036785390083901
i400,Patch_4_9mps,forested,100,1000,100,18798,8.764022435897436,0.009176968527677874,0.0039468644300097964,0.013300963681076566
i400,Patch_4_9mps,forested,100,1000,100,18798,8.864182692307692,0.009106767549142431,0.0039029935675044237,0.013169231616692423
i400,Patch_4_9mps,forested,100,1000,100,18798,8.964342948717949,0.009079083673159348,0.0035520695873304826,0.012619000495404622
i400,Patch_4_9mps,forested,100,1000,100,18798,9.064503205128204,0.009070510678414806,0.0038177352906985126,0.012271686458615552
i400,Patch_4_9mps,forested,100,1000,100,18798,9.164663461538462,0.009054576186022293,0.0040740206062967865,0.012437400389285504
i400,Patch_4_9mps,forested,100,1000,100,18798,9.264823717948717,0.009020060797457935,0.004171224384559591,0.012407843684391283
i400,Patch_4_9mps,forested,100,1000,100,18798,9.364983974358974,0.009020838792063996,0.004564606723663652,0.012449458571595715
i400,Patch_4_9mps,forested,100,1000,100,18798,9.46514423076923,0.009045793387541554,0.004830564855578736,0.011841907163886584
i400,Patch_4_9mps,forested,100,1000,100,18798,9.565304487179487,0.009083024553161687,0.005057080873461316,0.011634131205718205
i400,Patch_4_9mps,forested,100,1000,100,18798,9.665464743589743,0.009130636615063768,0.005049472048741829,0.011011768138178628
i400,Patch_4_9mps,forested,100,1000,100,18798,9.765625,0.009187971318074957,0.00499819443727563,0.011184375203663676
i400,Patch_4_9mps,forested,100,1000,100,18798,9.865785256410257,0.009256404705868857,0.004996962949954255,0.011837095956912961
i400,Patch_4_9mps,forested,100,1000,100,18798,9.965945512820513,0.009314024632935944,0.004954899371317397,0.012343866062092325
i400,Patch_4_9mps,forested,500,1000,100,18798,0.05008012820512821,0.029145440052137407,0.009386634967654246,0.04334571971843104
i400,Patch_4_9mps,forested,500,1000,100,18798,0.1502403846153846,0.019901306566795854,0.007361619914707587,0.028648274164991994
i400,Patch_4_9mps,forested,500,1000,100,18798,0.250400641025641,0.03201430483059273,0.012041387630685487,0.0501465519399343
i400,Patch_4_9mps,forested,500,1000,100,18798,0.3505608974358974,0.04359351884476092,0.016222016936744743,0.06632789446948843
i400,Patch_4_9mps,forested,500,1000,100,18798,0.45072115384615385,0.025862657281456106,0.010637285715526468,0.039990995375008116
i400,Patch_4_9mps,forested,500,1000,100,18798,0.5508814102564102,0.017836531255469353,0.0067387303824323315,0.027879238858362115
i400,Patch_4_9mps,forested,500,1000,100,18798,0.6510416666666666,0.01349415182416316,0.0048517547777247065,0.01954968973135842
i400,Patch_4_9mps,forested,500,1000,100,18798,0.7512019230769231,0.010931911433290507,0.004380054700119006,0.016281087838131716
i400,Patch_4_9mps,forested,500,1000,100,18798,0.8513621794871795,0.010781970379328886,0.004436045635114901,0.015197268284120184
i400,Patch_4_9mps,forested,500,1000,100,18798,0.9515224358974359,0.010984140625802871,0.005209846077108936,0.016524196743821357
i400,Patch_4_9mps,forested,500,1000,100,18798,1.0516826923076923,0.011567523140557236,0.006771114232166825,0.01595209960331249
i400,Patch_4_9mps,forested,500,1000,100,18798,1.1518429487179487,0.01274640102832613,0.005887084166988417,0.01803141555208318
i400,Patch_4_9mps,forested,500,1000,100,18798,1.252003205128205,0.014003197498369879,0.007413054487404108,0.021780825212308223
i400,Patch_4_9mps,forested,500,1000,100,18798,1.3521634615384615,0.015012084623558741,0.006424931801222085,0.023551380361966266
i400,Patch_4_9mps,forested,500,1000,100,18798,1.4523237179487178,0.015159163756628392,0.006594782889858532,0.023092367455648605
i400,Patch_4_9mps,forested,500,1000,100,18798,1.5524839743589745,0.014592769077520985,0.005427117479282711,0.02327010369300269
i400,Patch_4_9mps,forested,500,1000,100,18798,1.6526442307692308,0.013726940832199134,0.006559169156630049,0.02076563437783671
i400,Patch_4_9mps,forested,500,1000,100,18798,1.7528044871794872,0.012806974167609432,0.005623531201897813,0.017834630989694296
i400,Patch_4_9mps,forested,500,1000,100,18798,1.8529647435897436,0.011766461009507335,0.005540297237976027,0.0174459645269993
i400,Patch_4_9mps,forested,500,1000,100,18798,1.953125,0.010979918243471243,0.004729767812872215,0.015178216800410252
i400,Patch_4_9mps,forested,500,1000,100,18798,2.0532852564102564,0.01042206630140248,0.003918668697227868,0.015642978818794027
i400,Patch_4_9mps,forested,500,1000,100,18798,2.1534455128205128,0.010311356271890216,0.0035973899886326925,0.016290648879126207
i400,Patch_4_9mps,forested,500,1000,100,18798,2.253605769230769,0.010324104437421568,0.004467962260793282,0.01565112264154588
i400,Patch_4_9mps,forested,500,1000,100,18798,2.3537660256410255,0.010388814010491788,0.004232598473052313,0.014293547635859796
i400,Patch_4_9mps,forested,500,1000,100,18798,2.453926282051282,0.010345597910825378,0.004396532052386301,0.01408516763654037
i400,Patch_4_9mps,forested,500,1000,100,18798,2.5540865384615383,0.010259652527712437,0.004639054405045901,0.013447543815559914
i400,Patch_4_9mps,forested,500,1000,100,18798,2.6542467948717947,0.010198804494934995,0.004856296662847065,0.013997300119128754
i400,Patch_4_9mps,forested,500,1000,100,18798,2.754407051282051,0.010103306091384032,0.0049483037498253375,0.014263241775049264
i400,Patch_4_9mps,forested,500,1000,100,18798,2.8545673076923075,0.010018842842487592,0.004591348340709932,0.013690727810737912
i400,Patch_4_9mps,forested,500,1000,100,18798,2.9547275641025643,0.009951247407259566,0.004590404500177331,0.012475137526537046
i400,Patch_4_9mps,forested,500,1000,100,18798,3.0548878205128207,0.009994028349784,0.004775716560162879,0.012857012517154844
i400,Patch_4_9mps,forested,500,1000,100,18798,3.155048076923077,0.01015813644048362,0.004910064101837861,0.013399082029631157
i400,Patch_4_9mps,forested,500,1000,100,18798,3.2552083333333335,0.010293636996989404,0.0053360680955270605,0.01409793118938979
i400,Patch_4_9mps,forested,500,1000,100,18798,3.35536858974359,0.010375819641136328,0.005813625853182222,0.01405535070590516
i400,Patch_4_9mps,forested,500,1000,100,18798,3.4555288461538463,0.010386027076459373,0.006394830348653284,0.013884580707890509
i400,Patch_4_9mps,forested,500,1000,100,18798,3.5556891025641026,0.010324955942325138,0.006130285040130064,0.013438039956451093
i400,Patch_4_9mps,forested,500,1000,100,18798,3.655849358974359,0.01018806222864411,0.005937668880324081,0.013065079695462254
i400,Patch_4_9mps,forested,500,1000,100,18798,3.7560096153846154,0.01002013096106116,0.005721442463013277,0.013015654969733805
i400,Patch_4_9mps,forested,500,1000,100,18798,3.856169871794872,0.009845990204272155,0.005495531445444842,0.012993161360354125
i400,Patch_4_9mps,forested,500,1000,100,18798,3.956330128205128,0.00961244131749906,0.005663434064549105,0.01311426487142408
i400,Patch_4_9mps,forested,500,1000,100,18798,4.056490384615385,0.009426187560553951,0.005512088688244632,0.013055102802224734
i400,Patch_4_9mps,forested,500,1000,100,18798,4.156650641025641,0.009333724252800855,0.005404551434308532,0.013209494001897991
i400,Patch_4_9mps,forested,500,1000,100,18798,4.256810897435898,0.009230311407586046,0.005396922097414176,0.012831826804893871
i400,Patch_4_9mps,forested,500,1000,100,18798,4.356971153846154,0.009038548862419692,0.005059493408071575,0.012799313601545648
i400,Patch_4_9mps,forested,500,1000,100,18798,4.457131410256411,0.008784009503594502,0.004395290381369389,0.012412650348179476
i400,Patch_4_9mps,forested,500,1000,100,18798,4.557291666666667,0.008480137954822666,0.004136081137390125,0.011870105479836426
i400,Patch_4_9mps,forested,500,1000,100,18798,4.657451923076923,0.008218914175875787,0.004232750322185437,0.011722772234772751
i400,Patch_4_9mps,forested,500,1000,100,18798,4.75761217948718,0.00802752509111141,0.003950479352981876,0.01168678692048885
i400,Patch_4_9mps,forested,500,1000,100,18798,4.857772435897436,0.007850131423409103,0.003752772871994501,0.011662890446451751
i400,Patch_4_9mps,forested,500,1000,100,18798,4.9579326923076925,0.007730156763906267,0.0038733547642943993,0.011678137956684619
i400,Patch_4_9mps,forested,500,1000,100,18798,5.058092948717949,0.007657219040703083,0.004062507513847746,0.011373481447492373
i400,Patch_4_9mps,forested,500,1000,100,18798,5.158253205128205,0.007553232160809154,0.004273327610714079,0.011253581321880894
i400,Patch_4_9mps,forested,500,1000,100,18798,5.258413461538462,0.007349263496234099,0.004146563422865302,0.010874707829155957
i400,Patch_4_9mps,forested,500,1000,100,18798,5.358573717948718,0.007035641653568899,0.0039112837882167364,0.010574441079173885
i400,Patch_4_9mps,forested,500,1000,100,18798,5.4587339743589745,0.0066826348252036994,0.0031855940560226227,0.010050485626768354
i400,Patch_4_9mps,forested,500,1000,100,18798,5.558894230769231,0.0063173868470887415,0.0026212492780473685,0.009649910160360004
i400,Patch_4_9mps,forested,500,1000,100,18798,5.659054487179487,0.005887843806801716,0.0024782599625165335,0.009146233317488676
i400,Patch_4_9mps,forested,500,1000,100,18798,5.759214743589744,0.0054544697787307205,0.002061605972374976,0.008428972212170038
i400,Patch_4_9mps,forested,500,1000,100,18798,5.859375,0.005152844479994243,0.0020645381479155,0.007671940194467309
i400,Patch_4_9mps,forested,500,1000,100,18798,5.959535256410256,0.004940497578372205,0.002041576011312027,0.0072004582415292565
i400,Patch_4_9mps,forested,500,1000,100,18798,6.059695512820513,0.004768771741604623,0.0019633028374530562,0.0068010726990508025
i400,Patch_4_9mps,forested,500,1000,100,18798,6.159855769230769,0.004590218775602436,0.001968920936729569,0.006441585131871802
i400,Patch_4_9mps,forested,500,1000,100,18798,6.2600160256410255,0.004446666774728803,0.002325978633750253,0.005729933970673487
i400,Patch_4_9mps,forested,500,1000,100,18798,6.360176282051282,0.00434629344910328,0.0021716818189466166,0.005544607601441395
i400,Patch_4_9mps,forested,500,1000,100,18798,6.460336538461538,0.004271165399751197,0.002060641830975116,0.005736952456370684
i400,Patch_4_9mps,forested,500,1000,100,18798,6.560496794871795,0.004213233404692813,0.0017378478714699295,0.005646535533613588
i400,Patch_4_9mps,forested,500,1000,100,18798,6.660657051282051,0.004161390259742484,0.0015679448350464874,0.0055819828747859235
i400,Patch_4_9mps,forested,500,1000,100,18798,6.7608173076923075,0.004129494455367264,0.0013302698771803473,0.005893081230639369
i400,Patch_4_9mps,forested,500,1000,100,18798,6.860977564102564,0.004136752965847421,0.001211686315919913,0.005977504938379414
i400,Patch_4_9mps,forested,500,1000,100,18798,6.96113782051282,0.00420005598418493,0.0012758617379077285,0.006133452006624962
i400,Patch_4_9mps,forested,500,1000,100,18798,7.061298076923077,0.004265662000510516,0.0013886277116384824,0.006147251083659779
i400,Patch_4_9mps,forested,500,1000,100,18798,7.161458333333333,0.004331887354360453,0.0015379188943554951,0.0064639654891681525
i400,Patch_4_9mps,forested,500,1000,100,18798,7.261618589743589,0.0044059799067428665,0.0016052821710640522,0.00679145081237144
i400,Patch_4_9mps,forested,500,1000,100,18798,7.361778846153846,0.004494065813765347,0.0017185567924934105,0.006833303604981191
i400,Patch_4_9mps,forested,500,1000,100,18798,7.461939102564102,0.004554317875888806,0.0018597210823248105,0.006854497807482736
i400,Patch_4_9mps,forested,500,1000,100,18798,7.562099358974359,0.004583394423302185,0.0017901662749484199,0.006754917247789149
i400,Patch_4_9mps,forested,500,1000,100,18798,7.662259615384615,0.004603705836252478,0.0019370002423947394,0.006615215396957781
i400,Patch_4_9mps,forested,500,1000,100,18798,7.762419871794871,0.004605773108227029,0.00189079803499974,0.006433882537890156
i400,Patch_4_9mps,forested,500,1000,100,18798,7.862580128205129,0.004584341101773266,0.0016055333100022723,0.006340962223193551
i400,Patch_4_9mps,forested,500,1000,100,18798,7.962740384615385,0.004540383555888286,0.0018183478926109616,0.0064610900662773
i400,Patch_4_9mps,forested,500,1000,100,18798,8.06290064102564,0.0044813902250318335,0.0017655647614493463,0.006374369312303172
i400,Patch_4_9mps,forested,500,1000,100,18798,8.163060897435898,0.004436583834942437,0.0017253656006500446,0.00614264733259703
i400,Patch_4_9mps,forested,500,1000,100,18798,8.263221153846153,0.004403681008831409,0.0016750834188130198,0.006145155155850887
i400,Patch_4_9mps,forested,500,1000,100,18798,8.36338141025641,0.004370851477187881,0.0015838725412532994,0.006258904864930085
i400,Patch_4_9mps,forested,500,1000,100,18798,8.463541666666666,0.004340913152322657,0.0017834330580206955,0.006382035556317213
i400,Patch_4_9mps,forested,500,1000,100,18798,8.563701923076923,0.004312755893395137,0.0015717857255522416,0.006249267851348126
i400,Patch_4_9mps,forested,500,1000,100,18798,8.663862179487179,0.004307106583666972,0.0016311019032790384,0.0060775040138312236
i400,Patch_4_9mps,forested,500,1000,100,18798,8.764022435897436,0.004333534609595689,0.0017571055232802248,0.006064245689729518
i400,Patch_4_9mps,forested,500,1000,100,18798,8.864182692307692,0.0043699419685542555,0.0015654011118785775,0.006217951916527446
i400,Patch_4_9mps,forested,500,1000,100,18798,8.964342948717949,0.0043953555943445355,0.0017701415662603258,0.006424214202593075
i400,Patch_4_9mps,forested,500,1000,100,18798,9.064503205128204,0.004398035041736346,0.0019726544228565006,0.006411974537132614
i400,Patch_4_9mps,forested,500,1000,100,18798,9.164663461538462,0.004373411129428272,0.0020979869612998935,0.006224679037203342
i400,Patch_4_9mps,forested,500,1000,100,18798,9.264823717948717,0.004336763842781789,0.002274942104652751,0.006308998747713591
i400,Patch_4_9mps,forested,500,1000,100,18798,9.364983974358974,0.004293112980944213,0.002322667008748637,0.006540260323622022
i400,Patch_4_9mps,forested,500,1000,100,18798,9.46514423076923,0.004250789895636353,0.0022744489406782706,0.006344828908838214
i400,Patch_4_9mps,forested,500,1000,100,18798,9.565304487179487,0.00420970821823542,0.002095985306246298,0.0062034117603253
i400,Patch_4_9mps,forested,500,1000,100,18798,9.665464743589743,0.004170579550646932,0.0019659399689948053,0.006139185876353792
i400,Patch_4_9mps,forested,500,1000,100,18798,9.765625,0.004151322978471896,0.0018859774016258893,0.006053691276714804
i400,Patch_4_9mps,forested,500,1000,100,18798,9.865785256410257,0.004159183182120608,0.0018061479599476727,0.005951620278215671
i400,Patch_4_9mps,forested,500,1000,100,18798,9.965945512820513,0.0041709842990378925,0.0015675376396937528,0.005818557449313929
i400,Patch_4_9mps,open_gap,1,1000,100,46738,0.05008012820512821,0.2637991603293192,0.12656011150281993,0.35556974213299086
i400,Patch_4_9mps,open_gap,1,1000,100,46738,0.1502403846153846,0.15478534254400303,0.06865693461457556,0.1968935291843436
i400,Patch_4_9mps,open_gap,1,1000,100,46738,0.250400641025641,0.20587250945595964,0.09314938064656383,0.24695890976802357
i400,Patch_4_9mps,open_gap,1,1000,100,46738,0.3505608974358974,0.2543173842387446,0.10383864554221467,0.3438070360684182
i400,Patch_4_9mps,open_gap,1,1000,100,46738,0.45072115384615385,0.28136224372257623,0.12392183883298369,0.3814192450003077
i400,Patch_4_9mps,open_gap,1,1000,100,46738,0.5508814102564102,0.3098726599143992,0.12269366852796487,0.41657133028927407
i400,Patch_4_9mps,open_gap,1,1000,100,46738,0.6510416666666666,0.3415121875794498,0.13779149387285763,0.4946580407413882
i400,Patch_4_9mps,open_gap,1,1000,100,46738,0.7512019230769231,0.36456720869011916,0.16372529633042934,0.5005568291447899
i400,Patch_4_9mps,open_gap,1,1000,100,46738,0.8513621794871795,0.37358911146316554,0.16957244988840015,0.4955916739774015
i400,Patch_4_9mps,open_gap,1,1000,100,46738,0.9515224358974359,0.37017370146664563,0.16290567482163815,0.5025687195674661
i400,Patch_4_9mps,open_gap,1,1000,100,46738,1.0516826923076923,0.3606167012157286,0.1403005783677658,0.4959822177814837
i400,Patch_4_9mps,open_gap,1,1000,100,46738,1.1518429487179487,0.35170987715959756,0.15534425848422137,0.4938431151504537
i400,Patch_4_9mps,open_gap,1,1000,100,46738,1.252003205128205,0.342730635125675,0.1495232149116489,0.4929073463130127
i400,Patch_4_9mps,open_gap,1,1000,100,46738,1.3521634615384615,0.33366690543770544,0.1536613628953436,0.47813647601533615
i400,Patch_4_9mps,open_gap,1,1000,100,46738,1.4523237179487178,0.3258100678815697,0.14257377562120713,0.47210689345065293
i400,Patch_4_9mps,open_gap,1,1000,100,46738,1.5524839743589745,0.31880614103461224,0.12177688176999897,0.4534786901926705
i400,Patch_4_9mps,open_gap,1,1000,100,46738,1.6526442307692308,0.3099850204743044,0.14174964657629144,0.44757681005803274
i400,Patch_4_9mps,open_gap,1,1000,100,46738,1.7528044871794872,0.2997315789375092,0.14261013826670227,0.43814105117005125
i400,Patch_4_9mps,open_gap,1,1000,100,46738,1.8529647435897436,0.29111149398910785,0.15281911710057142,0.4233715306788213
i400,Patch_4_9mps,open_gap,1,1000,100,46738,1.953125,0.28115338657379485,0.14001268417509552,0.40087214425593065
i400,Patch_4_9mps,open_gap,1,1000,100,46738,2.0532852564102564,0.2697792797082905,0.12399811640538369,0.40131454947256645
i400,Patch_4_9mps,open_gap,1,1000,100,46738,2.1534455128205128,0.25887759716579495,0.11224237937657455,0.38719277414718956
i400,Patch_4_9mps,open_gap,1,1000,100,46738,2.253605769230769,0.2484102137174376,0.10397913437038425,0.37506228299425015
i400,Patch_4_9mps,open_gap,1,1000,100,46738,2.3537660256410255,0.23836123869892845,0.09731704536929284,0.3554346904040328
i400,Patch_4_9mps,open_gap,1,1000,100,46738,2.453926282051282,0.22766219931242873,0.1084115154645745,0.31844162102444845
i400,Patch_4_9mps,open_gap,1,1000,100,46738,2.5540865384615383,0.21880891825589807,0.10131637250094692,0.2963862489672071
i400,Patch_4_9mps,open_gap,1,1000,100,46738,2.6542467948717947,0.2098331286075559,0.10042583500863292,0.29193722087945057
i400,Patch_4_9mps,open_gap,1,1000,100,46738,2.754407051282051,0.2006576930359527,0.10115869447298528,0.286300825559728
i400,Patch_4_9mps,open_gap,1,1000,100,46738,2.8545673076923075,0.1911106978987081,0.0892102116042471,0.2815371032687951
i400,Patch_4_9mps,open_gap,1,1000,100,46738,2.9547275641025643,0.18161912601990815,0.07541016022267619,0.28088348279698566
i400,Patch_4_9mps,open_gap,1,1000,100,46738,3.0548878205128207,0.17338833752246383,0.07326491928481,0.2648853719042012
i400,Patch_4_9mps,open_gap,1,1000,100,46738,3.155048076923077,0.16571041708863313,0.07454201093880235,0.25284257544193567
i400,Patch_4_9mps,open_gap,1,1000,100,46738,3.2552083333333335,0.15790776089289174,0.06599957090668053,0.24661554904266084
i400,Patch_4_9mps,open_gap,1,1000,100,46738,3.35536858974359,0.1503584359807072,0.05719508031460624,0.23733227285800707
i400,Patch_4_9mps,open_gap,1,1000,100,46738,3.4555288461538463,0.14422295406398727,0.05303622133489911,0.22355497218568077
i400,Patch_4_9mps,open_gap,1,1000,100,46738,3.5556891025641026,0.1392849910829322,0.04497146262062217,0.2223770039241367
i400,Patch_4_9mps,open_gap,1,1000,100,46738,3.655849358974359,0.1346620559140747,0.048140475376009025,0.21331890308669568
i400,Patch_4_9mps,open_gap,1,1000,100,46738,3.7560096153846154,0.13075593330591212,0.04798701348223904,0.20237916340505993
i400,Patch_4_9mps,open_gap,1,1000,100,46738,3.856169871794872,0.12733551852718653,0.046817296841749005,0.1907551411416295
i400,Patch_4_9mps,open_gap,1,1000,100,46738,3.956330128205128,0.12405339606176101,0.04972293718669478,0.18080227694639914
i400,Patch_4_9mps,open_gap,1,1000,100,46738,4.056490384615385,0.12092144107278538,0.04755311787916276,0.17255162410010078
i400,Patch_4_9mps,open_gap,1,1000,100,46738,4.156650641025641,0.11795619074859431,0.05025220991437251,0.16435350878022764
i400,Patch_4_9mps,open_gap,1,1000,100,46738,4.256810897435898,0.11533748890885312,0.05011630128229671,0.15655625972492146
i400,Patch_4_9mps,open_gap,1,1000,100,46738,4.356971153846154,0.1133577118710615,0.04871165342261887,0.1563051646357187
i400,Patch_4_9mps,open_gap,1,1000,100,46738,4.457131410256411,0.11091221646636207,0.04632950335418255,0.16360670388965587
i400,Patch_4_9mps,open_gap,1,1000,100,46738,4.557291666666667,0.10783189602409499,0.04463659425381127,0.15384639457732724
i400,Patch_4_9mps,open_gap,1,1000,100,46738,4.657451923076923,0.10511114966781283,0.04079297374515539,0.15009676500205055
i400,Patch_4_9mps,open_gap,1,1000,100,46738,4.75761217948718,0.1031606536794275,0.03749790742927263,0.1477908736849389
i400,Patch_4_9mps,open_gap,1,1000,100,46738,4.857772435897436,0.10177683365860309,0.03725636730651054,0.1456346708588313
i400,Patch_4_9mps,open_gap,1,1000,100,46738,4.9579326923076925,0.10068295794507807,0.04124827114160986,0.14337766315766493
i400,Patch_4_9mps,open_gap,1,1000,100,46738,5.058092948717949,0.0999357898975196,0.040649084003631604,0.14004209636141768
i400,Patch_4_9mps,open_gap,1,1000,100,46738,5.158253205128205,0.09930812441097986,0.04329281385683911,0.13270312151510252
i400,Patch_4_9mps,open_gap,1,1000,100,46738,5.258413461538462,0.09814486082919961,0.04252148650202739,0.13053621261976525
i400,Patch_4_9mps,open_gap,1,1000,100,46738,5.358573717948718,0.09667561596634347,0.04167842313309042,0.12815551014000823
i400,Patch_4_9mps,open_gap,1,1000,100,46738,5.4587339743589745,0.09637299849472726,0.03925541262409966,0.12653624989516202
i400,Patch_4_9mps,open_gap,1,1000,100,46738,5.558894230769231,0.0970027887670639,0.04517279942043627,0.12231458607406134
i400,Patch_4_9mps,open_gap,1,1000,100,46738,5.659054487179487,0.09768100850816339,0.046762838417852934,0.12478373371321191
i400,Patch_4_9mps,open_gap,1,1000,100,46738,5.759214743589744,0.09812175218173617,0.04646180972918646,0.12352998022693644
i400,Patch_4_9mps,open_gap,1,1000,100,46738,5.859375,0.09805210917017028,0.04877632921550782,0.1251455484509632
i400,Patch_4_9mps,open_gap,1,1000,100,46738,5.959535256410256,0.09777124027949706,0.04899824686040278,0.12614903569940594
i400,Patch_4_9mps,open_gap,1,1000,100,46738,6.059695512820513,0.09757597680752367,0.04724556009126549,0.12648517317262165
i400,Patch_4_9mps,open_gap,1,1000,100,46738,6.159855769230769,0.09775422440294833,0.04470853063646556,0.12558800385404142
i400,Patch_4_9mps,open_gap,1,1000,100,46738,6.2600160256410255,0.09800628342706974,0.04367625117039118,0.13188625596038178
i400,Patch_4_9mps,open_gap,1,1000,100,46738,6.360176282051282,0.09790263969064644,0.0405828098319979,0.13277378964078335
i400,Patch_4_9mps,open_gap,1,1000,100,46738,6.460336538461538,0.0977602757393834,0.04368126453335699,0.13460555947461694
i400,Patch_4_9mps,open_gap,1,1000,100,46738,6.560496794871795,0.0977363572110748,0.04487647731101835,0.13386490262227868
i400,Patch_4_9mps,open_gap,1,1000,100,46738,6.660657051282051,0.09783993598253449,0.0465029259983013,0.1404813727405464
i400,Patch_4_9mps,open_gap,1,1000,100,46738,6.7608173076923075,0.09825316384000063,0.04317145470425951,0.1422960518899696
i400,Patch_4_9mps,open_gap,1,1000,100,46738,6.860977564102564,0.09911618516329349,0.04215549691422712,0.14454540650739586
i400,Patch_4_9mps,open_gap,1,1000,100,46738,6.96113782051282,0.10022833824330285,0.040403199203487075,0.1466095329302512
i400,Patch_4_9mps,open_gap,1,1000,100,46738,7.061298076923077,0.10124083663324492,0.043605028626744376,0.14985510609550584
i400,Patch_4_9mps,open_gap,1,1000,100,46738,7.161458333333333,0.10205520652213274,0.03980271677186748,0.15072816647956408
i400,Patch_4_9mps,open_gap,1,1000,100,46738,7.261618589743589,0.10245281680339118,0.03895969594403526,0.14752189898825258
i400,Patch_4_9mps,open_gap,1,1000,100,46738,7.361778846153846,0.10244052274954617,0.04149183300140649,0.14612527249905277
i400,Patch_4_9mps,open_gap,1,1000,100,46738,7.461939102564102,0.10275532534291364,0.04228652829120527,0.14648670223820778
i400,Patch_4_9mps,open_gap,1,1000,100,46738,7.562099358974359,0.10302857526691499,0.04155639959564813,0.1480720833709656
i400,Patch_4_9mps,open_gap,1,1000,100,46738,7.662259615384615,0.10292499343826407,0.0423689960319034,0.14854885569342977
i400,Patch_4_9mps,open_gap,1,1000,100,46738,7.762419871794871,0.10249437227285067,0.043564520237228094,0.14677058092903783
i400,Patch_4_9mps,open_gap,1,1000,100,46738,7.862580128205129,0.10167390741100812,0.04418420399828779,0.1427688154981358
i400,Patch_4_9mps,open_gap,1,1000,100,46738,7.962740384615385,0.10101846746948072,0.04284551612026123,0.14203134306002596
i400,Patch_4_9mps,open_gap,1,1000,100,46738,8.06290064102564,0.10070685442102315,0.04013459345816818,0.14226884568911152
i400,Patch_4_9mps,open_gap,1,1000,100,46738,8.163060897435898,0.10013395981113345,0.037340924514198785,0.14173565113698872
i400,Patch_4_9mps,open_gap,1,1000,100,46738,8.263221153846153,0.09927390702153419,0.042583474088628115,0.14176399904293152
i400,Patch_4_9mps,open_gap,1,1000,100,46738,8.36338141025641,0.09831450165654276,0.0412600493593017,0.14527440618195034
i400,Patch_4_9mps,open_gap,1,1000,100,46738,8.463541666666666,0.09775962705562277,0.04226297925012572,0.14655676763230135
i400,Patch_4_9mps,open_gap,1,1000,100,46738,8.563701923076923,0.09756953637171754,0.041975592877690544,0.14148120161147396
i400,Patch_4_9mps,open_gap,1,1000,100,46738,8.663862179487179,0.09764194668286523,0.0411920637852769,0.14066571521788102
i400,Patch_4_9mps,open_gap,1,1000,100,46738,8.764022435897436,0.09762068351120004,0.04281413587874547,0.1424631105204886
i400,Patch_4_9mps,open_gap,1,1000,100,46738,8.864182692307692,0.0974426687901546,0.03939862208785875,0.14558251731607852
i400,Patch_4_9mps,open_gap,1,1000,100,46738,8.964342948717949,0.09724677963892567,0.0399625928538781,0.14613422450324498
i400,Patch_4_9mps,open_gap,1,1000,100,46738,9.064503205128204,0.09675041700497422,0.03793469637137909,0.1413139803647211
i400,Patch_4_9mps,open_gap,1,1000,100,46738,9.164663461538462,0.09606646177168418,0.03549082787873122,0.1369029390059678
i400,Patch_4_9mps,open_gap,1,1000,100,46738,9.264823717948717,0.09537809240032573,0.04043336708816992,0.1370129912995626
i400,Patch_4_9mps,open_gap,1,1000,100,46738,9.364983974358974,0.09466976366717601,0.03543530001425747,0.14120957911734924
i400,Patch_4_9mps,open_gap,1,1000,100,46738,9.46514423076923,0.0939623359903441,0.033675428888015564,0.14094255095542374
i400,Patch_4_9mps,open_gap,1,1000,100,46738,9.565304487179487,0.09301614817912077,0.03244958016200215,0.1384328005183776
i400,Patch_4_9mps,open_gap,1,1000,100,46738,9.665464743589743,0.09184817858310888,0.031997990395073284,0.13862040041669765
i400,Patch_4_9mps,open_gap,1,1000,100,46738,9.765625,0.09077633292376948,0.030969379255590075,0.1374179694639962
i400,Patch_4_9mps,open_gap,1,1000,100,46738,9.865785256410257,0.08979482742471948,0.03098168843364447,0.13258836629017692
i400,Patch_4_9mps,open_gap,1,1000,100,46738,9.965945512820513,0.0889012351763532,0.03116919642621447,0.12776695209766475
i400,Patch_4_9mps,open_gap,10,1000,100,46738,0.05008012820512821,0.07582820528488189,0.031769106847724556,0.1086318956746463
i400,Patch_4_9mps,open_gap,10,1000,100,46738,0.1502403846153846,0.043832051915275574,0.014022748550665813,0.05746154883754312
i400,Patch_4_9mps,open_gap,10,1000,100,46738,0.250400641025641,0.06401501762568401,0.025090358962629355,0.09423201566736386
i400,Patch_4_9mps,open_gap,10,1000,100,46738,0.3505608974358974,0.08508619594886828,0.030529238749016217,0.12898874072031152
i400,Patch_4_9mps,open_gap,10,1000,100,46738,0.45072115384615385,0.09986223212848992,0.03748284151320498,0.1494870715596939
i400,Patch_4_9mps,open_gap,10,1000,100,46738,0.5508814102564102,0.10979994722237693,0.040728674101103174,0.15564648687095137
i400,Patch_4_9mps,open_gap,10,1000,100,46738,0.6510416666666666,0.11707910300847874,0.05376448795750305,0.16110312144249495
i400,Patch_4_9mps,open_gap,10,1000,100,46738,0.7512019230769231,0.12027916874020146,0.05935853123484549,0.1596953451732141
i400,Patch_4_9mps,open_gap,10,1000,100,46738,0.8513621794871795,0.11924802824912463,0.05790824534507262,0.16485077405082615
i400,Patch_4_9mps,open_gap,10,1000,100,46738,0.9515224358974359,0.11473669653682222,0.05575586570832765,0.16451019100337977
i400,Patch_4_9mps,open_gap,10,1000,100,46738,1.0516826923076923,0.10948056755119512,0.05632300655345661,0.161000460160947
i400,Patch_4_9mps,open_gap,10,1000,100,46738,1.1518429487179487,0.10411849632247838,0.04422699254739487,0.1470173587575483
i400,Patch_4_9mps,open_gap,10,1000,100,46738,1.252003205128205,0.09863659223666348,0.034498938112875646,0.13083618392369498
i400,Patch_4_9mps,open_gap,10,1000,100,46738,1.3521634615384615,0.09351094515700574,0.03210165578494067,0.12786883042440364
i400,Patch_4_9mps,open_gap,10,1000,100,46738,1.4523237179487178,0.08910292169340563,0.02985457757891079,0.12091350512320966
i400,Patch_4_9mps,open_gap,10,1000,100,46738,1.5524839743589745,0.0849961385212743,0.03663286310037132,0.11666862804156508
i400,Patch_4_9mps,open_gap,10,1000,100,46738,1.6526442307692308,0.08174261705533706,0.035364355313639975,0.112103508255096
i400,Patch_4_9mps,open_gap,10,1000,100,46738,1.7528044871794872,0.07836041802067599,0.03396230065142035,0.11207317961750651
i400,Patch_4_9mps,open_gap,10,1000,100,46738,1.8529647435897436,0.07545285362922904,0.03445237571753752,0.11039051829670131
i400,Patch_4_9mps,open_gap,10,1000,100,46738,1.953125,0.07255778881119404,0.032176834930304654,0.10371783712842418
i400,Patch_4_9mps,open_gap,10,1000,100,46738,2.0532852564102564,0.06946361946642986,0.02923129194853011,0.10269154250545627
i400,Patch_4_9mps,open_gap,10,1000,100,46738,2.1534455128205128,0.06663726534358898,0.03132583771393181,0.10245220886010836
i400,Patch_4_9mps,open_gap,10,1000,100,46738,2.253605769230769,0.06438249943557983,0.030728500232311735,0.10368689409455822
i400,Patch_4_9mps,open_gap,10,1000,100,46738,2.3537660256410255,0.0625300747944015,0.031079558362446913,0.09659350602185067
i400,Patch_4_9mps,open_gap,10,1000,100,46738,2.453926282051282,0.06082417208605175,0.02708469611748572,0.09057994891760834
i400,Patch_4_9mps,open_gap,10,1000,100,46738,2.5540865384615383,0.05935910371636294,0.023179124644723964,0.0887897202112489
i400,Patch_4_9mps,open_gap,10,1000,100,46738,2.6542467948717947,0.05835794911671146,0.022982621625242856,0.08480626891936674
i400,Patch_4_9mps,open_gap,10,1000,100,46738,2.754407051282051,0.05693211006355478,0.022171636846815744,0.0869789062467347
i400,Patch_4_9mps,open_gap,10,1000,100,46738,2.8545673076923075,0.05519945518525399,0.019790645537706698,0.0838930993517464
i400,Patch_4_9mps,open_gap,10,1000,100,46738,2.9547275641025643,0.05367889260136328,0.020170135492227816,0.07966305446489721
i400,Patch_4_9mps,open_gap,10,1000,100,46738,3.0548878205128207,0.05246744593628035,0.01601452560152349,0.08163750520767885
i400,Patch_4_9mps,open_gap,10,1000,100,46738,3.155048076923077,0.05124332103527255,0.018306596055200818,0.07862329553542025
i400,Patch_4_9mps,open_gap,10,1000,100,46738,3.2552083333333335,0.049883812120766174,0.019680720161607684,0.0788878534902934
i400,Patch_4_9mps,open_gap,10,1000,100,46738,3.35536858974359,0.04824102274104842,0.019912236119337137,0.07570249139917709
i400,Patch_4_9mps,open_gap,10,1000,100,46738,3.4555288461538463,0.04652451041348618,0.01842300607194617,0.07369252543429008
i400,Patch_4_9mps,open_gap,10,1000,100,46738,3.5556891025641026,0.04503840273965337,0.01580534411972903,0.07056156533561998
i400,Patch_4_9mps,open_gap,10,1000,100,46738,3.655849358974359,0.04360106125213902,0.014068984135938902,0.06655193353745346
i400,Patch_4_9mps,open_gap,10,1000,100,46738,3.7560096153846154,0.04209680975685522,0.01313389475752099,0.0627203256098579
i400,Patch_4_9mps,open_gap,10,1000,100,46738,3.856169871794872,0.04034076729574729,0.01577140779071612,0.05984506532046579
i400,Patch_4_9mps,open_gap,10,1000,100,46738,3.956330128205128,0.0387855086230512,0.014626149393490905,0.05699368717646451
i400,Patch_4_9mps,open_gap,10,1000,100,46738,4.056490384615385,0.03730146575744341,0.012076112014689385,0.054267703030383446
i400,Patch_4_9mps,open_gap,10,1000,100,46738,4.156650641025641,0.035809425620132035,0.012733736140136634,0.05180594863211304
i400,Patch_4_9mps,open_gap,10,1000,100,46738,4.256810897435898,0.034552890020738365,0.013066688110732982,0.05102638274594799
i400,Patch_4_9mps,open_gap,10,1000,100,46738,4.356971153846154,0.03326795423727709,0.013145904839700883,0.04882633785489782
i400,Patch_4_9mps,open_gap,10,1000,100,46738,4.457131410256411,0.03212630913982029,0.013510958996881706,0.046837068471250305
i400,Patch_4_9mps,open_gap,10,1000,100,46738,4.557291666666667,0.031018521217693183,0.013851927968736176,0.04538497333161082
i400,Patch_4_9mps,open_gap,10,1000,100,46738,4.657451923076923,0.030024057026639305,0.011220776483622753,0.04334303235625654
i400,Patch_4_9mps,open_gap,10,1000,100,46738,4.75761217948718,0.02928047965489931,0.01093852663626511,0.041437250897916
i400,Patch_4_9mps,open_gap,10,1000,100,46738,4.857772435897436,0.028956959877264786,0.010615361104402586,0.03973868046314806
i400,Patch_4_9mps,open_gap,10,1000,100,46738,4.9579326923076925,0.028702005327687127,0.011339342542644008,0.039749086338626644
i400,Patch_4_9mps,open_gap,10,1000,100,46738,5.058092948717949,0.028513532586229656,0.010896136362428895,0.042102469540950566
i400,Patch_4_9mps,open_gap,10,1000,100,46738,5.158253205128205,0.028421694073073822,0.010853518795171262,0.04343514691022862
i400,Patch_4_9mps,open_gap,10,1000,100,46738,5.258413461538462,0.02832571129818038,0.011627235774954389,0.04269890070760505
i400,Patch_4_9mps,open_gap,10,1000,100,46738,5.358573717948718,0.028246635884513215,0.011947287138137589,0.04213562035164779
i400,Patch_4_9mps,open_gap,10,1000,100,46738,5.4587339743589745,0.02817035320903414,0.010973042918729005,0.04117207830447804
i400,Patch_4_9mps,open_gap,10,1000,100,46738,5.558894230769231,0.028089766321033664,0.010162074585855321,0.042457521060737996
i400,Patch_4_9mps,open_gap,10,1000,100,46738,5.659054487179487,0.027969585700672813,0.010359686171817376,0.04089338421329309
i400,Patch_4_9mps,open_gap,10,1000,100,46738,5.759214743589744,0.027861079681162023,0.01052994839443098,0.04058608903052087
i400,Patch_4_9mps,open_gap,10,1000,100,46738,5.859375,0.027970760760984065,0.010413871977556536,0.04035688221330014
i400,Patch_4_9mps,open_gap,10,1000,100,46738,5.959535256410256,0.028170219408140733,0.012029437774199816,0.0383086098350564
i400,Patch_4_9mps,open_gap,10,1000,100,46738,6.059695512820513,0.028575115739592757,0.01211279706184061,0.0386746059986846
i400,Patch_4_9mps,open_gap,10,1000,100,46738,6.159855769230769,0.028939699830015278,0.010938819557999134,0.0401660695069094
i400,Patch_4_9mps,open_gap,10,1000,100,46738,6.2600160256410255,0.02923579295121145,0.010963551905501908,0.0409435298284585
i400,Patch_4_9mps,open_gap,10,1000,100,46738,6.360176282051282,0.029456524099570874,0.011259715184861019,0.042557642474174893
i400,Patch_4_9mps,open_gap,10,1000,100,46738,6.460336538461538,0.029673414102502394,0.012106752311006514,0.044118516606708666
i400,Patch_4_9mps,open_gap,10,1000,100,46738,6.560496794871795,0.029891718015190055,0.011359042191627033,0.04442074267088893
i400,Patch_4_9mps,open_gap,10,1000,100,46738,6.660657051282051,0.03019295409554439,0.01047059806270746,0.04437678307717611
i400,Patch_4_9mps,open_gap,10,1000,100,46738,6.7608173076923075,0.030526475017272167,0.009535146828026168,0.04492414783495877
i400,Patch_4_9mps,open_gap,10,1000,100,46738,6.860977564102564,0.030826065064593833,0.008504199575237462,0.04483442506686958
i400,Patch_4_9mps,open_gap,10,1000,100,46738,6.96113782051282,0.03111770824717736,0.009454260818906256,0.044584398678046894
i400,Patch_4_9mps,open_gap,10,1000,100,46738,7.061298076923077,0.03143571114991921,0.009632036732639708,0.04579703320343143
i400,Patch_4_9mps,open_gap,10,1000,100,46738,7.161458333333333,0.03171439850536236,0.010540211525185651,0.047572362260644485
i400,Patch_4_9mps,open_gap,10,1000,100,46738,7.261618589743589,0.031902322091073854,0.011395872719451918,0.04860258808553507
i400,Patch_4_9mps,open_gap,10,1000,100,46738,7.361778846153846,0.03202478930815732,0.012701068481898876,0.04919818342076493
i400,Patch_4_9mps,open_gap,10,1000,100,46738,7.461939102564102,0.03198669810748003,0.012864456577916458,0.04951233834592182
i400,Patch_4_9mps,open_gap,10,1000,100,46738,7.562099358974359,0.03182932289579742,0.011556226509544024,0.04872162826873178
i400,Patch_4_9mps,open_gap,10,1000,100,46738,7.662259615384615,0.03172225939950897,0.011386727539143033,0.04646455981396175
i400,Patch_4_9mps,open_gap,10,1000,100,46738,7.762419871794871,0.031706308940313475,0.012321825801957384,0.04690460541393239
i400,Patch_4_9mps,open_gap,10,1000,100,46738,7.862580128205129,0.03178065461168584,0.013600828865337205,0.04620703473602414
i400,Patch_4_9mps,open_gap,10,1000,100,46738,7.962740384615385,0.03194152021877386,0.013639427800646862,0.04562250040114996
i400,Patch_4_9mps,open_gap,10,1000,100,46738,8.06290064102564,0.0320557593944563,0.014294488985289028,0.045394127554980054
i400,Patch_4_9mps,open_gap,10,1000,100,46738,8.163060897435898,0.032191293369407264,0.014748420462181921,0.045586896147793876
i400,Patch_4_9mps,open_gap,10,1000,100,46738,8.263221153846153,0.032340642553160166,0.014337619990939188,0.04573316731756233
i400,Patch_4_9mps,open_gap,10,1000,100,46738,8.36338141025641,0.03251513999056196,0.01415905980110931,0.04495908545914243
i400,Patch_4_9mps,open_gap,10,1000,100,46738,8.463541666666666,0.03257617044632611,0.013121586867646369,0.046582512965092235
i400,Patch_4_9mps,open_gap,10,1000,100,46738,8.563701923076923,0.03258194420289893,0.01258967162776296,0.047230780859285684
i400,Patch_4_9mps,open_gap,10,1000,100,46738,8.663862179487179,0.03256184054754633,0.012089686213014789,0.049636687774031935
i400,Patch_4_9mps,open_gap,10,1000,100,46738,8.764022435897436,0.03251926889654739,0.011393933167389996,0.0493693281664482
i400,Patch_4_9mps,open_gap,10,1000,100,46738,8.864182692307692,0.03246890255968048,0.010295403883048174,0.049821695094241725
i400,Patch_4_9mps,open_gap,10,1000,100,46738,8.964342948717949,0.032465482321197996,0.010068284376824714,0.05071129266646774
i400,Patch_4_9mps,open_gap,10,1000,100,46738,9.064503205128204,0.03234948618090483,0.009401997119066358,0.05198096867156907
i400,Patch_4_9mps,open_gap,10,1000,100,46738,9.164663461538462,0.032145838029186774,0.010309027602280906,0.05152064275135451
i400,Patch_4_9mps,open_gap,10,1000,100,46738,9.264823717948717,0.03196832775320164,0.011018676855965474,0.05153437335656712
i400,Patch_4_9mps,open_gap,10,1000,100,46738,9.364983974358974,0.03180757561282046,0.011105148244468342,0.05080294351955497
i400,Patch_4_9mps,open_gap,10,1000,100,46738,9.46514423076923,0.031633982614290866,0.01125502037362015,0.04942675231252657
i400,Patch_4_9mps,open_gap,10,1000,100,46738,9.565304487179487,0.031276167086025236,0.011466783073534133,0.04880285552315787
i400,Patch_4_9mps,open_gap,10,1000,100,46738,9.665464743589743,0.030853649258989577,0.011397987760731452,0.04832927674335115
i400,Patch_4_9mps,open_gap,10,1000,100,46738,9.765625,0.03045420931013163,0.011011695828895565,0.0465248481599734
i400,Patch_4_9mps,open_gap,10,1000,100,46738,9.865785256410257,0.030073026720247538,0.010808831391883322,0.04529317722436066
i400,Patch_4_9mps,open_gap,10,1000,100,46738,9.965945512820513,0.02975375670416593,0.00923891667078736,0.044098865065526814
i400,Patch_4_9mps,open_gap,50,1000,100,46738,0.05008012820512821,0.035579931499823594,0.016525566433344883,0.048630727926771804
i400,Patch_4_9mps,open_gap,50,1000,100,46738,0.1502403846153846,0.026633271550505613,0.010532804884349541,0.0404488157810794
i400,Patch_4_9mps,open_gap,50,1000,100,46738,0.250400641025641,0.034682463826211395,0.011655975901973406,0.05433194274798873
i400,Patch_4_9mps,open_gap,50,1000,100,46738,0.3505608974358974,0.04301141770766769,0.01408504307736362,0.06637821980427212
i400,Patch_4_9mps,open_gap,50,1000,100,46738,0.45072115384615385,0.04805973980408182,0.01626652879316478,0.06913858940620508
i400,Patch_4_9mps,open_gap,50,1000,100,46738,0.5508814102564102,0.05040527097111466,0.019134296648254005,0.07709211164568003
i400,Patch_4_9mps,open_gap,50,1000,100,46738,0.6510416666666666,0.05124228827362638,0.019774995004541437,0.07132985559980107
i400,Patch_4_9mps,open_gap,50,1000,100,46738,0.7512019230769231,0.0514396226104214,0.018548799408150254,0.07017003235634273
i400,Patch_4_9mps,open_gap,50,1000,100,46738,0.8513621794871795,0.050687327984627675,0.018913460091428955,0.07036403158677597
i400,Patch_4_9mps,open_gap,50,1000,100,46738,0.9515224358974359,0.048972046754504055,0.01711922371308876,0.06781305725921749
i400,Patch_4_9mps,open_gap,50,1000,100,46738,1.0516826923076923,0.04757091976949467,0.01737705161332409,0.0695046466033069
i400,Patch_4_9mps,open_gap,50,1000,100,46738,1.1518429487179487,0.04665628900589325,0.01765421956851809,0.0702314720799112
i400,Patch_4_9mps,open_gap,50,1000,100,46738,1.252003205128205,0.04540264185393042,0.016809783074627743,0.0693525874167929
i400,Patch_4_9mps,open_gap,50,1000,100,46738,1.3521634615384615,0.0441329663359374,0.017771826287807622,0.06230460733993159
i400,Patch_4_9mps,open_gap,50,1000,100,46738,1.4523237179487178,0.04335915357081151,0.021030884300349845,0.061462599725146054
i400,Patch_4_9mps,open_gap,50,1000,100,46738,1.5524839743589745,0.04268949803727216,0.019291608499610285,0.059081312167768366
i400,Patch_4_9mps,open_gap,50,1000,100,46738,1.6526442307692308,0.04162902483927366,0.01968342103490574,0.06054883746153864
i400,Patch_4_9mps,open_gap,50,1000,100,46738,1.7528044871794872,0.04012283701252119,0.01637667792123164,0.05736943922578644
i400,Patch_4_9mps,open_gap,50,1000,100,46738,1.8529647435897436,0.03839070244372074,0.013843057949049062,0.0557113959956554
i400,Patch_4_9mps,open_gap,50,1000,100,46738,1.953125,0.03772345844532319,0.01235249073645249,0.05643220355932153
i400,Patch_4_9mps,open_gap,50,1000,100,46738,2.0532852564102564,0.03764682260082912,0.015241734904915333,0.05664640824208433
i400,Patch_4_9mps,open_gap,50,1000,100,46738,2.1534455128205128,0.037437710529472236,0.015471976144948513,0.05456367243175053
i400,Patch_4_9mps,open_gap,50,1000,100,46738,2.253605769230769,0.037242140758189664,0.01654834358925673,0.051286679216779166
i400,Patch_4_9mps,open_gap,50,1000,100,46738,2.3537660256410255,0.036739652517595735,0.014888170682756718,0.05230928987459632
i400,Patch_4_9mps,open_gap,50,1000,100,46738,2.453926282051282,0.03602427770936368,0.01565001069031877,0.05308258208883314
i400,Patch_4_9mps,open_gap,50,1000,100,46738,2.5540865384615383,0.03505856048386471,0.01563377672938967,0.04953110486955663
i400,Patch_4_9mps,open_gap,50,1000,100,46738,2.6542467948717947,0.03392650497726743,0.016910424658715967,0.04670744558323671
i400,Patch_4_9mps,open_gap,50,1000,100,46738,2.754407051282051,0.03267372568796575,0.013661750023835106,0.04571695283626493
i400,Patch_4_9mps,open_gap,50,1000,100,46738,2.8545673076923075,0.031266570298901994,0.012560806953556158,0.04287593013713387
i400,Patch_4_9mps,open_gap,50,1000,100,46738,2.9547275641025643,0.02970647332584516,0.01287859864953457,0.04142436002683004
i400,Patch_4_9mps,open_gap,50,1000,100,46738,3.0548878205128207,0.028260869231245316,0.012228764033178907,0.038224966921810245
i400,Patch_4_9mps,open_gap,50,1000,100,46738,3.155048076923077,0.0269129144993111,0.009596838822553223,0.0371201549863795
i400,Patch_4_9mps,open_gap,50,1000,100,46738,3.2552083333333335,0.02568418308570797,0.009456847142018054,0.03650653338879618
i400,Patch_4_9mps,open_gap,50,1000,100,46738,3.35536858974359,0.02462200791198659,0.008027309563049555,0.033760279186038744
i400,Patch_4_9mps,open_gap,50,1000,100,46738,3.4555288461538463,0.02361738942310033,0.008299172821477466,0.03162256821238502
i400,Patch_4_9mps,open_gap,50,1000,100,46738,3.5556891025641026,0.022607655978943004,0.00902358348068794,0.02912194117802367
i400,Patch_4_9mps,open_gap,50,1000,100,46738,3.655849358974359,0.021720156910784886,0.007988721634061344,0.02744548848799015
i400,Patch_4_9mps,open_gap,50,1000,100,46738,3.7560096153846154,0.02094783527444961,0.007885253665009938,0.02696785790640568
i400,Patch_4_9mps,open_gap,50,1000,100,46738,3.856169871794872,0.020220703878924558,0.0066400847911772505,0.02653718278498082
i400,Patch_4_9mps,open_gap,50,1000,100,46738,3.956330128205128,0.019430451515432226,0.007001141846480421,0.02599869715112661
i400,Patch_4_9mps,open_gap,50,1000,100,46738,4.056490384615385,0.018632755358614778,0.006803929085970296,0.02613050973793502
i400,Patch_4_9mps,open_gap,50,1000,100,46738,4.156650641025641,0.017911651066241402,0.006589423661119605,0.025625466947855315
i400,Patch_4_9mps,open_gap,50,1000,100,46738,4.256810897435898,0.017228610244132043,0.007043986834881165,0.024192929312856916
i400,Patch_4_9mps,open_gap,50,1000,100,46738,4.356971153846154,0.01667558272079963,0.007460829018482889,0.023282051425401448
i400,Patch_4_9mps,open_gap,50,1000,100,46738,4.457131410256411,0.01610867021553441,0.007519125454536582,0.02143118609746151
i400,Patch_4_9mps,open_gap,50,1000,100,46738,4.557291666666667,0.015587193550205389,0.007398889804017313,0.02037811534344476
i400,Patch_4_9mps,open_gap,50,1000,100,46738,4.657451923076923,0.015108273157211227,0.007479256547181488,0.02001904567000675
i400,Patch_4_9mps,open_gap,50,1000,100,46738,4.75761217948718,0.014660127188630953,0.006537593072612569,0.019093505825200835
i400,Patch_4_9mps,open_gap,50,1000,100,46738,4.857772435897436,0.014243950348116607,0.005787106089590691,0.01873530314205769
i400,Patch_4_9mps,open_gap,50,1000,100,46738,4.9579326923076925,0.01383348988463999,0.005344886058960662,0.019352735628804688
i400,Patch_4_9mps,open_gap,50,1000,100,46738,5.058092948717949,0.013518902038451802,0.005027573381114184,0.019340352148149366
i400,Patch_4_9mps,open_gap,50,1000,100,46738,5.158253205128205,0.013230087257494727,0.005178168552895726,0.01837264014772326
i400,Patch_4_9mps,open_gap,50,1000,100,46738,5.258413461538462,0.01291043051741411,0.0048972239104435,0.01765226600127667
i400,Patch_4_9mps,open_gap,50,1000,100,46738,5.358573717948718,0.012584945265383351,0.0044645628140120176,0.01707321509266555
i400,Patch_4_9mps,open_gap,50,1000,100,46738,5.4587339743589745,0.012316094782437212,0.005037441170332198,0.016655378902352944
i400,Patch_4_9mps,open_gap,50,1000,100,46738,5.558894230769231,0.012129602832586359,0.004564106773329648,0.016537913605667122
i400,Patch_4_9mps,open_gap,50,1000,100,46738,5.659054487179487,0.012032374773219423,0.004262868268222325,0.016430630077754242
i400,Patch_4_9mps,open_gap,50,1000,100,46738,5.759214743589744,0.011931727121470443,0.0036787485683987685,0.016182964214207538
i400,Patch_4_9mps,open_gap,50,1000,100,46738,5.859375,0.011928479755048276,0.003522486810748954,0.01738743144661902
i400,Patch_4_9mps,open_gap,50,1000,100,46738,5.959535256410256,0.012124625762972827,0.0031763881064185116,0.017366469968675254
i400,Patch_4_9mps,open_gap,50,1000,100,46738,6.059695512820513,0.012402344063423767,0.0037787166846390326,0.018175330738204244
i400,Patch_4_9mps,open_gap,50,1000,100,46738,6.159855769230769,0.012753931308974273,0.005025978731429077,0.01878615150491924
i400,Patch_4_9mps,open_gap,50,1000,100,46738,6.2600160256410255,0.013123562051602335,0.004379965619582741,0.01907937234736396
i400,Patch_4_9mps,open_gap,50,1000,100,46738,6.360176282051282,0.013492739806906429,0.0045701442917324,0.019612602835069694
i400,Patch_4_9mps,open_gap,50,1000,100,46738,6.460336538461538,0.013845983138867592,0.0050639278813904755,0.019813233570959942
i400,Patch_4_9mps,open_gap,50,1000,100,46738,6.560496794871795,0.01413489704875007,0.005174443359389098,0.02036457609774411
i400,Patch_4_9mps,open_gap,50,1000,100,46738,6.660657051282051,0.014392497099887176,0.005536798095781757,0.02093456903309688
i400,Patch_4_9mps,open_gap,50,1000,100,46738,6.7608173076923075,0.014672265330046532,0.005867655393193614,0.021682398876130007
i400,Patch_4_9mps,open_gap,50,1000,100,46738,6.860977564102564,0.01494659310938094,0.006053057082598845,0.022536987724633268
i400,Patch_4_9mps,open_gap,50,1000,100,46738,6.96113782051282,0.01519741093705823,0.005682779135085055,0.023048166113361204
i400,Patch_4_9mps,open_gap,50,1000,100,46738,7.061298076923077,0.015432990394905016,0.005212428966618849,0.023470241738696725
i400,Patch_4_9mps,open_gap,50,1000,100,46738,7.161458333333333,0.015636694494785493,0.005462823208135001,0.0234483627372595
i400,Patch_4_9mps,open_gap,50,1000,100,46738,7.261618589743589,0.01583001842707883,0.0058844314988960285,0.023253476539005415
i400,Patch_4_9mps,open_gap,50,1000,100,46738,7.361778846153846,0.015985392183626497,0.005702913564475755,0.022995754174325256
i400,Patch_4_9mps,open_gap,50,1000,100,46738,7.461939102564102,0.016076152890302918,0.005658399334034675,0.023585555245882153
i400,Patch_4_9mps,open_gap,50,1000,100,46738,7.562099358974359,0.016097822135170227,0.005543497715010899,0.022937883228140055
i400,Patch_4_9mps,open_gap,50,1000,100,46738,7.662259615384615,0.0161411456056799,0.005657962482507063,0.022581171327296784
i400,Patch_4_9mps,open_gap,50,1000,100,46738,7.762419871794871,0.016168127561192694,0.005569926147473664,0.023291682143131917
i400,Patch_4_9mps,open_gap,50,1000,100,46738,7.862580128205129,0.016106713856025526,0.005521848565854984,0.023592674295365136
i400,Patch_4_9mps,open_gap,50,1000,100,46738,7.962740384615385,0.015975790525394967,0.005599357493660679,0.024130817318902324
i400,Patch_4_9mps,open_gap,50,1000,100,46738,8.06290064102564,0.01588567444280663,0.005462367680262351,0.02430613198497829
i400,Patch_4_9mps,open_gap,50,1000,100,46738,8.163060897435898,0.015806397046844604,0.004945803729380418,0.024331814970356153
i400,Patch_4_9mps,open_gap,50,1000,100,46738,8.263221153846153,0.015727750295600904,0.005200220194371908,0.02385862645793322
i400,Patch_4_9mps,open_gap,50,1000,100,46738,8.36338141025641,0.01566340211923627,0.00522550772960697,0.023204684167106936
i400,Patch_4_9mps,open_gap,50,1000,100,46738,8.463541666666666,0.015659133832861733,0.0053742193907382295,0.022929621065331897
i400,Patch_4_9mps,open_gap,50,1000,100,46738,8.563701923076923,0.015632210263382774,0.005185426380322954,0.02292448692677055
i400,Patch_4_9mps,open_gap,50,1000,100,46738,8.663862179487179,0.01555989797710759,0.005197690221173047,0.022585631177659132
i400,Patch_4_9mps,open_gap,50,1000,100,46738,8.764022435897436,0.015463129226362202,0.005968779701487409,0.022153184715150223
i400,Patch_4_9mps,open_gap,50,1000,100,46738,8.864182692307692,0.015365368970116118,0.005825833715922549,0.021608644650538057
i400,Patch_4_9mps,open_gap,50,1000,100,46738,8.964342948717949,0.01522421092374611,0.005681414531863006,0.021147125121094915
i400,Patch_4_9mps,open_gap,50,1000,100,46738,9.064503205128204,0.015109708577155233,0.005707386471952525,0.021353739479777974
i400,Patch_4_9mps,open_gap,50,1000,100,46738,9.164663461538462,0.015020026300720506,0.005884278401081981,0.021371114433533196
i400,Patch_4_9mps,open_gap,50,1000,100,46738,9.264823717948717,0.01494827392243582,0.00605691771585027,0.021202686243353454
i400,Patch_4_9mps,open_gap,50,1000,100,46738,9.364983974358974,0.014920136077107553,0.0068128785718591,0.021203041796103717
i400,Patch_4_9mps,open_gap,50,1000,100,46738,9.46514423076923,0.014918725279434476,0.007064598933678055,0.02154957128323196
i400,Patch_4_9mps,open_gap,50,1000,100,46738,9.565304487179487,0.014874146681122451,0.006862162906674966,0.021054847848265543
i400,Patch_4_9mps,open_gap,50,1000,100,46738,9.665464743589743,0.014786800633605393,0.006791715817444335,0.021168885985375675
i400,Patch_4_9mps,open_gap,50,1000,100,46738,9.765625,0.01470255624417566,0.006670652093989184,0.021293413738639612
i400,Patch_4_9mps,open_gap,50,1000,100,46738,9.865785256410257,0.014648770346975546,0.006707282768459416,0.021391092849654153
i400,Patch_4_9mps,open_gap,50,1000,100,46738,9.965945512820513,0.014612233488958402,0.006619126718452011,0.020122555005059817
i400,Patch_4_9mps,open_gap,100,1000,100,46738,0.05008012820512821,0.026512943471973707,0.010512948332389626,0.04200323276068552
i400,Patch_4_9mps,open_gap,100,1000,100,46738,0.1502403846153846,0.015469281136584245,0.005412884905271074,0.022731695812875423
i400,Patch_4_9mps,open_gap,100,1000,100,46738,0.250400641025641,0.019754406376220394,0.009615661290180506,0.02621721127767528
i400,Patch_4_9mps,open_gap,100,1000,100,46738,0.3505608974358974,0.024978009532785797,0.00848963052060933,0.03802796075744075
i400,Patch_4_9mps,open_gap,100,1000,100,46738,0.45072115384615385,0.02910546266443857,0.010536234595232457,0.04455533393783467
i400,Patch_4_9mps,open_gap,100,1000,100,46738,0.5508814102564102,0.032165235763619224,0.011680275758058634,0.0491150083852666
i400,Patch_4_9mps,open_gap,100,1000,100,46738,0.6510416666666666,0.034402528698785774,0.011852555535732553,0.05194286344461435
i400,Patch_4_9mps,open_gap,100,1000,100,46738,0.7512019230769231,0.03575052048235194,0.013351706116920346,0.054233859249627196
i400,Patch_4_9mps,open_gap,100,1000,100,46738,0.8513621794871795,0.03611961898381253,0.014514657476376001,0.055593055418512186
i400,Patch_4_9mps,open_gap,100,1000,100,46738,0.9515224358974359,0.035488898477665745,0.013996920108968976,0.05432208649185844
i400,Patch_4_9mps,open_gap,100,1000,100,46738,1.0516826923076923,0.03443153576177098,0.013639243071692352,0.05119868522017202
i400,Patch_4_9mps,open_gap,100,1000,100,46738,1.1518429487179487,0.033329975369729634,0.012297030659332945,0.04828284892112522
i400,Patch_4_9mps,open_gap,100,1000,100,46738,1.252003205128205,0.03252996023514272,0.011716939366107057,0.04411211417173565
i400,Patch_4_9mps,open_gap,100,1000,100,46738,1.3521634615384615,0.03167064642871618,0.015214158056785634,0.043422953389781395
i400,Patch_4_9mps,open_gap,100,1000,100,46738,1.4523237179487178,0.03081786812643066,0.013912743772890996,0.04031062551574501
i400,Patch_4_9mps,open_gap,100,1000,100,46738,1.5524839743589745,0.02989792721786575,0.011842038279780339,0.04007101321770295
i400,Patch_4_9mps,open_gap,100,1000,100,46738,1.6526442307692308,0.02918397766210552,0.012821561202071393,0.03903061955895231
i400,Patch_4_9mps,open_gap,100,1000,100,46738,1.7528044871794872,0.028623361989639644,0.012757998783480221,0.038080779870735736
i400,Patch_4_9mps,open_gap,100,1000,100,46738,1.8529647435897436,0.028023923580062705,0.013027875585195952,0.03609093275451238
i400,Patch_4_9mps,open_gap,100,1000,100,46738,1.953125,0.027578701812077853,0.01287383594399076,0.03746214431744951
i400,Patch_4_9mps,open_gap,100,1000,100,46738,2.0532852564102564,0.02709082102304254,0.012903425139191337,0.03713033346369417
i400,Patch_4_9mps,open_gap,100,1000,100,46738,2.1534455128205128,0.026699707324319703,0.01230800644194419,0.03697483779413459
i400,Patch_4_9mps,open_gap,100,1000,100,46738,2.253605769230769,0.026322333293539456,0.011995268253537453,0.036580984608676974
i400,Patch_4_9mps,open_gap,100,1000,100,46738,2.3537660256410255,0.02588430608010199,0.010035311410920858,0.03624889811754241
i400,Patch_4_9mps,open_gap,100,1000,100,46738,2.453926282051282,0.02529826449994767,0.01018292568704786,0.0363570625683566
i400,Patch_4_9mps,open_gap,100,1000,100,46738,2.5540865384615383,0.02479639698007432,0.010263857096907976,0.03585981588802617
i400,Patch_4_9mps,open_gap,100,1000,100,46738,2.6542467948717947,0.024338438121094458,0.010552561782889665,0.035906764912621236
i400,Patch_4_9mps,open_gap,100,1000,100,46738,2.754407051282051,0.023804637751919905,0.009861578528728883,0.03598308752048075
i400,Patch_4_9mps,open_gap,100,1000,100,46738,2.8545673076923075,0.023086274225888354,0.010590831917189744,0.03364731573846306
i400,Patch_4_9mps,open_gap,100,1000,100,46738,2.9547275641025643,0.022201962715648192,0.010009928554227509,0.032849206208700035
i400,Patch_4_9mps,open_gap,100,1000,100,46738,3.0548878205128207,0.021307038253953223,0.009602755196351606,0.030534966270982726
i400,Patch_4_9mps,open_gap,100,1000,100,46738,3.155048076923077,0.020384560150907106,0.01069362545990779,0.029019521874211984
i400,Patch_4_9mps,open_gap,100,1000,100,46738,3.2552083333333335,0.019593984637801848,0.009548990091967954,0.027445645218134442
i400,Patch_4_9mps,open_gap,100,1000,100,46738,3.35536858974359,0.018917244709016828,0.009287993535255477,0.026802153090926647
i400,Patch_4_9mps,open_gap,100,1000,100,46738,3.4555288461538463,0.018230583590031876,0.009230069991930193,0.026769121403897523
i400,Patch_4_9mps,open_gap,100,1000,100,46738,3.5556891025641026,0.01752932539544974,0.0085960627837133,0.025964829147557628
i400,Patch_4_9mps,open_gap,100,1000,100,46738,3.655849358974359,0.016850520010343196,0.007919068422484814,0.02506175910562449
i400,Patch_4_9mps,open_gap,100,1000,100,46738,3.7560096153846154,0.016174675677455147,0.007389321097782368,0.023908591637764303
i400,Patch_4_9mps,open_gap,100,1000,100,46738,3.856169871794872,0.015504520184509818,0.007083445806655889,0.02269908498553814
i400,Patch_4_9mps,open_gap,100,1000,100,46738,3.956330128205128,0.01485425302395033,0.006887875338754084,0.02128707105917169
i400,Patch_4_9mps,open_gap,100,1000,100,46738,4.056490384615385,0.014145156569128096,0.006651597459044492,0.020074212917037218
i400,Patch_4_9mps,open_gap,100,1000,100,46738,4.156650641025641,0.013427549301698798,0.006124310704598085,0.019268351179666066
i400,Patch_4_9mps,open_gap,100,1000,100,46738,4.256810897435898,0.012689604481402989,0.004711360737643918,0.0188979395039934
i400,Patch_4_9mps,open_gap,100,1000,100,46738,4.356971153846154,0.01188880490686329,0.004418980371186035,0.018208775400954662
i400,Patch_4_9mps,open_gap,100,1000,100,46738,4.457131410256411,0.011222569302959097,0.004045105857387354,0.016801644469952724
i400,Patch_4_9mps,open_gap,100,1000,100,46738,4.557291666666667,0.010888389578349535,0.003404026799346609,0.01679048324718152
i400,Patch_4_9mps,open_gap,100,1000,100,46738,4.657451923076923,0.01066692417779495,0.003921608292644416,0.015942855969380523
i400,Patch_4_9mps,open_gap,100,1000,100,46738,4.75761217948718,0.010474257800425497,0.004006420528467234,0.01537495640474132
i400,Patch_4_9mps,open_gap,100,1000,100,46738,4.857772435897436,0.010284876862524663,0.004103142779332822,0.014758668287171524
i400,Patch_4_9mps,open_gap,100,1000,100,46738,4.9579326923076925,0.01009132363907807,0.0037059547988258206,0.014446990049999647
i400,Patch_4_9mps,open_gap,100,1000,100,46738,5.058092948717949,0.009903545739718656,0.00366288880602468,0.013817030910757583
i400,Patch_4_9mps,open_gap,100,1000,100,46738,5.158253205128205,0.009749019996555525,0.0039956297492180605,0.013566721144584518
i400,Patch_4_9mps,open_gap,100,1000,100,46738,5.258413461538462,0.009571658394106472,0.0035887175640536358,0.013984507289581059
i400,Patch_4_9mps,open_gap,100,1000,100,46738,5.358573717948718,0.009351098856176635,0.0035476648073021625,0.0134702359883877
i400,Patch_4_9mps,open_gap,100,1000,100,46738,5.4587339743589745,0.009114941547053472,0.0036510761311552564,0.013351854803920496
i400,Patch_4_9mps,open_gap,100,1000,100,46738,5.558894230769231,0.008946863982013992,0.0034199473761485884,0.013098768278306316
i400,Patch_4_9mps,open_gap,100,1000,100,46738,5.659054487179487,0.008909395609418364,0.003157271598758434,0.013032808788387338
i400,Patch_4_9mps,open_gap,100,1000,100,46738,5.759214743589744,0.008874519817692711,0.0028466295684001874,0.013036725532924764
i400,Patch_4_9mps,open_gap,100,1000,100,46738,5.859375,0.008858194193791885,0.0025433141142032992,0.012836934657190642
i400,Patch_4_9mps,open_gap,100,1000,100,46738,5.959535256410256,0.00891234210073818,0.0027782672284776986,0.012948907788328199
i400,Patch_4_9mps,open_gap,100,1000,100,46738,6.059695512820513,0.00905548033218459,0.0032828516841185785,0.012765789161493343
i400,Patch_4_9mps,open_gap,100,1000,100,46738,6.159855769230769,0.009335831351802519,0.003708540394414246,0.01264476166404736
i400,Patch_4_9mps,open_gap,100,1000,100,46738,6.2600160256410255,0.009674973987527669,0.004383272163141919,0.013530816413422644
i400,Patch_4_9mps,open_gap,100,1000,100,46738,6.360176282051282,0.01003161243648375,0.004918540543488672,0.013803399600483972
i400,Patch_4_9mps,open_gap,100,1000,100,46738,6.460336538461538,0.010338484552836417,0.005367037192177482,0.014374551554846729
i400,Patch_4_9mps,open_gap,100,1000,100,46738,6.560496794871795,0.01057884530455487,0.005920488436037704,0.01435442255497734
i400,Patch_4_9mps,open_gap,100,1000,100,46738,6.660657051282051,0.010806837763119494,0.006162847613497272,0.014258310080569275
i400,Patch_4_9mps,open_gap,100,1000,100,46738,6.7608173076923075,0.011104174832975709,0.006321711250160428,0.01489197790896128
i400,Patch_4_9mps,open_gap,100,1000,100,46738,6.860977564102564,0.01147950161119142,0.006228135648597326,0.016186652741282226
i400,Patch_4_9mps,open_gap,100,1000,100,46738,6.96113782051282,0.011843306763822196,0.00663865181809616,0.016878504981009786
i400,Patch_4_9mps,open_gap,100,1000,100,46738,7.061298076923077,0.01213211021196805,0.0068329199039062,0.017228654287812124
i400,Patch_4_9mps,open_gap,100,1000,100,46738,7.161458333333333,0.01239379194391771,0.006835153080500967,0.017797209997196493
i400,Patch_4_9mps,open_gap,100,1000,100,46738,7.261618589743589,0.01264110316236264,0.006819770869535313,0.01807748403214398
i400,Patch_4_9mps,open_gap,100,1000,100,46738,7.361778846153846,0.012812934971352332,0.006502915670466892,0.01840853922479686
i400,Patch_4_9mps,open_gap,100,1000,100,46738,7.461939102564102,0.012902505332173433,0.0065541543015845685,0.01835282869428816
i400,Patch_4_9mps,open_gap,100,1000,100,46738,7.562099358974359,0.012936803803841152,0.005933326980884722,0.01849607773751795
i400,Patch_4_9mps,open_gap,100,1000,100,46738,7.662259615384615,0.012948541425606535,0.006285764545958592,0.01853003989502868
i400,Patch_4_9mps,open_gap,100,1000,100,46738,7.762419871794871,0.012952485758431958,0.006359325287091051,0.018460590728574
i400,Patch_4_9mps,open_gap,100,1000,100,46738,7.862580128205129,0.01291916428746958,0.006565727006615538,0.018291367005777052
i400,Patch_4_9mps,open_gap,100,1000,100,46738,7.962740384615385,0.012817773836857919,0.0060327980589764026,0.01819076310063384
i400,Patch_4_9mps,open_gap,100,1000,100,46738,8.06290064102564,0.012630389645960667,0.005777371330819004,0.017851722368115445
i400,Patch_4_9mps,open_gap,100,1000,100,46738,8.163060897435898,0.012399459959600203,0.005249521558420123,0.017759271680143383
i400,Patch_4_9mps,open_gap,100,1000,100,46738,8.263221153846153,0.012225387239042656,0.005110464879855197,0.01743254133822572
i400,Patch_4_9mps,open_gap,100,1000,100,46738,8.36338141025641,0.012088834848733514,0.0050607939139588436,0.016779908728206873
i400,Patch_4_9mps,open_gap,100,1000,100,46738,8.463541666666666,0.011973569147378838,0.0050424329881373926,0.016581168832199452
i400,Patch_4_9mps,open_gap,100,1000,100,46738,8.563701923076923,0.011837490890342037,0.005119368936716997,0.016612893747426406
i400,Patch_4_9mps,open_gap,100,1000,100,46738,8.663862179487179,0.011689730776670813,0.005105154449094408,0.016776964835913743
i400,Patch_4_9mps,open_gap,100,1000,100,46738,8.764022435897436,0.011574299117685401,0.0050127814522185005,0.01657464590950224
i400,Patch_4_9mps,open_gap,100,1000,100,46738,8.864182692307692,0.011449850189288981,0.00458984173015241,0.01634673138781602
i400,Patch_4_9mps,open_gap,100,1000,100,46738,8.964342948717949,0.011315812413562783,0.004724382714667636,0.015840037043273133
i400,Patch_4_9mps,open_gap,100,1000,100,46738,9.064503205128204,0.011179646951081956,0.00470169454462858,0.015069933800640693
i400,Patch_4_9mps,open_gap,100,1000,100,46738,9.164663461538462,0.011036116710822792,0.0045939992897681605,0.014652182070952677
i400,Patch_4_9mps,open_gap,100,1000,100,46738,9.264823717948717,0.010882189646197105,0.0046693435947104695,0.015002784379938041
i400,Patch_4_9mps,open_gap,100,1000,100,46738,9.364983974358974,0.010697672440133248,0.0043759020457356315,0.015148973038964703
i400,Patch_4_9mps,open_gap,100,1000,100,46738,9.46514423076923,0.010485040839415777,0.00416072475020232,0.014304953831273077
i400,Patch_4_9mps,open_gap,100,1000,100,46738,9.565304487179487,0.010284186973863352,0.004529326283938204,0.0137994722919478
i400,Patch_4_9mps,open_gap,100,1000,100,46738,9.665464743589743,0.010131706965218012,0.005041979676259555,0.0137267232923393
i400,Patch_4_9mps,open_gap,100,1000,100,46738,9.765625,0.0100649608542564,0.004707950022060783,0.013760475168903798
i400,Patch_4_9mps,open_gap,100,1000,100,46738,9.865785256410257,0.010068669544515556,0.004355710577398167,0.013808392902609695
i400,Patch_4_9mps,open_gap,100,1000,100,46738,9.965945512820513,0.010104232173178008,0.004275359693828891,0.013971270395680815
i400,Patch_4_9mps,open_gap,500,1000,100,46738,0.05008012820512821,0.01052761327000553,0.0033615198715380742,0.013873935546981684
i400,Patch_4_9mps,open_gap,500,1000,100,46738,0.1502403846153846,0.00874498136202428,0.0036366885333635147,0.012001862952826948
i400,Patch_4_9mps,open_gap,500,1000,100,46738,0.250400641025641,0.012049035415213212,0.0052522166155020535,0.018864003087939344
i400,Patch_4_9mps,open_gap,500,1000,100,46738,0.3505608974358974,0.015036380402906734,0.005816193873477024,0.022516649189438923
i400,Patch_4_9mps,open_gap,500,1000,100,46738,0.45072115384615385,0.016494546398327942,0.0065088160542526325,0.0250739276135023
i400,Patch_4_9mps,open_gap,500,1000,100,46738,0.5508814102564102,0.01705198722337977,0.007341777023317059,0.02441849604013546
i400,Patch_4_9mps,open_gap,500,1000,100,46738,0.6510416666666666,0.017168088950479957,0.00787835873391708,0.024910933811385542
i400,Patch_4_9mps,open_gap,500,1000,100,46738,0.7512019230769231,0.016997045770448548,0.006894761826853669,0.024459138974374645
i400,Patch_4_9mps,open_gap,500,1000,100,46738,0.8513621794871795,0.016601284096229508,0.006730540327300591,0.023377620277609312
i400,Patch_4_9mps,open_gap,500,1000,100,46738,0.9515224358974359,0.01600640644636191,0.007036746781212905,0.022176847479555582
i400,Patch_4_9mps,open_gap,500,1000,100,46738,1.0516826923076923,0.01551317404934684,0.008460618895874534,0.02155453142625701
i400,Patch_4_9mps,open_gap,500,1000,100,46738,1.1518429487179487,0.015065951071885998,0.007559255019250477,0.0197315445926675
i400,Patch_4_9mps,open_gap,500,1000,100,46738,1.252003205128205,0.014547427397936304,0.007556459785617928,0.019273510498307937
i400,Patch_4_9mps,open_gap,500,1000,100,46738,1.3521634615384615,0.014021534617445668,0.006124247620737171,0.01984820259486037
i400,Patch_4_9mps,open_gap,500,1000,100,46738,1.4523237179487178,0.013588202451062882,0.004704522161661932,0.021454065520343988
i400,Patch_4_9mps,open_gap,500,1000,100,46738,1.5524839743589745,0.013495173221195507,0.004707101757583524,0.02103105291738439
i400,Patch_4_9mps,open_gap,500,1000,100,46738,1.6526442307692308,0.01351444346394341,0.00430619708210094,0.021415282430158333
i400,Patch_4_9mps,open_gap,500,1000,100,46738,1.7528044871794872,0.013695113429983885,0.004109072295920279,0.02128272097558247
i400,Patch_4_9mps,open_gap,500,1000,100,46738,1.8529647435897436,0.01428436821587181,0.0039300338110716485,0.02221297997689217
i400,Patch_4_9mps,open_gap,500,1000,100,46738,1.953125,0.015136316379420183,0.005803853053363418,0.022294903531516266
i400,Patch_4_9mps,open_gap,500,1000,100,46738,2.0532852564102564,0.0160649468451862,0.007221750475464802,0.022712675542544643
i400,Patch_4_9mps,open_gap,500,1000,100,46738,2.1534455128205128,0.016833838111912258,0.008162621807358293,0.02305064373371031
i400,Patch_4_9mps,open_gap,500,1000,100,46738,2.253605769230769,0.01744085178091924,0.009453852501462846,0.023564327966154142
i400,Patch_4_9mps,open_gap,500,1000,100,46738,2.3537660256410255,0.01784504895033929,0.010347345829138585,0.02395187319304337
i400,Patch_4_9mps,open_gap,500,1000,100,46738,2.453926282051282,0.018053355087943784,0.01037547493641136,0.024197716794883493
i400,Patch_4_9mps,open_gap,500,1000,100,46738,2.5540865384615383,0.017989119305870268,0.010433088093300777,0.023770589390260787
i400,Patch_4_9mps,open_gap,500,1000,100,46738,2.6542467948717947,0.017582877480185416,0.010301975615459433,0.02302016887397218
i400,Patch_4_9mps,open_gap,500,1000,100,46738,2.754407051282051,0.016963096257932252,0.01012996708230174,0.022127429347299506
i400,Patch_4_9mps,open_gap,500,1000,100,46738,2.8545673076923075,0.016205424344157986,0.009660633364707088,0.02098332467805574
i400,Patch_4_9mps,open_gap,500,1000,100,46738,2.9547275641025643,0.015298534822356708,0.009242691148480248,0.01977235402135501
i400,Patch_4_9mps,open_gap,500,1000,100,46738,3.0548878205128207,0.014411798873827769,0.008903121151555938,0.018733169483532236
i400,Patch_4_9mps,open_gap,500,1000,100,46738,3.155048076923077,0.013626142946488512,0.007951085177092398,0.018080674022575467
i400,Patch_4_9mps,open_gap,500,1000,100,46738,3.2552083333333335,0.012972102041151462,0.007207796574234364,0.01774013401343169
i400,Patch_4_9mps,open_gap,500,1000,100,46738,3.35536858974359,0.01243025344621951,0.006405065350447301,0.016976491795198622
i400,Patch_4_9mps,open_gap,500,1000,100,46738,3.4555288461538463,0.011810555298554612,0.0059729845451783085,0.01604570379579015
i400,Patch_4_9mps,open_gap,500,1000,100,46738,3.5556891025641026,0.011089601248688075,0.005067963309916064,0.015048193715542385
i400,Patch_4_9mps,open_gap,500,1000,100,46738,3.655849358974359,0.01041436277747661,0.00493245595712379,0.014129215494568994
i400,Patch_4_9mps,open_gap,500,1000,100,46738,3.7560096153846154,0.009749177076609532,0.0042064781557166414,0.013551882767381916
i400,Patch_4_9mps,open_gap,500,1000,100,46738,3.856169871794872,0.009053391101721986,0.004126824282625752,0.012945313949667494
i400,Patch_4_9mps,open_gap,500,1000,100,46738,3.956330128205128,0.008353792679377596,0.004113346582298311,0.011855856449234026
i400,Patch_4_9mps,open_gap,500,1000,100,46738,4.056490384615385,0.007700134411099141,0.0037354293388110298,0.010920969416519506
i400,Patch_4_9mps,open_gap,500,1000,100,46738,4.156650641025641,0.006998913119204849,0.00317625091002113,0.009647101241892903
i400,Patch_4_9mps,open_gap,500,1000,100,46738,4.256810897435898,0.0062412080981341204,0.0022436315459284156,0.00882584166423153
i400,Patch_4_9mps,open_gap,500,1000,100,46738,4.356971153846154,0.005512198382324877,0.001884294739417764,0.007624492671773609
i400,Patch_4_9mps,open_gap,500,1000,100,46738,4.457131410256411,0.0049319095583919325,0.0019380649559536994,0.006621790570735402
i400,Patch_4_9mps,open_gap,500,1000,100,46738,4.557291666666667,0.004554546480213994,0.0019225839189066056,0.00593659924753237
i400,Patch_4_9mps,open_gap,500,1000,100,46738,4.657451923076923,0.004300411035384137,0.0019201250073283193,0.005336445055098414
i400,Patch_4_9mps,open_gap,500,1000,100,46738,4.75761217948718,0.0041356046731127515,0.001941327725625661,0.005037254325834085
i400,Patch_4_9mps,open_gap,500,1000,100,46738,4.857772435897436,0.00403485592530611,0.0017272624274065637,0.005366667401276643
i400,Patch_4_9mps,open_gap,500,1000,100,46738,4.9579326923076925,0.0039864859017810575,0.0014850392104780563,0.005872693644004931
i400,Patch_4_9mps,open_gap,500,1000,100,46738,5.058092948717949,0.003967016303368908,0.0013870101006915859,0.006223931360913846
i400,Patch_4_9mps,open_gap,500,1000,100,46738,5.158253205128205,0.003978046769601685,0.0014638654668684902,0.006366638394286496
i400,Patch_4_9mps,open_gap,500,1000,100,46738,5.258413461538462,0.004009210595477943,0.0011824234155134276,0.0063619263254754334
i400,Patch_4_9mps,open_gap,500,1000,100,46738,5.358573717948718,0.004088332502373981,0.001487792794194804,0.006564116360864163
i400,Patch_4_9mps,open_gap,500,1000,100,46738,5.4587339743589745,0.0042384702292335005,0.001599919379034338,0.007081024619763428
i400,Patch_4_9mps,open_gap,500,1000,100,46738,5.558894230769231,0.004383891491602915,0.0018458498432144539,0.007099752388858844
i400,Patch_4_9mps,open_gap,500,1000,100,46738,5.659054487179487,0.00451452528177803,0.0018895655740749466,0.006954119786539402
i400,Patch_4_9mps,open_gap,500,1000,100,46738,5.759214743589744,0.004668869219443506,0.0018789912611924522,0.007137902947822484
i400,Patch_4_9mps,open_gap,500,1000,100,46738,5.859375,0.004830728147929464,0.001920737538462277,0.007144186145220879
i400,Patch_4_9mps,open_gap,500,1000,100,46738,5.959535256410256,0.004990525703715659,0.002051475997252309,0.007166409537069283
i400,Patch_4_9mps,open_gap,500,1000,100,46738,6.059695512820513,0.005157784083665146,0.0024722619417917348,0.007377520608621197
i400,Patch_4_9mps,open_gap,500,1000,100,46738,6.159855769230769,0.005376545252842223,0.0025125100604805,0.007632057918632949
i400,Patch_4_9mps,open_gap,500,1000,100,46738,6.2600160256410255,0.00565998018380638,0.00287412325341174,0.008210244645545303
i400,Patch_4_9mps,open_gap,500,1000,100,46738,6.360176282051282,0.005965810159072532,0.0028986076486271113,0.008575065301849382
i400,Patch_4_9mps,open_gap,500,1000,100,46738,6.460336538461538,0.006196352452198374,0.0028816986979293916,0.008513243495479947
i400,Patch_4_9mps,open_gap,500,1000,100,46738,6.560496794871795,0.006357303341937418,0.0030233812234604983,0.00861234428655884
i400,Patch_4_9mps,open_gap,500,1000,100,46738,6.660657051282051,0.006532987067270786,0.003576103118946914,0.008720093213763935
i400,Patch_4_9mps,open_gap,500,1000,100,46738,6.7608173076923075,0.006798727075259582,0.003865985095219053,0.009163794896969918
i400,Patch_4_9mps,open_gap,500,1000,100,46738,6.860977564102564,0.007156387472969133,0.003955329998877723,0.009596514369445128
i400,Patch_4_9mps,open_gap,500,1000,100,46738,6.96113782051282,0.00748496733990018,0.0045385488183987245,0.010012711047004805
i400,Patch_4_9mps,open_gap,500,1000,100,46738,7.061298076923077,0.007707564955751165,0.004673737470068787,0.010368343828489737
i400,Patch_4_9mps,open_gap,500,1000,100,46738,7.161458333333333,0.007932083917340911,0.004737707505246153,0.010507539107779698
i400,Patch_4_9mps,open_gap,500,1000,100,46738,7.261618589743589,0.008198969976962874,0.004916644789296256,0.010951262101292568
i400,Patch_4_9mps,open_gap,500,1000,100,46738,7.361778846153846,0.008427716203522104,0.005473128115792879,0.011002043357653828
i400,Patch_4_9mps,open_gap,500,1000,100,46738,7.461939102564102,0.008572277397305218,0.005542953655653723,0.01108177428011465
i400,Patch_4_9mps,open_gap,500,1000,100,46738,7.562099358974359,0.008634249059757588,0.005598806017574016,0.01105470929652761
i400,Patch_4_9mps,open_gap,500,1000,100,46738,7.662259615384615,0.00866139507736144,0.005549301214952743,0.011213668812016232
i400,Patch_4_9mps,open_gap,500,1000,100,46738,7.762419871794871,0.008667777796791036,0.005501494665493787,0.011293516877977531
i400,Patch_4_9mps,open_gap,500,1000,100,46738,7.862580128205129,0.00860870851637497,0.005333392692446135,0.011344524668713689
i400,Patch_4_9mps,open_gap,500,1000,100,46738,7.962740384615385,0.008465414537518623,0.005094323519770332,0.011311919116990775
i400,Patch_4_9mps,open_gap,500,1000,100,46738,8.06290064102564,0.00825326036489349,0.004941195954273921,0.011188924365740507
i400,Patch_4_9mps,open_gap,500,1000,100,46738,8.163060897435898,0.008018715594668805,0.004935971200785059,0.010867428204033127
i400,Patch_4_9mps,open_gap,500,1000,100,46738,8.263221153846153,0.007838612278865039,0.0047339476594292305,0.010596633633690835
i400,Patch_4_9mps,open_gap,500,1000,100,46738,8.36338141025641,0.007741416835117279,0.004752245602544297,0.010489868972870159
i400,Patch_4_9mps,open_gap,500,1000,100,46738,8.463541666666666,0.007689116900705783,0.004716984228149445,0.010521620950948728
i400,Patch_4_9mps,open_gap,500,1000,100,46738,8.563701923076923,0.0076329367848059085,0.004878505879426899,0.010385030989200185
i400,Patch_4_9mps,open_gap,500,1000,100,46738,8.663862179487179,0.007544013049394648,0.004771688911861652,0.010228150610621448
i400,Patch_4_9mps,open_gap,500,1000,100,46738,8.764022435897436,0.007415519515094259,0.0047536055205157825,0.010129226038174222
i400,Patch_4_9mps,open_gap,500,1000,100,46738,8.864182692307692,0.007261961766826368,0.0045273881696769455,0.009945020722942097
i400,Patch_4_9mps,open_gap,500,1000,100,46738,8.964342948717949,0.007083909893867773,0.004409158866620209,0.009570616025979027
i400,Patch_4_9mps,open_gap,500,1000,100,46738,9.064503205128204,0.006876447730108366,0.004163529967702393,0.00925894152931414
i400,Patch_4_9mps,open_gap,500,1000,100,46738,9.164663461538462,0.006668593481153289,0.003965179445662848,0.008808087664206418
i400,Patch_4_9mps,open_gap,500,1000,100,46738,9.264823717948717,0.006448995320034078,0.0037792688559583174,0.008347871208940894
i400,Patch_4_9mps,open_gap,500,1000,100,46738,9.364983974358974,0.006202618899870857,0.003798233324173624,0.008130077464842242
i400,Patch_4_9mps,open_gap,500,1000,100,46738,9.46514423076923,0.005958557063818895,0.0034943257201342226,0.007811588579645597
i400,Patch_4_9mps,open_gap,500,1000,100,46738,9.565304487179487,0.005765471747905216,0.0033381937486725213,0.007618384354066632
i400,Patch_4_9mps,open_gap,500,1000,100,46738,9.665464743589743,0.0056152389220658384,0.003084933147588455,0.007316369998250116
i400,Patch_4_9mps,open_gap,500,1000,100,46738,9.765625,0.0055087767475255345,0.0028735909748595556,0.007340458810208738
i400,Patch_4_9mps,open_gap,500,1000,100,46738,9.865785256410257,0.005482243873336774,0.002891046130366539,0.007482626007695134
i400,Patch_4_9mps,open_gap,500,1000,100,46738,9.965945512820513,0.0055108543195934254,0.0028568733035171023,0.007502530956614119
