case_alias,case_name,surface,ntwr,reference_towers,n_repeats,n_candidate_towers,z_over_h,mean_deviation,q25_deviation,q75_deviation
g1200,Gap_12_9mps,forested,1,1000,100,50155,0.05008012820512821,0.639703450170012,0.33516639982151253,0.7732095259239995
g1200,Gap_12_9mps,forested,1,1000,100,50155,0.1502403846153846,0.7373957684099401,0.35905147826602646,0.8000269515903097
g1200,Gap_12_9mps,forested,1,1000,100,50155,0.250400641025641,0.5245879506177917,0.31788095718093945,0.6924665799139924
g1200,Gap_12_9mps,forested,1,1000,100,50155,0.3505608974358974,0.33616047049399883,0.16465318120429387,0.4718870088076005
g1200,Gap_12_9mps,forested,1,1000,100,50155,0.45072115384615385,0.16579597031360901,0.04692747052081382,0.22106909822044551
g1200,Gap_12_9mps,forested,1,1000,100,50155,0.5508814102564102,0.1337921491062002,0.038736721626696835,0.15436224473658028
g1200,Gap_12_9mps,forested,1,1000,100,50155,0.6510416666666666,0.11830616167629573,0.04507360543507667,0.1353987559319266
g1200,Gap_12_9mps,forested,1,1000,100,50155,0.7512019230769231,0.10660221930193431,0.03636422018674698,0.12256601740771317
g1200,Gap_12_9mps,forested,1,1000,100,50155,0.8513621794871795,0.09407347709683733,0.032021956245416844,0.11689508644734166
g1200,Gap_12_9mps,forested,1,1000,100,50155,0.9515224358974359,0.08092935143623256,0.031266234082400333,0.11317963019767022
g1200,Gap_12_9mps,forested,1,1000,100,50155,1.0516826923076923,0.07794770418366119,0.02771765928102865,0.09518401033223628
g1200,Gap_12_9mps,forested,1,1000,100,50155,1.1518429487179487,0.08212022954992255,0.027798537814091855,0.09718614033475809
g1200,Gap_12_9mps,forested,1,1000,100,50155,1.252003205128205,0.08809252133787492,0.032657309062849034,0.10127519438748733
g1200,Gap_12_9mps,forested,1,1000,100,50155,1.3521634615384615,0.09294621888321791,0.028643762197133302,0.09804746776134922
g1200,Gap_12_9mps,forested,1,1000,100,50155,1.4523237179487178,0.0982060578062376,0.034563675821789513,0.10078624864121594
g1200,Gap_12_9mps,forested,1,1000,100,50155,1.5524839743589745,0.10295767469688098,0.03519842788821892,0.10617686679425412
g1200,Gap_12_9mps,forested,1,1000,100,50155,1.6526442307692308,0.10547615266348201,0.03711149910653495,0.10992166176766285
g1200,Gap_12_9mps,forested,1,1000,100,50155,1.7528044871794872,0.10414829590595312,0.0329024718154666,0.11963081239854173
g1200,Gap_12_9mps,forested,1,1000,100,50155,1.8529647435897436,0.10016020471439019,0.0319292434057178,0.1153398939084057
g1200,Gap_12_9mps,forested,1,1000,100,50155,1.953125,0.09718060561321583,0.025261413783094697,0.1053526072623155
g1200,Gap_12_9mps,forested,1,1000,100,50155,2.0532852564102564,0.09408069323465701,0.027482158056695526,0.11285009467927275
g1200,Gap_12_9mps,forested,1,1000,100,50155,2.1534455128205128,0.09390688552609924,0.028672726495987694,0.10937585605151469
g1200,Gap_12_9mps,forested,1,1000,100,50155,2.253605769230769,0.09511834660770703,0.03891512105600919,0.11368605659399134
g1200,Gap_12_9mps,forested,1,1000,100,50155,2.3537660256410255,0.09543620688418086,0.030745198252288882,0.11437941642576178
g1200,Gap_12_9mps,forested,1,1000,100,50155,2.453926282051282,0.09624622424804624,0.03450273168758697,0.12378611770231794
g1200,Gap_12_9mps,forested,1,1000,100,50155,2.5540865384615383,0.09680891118736433,0.031229042819274275,0.1326925249316223
g1200,Gap_12_9mps,forested,1,1000,100,50155,2.6542467948717947,0.09804011103014541,0.0352787959319042,0.13236097188521934
g1200,Gap_12_9mps,forested,1,1000,100,50155,2.754407051282051,0.09900726087969099,0.03312954004377793,0.13173909627345484
g1200,Gap_12_9mps,forested,1,1000,100,50155,2.8545673076923075,0.09965862259132333,0.039853278600012206,0.14474694661181498
g1200,Gap_12_9mps,forested,1,1000,100,50155,2.9547275641025643,0.1001190814631342,0.038640731168396635,0.1392727477938728
g1200,Gap_12_9mps,forested,1,1000,100,50155,3.0548878205128207,0.10036284995214093,0.03640110080501629,0.1401106376102889
g1200,Gap_12_9mps,forested,1,1000,100,50155,3.155048076923077,0.09961267891666557,0.04724778633022764,0.13515198893108216
g1200,Gap_12_9mps,forested,1,1000,100,50155,3.2552083333333335,0.09782026158521832,0.03886356947507036,0.13763906658528335
g1200,Gap_12_9mps,forested,1,1000,100,50155,3.35536858974359,0.09568322115460091,0.03720356507472536,0.13512711188928875
g1200,Gap_12_9mps,forested,1,1000,100,50155,3.4555288461538463,0.093488588637576,0.032014425875005456,0.13487025094840088
g1200,Gap_12_9mps,forested,1,1000,100,50155,3.5556891025641026,0.09167002641528552,0.033578498232604746,0.14422816753854817
g1200,Gap_12_9mps,forested,1,1000,100,50155,3.655849358974359,0.0904526962019989,0.03493464908452823,0.14853492601553897
g1200,Gap_12_9mps,forested,1,1000,100,50155,3.7560096153846154,0.08960501213184997,0.033642094489404,0.1476056241585182
g1200,Gap_12_9mps,forested,1,1000,100,50155,3.856169871794872,0.08986696404412509,0.027945642319437646,0.14904880801835052
g1200,Gap_12_9mps,forested,1,1000,100,50155,3.956330128205128,0.09018527755745773,0.026876648639918656,0.14283404238032837
g1200,Gap_12_9mps,forested,1,1000,100,50155,4.056490384615385,0.09106706379793122,0.028980317764742827,0.1436827601890056
g1200,Gap_12_9mps,forested,1,1000,100,50155,4.156650641025641,0.09210179223541633,0.03168177543385426,0.14248091669512178
g1200,Gap_12_9mps,forested,1,1000,100,50155,4.256810897435898,0.09312664072918944,0.03333896879204308,0.1388507466635305
g1200,Gap_12_9mps,forested,1,1000,100,50155,4.356971153846154,0.09512718582829778,0.03643150217087329,0.1407788173946597
g1200,Gap_12_9mps,forested,1,1000,100,50155,4.457131410256411,0.09714492331527896,0.04163786218598517,0.13795492213716587
g1200,Gap_12_9mps,forested,1,1000,100,50155,4.557291666666667,0.09794412117579401,0.04646908085098153,0.13864083341700714
g1200,Gap_12_9mps,forested,1,1000,100,50155,4.657451923076923,0.0977168585010391,0.046322451427561154,0.1357787412118383
g1200,Gap_12_9mps,forested,1,1000,100,50155,4.75761217948718,0.09702962024858337,0.042448778628418844,0.12887272051048987
g1200,Gap_12_9mps,forested,1,1000,100,50155,4.857772435897436,0.09608929346688372,0.038333415854885255,0.1275252917578649
g1200,Gap_12_9mps,forested,1,1000,100,50155,4.9579326923076925,0.09525233505889219,0.039308952367750456,0.12946720210112772
g1200,Gap_12_9mps,forested,1,1000,100,50155,5.058092948717949,0.09437406943210626,0.04242895440691242,0.12633467949195074
g1200,Gap_12_9mps,forested,1,1000,100,50155,5.158253205128205,0.0936034608573871,0.03864120887363352,0.13206386362418826
g1200,Gap_12_9mps,forested,1,1000,100,50155,5.258413461538462,0.09282357423753183,0.04123108316931842,0.13668729983945938
g1200,Gap_12_9mps,forested,1,1000,100,50155,5.358573717948718,0.092156610498588,0.03909058504030663,0.1377093867598752
g1200,Gap_12_9mps,forested,1,1000,100,50155,5.4587339743589745,0.0917095108428799,0.03627748059465388,0.13547726950650052
g1200,Gap_12_9mps,forested,1,1000,100,50155,5.558894230769231,0.09114886005027864,0.03448049258546203,0.13100816087278694
g1200,Gap_12_9mps,forested,1,1000,100,50155,5.659054487179487,0.09085244363596506,0.03527898451199589,0.12761256988660716
g1200,Gap_12_9mps,forested,1,1000,100,50155,5.759214743589744,0.09083292775741394,0.03454295957399444,0.12375775245173501
g1200,Gap_12_9mps,forested,1,1000,100,50155,5.859375,0.09093021145587546,0.034742505665483245,0.12315005784889627
g1200,Gap_12_9mps,forested,1,1000,100,50155,5.959535256410256,0.09094747080374745,0.03632860050386172,0.12790033551519528
g1200,Gap_12_9mps,forested,1,1000,100,50155,6.059695512820513,0.09045423147286495,0.0419259862586915,0.1305770592882377
g1200,Gap_12_9mps,forested,1,1000,100,50155,6.159855769230769,0.08999942644843516,0.03496511163582034,0.13090970058794435
g1200,Gap_12_9mps,forested,1,1000,100,50155,6.2600160256410255,0.09010699356466809,0.037969863827512655,0.12860691233752566
g1200,Gap_12_9mps,forested,1,1000,100,50155,6.360176282051282,0.09052652552389878,0.03744205238836895,0.1268786908553064
g1200,Gap_12_9mps,forested,1,1000,100,50155,6.460336538461538,0.09109252075801073,0.03913637932029769,0.12855397030967788
g1200,Gap_12_9mps,forested,1,1000,100,50155,6.560496794871795,0.09153918247602472,0.04034903985875584,0.1264873706251563
g1200,Gap_12_9mps,forested,1,1000,100,50155,6.660657051282051,0.0916507277678242,0.042531895535479494,0.12348446347213493
g1200,Gap_12_9mps,forested,1,1000,100,50155,6.7608173076923075,0.09141130633317263,0.04056714469851924,0.12403677268956008
g1200,Gap_12_9mps,forested,1,1000,100,50155,6.860977564102564,0.09074536554484762,0.04344642727283561,0.12507674624003728
g1200,Gap_12_9mps,forested,1,1000,100,50155,6.96113782051282,0.08960308027581178,0.042431692433100215,0.12706050080246717
g1200,Gap_12_9mps,forested,1,1000,100,50155,7.061298076923077,0.08859087224213007,0.044546423224792756,0.12700944048401863
g1200,Gap_12_9mps,forested,1,1000,100,50155,7.161458333333333,0.08806361995888844,0.041582100754085055,0.12343668359809884
g1200,Gap_12_9mps,forested,1,1000,100,50155,7.261618589743589,0.08798216699817095,0.03643306236028616,0.12170994537893072
g1200,Gap_12_9mps,forested,1,1000,100,50155,7.361778846153846,0.08769601166369952,0.040236711083375135,0.12027487833041729
g1200,Gap_12_9mps,forested,1,1000,100,50155,7.461939102564102,0.08720747335909888,0.040211442181601234,0.11517626043740287
g1200,Gap_12_9mps,forested,1,1000,100,50155,7.562099358974359,0.08689489107335989,0.039498303600824,0.11142108906101614
g1200,Gap_12_9mps,forested,1,1000,100,50155,7.662259615384615,0.0865779367778165,0.03819474101437739,0.11315726354546429
g1200,Gap_12_9mps,forested,1,1000,100,50155,7.762419871794871,0.08602411527217432,0.03778216270088877,0.11587270777094495
g1200,Gap_12_9mps,forested,1,1000,100,50155,7.862580128205129,0.08515512071257496,0.03641853077998217,0.11393960095714482
g1200,Gap_12_9mps,forested,1,1000,100,50155,7.962740384615385,0.08441516850332251,0.035343343056244876,0.1177481253748066
g1200,Gap_12_9mps,forested,1,1000,100,50155,8.06290064102564,0.08341244196485086,0.03333765444549945,0.1189821086522478
g1200,Gap_12_9mps,forested,1,1000,100,50155,8.163060897435898,0.08209000460435231,0.03139953240456083,0.11923881771405043
g1200,Gap_12_9mps,forested,1,1000,100,50155,8.263221153846153,0.08075238375738086,0.02532600199844308,0.11671662085320356
g1200,Gap_12_9mps,forested,1,1000,100,50155,8.36338141025641,0.0799112277039394,0.022516708288553584,0.11460897747888482
g1200,Gap_12_9mps,forested,1,1000,100,50155,8.463541666666666,0.07940091302501212,0.024592985140034655,0.11419467486226734
g1200,Gap_12_9mps,forested,1,1000,100,50155,8.563701923076923,0.07872152186353563,0.02471421612267789,0.11735451776420479
g1200,Gap_12_9mps,forested,1,1000,100,50155,8.663862179487179,0.07768769355026964,0.02336960006511038,0.11520876880362763
g1200,Gap_12_9mps,forested,1,1000,100,50155,8.764022435897436,0.07680589002695262,0.025586205070741816,0.11119860611328976
g1200,Gap_12_9mps,forested,1,1000,100,50155,8.864182692307692,0.07577517056745452,0.024513559663414477,0.1103358710829952
g1200,Gap_12_9mps,forested,1,1000,100,50155,8.964342948717949,0.07498824801797038,0.02665343310795658,0.10812672158859679
g1200,Gap_12_9mps,forested,1,1000,100,50155,9.064503205128204,0.07451674864725175,0.02808971786866558,0.10429114317132607
g1200,Gap_12_9mps,forested,1,1000,100,50155,9.164663461538462,0.07401429291522083,0.025461636760525378,0.1029579926435704
g1200,Gap_12_9mps,forested,1,1000,100,50155,9.264823717948717,0.07363863063543008,0.0277110263349998,0.11103201766759345
g1200,Gap_12_9mps,forested,1,1000,100,50155,9.364983974358974,0.07363681747490886,0.027977377818658236,0.10947034369236067
g1200,Gap_12_9mps,forested,1,1000,100,50155,9.46514423076923,0.07421907638288269,0.030058862412514518,0.10246051361044975
g1200,Gap_12_9mps,forested,1,1000,100,50155,9.565304487179487,0.07521640987927151,0.03193065077725433,0.10593979525971979
g1200,Gap_12_9mps,forested,1,1000,100,50155,9.665464743589743,0.0758404997251554,0.031310599455092944,0.10967114793173452
g1200,Gap_12_9mps,forested,1,1000,100,50155,9.765625,0.07608788503190789,0.029154180901625023,0.11111881177594221
g1200,Gap_12_9mps,forested,1,1000,100,50155,9.865785256410257,0.07586031356549644,0.027364176744790403,0.108195712519745
g1200,Gap_12_9mps,forested,1,1000,100,50155,9.965945512820513,0.07538417000063191,0.0280749862754197,0.10373216150632802
g1200,Gap_12_9mps,forested,10,1000,100,50155,0.05008012820512821,0.37698930871355907,0.1559692203843318,0.4708742544108888
g1200,Gap_12_9mps,forested,10,1000,100,50155,0.1502403846153846,0.3375372122828986,0.10161303084705026,0.49463633134583246
g1200,Gap_12_9mps,forested,10,1000,100,50155,0.250400641025641,0.5578029385293544,0.129181703590466,0.5890314241664951
g1200,Gap_12_9mps,forested,10,1000,100,50155,0.3505608974358974,0.3513543433834765,0.10376494892359438,0.3040940541028653
g1200,Gap_12_9mps,forested,10,1000,100,50155,0.45072115384615385,0.12558146151583555,0.03602924894263761,0.15660570518378447
g1200,Gap_12_9mps,forested,10,1000,100,50155,0.5508814102564102,0.05996231705690506,0.016031751136097176,0.0762949465535276
g1200,Gap_12_9mps,forested,10,1000,100,50155,0.6510416666666666,0.043054915859997614,0.017063492506953815,0.05483256301435964
g1200,Gap_12_9mps,forested,10,1000,100,50155,0.7512019230769231,0.03735776531646473,0.015867244723968336,0.052840703863215356
g1200,Gap_12_9mps,forested,10,1000,100,50155,0.8513621794871795,0.03390379043527314,0.014125180707349999,0.04774948204396069
g1200,Gap_12_9mps,forested,10,1000,100,50155,0.9515224358974359,0.03135110111740051,0.014368912641114822,0.04323569364200013
g1200,Gap_12_9mps,forested,10,1000,100,50155,1.0516826923076923,0.03041289033680138,0.013115299599887487,0.04425268673342811
g1200,Gap_12_9mps,forested,10,1000,100,50155,1.1518429487179487,0.03152618729849111,0.012759328309234347,0.04447317868130807
g1200,Gap_12_9mps,forested,10,1000,100,50155,1.252003205128205,0.03262056972121199,0.011906110276000954,0.04471601441309214
g1200,Gap_12_9mps,forested,10,1000,100,50155,1.3521634615384615,0.03297760241872039,0.01323371823982228,0.04592861810624876
g1200,Gap_12_9mps,forested,10,1000,100,50155,1.4523237179487178,0.032822520844113766,0.014207947315365333,0.047260058195009724
g1200,Gap_12_9mps,forested,10,1000,100,50155,1.5524839743589745,0.03261902001211743,0.01565585702376433,0.04310810524935463
g1200,Gap_12_9mps,forested,10,1000,100,50155,1.6526442307692308,0.03261765995691118,0.013619943202973717,0.04426658734512072
g1200,Gap_12_9mps,forested,10,1000,100,50155,1.7528044871794872,0.032495007196393505,0.015086987170826325,0.046802443103544526
g1200,Gap_12_9mps,forested,10,1000,100,50155,1.8529647435897436,0.03247180525195598,0.014042594293684957,0.04506579787150441
g1200,Gap_12_9mps,forested,10,1000,100,50155,1.953125,0.033107823307603666,0.015192029225507735,0.04525615710959725
g1200,Gap_12_9mps,forested,10,1000,100,50155,2.0532852564102564,0.03408937665684955,0.01572914599855923,0.04745379104272005
g1200,Gap_12_9mps,forested,10,1000,100,50155,2.1534455128205128,0.035375340693034815,0.014114195284355764,0.0482904451553468
g1200,Gap_12_9mps,forested,10,1000,100,50155,2.253605769230769,0.0372434724249361,0.01381422114522594,0.05264263939900776
g1200,Gap_12_9mps,forested,10,1000,100,50155,2.3537660256410255,0.03895798952873049,0.015613303493591303,0.055984665865422924
g1200,Gap_12_9mps,forested,10,1000,100,50155,2.453926282051282,0.04009438490962957,0.017201481238936053,0.057210166585912624
g1200,Gap_12_9mps,forested,10,1000,100,50155,2.5540865384615383,0.04071767087886793,0.020884060865608713,0.05730380722456802
g1200,Gap_12_9mps,forested,10,1000,100,50155,2.6542467948717947,0.04101897725408559,0.019974388471383258,0.05726552721164611
g1200,Gap_12_9mps,forested,10,1000,100,50155,2.754407051282051,0.04094797862915228,0.02044451895641569,0.05506945511184719
g1200,Gap_12_9mps,forested,10,1000,100,50155,2.8545673076923075,0.04055066425403431,0.021271058771029753,0.05290115533495247
g1200,Gap_12_9mps,forested,10,1000,100,50155,2.9547275641025643,0.039735412913831085,0.020939490864903258,0.05102104319600396
g1200,Gap_12_9mps,forested,10,1000,100,50155,3.0548878205128207,0.03871520961999531,0.022539134771153692,0.04939671138219172
g1200,Gap_12_9mps,forested,10,1000,100,50155,3.155048076923077,0.037683699930534956,0.021114477648201027,0.05093187844458508
g1200,Gap_12_9mps,forested,10,1000,100,50155,3.2552083333333335,0.036810493001126175,0.018595354716424213,0.05070482212066395
g1200,Gap_12_9mps,forested,10,1000,100,50155,3.35536858974359,0.03604237405685133,0.0204438877640978,0.04954211092297263
g1200,Gap_12_9mps,forested,10,1000,100,50155,3.4555288461538463,0.03547536519382425,0.019932011193718093,0.04934374319772604
g1200,Gap_12_9mps,forested,10,1000,100,50155,3.5556891025641026,0.03482343857361457,0.01758380001827419,0.04984549718383931
g1200,Gap_12_9mps,forested,10,1000,100,50155,3.655849358974359,0.034045223464769465,0.015706333242506434,0.0485473655284467
g1200,Gap_12_9mps,forested,10,1000,100,50155,3.7560096153846154,0.033314052567249675,0.014959447081641595,0.04737519957071444
g1200,Gap_12_9mps,forested,10,1000,100,50155,3.856169871794872,0.0326839842813017,0.01625953192615808,0.04470690949561629
g1200,Gap_12_9mps,forested,10,1000,100,50155,3.956330128205128,0.03231498466083337,0.015121260420149593,0.0445686884630955
g1200,Gap_12_9mps,forested,10,1000,100,50155,4.056490384615385,0.031999085642389714,0.01389315544562143,0.044731614603595204
g1200,Gap_12_9mps,forested,10,1000,100,50155,4.156650641025641,0.03152098689949627,0.012798692731211465,0.045298143164712784
g1200,Gap_12_9mps,forested,10,1000,100,50155,4.256810897435898,0.030883233313469857,0.012390093851546189,0.04493564093697565
g1200,Gap_12_9mps,forested,10,1000,100,50155,4.356971153846154,0.03035082505072693,0.011545602350417898,0.04678587799873326
g1200,Gap_12_9mps,forested,10,1000,100,50155,4.457131410256411,0.03017293731964895,0.010251116025933513,0.04695849701564445
g1200,Gap_12_9mps,forested,10,1000,100,50155,4.557291666666667,0.02996948943150145,0.011257454314940137,0.047508690350741234
g1200,Gap_12_9mps,forested,10,1000,100,50155,4.657451923076923,0.02950919780641868,0.0097643061620188,0.04707691597670357
g1200,Gap_12_9mps,forested,10,1000,100,50155,4.75761217948718,0.028914056284366562,0.010162506763528586,0.04757062204057163
g1200,Gap_12_9mps,forested,10,1000,100,50155,4.857772435897436,0.028152293253900913,0.009926272765178724,0.046284451434527946
g1200,Gap_12_9mps,forested,10,1000,100,50155,4.9579326923076925,0.027391420192261432,0.0077290626878429546,0.04253638281742201
g1200,Gap_12_9mps,forested,10,1000,100,50155,5.058092948717949,0.026608925286921527,0.006602678939345638,0.042301263690795315
g1200,Gap_12_9mps,forested,10,1000,100,50155,5.158253205128205,0.02631645520116754,0.007348646883276678,0.04154547190382932
g1200,Gap_12_9mps,forested,10,1000,100,50155,5.258413461538462,0.02616960127173883,0.008003903562524419,0.04093666015227506
g1200,Gap_12_9mps,forested,10,1000,100,50155,5.358573717948718,0.026177311574098323,0.008852011426483359,0.03988934029188365
g1200,Gap_12_9mps,forested,10,1000,100,50155,5.4587339743589745,0.02615172634201988,0.00985456154672473,0.037710574010881216
g1200,Gap_12_9mps,forested,10,1000,100,50155,5.558894230769231,0.02599870119049918,0.011743247536631734,0.036156819152847894
g1200,Gap_12_9mps,forested,10,1000,100,50155,5.659054487179487,0.025593417333933298,0.011289253095722573,0.03669109276122557
g1200,Gap_12_9mps,forested,10,1000,100,50155,5.759214743589744,0.025135006339053394,0.00973126786973784,0.03591766531635441
g1200,Gap_12_9mps,forested,10,1000,100,50155,5.859375,0.024895029036879186,0.009823537196495827,0.03569628373512825
g1200,Gap_12_9mps,forested,10,1000,100,50155,5.959535256410256,0.024844528922079324,0.010840880345425514,0.034596564325264346
g1200,Gap_12_9mps,forested,10,1000,100,50155,6.059695512820513,0.024913128182331542,0.01010873853736053,0.033478455466108545
g1200,Gap_12_9mps,forested,10,1000,100,50155,6.159855769230769,0.02505861904594605,0.010595642609960812,0.03435882077008741
g1200,Gap_12_9mps,forested,10,1000,100,50155,6.2600160256410255,0.0253316261201251,0.010595316779030573,0.0341741089886871
g1200,Gap_12_9mps,forested,10,1000,100,50155,6.360176282051282,0.025547770527980365,0.011439949685411573,0.03340369747157762
g1200,Gap_12_9mps,forested,10,1000,100,50155,6.460336538461538,0.025568548343689552,0.011518408045939503,0.033771056259018245
g1200,Gap_12_9mps,forested,10,1000,100,50155,6.560496794871795,0.025333792817948408,0.010096318358170998,0.033543833227881695
g1200,Gap_12_9mps,forested,10,1000,100,50155,6.660657051282051,0.024890762183028693,0.009965134704035553,0.03407101761987263
g1200,Gap_12_9mps,forested,10,1000,100,50155,6.7608173076923075,0.024449528857409576,0.0089508324766047,0.034763836707031585
g1200,Gap_12_9mps,forested,10,1000,100,50155,6.860977564102564,0.024106744194497196,0.009469042924730726,0.03468894777801041
g1200,Gap_12_9mps,forested,10,1000,100,50155,6.96113782051282,0.023954374928294733,0.007593153707211104,0.03524808674026101
g1200,Gap_12_9mps,forested,10,1000,100,50155,7.061298076923077,0.02380247726199923,0.00681839433286344,0.034903830023573605
g1200,Gap_12_9mps,forested,10,1000,100,50155,7.161458333333333,0.023874034122550084,0.007863412592617748,0.03347965469356335
g1200,Gap_12_9mps,forested,10,1000,100,50155,7.261618589743589,0.02390533140026994,0.00908707051309711,0.03281722347682315
g1200,Gap_12_9mps,forested,10,1000,100,50155,7.361778846153846,0.023963715234191794,0.009778647699960934,0.03195877540399026
g1200,Gap_12_9mps,forested,10,1000,100,50155,7.461939102564102,0.02408550299939954,0.01037529087872114,0.031832067889355206
g1200,Gap_12_9mps,forested,10,1000,100,50155,7.562099358974359,0.024334466276463993,0.012273758384827003,0.03177852340665464
g1200,Gap_12_9mps,forested,10,1000,100,50155,7.662259615384615,0.024636723684899733,0.012977877234043176,0.03235466721035259
g1200,Gap_12_9mps,forested,10,1000,100,50155,7.762419871794871,0.024942331190280956,0.01318628341058815,0.03294936666728728
g1200,Gap_12_9mps,forested,10,1000,100,50155,7.862580128205129,0.025221860799588956,0.013453032891356222,0.03353371313218074
g1200,Gap_12_9mps,forested,10,1000,100,50155,7.962740384615385,0.0254718136680023,0.012874468072731635,0.033523159606644586
g1200,Gap_12_9mps,forested,10,1000,100,50155,8.06290064102564,0.025771155352477614,0.013953589654443967,0.03435889266144781
g1200,Gap_12_9mps,forested,10,1000,100,50155,8.163060897435898,0.026127487041554525,0.013317276569210855,0.03612756367286208
g1200,Gap_12_9mps,forested,10,1000,100,50155,8.263221153846153,0.026425308674714477,0.012992601107478045,0.037192362851385136
g1200,Gap_12_9mps,forested,10,1000,100,50155,8.36338141025641,0.0266725124672621,0.013729672846248906,0.03794290179588667
g1200,Gap_12_9mps,forested,10,1000,100,50155,8.463541666666666,0.02689284717254192,0.013474406894025572,0.03718796209255003
g1200,Gap_12_9mps,forested,10,1000,100,50155,8.563701923076923,0.027017226564397867,0.013305258594364738,0.03934180437073998
g1200,Gap_12_9mps,forested,10,1000,100,50155,8.663862179487179,0.02712613465563527,0.013354539938594983,0.03962154435497718
g1200,Gap_12_9mps,forested,10,1000,100,50155,8.764022435897436,0.027227832663528736,0.014025242380292607,0.039585319093550855
g1200,Gap_12_9mps,forested,10,1000,100,50155,8.864182692307692,0.027289906482254662,0.013193830194741279,0.03948067304172894
g1200,Gap_12_9mps,forested,10,1000,100,50155,8.964342948717949,0.027350455598961047,0.013253439613258049,0.040036798371863365
g1200,Gap_12_9mps,forested,10,1000,100,50155,9.064503205128204,0.027360442777057892,0.012691408615222546,0.04108684756028701
g1200,Gap_12_9mps,forested,10,1000,100,50155,9.164663461538462,0.027469872210869162,0.011542972600796033,0.04196229208054997
g1200,Gap_12_9mps,forested,10,1000,100,50155,9.264823717948717,0.02753503448791161,0.011251252121709384,0.04222417260368267
g1200,Gap_12_9mps,forested,10,1000,100,50155,9.364983974358974,0.02755585614468797,0.012003431716262579,0.040479879560949186
g1200,Gap_12_9mps,forested,10,1000,100,50155,9.46514423076923,0.027633107808909617,0.011554542618834094,0.04075325107322645
g1200,Gap_12_9mps,forested,10,1000,100,50155,9.565304487179487,0.027753435828297188,0.011578173946128053,0.041360110722654456
g1200,Gap_12_9mps,forested,10,1000,100,50155,9.665464743589743,0.02780666408076188,0.011890530040229292,0.04091538975721874
g1200,Gap_12_9mps,forested,10,1000,100,50155,9.765625,0.027911097986565818,0.012444828671031678,0.040623817066482534
g1200,Gap_12_9mps,forested,10,1000,100,50155,9.865785256410257,0.028117696865176223,0.012769892209251317,0.040145341760796066
g1200,Gap_12_9mps,forested,10,1000,100,50155,9.965945512820513,0.028213252379992962,0.012588617930779714,0.039672879786791036
g1200,Gap_12_9mps,forested,50,1000,100,50155,0.05008012820512821,0.183347109130734,0.07883610031489043,0.2550792105355063
g1200,Gap_12_9mps,forested,50,1000,100,50155,0.1502403846153846,0.1559440535051564,0.05386920228889386,0.20345610422638513
g1200,Gap_12_9mps,forested,50,1000,100,50155,0.250400641025641,0.24071725006482933,0.10135462383544308,0.26833752160944724
g1200,Gap_12_9mps,forested,50,1000,100,50155,0.3505608974358974,0.14442589442242482,0.060124915168971935,0.16909848363040486
g1200,Gap_12_9mps,forested,50,1000,100,50155,0.45072115384615385,0.05443799669327523,0.02115732211238231,0.06763341114789795
g1200,Gap_12_9mps,forested,50,1000,100,50155,0.5508814102564102,0.029699195067596346,0.013498244513248357,0.04061042247074849
g1200,Gap_12_9mps,forested,50,1000,100,50155,0.6510416666666666,0.02218604525892347,0.00981254449112919,0.030290110209767636
g1200,Gap_12_9mps,forested,50,1000,100,50155,0.7512019230769231,0.01957502014664608,0.007657866406814338,0.02832588990688377
g1200,Gap_12_9mps,forested,50,1000,100,50155,0.8513621794871795,0.017663025674120984,0.006630409975125873,0.02567594341672949
g1200,Gap_12_9mps,forested,50,1000,100,50155,0.9515224358974359,0.01599650514913026,0.006447734920269286,0.025382923927004183
g1200,Gap_12_9mps,forested,50,1000,100,50155,1.0516826923076923,0.016221410055169864,0.007339306859026253,0.022705343727603973
g1200,Gap_12_9mps,forested,50,1000,100,50155,1.1518429487179487,0.018051482118990544,0.008575949835639082,0.02429798340085356
g1200,Gap_12_9mps,forested,50,1000,100,50155,1.252003205128205,0.019861523791589345,0.01022581560940766,0.026187032972246095
g1200,Gap_12_9mps,forested,50,1000,100,50155,1.3521634615384615,0.02075885941777395,0.010184276337597647,0.02752622660968744
g1200,Gap_12_9mps,forested,50,1000,100,50155,1.4523237179487178,0.02112386117632795,0.009499731551363133,0.027097384443990295
g1200,Gap_12_9mps,forested,50,1000,100,50155,1.5524839743589745,0.02112578668581423,0.010697917915164843,0.028494719580211336
g1200,Gap_12_9mps,forested,50,1000,100,50155,1.6526442307692308,0.02082799557734232,0.00924259058689271,0.02776713398774177
g1200,Gap_12_9mps,forested,50,1000,100,50155,1.7528044871794872,0.020466895551311058,0.009342689233670695,0.027917408407001073
g1200,Gap_12_9mps,forested,50,1000,100,50155,1.8529647435897436,0.02037139965509803,0.009508137275075127,0.029154608801683662
g1200,Gap_12_9mps,forested,50,1000,100,50155,1.953125,0.020231605443328245,0.009195359155595535,0.02988243320250117
g1200,Gap_12_9mps,forested,50,1000,100,50155,2.0532852564102564,0.02015450322896882,0.008578601257079169,0.03009250896707149
g1200,Gap_12_9mps,forested,50,1000,100,50155,2.1534455128205128,0.020054435883899116,0.008963588086216221,0.03035745800420779
g1200,Gap_12_9mps,forested,50,1000,100,50155,2.253605769230769,0.019970778143813674,0.006907709990069512,0.030523077196353644
g1200,Gap_12_9mps,forested,50,1000,100,50155,2.3537660256410255,0.019996993499441566,0.006582253158442819,0.029437541671108028
g1200,Gap_12_9mps,forested,50,1000,100,50155,2.453926282051282,0.020068252231380965,0.007717700612276814,0.02987973917263216
g1200,Gap_12_9mps,forested,50,1000,100,50155,2.5540865384615383,0.020262485815747123,0.00801015311350898,0.03146995980037996
g1200,Gap_12_9mps,forested,50,1000,100,50155,2.6542467948717947,0.020167937334791244,0.007985256348784584,0.03133199704941486
g1200,Gap_12_9mps,forested,50,1000,100,50155,2.754407051282051,0.01997002180316938,0.007962114752637315,0.031340241431806456
g1200,Gap_12_9mps,forested,50,1000,100,50155,2.8545673076923075,0.019557410472960658,0.009241566970305343,0.029038340171501836
g1200,Gap_12_9mps,forested,50,1000,100,50155,2.9547275641025643,0.019097180887380157,0.00797206532359151,0.026262039204760855
g1200,Gap_12_9mps,forested,50,1000,100,50155,3.0548878205128207,0.018525423821866414,0.007953780753906303,0.023868831723743836
g1200,Gap_12_9mps,forested,50,1000,100,50155,3.155048076923077,0.017937048501361307,0.007822832854881593,0.023676682042370622
g1200,Gap_12_9mps,forested,50,1000,100,50155,3.2552083333333335,0.017467378526546375,0.007839925981435056,0.023292936944644738
g1200,Gap_12_9mps,forested,50,1000,100,50155,3.35536858974359,0.01700294838663346,0.007968192655769962,0.023535029237278272
g1200,Gap_12_9mps,forested,50,1000,100,50155,3.4555288461538463,0.016445640198381125,0.00809222556102386,0.023756970200959886
g1200,Gap_12_9mps,forested,50,1000,100,50155,3.5556891025641026,0.015805119264444157,0.007457995608338944,0.02176018296162265
g1200,Gap_12_9mps,forested,50,1000,100,50155,3.655849358974359,0.015315118242309547,0.006972039664106833,0.021299588763575523
g1200,Gap_12_9mps,forested,50,1000,100,50155,3.7560096153846154,0.01490627183152851,0.006642978817211047,0.021443493945445105
g1200,Gap_12_9mps,forested,50,1000,100,50155,3.856169871794872,0.014442846913190484,0.006611189993269261,0.021387185149076043
g1200,Gap_12_9mps,forested,50,1000,100,50155,3.956330128205128,0.014024540840147546,0.005752793646424015,0.020365040139390098
g1200,Gap_12_9mps,forested,50,1000,100,50155,4.056490384615385,0.013652014815472274,0.004263738847309843,0.020164035102480757
g1200,Gap_12_9mps,forested,50,1000,100,50155,4.156650641025641,0.013302461718927931,0.00407221720528893,0.020540738650895802
g1200,Gap_12_9mps,forested,50,1000,100,50155,4.256810897435898,0.013048830179524386,0.004797658341733579,0.020377604093640492
g1200,Gap_12_9mps,forested,50,1000,100,50155,4.356971153846154,0.012918678203684086,0.004472484624912294,0.019863968651275113
g1200,Gap_12_9mps,forested,50,1000,100,50155,4.457131410256411,0.012741033218856309,0.005308587431901979,0.018342672229708375
g1200,Gap_12_9mps,forested,50,1000,100,50155,4.557291666666667,0.012590392603475687,0.005062838384035887,0.018177410127319164
g1200,Gap_12_9mps,forested,50,1000,100,50155,4.657451923076923,0.012432606562121076,0.005010178106947256,0.01801864600010976
g1200,Gap_12_9mps,forested,50,1000,100,50155,4.75761217948718,0.012237389966860617,0.005541486137986454,0.01690271258261534
g1200,Gap_12_9mps,forested,50,1000,100,50155,4.857772435897436,0.011986485238066778,0.005288914216710051,0.015526965484886565
g1200,Gap_12_9mps,forested,50,1000,100,50155,4.9579326923076925,0.01173172141063476,0.004844490966087037,0.015229128286341667
g1200,Gap_12_9mps,forested,50,1000,100,50155,5.058092948717949,0.011463129727277302,0.00445197414297394,0.015512540532608974
g1200,Gap_12_9mps,forested,50,1000,100,50155,5.158253205128205,0.011215583084317986,0.0038351497163105785,0.016120318572441457
g1200,Gap_12_9mps,forested,50,1000,100,50155,5.258413461538462,0.011065322031042935,0.0036716749210462763,0.01532498830681214
g1200,Gap_12_9mps,forested,50,1000,100,50155,5.358573717948718,0.01098019185503292,0.004609591256444818,0.015751413544652218
g1200,Gap_12_9mps,forested,50,1000,100,50155,5.4587339743589745,0.010935344570456744,0.004686789680391112,0.015197813948173019
g1200,Gap_12_9mps,forested,50,1000,100,50155,5.558894230769231,0.010862974086408366,0.004741028669132047,0.01469778897985487
g1200,Gap_12_9mps,forested,50,1000,100,50155,5.659054487179487,0.010727367444451083,0.004232732936824379,0.013773402685056078
g1200,Gap_12_9mps,forested,50,1000,100,50155,5.759214743589744,0.0106094788467756,0.003916568055495974,0.013629498328816795
g1200,Gap_12_9mps,forested,50,1000,100,50155,5.859375,0.010511144205842392,0.004089536958830273,0.013056107302270921
g1200,Gap_12_9mps,forested,50,1000,100,50155,5.959535256410256,0.010433396319927644,0.004249126205955163,0.013255725101973958
g1200,Gap_12_9mps,forested,50,1000,100,50155,6.059695512820513,0.010418568309144142,0.004484486140360407,0.013561431725747659
g1200,Gap_12_9mps,forested,50,1000,100,50155,6.159855769230769,0.01048223204117495,0.004248825971229282,0.014255116112577158
g1200,Gap_12_9mps,forested,50,1000,100,50155,6.2600160256410255,0.01063412796515536,0.0035235265621879094,0.015135345553824632
g1200,Gap_12_9mps,forested,50,1000,100,50155,6.360176282051282,0.010746843656081537,0.0037625907057474007,0.015248189119110713
g1200,Gap_12_9mps,forested,50,1000,100,50155,6.460336538461538,0.010851338845863503,0.00407470841546656,0.01562017940861864
g1200,Gap_12_9mps,forested,50,1000,100,50155,6.560496794871795,0.010972945344841636,0.004152906299839631,0.015611653284764895
g1200,Gap_12_9mps,forested,50,1000,100,50155,6.660657051282051,0.01109532899951858,0.004266001589968658,0.015238459647694495
g1200,Gap_12_9mps,forested,50,1000,100,50155,6.7608173076923075,0.01115437133036731,0.004727531987966142,0.015181818564583522
g1200,Gap_12_9mps,forested,50,1000,100,50155,6.860977564102564,0.011188904699227257,0.004505125851030611,0.015476134643337802
g1200,Gap_12_9mps,forested,50,1000,100,50155,6.96113782051282,0.011276904293301233,0.004083047246039831,0.015609102575520003
g1200,Gap_12_9mps,forested,50,1000,100,50155,7.061298076923077,0.011379343489199062,0.004199887437174047,0.016116235941276646
g1200,Gap_12_9mps,forested,50,1000,100,50155,7.161458333333333,0.011457212558812522,0.003652596974120147,0.015788618574160192
g1200,Gap_12_9mps,forested,50,1000,100,50155,7.261618589743589,0.011547468126746441,0.00357376645042232,0.016330822956383738
g1200,Gap_12_9mps,forested,50,1000,100,50155,7.361778846153846,0.011614967188823934,0.004666242701219552,0.0161075356068315
g1200,Gap_12_9mps,forested,50,1000,100,50155,7.461939102564102,0.011649235894600912,0.0046925764594304056,0.016641061651705945
g1200,Gap_12_9mps,forested,50,1000,100,50155,7.562099358974359,0.011647028867455103,0.004796025745950324,0.016704660058989976
g1200,Gap_12_9mps,forested,50,1000,100,50155,7.662259615384615,0.011638273066302683,0.004479604546452281,0.016718507825904727
g1200,Gap_12_9mps,forested,50,1000,100,50155,7.762419871794871,0.011661494161679593,0.004766770127958751,0.016469834322592417
g1200,Gap_12_9mps,forested,50,1000,100,50155,7.862580128205129,0.01164596615980751,0.004948016615571523,0.016172350754490458
g1200,Gap_12_9mps,forested,50,1000,100,50155,7.962740384615385,0.011624990628254757,0.004755059352991772,0.01592828907503869
g1200,Gap_12_9mps,forested,50,1000,100,50155,8.06290064102564,0.011592864554068192,0.0045595091384804925,0.016023009029216995
g1200,Gap_12_9mps,forested,50,1000,100,50155,8.163060897435898,0.011588631380726144,0.00474355323165591,0.01665589426026342
g1200,Gap_12_9mps,forested,50,1000,100,50155,8.263221153846153,0.011599443759709482,0.0049245406454206195,0.01741049574021454
g1200,Gap_12_9mps,forested,50,1000,100,50155,8.36338141025641,0.011599061484821156,0.005069656246840649,0.017241652815210663
g1200,Gap_12_9mps,forested,50,1000,100,50155,8.463541666666666,0.011510692959302649,0.00500411499447864,0.016760894613388786
g1200,Gap_12_9mps,forested,50,1000,100,50155,8.563701923076923,0.011400273110723358,0.004808782091323313,0.01612094493433908
g1200,Gap_12_9mps,forested,50,1000,100,50155,8.663862179487179,0.011340083944416338,0.004731796829949809,0.015733697941574233
g1200,Gap_12_9mps,forested,50,1000,100,50155,8.764022435897436,0.011326362540598479,0.0041323289753916,0.015556648560089396
g1200,Gap_12_9mps,forested,50,1000,100,50155,8.864182692307692,0.011249861373671758,0.0035549159105089803,0.015940077434621645
g1200,Gap_12_9mps,forested,50,1000,100,50155,8.964342948717949,0.011218372708901853,0.0036271010860800925,0.015967372512608633
g1200,Gap_12_9mps,forested,50,1000,100,50155,9.064503205128204,0.01125579528612325,0.003293028869778563,0.016150143804859962
g1200,Gap_12_9mps,forested,50,1000,100,50155,9.164663461538462,0.011320596743471129,0.0033429002760893634,0.016585963267527665
g1200,Gap_12_9mps,forested,50,1000,100,50155,9.264823717948717,0.011370994638268225,0.003190285859614516,0.017140194182888938
g1200,Gap_12_9mps,forested,50,1000,100,50155,9.364983974358974,0.011419454201488252,0.003567200743640875,0.017002000333829675
g1200,Gap_12_9mps,forested,50,1000,100,50155,9.46514423076923,0.011494636791471486,0.003870942622521841,0.017158366133960854
g1200,Gap_12_9mps,forested,50,1000,100,50155,9.565304487179487,0.01158494344904466,0.0042119393321388065,0.01675764433416804
g1200,Gap_12_9mps,forested,50,1000,100,50155,9.665464743589743,0.011642348273270604,0.004036942212239937,0.01758765647826561
g1200,Gap_12_9mps,forested,50,1000,100,50155,9.765625,0.011662635651616609,0.004202983719318738,0.018332104378871557
g1200,Gap_12_9mps,forested,50,1000,100,50155,9.865785256410257,0.01167418731323705,0.004157304326559137,0.01856980257070054
g1200,Gap_12_9mps,forested,50,1000,100,50155,9.965945512820513,0.011675031101638375,0.003985777864717986,0.01863991163673199
g1200,Gap_12_9mps,forested,100,1000,100,50155,0.05008012820512821,0.13430971806830627,0.05656104882165057,0.20329840745768504
g1200,Gap_12_9mps,forested,100,1000,100,50155,0.1502403846153846,0.10912318168672147,0.04773010400965439,0.15461093205790039
g1200,Gap_12_9mps,forested,100,1000,100,50155,0.250400641025641,0.19143930053700803,0.08452954058030657,0.241807469191413
g1200,Gap_12_9mps,forested,100,1000,100,50155,0.3505608974358974,0.11163913255992768,0.037651393318335426,0.15138708690491887
g1200,Gap_12_9mps,forested,100,1000,100,50155,0.45072115384615385,0.04121328221965123,0.015845423856850935,0.060462688043843624
g1200,Gap_12_9mps,forested,100,1000,100,50155,0.5508814102564102,0.021264794183667942,0.0069186824302821595,0.031041338040996836
g1200,Gap_12_9mps,forested,100,1000,100,50155,0.6510416666666666,0.014913053226602201,0.0052271975028528135,0.020662547745147752
g1200,Gap_12_9mps,forested,100,1000,100,50155,0.7512019230769231,0.01276023337994833,0.004619330527730109,0.018423724836778694
g1200,Gap_12_9mps,forested,100,1000,100,50155,0.8513621794871795,0.011647681836319706,0.005050566492024877,0.016545068786669143
g1200,Gap_12_9mps,forested,100,1000,100,50155,0.9515224358974359,0.010706782778746309,0.004718554047354492,0.013980785619073132
g1200,Gap_12_9mps,forested,100,1000,100,50155,1.0516826923076923,0.01049540219562539,0.004637905236628391,0.01524634514463313
g1200,Gap_12_9mps,forested,100,1000,100,50155,1.1518429487179487,0.011112375391016527,0.004153197676602836,0.015259150298311772
g1200,Gap_12_9mps,forested,100,1000,100,50155,1.252003205128205,0.011725127319545836,0.004635437513818183,0.017045618578601204
g1200,Gap_12_9mps,forested,100,1000,100,50155,1.3521634615384615,0.012375684369683329,0.00536059007594189,0.018370436592937085
g1200,Gap_12_9mps,forested,100,1000,100,50155,1.4523237179487178,0.012823608080092997,0.005511703003055221,0.017741941372936186
g1200,Gap_12_9mps,forested,100,1000,100,50155,1.5524839743589745,0.012972392220671551,0.005220285704135063,0.018162174849750825
g1200,Gap_12_9mps,forested,100,1000,100,50155,1.6526442307692308,0.012795686682422636,0.005013715467321994,0.018844526270114455
g1200,Gap_12_9mps,forested,100,1000,100,50155,1.7528044871794872,0.01243214354751909,0.0036057252904166943,0.019310004200545666
g1200,Gap_12_9mps,forested,100,1000,100,50155,1.8529647435897436,0.012288455050666851,0.003947307852310664,0.019585849761194808
g1200,Gap_12_9mps,forested,100,1000,100,50155,1.953125,0.012351329903114208,0.0040329077635204635,0.01939934362681043
g1200,Gap_12_9mps,forested,100,1000,100,50155,2.0532852564102564,0.012728659968011778,0.005373945299456106,0.018339948175358573
g1200,Gap_12_9mps,forested,100,1000,100,50155,2.1534455128205128,0.01304221194843434,0.006736420742385054,0.01701192518580542
g1200,Gap_12_9mps,forested,100,1000,100,50155,2.253605769230769,0.013146043250007199,0.00592976517386252,0.01732740377805726
g1200,Gap_12_9mps,forested,100,1000,100,50155,2.3537660256410255,0.013118369777572848,0.006015609520931753,0.017296435226920755
g1200,Gap_12_9mps,forested,100,1000,100,50155,2.453926282051282,0.012994049594319242,0.005880885697793986,0.01865568758952773
g1200,Gap_12_9mps,forested,100,1000,100,50155,2.5540865384615383,0.012778391609983904,0.005455434564861407,0.01864948738822258
g1200,Gap_12_9mps,forested,100,1000,100,50155,2.6542467948717947,0.012411911266939833,0.005085045700710425,0.01902476256173833
g1200,Gap_12_9mps,forested,100,1000,100,50155,2.754407051282051,0.012021077495601057,0.004208501606234522,0.018315082115410757
g1200,Gap_12_9mps,forested,100,1000,100,50155,2.8545673076923075,0.011712798372495392,0.0038461149114782226,0.017818801820006065
g1200,Gap_12_9mps,forested,100,1000,100,50155,2.9547275641025643,0.011365484456054146,0.004211020426810518,0.015758607158841996
g1200,Gap_12_9mps,forested,100,1000,100,50155,3.0548878205128207,0.01097654044884919,0.00402889729433392,0.015175668687031556
g1200,Gap_12_9mps,forested,100,1000,100,50155,3.155048076923077,0.010640670422937655,0.0037079375232101433,0.014922047358202831
g1200,Gap_12_9mps,forested,100,1000,100,50155,3.2552083333333335,0.010407018543456704,0.003668416591082985,0.01376698629448766
g1200,Gap_12_9mps,forested,100,1000,100,50155,3.35536858974359,0.010319485222482092,0.00498162083828141,0.013989631609463317
g1200,Gap_12_9mps,forested,100,1000,100,50155,3.4555288461538463,0.010263884532387317,0.005258005073269156,0.014713648650005566
g1200,Gap_12_9mps,forested,100,1000,100,50155,3.5556891025641026,0.010219213822116196,0.004130233505463313,0.0145984325468354
g1200,Gap_12_9mps,forested,100,1000,100,50155,3.655849358974359,0.010104371177779913,0.0039027310858757835,0.014512765110964602
g1200,Gap_12_9mps,forested,100,1000,100,50155,3.7560096153846154,0.009965364562394202,0.0032183154552002345,0.015184116815158888
g1200,Gap_12_9mps,forested,100,1000,100,50155,3.856169871794872,0.00982679423939749,0.0037016160946433084,0.015151542658317987
g1200,Gap_12_9mps,forested,100,1000,100,50155,3.956330128205128,0.009682422889091262,0.003644084719218581,0.014973748596241588
g1200,Gap_12_9mps,forested,100,1000,100,50155,4.056490384615385,0.009469195122344376,0.00380094800821676,0.014633182861560654
g1200,Gap_12_9mps,forested,100,1000,100,50155,4.156650641025641,0.00928984356360957,0.0035431860945603346,0.013916341417223303
g1200,Gap_12_9mps,forested,100,1000,100,50155,4.256810897435898,0.009051599532256342,0.004109669051755723,0.01342173440720757
g1200,Gap_12_9mps,forested,100,1000,100,50155,4.356971153846154,0.008779194637716875,0.0034081963484996454,0.012825569222094513
g1200,Gap_12_9mps,forested,100,1000,100,50155,4.457131410256411,0.008541301135164518,0.0030406754481701326,0.011468318360554373
g1200,Gap_12_9mps,forested,100,1000,100,50155,4.557291666666667,0.00845723045572963,0.0030470673418366845,0.010937931724160532
g1200,Gap_12_9mps,forested,100,1000,100,50155,4.657451923076923,0.008274263582887987,0.0028795353875913166,0.011227579886737274
g1200,Gap_12_9mps,forested,100,1000,100,50155,4.75761217948718,0.008070748950339547,0.0023957349458624926,0.011623691940801633
g1200,Gap_12_9mps,forested,100,1000,100,50155,4.857772435897436,0.008015431790711607,0.0022858897250823814,0.011195946064421355
g1200,Gap_12_9mps,forested,100,1000,100,50155,4.9579326923076925,0.008036978730348428,0.002654003085500638,0.011678312295533785
g1200,Gap_12_9mps,forested,100,1000,100,50155,5.058092948717949,0.008089471090550707,0.003191388412977371,0.011425422008906446
g1200,Gap_12_9mps,forested,100,1000,100,50155,5.158253205128205,0.008239446349704704,0.0032858919671304317,0.01167528863773246
g1200,Gap_12_9mps,forested,100,1000,100,50155,5.258413461538462,0.008436521360344845,0.003144607638104536,0.012270441978807944
g1200,Gap_12_9mps,forested,100,1000,100,50155,5.358573717948718,0.008632236755862614,0.0037583261986986844,0.012595210947385627
g1200,Gap_12_9mps,forested,100,1000,100,50155,5.4587339743589745,0.008823665241772631,0.003937625875949334,0.01296297941158223
g1200,Gap_12_9mps,forested,100,1000,100,50155,5.558894230769231,0.008974281434830495,0.004085402066801276,0.01370401592246274
g1200,Gap_12_9mps,forested,100,1000,100,50155,5.659054487179487,0.009045607278702508,0.0036295958053637516,0.013801750688364573
g1200,Gap_12_9mps,forested,100,1000,100,50155,5.759214743589744,0.009060654281464374,0.0032770320042509503,0.013462792456071928
g1200,Gap_12_9mps,forested,100,1000,100,50155,5.859375,0.009024788308756707,0.003369017263946934,0.0135768985899392
g1200,Gap_12_9mps,forested,100,1000,100,50155,5.959535256410256,0.00908915839032258,0.0033349090595800584,0.013463436051182363
g1200,Gap_12_9mps,forested,100,1000,100,50155,6.059695512820513,0.00917226351492888,0.0037167504068596523,0.013393876597128453
g1200,Gap_12_9mps,forested,100,1000,100,50155,6.159855769230769,0.00925668054177079,0.0032687941522176137,0.01317605279550215
g1200,Gap_12_9mps,forested,100,1000,100,50155,6.2600160256410255,0.009340249763074888,0.003533913111712587,0.013743117861988256
g1200,Gap_12_9mps,forested,100,1000,100,50155,6.360176282051282,0.009396075590287866,0.003685640096596661,0.01422182053534691
g1200,Gap_12_9mps,forested,100,1000,100,50155,6.460336538461538,0.009415799404940915,0.003694871422969564,0.014209839351700969
g1200,Gap_12_9mps,forested,100,1000,100,50155,6.560496794871795,0.009464309677874915,0.0037320897146291467,0.014020367866290791
g1200,Gap_12_9mps,forested,100,1000,100,50155,6.660657051282051,0.009535773280674262,0.0037761845394457937,0.014177863771781336
g1200,Gap_12_9mps,forested,100,1000,100,50155,6.7608173076923075,0.009569250909905876,0.003706787128753046,0.014018082582226267
g1200,Gap_12_9mps,forested,100,1000,100,50155,6.860977564102564,0.009537906946982401,0.003759683632706617,0.01372553206109733
g1200,Gap_12_9mps,forested,100,1000,100,50155,6.96113782051282,0.00947239843801618,0.0036709388220169444,0.013540683257709386
g1200,Gap_12_9mps,forested,100,1000,100,50155,7.061298076923077,0.0093891504925764,0.0031441855452633825,0.013890114334732086
g1200,Gap_12_9mps,forested,100,1000,100,50155,7.161458333333333,0.009342823765416125,0.003230078824591502,0.013992767143226455
g1200,Gap_12_9mps,forested,100,1000,100,50155,7.261618589743589,0.009338816609175779,0.0028434554517326564,0.01404409073421215
g1200,Gap_12_9mps,forested,100,1000,100,50155,7.361778846153846,0.009400313767625358,0.002841268393830468,0.014385247571580802
g1200,Gap_12_9mps,forested,100,1000,100,50155,7.461939102564102,0.009455870566820589,0.0031964022449671135,0.014032112899183703
g1200,Gap_12_9mps,forested,100,1000,100,50155,7.562099358974359,0.009476034963311935,0.003552362286454968,0.01409850653121831
g1200,Gap_12_9mps,forested,100,1000,100,50155,7.662259615384615,0.009465277769327912,0.0033523433953337204,0.014276085249623123
g1200,Gap_12_9mps,forested,100,1000,100,50155,7.762419871794871,0.009458505689027685,0.0032726429207019622,0.014906157525542965
g1200,Gap_12_9mps,forested,100,1000,100,50155,7.862580128205129,0.009411824239799367,0.003517755926517307,0.014552239323717882
g1200,Gap_12_9mps,forested,100,1000,100,50155,7.962740384615385,0.009335709459520688,0.003521814808182997,0.014927350871980983
g1200,Gap_12_9mps,forested,100,1000,100,50155,8.06290064102564,0.00926375657217628,0.0030981555050831515,0.014400880661930718
g1200,Gap_12_9mps,forested,100,1000,100,50155,8.163060897435898,0.009169232948392302,0.003066890654171597,0.014086403379576288
g1200,Gap_12_9mps,forested,100,1000,100,50155,8.263221153846153,0.009054341752456634,0.003196297219361936,0.013706907883517232
g1200,Gap_12_9mps,forested,100,1000,100,50155,8.36338141025641,0.008896603264338013,0.0031634219520863334,0.013161655776244454
g1200,Gap_12_9mps,forested,100,1000,100,50155,8.463541666666666,0.008764932992731267,0.003296332195870345,0.012561933721804973
g1200,Gap_12_9mps,forested,100,1000,100,50155,8.563701923076923,0.008704853985668504,0.00323149881931377,0.012188740904318658
g1200,Gap_12_9mps,forested,100,1000,100,50155,8.663862179487179,0.008717307869080012,0.0032567446985651196,0.011848302060094585
g1200,Gap_12_9mps,forested,100,1000,100,50155,8.764022435897436,0.008816478786328297,0.003392286827154343,0.011920424507081577
g1200,Gap_12_9mps,forested,100,1000,100,50155,8.864182692307692,0.00890248059388733,0.003703644223827296,0.011545614324769039
g1200,Gap_12_9mps,forested,100,1000,100,50155,8.964342948717949,0.008933419316756834,0.003928016429623351,0.01136623188683119
g1200,Gap_12_9mps,forested,100,1000,100,50155,9.064503205128204,0.008900949305586929,0.004239856324644434,0.011375912741779608
g1200,Gap_12_9mps,forested,100,1000,100,50155,9.164663461538462,0.008846551763420151,0.004265000689572253,0.011426345959068367
g1200,Gap_12_9mps,forested,100,1000,100,50155,9.264823717948717,0.00876063390596391,0.00403742617453272,0.011853378311758605
g1200,Gap_12_9mps,forested,100,1000,100,50155,9.364983974358974,0.008620611475579784,0.0036642955067726184,0.011632386666454709
g1200,Gap_12_9mps,forested,100,1000,100,50155,9.46514423076923,0.008488724344728612,0.0034697559973306674,0.011408022421510115
g1200,Gap_12_9mps,forested,100,1000,100,50155,9.565304487179487,0.008392528756538325,0.0031808141077698205,0.01103473555770469
g1200,Gap_12_9mps,forested,100,1000,100,50155,9.665464743589743,0.008313511906433214,0.0029412118095270313,0.01108418751773209
g1200,Gap_12_9mps,forested,100,1000,100,50155,9.765625,0.008264609711504443,0.002994779213870867,0.011221539185549145
g1200,Gap_12_9mps,forested,100,1000,100,50155,9.865785256410257,0.008213305890083632,0.0030970070283276177,0.011342509800502387
g1200,Gap_12_9mps,forested,100,1000,100,50155,9.965945512820513,0.0081698043105994,0.0031314271598563096,0.011120088795377252
g1200,Gap_12_9mps,forested,500,1000,100,50155,0.05008012820512821,0.05368962058026089,0.01745917489889099,0.08181122532062174
g1200,Gap_12_9mps,forested,500,1000,100,50155,0.1502403846153846,0.05206111076456347,0.024554568420475632,0.0739648265945927
g1200,Gap_12_9mps,forested,500,1000,100,50155,0.250400641025641,0.1016472721135405,0.04802809544735551,0.14142947438855616
g1200,Gap_12_9mps,forested,500,1000,100,50155,0.3505608974358974,0.0691463467918506,0.033373753732703945,0.09536373696103705
g1200,Gap_12_9mps,forested,500,1000,100,50155,0.45072115384615385,0.024362332720333613,0.01096823834032858,0.03344983065066391
g1200,Gap_12_9mps,forested,500,1000,100,50155,0.5508814102564102,0.010204528878943709,0.0035288194811435086,0.01487008375225849
g1200,Gap_12_9mps,forested,500,1000,100,50155,0.6510416666666666,0.007232549450535063,0.0034214600430800012,0.009763965408759175
g1200,Gap_12_9mps,forested,500,1000,100,50155,0.7512019230769231,0.006510433327209733,0.0028699407118575413,0.009174925098348137
g1200,Gap_12_9mps,forested,500,1000,100,50155,0.8513621794871795,0.006281757779519168,0.0029660517128364565,0.00914510151119909
g1200,Gap_12_9mps,forested,500,1000,100,50155,0.9515224358974359,0.006112934587802921,0.002736850213096729,0.009001572052680429
g1200,Gap_12_9mps,forested,500,1000,100,50155,1.0516826923076923,0.006193799600492818,0.0027243622882971636,0.008779003554236744
g1200,Gap_12_9mps,forested,500,1000,100,50155,1.1518429487179487,0.006189740661724722,0.00242837820148761,0.008498262289441911
g1200,Gap_12_9mps,forested,500,1000,100,50155,1.252003205128205,0.006172022296928885,0.002208439919158177,0.008799150826425092
g1200,Gap_12_9mps,forested,500,1000,100,50155,1.3521634615384615,0.006308917184373947,0.002470330913370364,0.008494739487683558
g1200,Gap_12_9mps,forested,500,1000,100,50155,1.4523237179487178,0.006476650585856989,0.0027038194619657006,0.008156009128871527
g1200,Gap_12_9mps,forested,500,1000,100,50155,1.5524839743589745,0.006641607052668923,0.0026978587889376774,0.00837925943292993
g1200,Gap_12_9mps,forested,500,1000,100,50155,1.6526442307692308,0.006702246100542083,0.003155949291441006,0.008976459793214315
g1200,Gap_12_9mps,forested,500,1000,100,50155,1.7528044871794872,0.006669000606105029,0.0029363193488797157,0.009812940391992526
g1200,Gap_12_9mps,forested,500,1000,100,50155,1.8529647435897436,0.006658364787205043,0.0028648775069181564,0.00970214905961321
g1200,Gap_12_9mps,forested,500,1000,100,50155,1.953125,0.00675727309458154,0.0033761347906956073,0.009738261196694142
g1200,Gap_12_9mps,forested,500,1000,100,50155,2.0532852564102564,0.006826742122302601,0.0031267583704814904,0.010150133528463175
g1200,Gap_12_9mps,forested,500,1000,100,50155,2.1534455128205128,0.006876921823814484,0.0026020315147563615,0.010617784504436059
g1200,Gap_12_9mps,forested,500,1000,100,50155,2.253605769230769,0.006918288072678084,0.0025481926731940672,0.010640375161294704
g1200,Gap_12_9mps,forested,500,1000,100,50155,2.3537660256410255,0.0070357889051328925,0.0026693233415965153,0.010720688858041899
g1200,Gap_12_9mps,forested,500,1000,100,50155,2.453926282051282,0.00718405344848041,0.002895707152389584,0.011043535199353319
g1200,Gap_12_9mps,forested,500,1000,100,50155,2.5540865384615383,0.007233295008330512,0.003144336394646323,0.010553655434794825
g1200,Gap_12_9mps,forested,500,1000,100,50155,2.6542467948717947,0.007196295507999756,0.0031061660063100476,0.010010378301844404
g1200,Gap_12_9mps,forested,500,1000,100,50155,2.754407051282051,0.007088307980518953,0.0031919571970013645,0.009926712468400989
g1200,Gap_12_9mps,forested,500,1000,100,50155,2.8545673076923075,0.0070246970972140076,0.003156615654514435,0.00968192436786918
g1200,Gap_12_9mps,forested,500,1000,100,50155,2.9547275641025643,0.00692621263937043,0.003363063825500692,0.009808678696220114
g1200,Gap_12_9mps,forested,500,1000,100,50155,3.0548878205128207,0.0067267580023032,0.003249588593704286,0.008973164572550147
g1200,Gap_12_9mps,forested,500,1000,100,50155,3.155048076923077,0.0065053270735966826,0.0030334159947768315,0.00936057558196365
g1200,Gap_12_9mps,forested,500,1000,100,50155,3.2552083333333335,0.006280013413990265,0.0029184067528614946,0.00943823002511094
g1200,Gap_12_9mps,forested,500,1000,100,50155,3.35536858974359,0.00613026362643433,0.0029630204403361168,0.009155503421175165
g1200,Gap_12_9mps,forested,500,1000,100,50155,3.4555288461538463,0.006060035061252983,0.0027291570999837308,0.008821482151748761
g1200,Gap_12_9mps,forested,500,1000,100,50155,3.5556891025641026,0.00604086724065758,0.002946464636814962,0.00872588827003695
g1200,Gap_12_9mps,forested,500,1000,100,50155,3.655849358974359,0.006096007223357364,0.003063758530148152,0.008708459122351363
g1200,Gap_12_9mps,forested,500,1000,100,50155,3.7560096153846154,0.006202596910798126,0.0028804409365142582,0.008745813096122034
g1200,Gap_12_9mps,forested,500,1000,100,50155,3.856169871794872,0.006291619672570619,0.002860627799358327,0.008841154936858771
g1200,Gap_12_9mps,forested,500,1000,100,50155,3.956330128205128,0.006281058590153193,0.0029091722271079794,0.009012018927974152
g1200,Gap_12_9mps,forested,500,1000,100,50155,4.056490384615385,0.0062189872371875635,0.002809822846199009,0.009173863457982845
g1200,Gap_12_9mps,forested,500,1000,100,50155,4.156650641025641,0.006170212083435965,0.0029139686609113077,0.008611777246473416
g1200,Gap_12_9mps,forested,500,1000,100,50155,4.256810897435898,0.006125038301439737,0.0029714460622502813,0.008220691922243246
g1200,Gap_12_9mps,forested,500,1000,100,50155,4.356971153846154,0.006093485191901227,0.003371507131301182,0.008452446341074355
g1200,Gap_12_9mps,forested,500,1000,100,50155,4.457131410256411,0.006106182288623518,0.003456802382867428,0.008475386849536325
g1200,Gap_12_9mps,forested,500,1000,100,50155,4.557291666666667,0.006130694648341349,0.003573016061048695,0.008261364946310294
g1200,Gap_12_9mps,forested,500,1000,100,50155,4.657451923076923,0.006098431548944921,0.003248899275961582,0.008091771701031217
g1200,Gap_12_9mps,forested,500,1000,100,50155,4.75761217948718,0.006000931053685119,0.0031441242048048856,0.008035752476421458
g1200,Gap_12_9mps,forested,500,1000,100,50155,4.857772435897436,0.005920403152230433,0.0028222181640159393,0.007777094963883276
g1200,Gap_12_9mps,forested,500,1000,100,50155,4.9579326923076925,0.005822050068945318,0.0025936269395750175,0.007806709897009281
g1200,Gap_12_9mps,forested,500,1000,100,50155,5.058092948717949,0.005619804591756829,0.002106523436095548,0.007629755754838976
g1200,Gap_12_9mps,forested,500,1000,100,50155,5.158253205128205,0.005363332001457725,0.0020326079255400544,0.007527253352202654
g1200,Gap_12_9mps,forested,500,1000,100,50155,5.258413461538462,0.005122331307393385,0.0017872219239519292,0.0070776739875257535
g1200,Gap_12_9mps,forested,500,1000,100,50155,5.358573717948718,0.004906886828900635,0.001567097489071764,0.006852376575542048
g1200,Gap_12_9mps,forested,500,1000,100,50155,5.4587339743589745,0.004678530532732251,0.0015151810315524893,0.006622385213140662
g1200,Gap_12_9mps,forested,500,1000,100,50155,5.558894230769231,0.004439875427775738,0.0012398453887456067,0.0062129382633966095
g1200,Gap_12_9mps,forested,500,1000,100,50155,5.659054487179487,0.004246596095793308,0.0012370116839811665,0.005798338588917071
g1200,Gap_12_9mps,forested,500,1000,100,50155,5.759214743589744,0.004118136039816285,0.0010883079500893548,0.005259127845868365
g1200,Gap_12_9mps,forested,500,1000,100,50155,5.859375,0.0040233656903695845,0.0012276356022117327,0.005376313919961533
g1200,Gap_12_9mps,forested,500,1000,100,50155,5.959535256410256,0.003939529235628703,0.0014023989900662178,0.005379074126377074
g1200,Gap_12_9mps,forested,500,1000,100,50155,6.059695512820513,0.003886970998328015,0.0012760230792614544,0.005356571765548424
g1200,Gap_12_9mps,forested,500,1000,100,50155,6.159855769230769,0.0038541109407785523,0.0012423690776266593,0.00540159159718044
g1200,Gap_12_9mps,forested,500,1000,100,50155,6.2600160256410255,0.0038295828522847256,0.001170320374931925,0.005395471685414071
g1200,Gap_12_9mps,forested,500,1000,100,50155,6.360176282051282,0.0038100711990434306,0.0011837632889927252,0.005186810881164152
g1200,Gap_12_9mps,forested,500,1000,100,50155,6.460336538461538,0.0037666208057109372,0.0013071453064465246,0.005286135254388985
g1200,Gap_12_9mps,forested,500,1000,100,50155,6.560496794871795,0.003714845171818998,0.0013311261240192543,0.005085529707743757
g1200,Gap_12_9mps,forested,500,1000,100,50155,6.660657051282051,0.0036893001461648133,0.001406246153729634,0.005513494048132257
g1200,Gap_12_9mps,forested,500,1000,100,50155,6.7608173076923075,0.0037359498102382534,0.0012287044719461616,0.005794689908246268
g1200,Gap_12_9mps,forested,500,1000,100,50155,6.860977564102564,0.003830213129339756,0.0016385401257320246,0.005623191877688992
g1200,Gap_12_9mps,forested,500,1000,100,50155,6.96113782051282,0.003942617276335938,0.0015908751797257857,0.005373306211684404
g1200,Gap_12_9mps,forested,500,1000,100,50155,7.061298076923077,0.004023367903365984,0.0017654450142802255,0.005580624360769797
g1200,Gap_12_9mps,forested,500,1000,100,50155,7.161458333333333,0.004064297234339142,0.0017876184045496882,0.005813446452393669
g1200,Gap_12_9mps,forested,500,1000,100,50155,7.261618589743589,0.004080918895727174,0.0017351025097969827,0.005859766104872995
g1200,Gap_12_9mps,forested,500,1000,100,50155,7.361778846153846,0.004108707265895184,0.0018488652798804468,0.005978022510564169
g1200,Gap_12_9mps,forested,500,1000,100,50155,7.461939102564102,0.004138713757398632,0.001699004712187736,0.006177200878564488
g1200,Gap_12_9mps,forested,500,1000,100,50155,7.562099358974359,0.004142307080069595,0.0016526159866704303,0.006182208531848229
g1200,Gap_12_9mps,forested,500,1000,100,50155,7.662259615384615,0.004135730978464747,0.0016344284534842443,0.00605908864348193
g1200,Gap_12_9mps,forested,500,1000,100,50155,7.762419871794871,0.0041259911924968464,0.001746176792033107,0.006165908886734573
g1200,Gap_12_9mps,forested,500,1000,100,50155,7.862580128205129,0.004086124446615474,0.001659592989246597,0.006216199007079109
g1200,Gap_12_9mps,forested,500,1000,100,50155,7.962740384615385,0.004012810064389938,0.0014811690347590835,0.006142506304125297
g1200,Gap_12_9mps,forested,500,1000,100,50155,8.06290064102564,0.003933359253827665,0.0014886166594534082,0.005932015021554215
g1200,Gap_12_9mps,forested,500,1000,100,50155,8.163060897435898,0.0038706207434022577,0.0016094740836880843,0.005757829660861216
g1200,Gap_12_9mps,forested,500,1000,100,50155,8.263221153846153,0.003830818404459763,0.0015459442631942798,0.005412943104000492
g1200,Gap_12_9mps,forested,500,1000,100,50155,8.36338141025641,0.0038317884857348027,0.0016781605206689172,0.005284193388631651
g1200,Gap_12_9mps,forested,500,1000,100,50155,8.463541666666666,0.003859915079456675,0.0018677385721421488,0.0053374524560216696
g1200,Gap_12_9mps,forested,500,1000,100,50155,8.563701923076923,0.0039047735108710124,0.0018782819653080153,0.005575763057444012
g1200,Gap_12_9mps,forested,500,1000,100,50155,8.663862179487179,0.003964026477080125,0.0017681887453475206,0.005759319824931346
g1200,Gap_12_9mps,forested,500,1000,100,50155,8.764022435897436,0.004053770844239393,0.0019000200688686034,0.005614758293244334
g1200,Gap_12_9mps,forested,500,1000,100,50155,8.864182692307692,0.0041379568398130055,0.0018121187685643605,0.005772346475053664
g1200,Gap_12_9mps,forested,500,1000,100,50155,8.964342948717949,0.0041969642300065,0.0018241531924339238,0.006183955926432203
g1200,Gap_12_9mps,forested,500,1000,100,50155,9.064503205128204,0.004241322032226996,0.001958502973638873,0.006296379432104794
g1200,Gap_12_9mps,forested,500,1000,100,50155,9.164663461538462,0.0042496913906690074,0.0019179502643328595,0.006589121718121247
g1200,Gap_12_9mps,forested,500,1000,100,50155,9.264823717948717,0.00419880293871646,0.0019382744467897643,0.0064456871229200486
g1200,Gap_12_9mps,forested,500,1000,100,50155,9.364983974358974,0.004106039360173872,0.0019027565472910964,0.006418168999878845
g1200,Gap_12_9mps,forested,500,1000,100,50155,9.46514423076923,0.004012317507144292,0.0017129472925949865,0.006063715328995026
g1200,Gap_12_9mps,forested,500,1000,100,50155,9.565304487179487,0.003935761865974207,0.0016924328344216756,0.0056924449808695935
g1200,Gap_12_9mps,forested,500,1000,100,50155,9.665464743589743,0.0038826330570565963,0.0017077406761917293,0.005589065839659263
g1200,Gap_12_9mps,forested,500,1000,100,50155,9.765625,0.00384501487872135,0.001622833511319459,0.005475389148201964
g1200,Gap_12_9mps,forested,500,1000,100,50155,9.865785256410257,0.0038136396609386343,0.0015826166497790479,0.00545993229071616
g1200,Gap_12_9mps,forested,500,1000,100,50155,9.965945512820513,0.0037684721353673455,0.0012658132154034487,0.005372397820903825
g1200,Gap_12_9mps,open_gap,1,1000,100,15381,0.05008012820512821,0.14459093744137938,0.03605237333739379,0.1650449975578509
g1200,Gap_12_9mps,open_gap,1,1000,100,15381,0.1502403846153846,0.22348124494730254,0.06347400653749749,0.27072780198479707
g1200,Gap_12_9mps,open_gap,1,1000,100,15381,0.250400641025641,0.3055018883742476,0.1276237940038466,0.3302217504855493
g1200,Gap_12_9mps,open_gap,1,1000,100,15381,0.3505608974358974,0.34053982969212454,0.15596462995482607,0.385688316436679
g1200,Gap_12_9mps,open_gap,1,1000,100,15381,0.45072115384615385,0.35519810358207643,0.1696514122558846,0.45943460229217914
g1200,Gap_12_9mps,open_gap,1,1000,100,15381,0.5508814102564102,0.3500092840728457,0.15443156789202045,0.45734454734384145
g1200,Gap_12_9mps,open_gap,1,1000,100,15381,0.6510416666666666,0.3344954379672661,0.13630535755492665,0.4638051669355457
g1200,Gap_12_9mps,open_gap,1,1000,100,15381,0.7512019230769231,0.3243659369152425,0.14275631982637613,0.45360208065176894
g1200,Gap_12_9mps,open_gap,1,1000,100,15381,0.8513621794871795,0.3043617068986914,0.1386875011395865,0.46534691554574176
g1200,Gap_12_9mps,open_gap,1,1000,100,15381,0.9515224358974359,0.27805136650084966,0.1267336077920744,0.4150542585934586
g1200,Gap_12_9mps,open_gap,1,1000,100,15381,1.0516826923076923,0.25097939059708385,0.11824506097231698,0.36513760668040746
g1200,Gap_12_9mps,open_gap,1,1000,100,15381,1.1518429487179487,0.22622808536857794,0.11916550001617708,0.3365193815147323
g1200,Gap_12_9mps,open_gap,1,1000,100,15381,1.252003205128205,0.20300705625582224,0.11222449742640542,0.29992833310941647
g1200,Gap_12_9mps,open_gap,1,1000,100,15381,1.3521634615384615,0.18050555315372807,0.10390096225992045,0.2670255549254461
g1200,Gap_12_9mps,open_gap,1,1000,100,15381,1.4523237179487178,0.15952009998684777,0.08690623805183612,0.23424226926988734
g1200,Gap_12_9mps,open_gap,1,1000,100,15381,1.5524839743589745,0.1399019037266069,0.06317987346546275,0.20119245097727498
g1200,Gap_12_9mps,open_gap,1,1000,100,15381,1.6526442307692308,0.1228236124607377,0.05678129891289997,0.17692249220629927
g1200,Gap_12_9mps,open_gap,1,1000,100,15381,1.7528044871794872,0.10908539036003148,0.050780943677208784,0.16020001796515387
g1200,Gap_12_9mps,open_gap,1,1000,100,15381,1.8529647435897436,0.09718906395984649,0.03841834670564985,0.14619781640079174
g1200,Gap_12_9mps,open_gap,1,1000,100,15381,1.953125,0.08715962421970044,0.030859492172760093,0.13903002019998417
g1200,Gap_12_9mps,open_gap,1,1000,100,15381,2.0532852564102564,0.07992090120103064,0.027973745755082637,0.12320377388020627
g1200,Gap_12_9mps,open_gap,1,1000,100,15381,2.1534455128205128,0.07471705348856456,0.028740498105079615,0.1098113507216539
g1200,Gap_12_9mps,open_gap,1,1000,100,15381,2.253605769230769,0.06987551740277559,0.027564518679635927,0.09516067211673283
g1200,Gap_12_9mps,open_gap,1,1000,100,15381,2.3537660256410255,0.06531943980100079,0.025663736337299056,0.09667903008482888
g1200,Gap_12_9mps,open_gap,1,1000,100,15381,2.453926282051282,0.06303035663440991,0.025693171703734287,0.08598800506313595
g1200,Gap_12_9mps,open_gap,1,1000,100,15381,2.5540865384615383,0.06270582532145384,0.02582084938210792,0.0861837177754176
g1200,Gap_12_9mps,open_gap,1,1000,100,15381,2.6542467948717947,0.06315344272522398,0.02316872727854672,0.09441091457652392
g1200,Gap_12_9mps,open_gap,1,1000,100,15381,2.754407051282051,0.06502310379007013,0.025167209040393868,0.10040221628163606
g1200,Gap_12_9mps,open_gap,1,1000,100,15381,2.8545673076923075,0.0677501571360693,0.024329482484435547,0.10680554881270854
g1200,Gap_12_9mps,open_gap,1,1000,100,15381,2.9547275641025643,0.0721431020080699,0.02856700962390282,0.10878576114185849
g1200,Gap_12_9mps,open_gap,1,1000,100,15381,3.0548878205128207,0.07605225067659056,0.034628534072843276,0.11437243555513532
g1200,Gap_12_9mps,open_gap,1,1000,100,15381,3.155048076923077,0.07893327469154265,0.03751601757783732,0.1172708765335877
g1200,Gap_12_9mps,open_gap,1,1000,100,15381,3.2552083333333335,0.08099060143084896,0.03509150375297959,0.11855263512348843
g1200,Gap_12_9mps,open_gap,1,1000,100,15381,3.35536858974359,0.08279715026072605,0.028676456996023492,0.12188773632656871
g1200,Gap_12_9mps,open_gap,1,1000,100,15381,3.4555288461538463,0.08505073624906977,0.029576151017175166,0.12879554087309505
g1200,Gap_12_9mps,open_gap,1,1000,100,15381,3.5556891025641026,0.08764203839672538,0.033336617994185254,0.13585005739912637
g1200,Gap_12_9mps,open_gap,1,1000,100,15381,3.655849358974359,0.08990574401404357,0.04013300865752878,0.13852234533842053
g1200,Gap_12_9mps,open_gap,1,1000,100,15381,3.7560096153846154,0.09166287615565388,0.04067005681971296,0.13577302582976902
g1200,Gap_12_9mps,open_gap,1,1000,100,15381,3.856169871794872,0.09294817014093602,0.041616985175600654,0.1372159618490062
g1200,Gap_12_9mps,open_gap,1,1000,100,15381,3.956330128205128,0.094014399449998,0.04355808486834771,0.1406376699580476
g1200,Gap_12_9mps,open_gap,1,1000,100,15381,4.056490384615385,0.09497393627903568,0.04228827837842214,0.1370809812068693
g1200,Gap_12_9mps,open_gap,1,1000,100,15381,4.156650641025641,0.0956514188616266,0.04942168326909158,0.13281403639173125
g1200,Gap_12_9mps,open_gap,1,1000,100,15381,4.256810897435898,0.09651373275819468,0.05143069711903165,0.13777709143014807
g1200,Gap_12_9mps,open_gap,1,1000,100,15381,4.356971153846154,0.09664134592601809,0.05217406374123721,0.13034117069408302
g1200,Gap_12_9mps,open_gap,1,1000,100,15381,4.457131410256411,0.0960766985604873,0.05299833432368148,0.12890312752851488
g1200,Gap_12_9mps,open_gap,1,1000,100,15381,4.557291666666667,0.09487627441464708,0.049419285476518277,0.1288573229718424
g1200,Gap_12_9mps,open_gap,1,1000,100,15381,4.657451923076923,0.09323252243778865,0.045351827414988104,0.12650331951632848
g1200,Gap_12_9mps,open_gap,1,1000,100,15381,4.75761217948718,0.09171011234387834,0.04545939965733878,0.1242392356457585
g1200,Gap_12_9mps,open_gap,1,1000,100,15381,4.857772435897436,0.09040829280441401,0.04276175056450573,0.11660224608798189
g1200,Gap_12_9mps,open_gap,1,1000,100,15381,4.9579326923076925,0.08948782014541815,0.04239919608504675,0.11785418853819586
g1200,Gap_12_9mps,open_gap,1,1000,100,15381,5.058092948717949,0.08896192295566976,0.03919498110450924,0.12124975468090726
g1200,Gap_12_9mps,open_gap,1,1000,100,15381,5.158253205128205,0.08852485880009471,0.03618731177486138,0.12317510033528034
g1200,Gap_12_9mps,open_gap,1,1000,100,15381,5.258413461538462,0.08821592840955113,0.03846975734785242,0.12553803515904327
g1200,Gap_12_9mps,open_gap,1,1000,100,15381,5.358573717948718,0.08751668489544809,0.04211309543431668,0.12731450373006462
g1200,Gap_12_9mps,open_gap,1,1000,100,15381,5.4587339743589745,0.08630657100357482,0.039319169961562955,0.13002808568020366
g1200,Gap_12_9mps,open_gap,1,1000,100,15381,5.558894230769231,0.08482546631469899,0.03330079998527251,0.1263974350507451
g1200,Gap_12_9mps,open_gap,1,1000,100,15381,5.659054487179487,0.08338762277749683,0.03200364310223445,0.12623278814903452
g1200,Gap_12_9mps,open_gap,1,1000,100,15381,5.759214743589744,0.08191797890948063,0.03284933466253536,0.12638502397086165
g1200,Gap_12_9mps,open_gap,1,1000,100,15381,5.859375,0.08135890299123845,0.030807510044941245,0.12546662235131092
g1200,Gap_12_9mps,open_gap,1,1000,100,15381,5.959535256410256,0.0814742525803077,0.03175020197438759,0.11938553945180724
g1200,Gap_12_9mps,open_gap,1,1000,100,15381,6.059695512820513,0.08162563401317564,0.03172684501730757,0.11449729789693375
g1200,Gap_12_9mps,open_gap,1,1000,100,15381,6.159855769230769,0.08193764725218494,0.03173955549615189,0.11940881208679285
g1200,Gap_12_9mps,open_gap,1,1000,100,15381,6.2600160256410255,0.0817755314966064,0.028058578290561968,0.11797132728550563
g1200,Gap_12_9mps,open_gap,1,1000,100,15381,6.360176282051282,0.08151055632232,0.031565039223519,0.11504683394901599
g1200,Gap_12_9mps,open_gap,1,1000,100,15381,6.460336538461538,0.08163006566908937,0.03618345027956201,0.11433043481820807
g1200,Gap_12_9mps,open_gap,1,1000,100,15381,6.560496794871795,0.08161562550431752,0.03750788723601241,0.11296756643179937
g1200,Gap_12_9mps,open_gap,1,1000,100,15381,6.660657051282051,0.08135938420355276,0.039339433510614294,0.11150943283693268
g1200,Gap_12_9mps,open_gap,1,1000,100,15381,6.7608173076923075,0.08089097642618143,0.03672649566981884,0.10899774079092446
g1200,Gap_12_9mps,open_gap,1,1000,100,15381,6.860977564102564,0.0806079929680416,0.03386922501002055,0.10880691798257808
g1200,Gap_12_9mps,open_gap,1,1000,100,15381,6.96113782051282,0.08031788443004487,0.03302307420503202,0.11309682885118064
g1200,Gap_12_9mps,open_gap,1,1000,100,15381,7.061298076923077,0.08009561262390102,0.03221792760868184,0.11162898648851273
g1200,Gap_12_9mps,open_gap,1,1000,100,15381,7.161458333333333,0.080247671219442,0.03175902549448652,0.11247708717338052
g1200,Gap_12_9mps,open_gap,1,1000,100,15381,7.261618589743589,0.0805414422277053,0.03137789923716047,0.11229037041962982
g1200,Gap_12_9mps,open_gap,1,1000,100,15381,7.361778846153846,0.0802706370240306,0.03398659209531241,0.11294698171673301
g1200,Gap_12_9mps,open_gap,1,1000,100,15381,7.461939102564102,0.07957117516932538,0.03415672548438854,0.11343743127022586
g1200,Gap_12_9mps,open_gap,1,1000,100,15381,7.562099358974359,0.0784696348567023,0.03240108604227486,0.11502801333912988
g1200,Gap_12_9mps,open_gap,1,1000,100,15381,7.662259615384615,0.07753993825913913,0.031133208154681825,0.10891209352969486
g1200,Gap_12_9mps,open_gap,1,1000,100,15381,7.762419871794871,0.07656390185776045,0.026721102343054918,0.10654335774430877
g1200,Gap_12_9mps,open_gap,1,1000,100,15381,7.862580128205129,0.07539828890766871,0.02742888072860017,0.10686884121682638
g1200,Gap_12_9mps,open_gap,1,1000,100,15381,7.962740384615385,0.07446712798680515,0.02938854848690877,0.10533052540988898
g1200,Gap_12_9mps,open_gap,1,1000,100,15381,8.06290064102564,0.07389730490483264,0.02786969775637925,0.10769809213098114
g1200,Gap_12_9mps,open_gap,1,1000,100,15381,8.163060897435898,0.07342857112803258,0.026148193181736244,0.1098968830986891
g1200,Gap_12_9mps,open_gap,1,1000,100,15381,8.263221153846153,0.07347447811538997,0.025029270525030855,0.11205483562888457
g1200,Gap_12_9mps,open_gap,1,1000,100,15381,8.36338141025641,0.07402813002817268,0.023739010767282638,0.11858800688160413
g1200,Gap_12_9mps,open_gap,1,1000,100,15381,8.463541666666666,0.07515357295338018,0.027981679220192113,0.11834517496998068
g1200,Gap_12_9mps,open_gap,1,1000,100,15381,8.563701923076923,0.0763264462528945,0.029880215069474213,0.11757966888021992
g1200,Gap_12_9mps,open_gap,1,1000,100,15381,8.663862179487179,0.07710390077354276,0.03249322647452246,0.11782416053799138
g1200,Gap_12_9mps,open_gap,1,1000,100,15381,8.764022435897436,0.077665963059704,0.034924834350561096,0.11695616599628592
g1200,Gap_12_9mps,open_gap,1,1000,100,15381,8.864182692307692,0.078081739675742,0.03595151211503712,0.11142127862858497
g1200,Gap_12_9mps,open_gap,1,1000,100,15381,8.964342948717949,0.07872440403240585,0.03426693396208489,0.11337272144910279
g1200,Gap_12_9mps,open_gap,1,1000,100,15381,9.064503205128204,0.07956655950929313,0.034373294915222306,0.11466489777115116
g1200,Gap_12_9mps,open_gap,1,1000,100,15381,9.164663461538462,0.08023573914526366,0.03390012942436558,0.12006249185169329
g1200,Gap_12_9mps,open_gap,1,1000,100,15381,9.264823717948717,0.08066637734812045,0.03286781480429897,0.12696969246300574
g1200,Gap_12_9mps,open_gap,1,1000,100,15381,9.364983974358974,0.08061732171967032,0.03210007274335697,0.12849809196973472
g1200,Gap_12_9mps,open_gap,1,1000,100,15381,9.46514423076923,0.08023094663222122,0.02939458568011883,0.13011678630706466
g1200,Gap_12_9mps,open_gap,1,1000,100,15381,9.565304487179487,0.07996273394141887,0.02785986755512139,0.13272368151124148
g1200,Gap_12_9mps,open_gap,1,1000,100,15381,9.665464743589743,0.07975864802338027,0.027850762929947457,0.13397207589476434
g1200,Gap_12_9mps,open_gap,1,1000,100,15381,9.765625,0.0796296257618113,0.027967858964937507,0.1332635759679074
g1200,Gap_12_9mps,open_gap,1,1000,100,15381,9.865785256410257,0.07960910583892834,0.02889440860863198,0.13003348796244207
g1200,Gap_12_9mps,open_gap,1,1000,100,15381,9.965945512820513,0.07943032196455257,0.02849717112165507,0.1252521880738764
g1200,Gap_12_9mps,open_gap,10,1000,100,15381,0.05008012820512821,0.05147717925782577,0.026697317091356587,0.06696441714601772
g1200,Gap_12_9mps,open_gap,10,1000,100,15381,0.1502403846153846,0.08128716646850764,0.034497925379154526,0.11282481115389792
g1200,Gap_12_9mps,open_gap,10,1000,100,15381,0.250400641025641,0.11327102362480558,0.05028201300958415,0.16079348212143033
g1200,Gap_12_9mps,open_gap,10,1000,100,15381,0.3505608974358974,0.12208055060103766,0.05648226311497915,0.17297920584096685
g1200,Gap_12_9mps,open_gap,10,1000,100,15381,0.45072115384615385,0.12146146625077464,0.05158736137000838,0.1683780313942661
g1200,Gap_12_9mps,open_gap,10,1000,100,15381,0.5508814102564102,0.11816423177517228,0.04566527137118696,0.1688485656929526
g1200,Gap_12_9mps,open_gap,10,1000,100,15381,0.6510416666666666,0.11465608604774959,0.04601091977598816,0.15682504413320086
g1200,Gap_12_9mps,open_gap,10,1000,100,15381,0.7512019230769231,0.10954705446585576,0.04674994256452306,0.15312070928875668
g1200,Gap_12_9mps,open_gap,10,1000,100,15381,0.8513621794871795,0.1015992947120691,0.04356862171073331,0.14769752919981455
g1200,Gap_12_9mps,open_gap,10,1000,100,15381,0.9515224358974359,0.09193785406415259,0.03984465884318082,0.13274525343411392
g1200,Gap_12_9mps,open_gap,10,1000,100,15381,1.0516826923076923,0.08251902448658291,0.03593874976405324,0.12335958364349883
g1200,Gap_12_9mps,open_gap,10,1000,100,15381,1.1518429487179487,0.07404236761844599,0.0317017329076853,0.11209049678875672
g1200,Gap_12_9mps,open_gap,10,1000,100,15381,1.252003205128205,0.0662716819020312,0.026559564661450062,0.10273562913679726
g1200,Gap_12_9mps,open_gap,10,1000,100,15381,1.3521634615384615,0.058915476185479945,0.022629150137910933,0.09043842155663184
g1200,Gap_12_9mps,open_gap,10,1000,100,15381,1.4523237179487178,0.0524212023756979,0.020501318029393027,0.08449337940857513
g1200,Gap_12_9mps,open_gap,10,1000,100,15381,1.5524839743589745,0.04699137615344924,0.017962250460828375,0.07784161072727021
g1200,Gap_12_9mps,open_gap,10,1000,100,15381,1.6526442307692308,0.04260427842303722,0.017211043298733027,0.06796303552115637
g1200,Gap_12_9mps,open_gap,10,1000,100,15381,1.7528044871794872,0.03875232964609377,0.013873974935735826,0.059353654181111465
g1200,Gap_12_9mps,open_gap,10,1000,100,15381,1.8529647435897436,0.035372445067420204,0.013139244630944152,0.05224929263736062
g1200,Gap_12_9mps,open_gap,10,1000,100,15381,1.953125,0.03258241341866788,0.013233083820680232,0.048319081914674315
g1200,Gap_12_9mps,open_gap,10,1000,100,15381,2.0532852564102564,0.03032932264798298,0.011652036191066488,0.04341923444287283
g1200,Gap_12_9mps,open_gap,10,1000,100,15381,2.1534455128205128,0.028412876628789642,0.012009548934507758,0.04209606303875668
g1200,Gap_12_9mps,open_gap,10,1000,100,15381,2.253605769230769,0.027024312025889573,0.011099020002243973,0.03902547933531987
g1200,Gap_12_9mps,open_gap,10,1000,100,15381,2.3537660256410255,0.026009414637312517,0.010104910307678348,0.03818972546111193
g1200,Gap_12_9mps,open_gap,10,1000,100,15381,2.453926282051282,0.025773812758691336,0.010685404551232347,0.03792457683829534
g1200,Gap_12_9mps,open_gap,10,1000,100,15381,2.5540865384615383,0.025366583274499227,0.01267554222692711,0.03506939087008881
g1200,Gap_12_9mps,open_gap,10,1000,100,15381,2.6542467948717947,0.024647508362789488,0.011423514238142805,0.03400843376744844
g1200,Gap_12_9mps,open_gap,10,1000,100,15381,2.754407051282051,0.023826542850910744,0.010444303165680827,0.03419870785922407
g1200,Gap_12_9mps,open_gap,10,1000,100,15381,2.8545673076923075,0.023137871017047944,0.009090876953241497,0.031025533120705287
g1200,Gap_12_9mps,open_gap,10,1000,100,15381,2.9547275641025643,0.02256050706484712,0.007188155843515278,0.031056763109353923
g1200,Gap_12_9mps,open_gap,10,1000,100,15381,3.0548878205128207,0.022193219126674314,0.0069501204470184125,0.03116456252859222
g1200,Gap_12_9mps,open_gap,10,1000,100,15381,3.155048076923077,0.02219083434128919,0.006651171506265808,0.032630517216405114
g1200,Gap_12_9mps,open_gap,10,1000,100,15381,3.2552083333333335,0.022441821693664883,0.006237117349011596,0.03340163477753756
g1200,Gap_12_9mps,open_gap,10,1000,100,15381,3.35536858974359,0.022855548398572244,0.007081760853835259,0.031967851869780704
g1200,Gap_12_9mps,open_gap,10,1000,100,15381,3.4555288461538463,0.023522592069753642,0.007185106778367263,0.032269472836416194
g1200,Gap_12_9mps,open_gap,10,1000,100,15381,3.5556891025641026,0.02418611366910885,0.007548100644890236,0.035306456502870974
g1200,Gap_12_9mps,open_gap,10,1000,100,15381,3.655849358974359,0.024770441567912957,0.009212663312712414,0.036329468506647054
g1200,Gap_12_9mps,open_gap,10,1000,100,15381,3.7560096153846154,0.025345895492606792,0.009013063155694091,0.03650807975362716
g1200,Gap_12_9mps,open_gap,10,1000,100,15381,3.856169871794872,0.02591425425973761,0.008868377788053316,0.03763537852716162
g1200,Gap_12_9mps,open_gap,10,1000,100,15381,3.956330128205128,0.02638648778334489,0.008913760048015862,0.03719607649232301
g1200,Gap_12_9mps,open_gap,10,1000,100,15381,4.056490384615385,0.026858634547185064,0.009606584441592458,0.03821513108783485
g1200,Gap_12_9mps,open_gap,10,1000,100,15381,4.156650641025641,0.027310205243595093,0.008245531608508208,0.039873496722610965
g1200,Gap_12_9mps,open_gap,10,1000,100,15381,4.256810897435898,0.027598658995207123,0.010103642188499368,0.03893350366258959
g1200,Gap_12_9mps,open_gap,10,1000,100,15381,4.356971153846154,0.027645891206945442,0.011800007078280873,0.039212161886274036
g1200,Gap_12_9mps,open_gap,10,1000,100,15381,4.457131410256411,0.027482281064226295,0.011225260864351973,0.03913955287139216
g1200,Gap_12_9mps,open_gap,10,1000,100,15381,4.557291666666667,0.02715939822236821,0.011002175420762948,0.03953589417906784
g1200,Gap_12_9mps,open_gap,10,1000,100,15381,4.657451923076923,0.026839706028294302,0.011702910549562047,0.03920799085879127
g1200,Gap_12_9mps,open_gap,10,1000,100,15381,4.75761217948718,0.02662939400122579,0.011114025281704605,0.039991557426256666
g1200,Gap_12_9mps,open_gap,10,1000,100,15381,4.857772435897436,0.026380071283692887,0.011800445875220895,0.03813587775304864
g1200,Gap_12_9mps,open_gap,10,1000,100,15381,4.9579326923076925,0.025948871832871902,0.012327315177312684,0.03801238013203569
g1200,Gap_12_9mps,open_gap,10,1000,100,15381,5.058092948717949,0.02543654628530115,0.012134658573454271,0.035871560790663753
g1200,Gap_12_9mps,open_gap,10,1000,100,15381,5.158253205128205,0.02494082453282761,0.011749452712834847,0.0352269499498353
g1200,Gap_12_9mps,open_gap,10,1000,100,15381,5.258413461538462,0.024624871521061693,0.011364282169549395,0.03508966111413986
g1200,Gap_12_9mps,open_gap,10,1000,100,15381,5.358573717948718,0.0243014508522213,0.010356362021592604,0.035016156100600215
g1200,Gap_12_9mps,open_gap,10,1000,100,15381,5.4587339743589745,0.02398827996964112,0.009716174154652354,0.034627583257432704
g1200,Gap_12_9mps,open_gap,10,1000,100,15381,5.558894230769231,0.023636930608266164,0.009773268429622929,0.03425007648283769
g1200,Gap_12_9mps,open_gap,10,1000,100,15381,5.659054487179487,0.023236245390721146,0.009038558017326557,0.03531426619418791
g1200,Gap_12_9mps,open_gap,10,1000,100,15381,5.759214743589744,0.022888306309928518,0.009075249675213174,0.03350436957633631
g1200,Gap_12_9mps,open_gap,10,1000,100,15381,5.859375,0.022764014767702453,0.009177744393583254,0.03484982091979989
g1200,Gap_12_9mps,open_gap,10,1000,100,15381,5.959535256410256,0.022733767997744906,0.009829016102215331,0.03454182979929064
g1200,Gap_12_9mps,open_gap,10,1000,100,15381,6.059695512820513,0.02272948108643198,0.009206779956731434,0.03444295363136283
g1200,Gap_12_9mps,open_gap,10,1000,100,15381,6.159855769230769,0.022606960603304516,0.00950703386120386,0.033782948043800824
g1200,Gap_12_9mps,open_gap,10,1000,100,15381,6.2600160256410255,0.022554459442626743,0.009602042010398295,0.03442124922119365
g1200,Gap_12_9mps,open_gap,10,1000,100,15381,6.360176282051282,0.022493332971936442,0.009357379780281491,0.03538602363662864
g1200,Gap_12_9mps,open_gap,10,1000,100,15381,6.460336538461538,0.022362475084953787,0.008779842807200833,0.03451398024251054
g1200,Gap_12_9mps,open_gap,10,1000,100,15381,6.560496794871795,0.022124182896958704,0.008069450458813864,0.03445401574342858
g1200,Gap_12_9mps,open_gap,10,1000,100,15381,6.660657051282051,0.02204509415066634,0.0077482161982962245,0.034310840040888003
g1200,Gap_12_9mps,open_gap,10,1000,100,15381,6.7608173076923075,0.02207106108046088,0.007989380278728073,0.033092587368674146
g1200,Gap_12_9mps,open_gap,10,1000,100,15381,6.860977564102564,0.022142527036863268,0.008188438705221278,0.03259028677988746
g1200,Gap_12_9mps,open_gap,10,1000,100,15381,6.96113782051282,0.022413157927336287,0.007966083957869723,0.03186041284289762
g1200,Gap_12_9mps,open_gap,10,1000,100,15381,7.061298076923077,0.02261459336681261,0.008327350580186823,0.032280100310260795
g1200,Gap_12_9mps,open_gap,10,1000,100,15381,7.161458333333333,0.02292829276773324,0.00838959639752613,0.03258358530067832
g1200,Gap_12_9mps,open_gap,10,1000,100,15381,7.261618589743589,0.023328876257392925,0.00879565097493207,0.032847168050592526
g1200,Gap_12_9mps,open_gap,10,1000,100,15381,7.361778846153846,0.023717997639054293,0.009759893543619193,0.03409291359654272
g1200,Gap_12_9mps,open_gap,10,1000,100,15381,7.461939102564102,0.024139083590178592,0.009270979312887126,0.03327830066374603
g1200,Gap_12_9mps,open_gap,10,1000,100,15381,7.562099358974359,0.024540595043881397,0.008798233302703332,0.03349453600827685
g1200,Gap_12_9mps,open_gap,10,1000,100,15381,7.662259615384615,0.024887489202989676,0.009263066249268894,0.032854609298538555
g1200,Gap_12_9mps,open_gap,10,1000,100,15381,7.762419871794871,0.025263057258762753,0.009275645752826038,0.03330849844495453
g1200,Gap_12_9mps,open_gap,10,1000,100,15381,7.862580128205129,0.02560710871115839,0.012421998610937944,0.03477122894692193
g1200,Gap_12_9mps,open_gap,10,1000,100,15381,7.962740384615385,0.025923584086424114,0.012311560088083203,0.03561228398290072
g1200,Gap_12_9mps,open_gap,10,1000,100,15381,8.06290064102564,0.02624841387454765,0.011293637229914675,0.036361125029425005
g1200,Gap_12_9mps,open_gap,10,1000,100,15381,8.163060897435898,0.026501552636897213,0.011804916314692384,0.037954517625786714
g1200,Gap_12_9mps,open_gap,10,1000,100,15381,8.263221153846153,0.026758985375190777,0.012796764645710865,0.038356403292064016
g1200,Gap_12_9mps,open_gap,10,1000,100,15381,8.36338141025641,0.02693744390368574,0.01303820327786176,0.03758248255128652
g1200,Gap_12_9mps,open_gap,10,1000,100,15381,8.463541666666666,0.026880400200952618,0.012575363819037795,0.03699624679277255
g1200,Gap_12_9mps,open_gap,10,1000,100,15381,8.563701923076923,0.026740222856211197,0.012757102176717458,0.0377626557118223
g1200,Gap_12_9mps,open_gap,10,1000,100,15381,8.663862179487179,0.026592322462114185,0.01290693948082862,0.038266230541841854
g1200,Gap_12_9mps,open_gap,10,1000,100,15381,8.764022435897436,0.026506217633257837,0.01355851009425859,0.037622786092140606
g1200,Gap_12_9mps,open_gap,10,1000,100,15381,8.864182692307692,0.026469860350922927,0.012343113989258369,0.037504921253905615
g1200,Gap_12_9mps,open_gap,10,1000,100,15381,8.964342948717949,0.026321666050530424,0.012649031219725944,0.04115406952965934
g1200,Gap_12_9mps,open_gap,10,1000,100,15381,9.064503205128204,0.026120141846650825,0.011722175291750283,0.041542289214254374
g1200,Gap_12_9mps,open_gap,10,1000,100,15381,9.164663461538462,0.025846644847210533,0.012781814384277267,0.03887099999847196
g1200,Gap_12_9mps,open_gap,10,1000,100,15381,9.264823717948717,0.025493151980074524,0.010929292761095923,0.036366047744527924
g1200,Gap_12_9mps,open_gap,10,1000,100,15381,9.364983974358974,0.025231260347903767,0.010422790194371406,0.03449705422340964
g1200,Gap_12_9mps,open_gap,10,1000,100,15381,9.46514423076923,0.02501510402704204,0.010891639963445141,0.03315640410819323
g1200,Gap_12_9mps,open_gap,10,1000,100,15381,9.565304487179487,0.024853584323506303,0.01055108886343599,0.03297055568536857
g1200,Gap_12_9mps,open_gap,10,1000,100,15381,9.665464743589743,0.024839999479822617,0.009295598985898568,0.03370902986301689
g1200,Gap_12_9mps,open_gap,10,1000,100,15381,9.765625,0.024824407815469365,0.009508771821310203,0.03327295979722442
g1200,Gap_12_9mps,open_gap,10,1000,100,15381,9.865785256410257,0.024789661410727793,0.009770673499950004,0.03505327392704427
g1200,Gap_12_9mps,open_gap,10,1000,100,15381,9.965945512820513,0.0247914323574541,0.009299030922599896,0.03622379484384493
g1200,Gap_12_9mps,open_gap,50,1000,100,15381,0.05008012820512821,0.023500186416756438,0.007543108503081015,0.034341668566140356
g1200,Gap_12_9mps,open_gap,50,1000,100,15381,0.1502403846153846,0.03520419425929125,0.01601192315837332,0.048883342661022434
g1200,Gap_12_9mps,open_gap,50,1000,100,15381,0.250400641025641,0.04642628764905882,0.019806867276815868,0.06505938637151634
g1200,Gap_12_9mps,open_gap,50,1000,100,15381,0.3505608974358974,0.051099774710445335,0.021184984494243452,0.07034907227924425
g1200,Gap_12_9mps,open_gap,50,1000,100,15381,0.45072115384615385,0.052533308261244555,0.023704820657679225,0.07431895066941033
g1200,Gap_12_9mps,open_gap,50,1000,100,15381,0.5508814102564102,0.05178464429800706,0.02167578972393788,0.07733859182004854
g1200,Gap_12_9mps,open_gap,50,1000,100,15381,0.6510416666666666,0.050721652330801656,0.021015779036435783,0.0711171627554695
g1200,Gap_12_9mps,open_gap,50,1000,100,15381,0.7512019230769231,0.049164326933516626,0.019379312320372852,0.06845520399400626
g1200,Gap_12_9mps,open_gap,50,1000,100,15381,0.8513621794871795,0.04651656126020029,0.01990477679911201,0.06547410926407649
g1200,Gap_12_9mps,open_gap,50,1000,100,15381,0.9515224358974359,0.043155700226841814,0.019383997469916633,0.05760023712369829
g1200,Gap_12_9mps,open_gap,50,1000,100,15381,1.0516826923076923,0.03971167797326681,0.016723626601390918,0.05358783863667915
g1200,Gap_12_9mps,open_gap,50,1000,100,15381,1.1518429487179487,0.036405618172634505,0.014505259711612817,0.04874410089792757
g1200,Gap_12_9mps,open_gap,50,1000,100,15381,1.252003205128205,0.03310477678844143,0.014634941085762684,0.04672194034729635
g1200,Gap_12_9mps,open_gap,50,1000,100,15381,1.3521634615384615,0.029779971886197396,0.014288930027622496,0.04268861490946043
g1200,Gap_12_9mps,open_gap,50,1000,100,15381,1.4523237179487178,0.02659088694103705,0.010925311865015946,0.03677794705405528
g1200,Gap_12_9mps,open_gap,50,1000,100,15381,1.5524839743589745,0.023599744172987228,0.009064660293598254,0.031559063898319584
g1200,Gap_12_9mps,open_gap,50,1000,100,15381,1.6526442307692308,0.020887439174974168,0.008079984461206528,0.028651940270390273
g1200,Gap_12_9mps,open_gap,50,1000,100,15381,1.7528044871794872,0.018587432199297826,0.0066984172078858135,0.026776159067532692
g1200,Gap_12_9mps,open_gap,50,1000,100,15381,1.8529647435897436,0.01643279766458204,0.006232359154243503,0.023742981156220495
g1200,Gap_12_9mps,open_gap,50,1000,100,15381,1.953125,0.014565159248803432,0.00446577200912511,0.020878534561475075
g1200,Gap_12_9mps,open_gap,50,1000,100,15381,2.0532852564102564,0.012989818569898275,0.004500981630972927,0.01818918550785272
g1200,Gap_12_9mps,open_gap,50,1000,100,15381,2.1534455128205128,0.011798643131278229,0.004250481726673275,0.015413104014740745
g1200,Gap_12_9mps,open_gap,50,1000,100,15381,2.253605769230769,0.010863833574433844,0.0044615523919335496,0.014163817198358204
g1200,Gap_12_9mps,open_gap,50,1000,100,15381,2.3537660256410255,0.010150812215092953,0.004647661302621544,0.012854129290709723
g1200,Gap_12_9mps,open_gap,50,1000,100,15381,2.453926282051282,0.00964816882693462,0.004136437403431996,0.012311934362480521
g1200,Gap_12_9mps,open_gap,50,1000,100,15381,2.5540865384615383,0.009432783563183379,0.004180172154902758,0.01277884531362743
g1200,Gap_12_9mps,open_gap,50,1000,100,15381,2.6542467948717947,0.009414869595527597,0.004129908568528683,0.013190660452060663
g1200,Gap_12_9mps,open_gap,50,1000,100,15381,2.754407051282051,0.009602394530145206,0.004225821664620126,0.01369929661309143
g1200,Gap_12_9mps,open_gap,50,1000,100,15381,2.8545673076923075,0.009943931238791382,0.004543093232952304,0.01403881777994229
g1200,Gap_12_9mps,open_gap,50,1000,100,15381,2.9547275641025643,0.010386033147510621,0.004541034330571532,0.014079322044741828
g1200,Gap_12_9mps,open_gap,50,1000,100,15381,3.0548878205128207,0.010812155251412164,0.005319507507448326,0.01511001869184337
g1200,Gap_12_9mps,open_gap,50,1000,100,15381,3.155048076923077,0.011119276059495224,0.00555479012475902,0.01598352568825319
g1200,Gap_12_9mps,open_gap,50,1000,100,15381,3.2552083333333335,0.011342968780086615,0.005128641973257112,0.015870951993980875
g1200,Gap_12_9mps,open_gap,50,1000,100,15381,3.35536858974359,0.011613241293244371,0.004423331385185903,0.016772204587439568
g1200,Gap_12_9mps,open_gap,50,1000,100,15381,3.4555288461538463,0.011837736589403203,0.0047968856043473914,0.01729417581516364
g1200,Gap_12_9mps,open_gap,50,1000,100,15381,3.5556891025641026,0.01212816800848985,0.005210032509426175,0.017733114287332735
g1200,Gap_12_9mps,open_gap,50,1000,100,15381,3.655849358974359,0.01242146091177241,0.005282088575095559,0.01864028220082988
g1200,Gap_12_9mps,open_gap,50,1000,100,15381,3.7560096153846154,0.012674478823363467,0.004954029920311799,0.01881415422255553
g1200,Gap_12_9mps,open_gap,50,1000,100,15381,3.856169871794872,0.012918063002771724,0.004950017425731778,0.019877847337925712
g1200,Gap_12_9mps,open_gap,50,1000,100,15381,3.956330128205128,0.01305183930890809,0.005681738937851088,0.019971134289035783
g1200,Gap_12_9mps,open_gap,50,1000,100,15381,4.056490384615385,0.013171167316456057,0.005309023331723475,0.019864574734615163
g1200,Gap_12_9mps,open_gap,50,1000,100,15381,4.156650641025641,0.013163149976841409,0.00498688680793956,0.019411528303499667
g1200,Gap_12_9mps,open_gap,50,1000,100,15381,4.256810897435898,0.01304181134073078,0.005163767775152843,0.018619410860241267
g1200,Gap_12_9mps,open_gap,50,1000,100,15381,4.356971153846154,0.01292101335944334,0.005226390727883997,0.01820118702754127
g1200,Gap_12_9mps,open_gap,50,1000,100,15381,4.457131410256411,0.01289043215487122,0.005197229075367652,0.01760266231196762
g1200,Gap_12_9mps,open_gap,50,1000,100,15381,4.557291666666667,0.012913564442476329,0.005161990299978713,0.0174852399438775
g1200,Gap_12_9mps,open_gap,50,1000,100,15381,4.657451923076923,0.012893621185656257,0.00543550128797136,0.017737512293680487
g1200,Gap_12_9mps,open_gap,50,1000,100,15381,4.75761217948718,0.012831269514417955,0.005680017517422521,0.017768663085912705
g1200,Gap_12_9mps,open_gap,50,1000,100,15381,4.857772435897436,0.012752333352868753,0.005549155735926157,0.017847831604549134
g1200,Gap_12_9mps,open_gap,50,1000,100,15381,4.9579326923076925,0.012661277415301632,0.006077866563278602,0.01818811336376716
g1200,Gap_12_9mps,open_gap,50,1000,100,15381,5.058092948717949,0.012552881746145352,0.006423276142610346,0.018217084029202843
g1200,Gap_12_9mps,open_gap,50,1000,100,15381,5.158253205128205,0.012438135322723304,0.00542014720045461,0.018081459519517087
g1200,Gap_12_9mps,open_gap,50,1000,100,15381,5.258413461538462,0.01237485965377769,0.005024712774958712,0.01771952793655277
g1200,Gap_12_9mps,open_gap,50,1000,100,15381,5.358573717948718,0.012312134915576034,0.005597074453277482,0.017321610239027944
g1200,Gap_12_9mps,open_gap,50,1000,100,15381,5.4587339743589745,0.012263221884175361,0.005610271510177617,0.017258355961641065
g1200,Gap_12_9mps,open_gap,50,1000,100,15381,5.558894230769231,0.012292362586802021,0.005331032395382513,0.016865391182877238
g1200,Gap_12_9mps,open_gap,50,1000,100,15381,5.659054487179487,0.012388774831809314,0.005419590611689667,0.017205983679640567
g1200,Gap_12_9mps,open_gap,50,1000,100,15381,5.759214743589744,0.012496657370519516,0.005546470782083791,0.017035834255628532
g1200,Gap_12_9mps,open_gap,50,1000,100,15381,5.859375,0.012593651600559173,0.0050970641633135295,0.017200433992271103
g1200,Gap_12_9mps,open_gap,50,1000,100,15381,5.959535256410256,0.012687912723299038,0.005346424522878938,0.017610173514793936
g1200,Gap_12_9mps,open_gap,50,1000,100,15381,6.059695512820513,0.01279681153266439,0.005119845352382286,0.017839315774356705
g1200,Gap_12_9mps,open_gap,50,1000,100,15381,6.159855769230769,0.01293000394435431,0.005445700019458044,0.018650660021103417
g1200,Gap_12_9mps,open_gap,50,1000,100,15381,6.2600160256410255,0.013021336271196506,0.005151552222541657,0.018375423781884802
g1200,Gap_12_9mps,open_gap,50,1000,100,15381,6.360176282051282,0.013052856204273591,0.005126081375927775,0.018407504739329162
g1200,Gap_12_9mps,open_gap,50,1000,100,15381,6.460336538461538,0.013017846754957147,0.0049423873803173925,0.018408590943224987
g1200,Gap_12_9mps,open_gap,50,1000,100,15381,6.560496794871795,0.012909299360867654,0.004593229541035194,0.018734667913633183
g1200,Gap_12_9mps,open_gap,50,1000,100,15381,6.660657051282051,0.012714047415724032,0.005102313175109799,0.01825974023415645
g1200,Gap_12_9mps,open_gap,50,1000,100,15381,6.7608173076923075,0.012487441282942007,0.0053560492550134165,0.01801049018128196
g1200,Gap_12_9mps,open_gap,50,1000,100,15381,6.860977564102564,0.012321089048767594,0.005386392845793193,0.018218811158938517
g1200,Gap_12_9mps,open_gap,50,1000,100,15381,6.96113782051282,0.012134166947706873,0.0057728113215607885,0.018186456944131953
g1200,Gap_12_9mps,open_gap,50,1000,100,15381,7.061298076923077,0.011966024793925074,0.005837382659212922,0.01807513985565242
g1200,Gap_12_9mps,open_gap,50,1000,100,15381,7.161458333333333,0.011811792973501146,0.005241023558697616,0.017757985599013322
g1200,Gap_12_9mps,open_gap,50,1000,100,15381,7.261618589743589,0.011648618661597705,0.004953278148578034,0.017950679334920994
g1200,Gap_12_9mps,open_gap,50,1000,100,15381,7.361778846153846,0.011447370970434348,0.004741241838229475,0.01724558287776735
g1200,Gap_12_9mps,open_gap,50,1000,100,15381,7.461939102564102,0.0113192266218193,0.004086464336247277,0.01692945480045985
g1200,Gap_12_9mps,open_gap,50,1000,100,15381,7.562099358974359,0.011234088131373228,0.004058284747495878,0.016965844164447307
g1200,Gap_12_9mps,open_gap,50,1000,100,15381,7.662259615384615,0.0111799226917489,0.003985298071249396,0.016662692613259807
g1200,Gap_12_9mps,open_gap,50,1000,100,15381,7.762419871794871,0.011108376363457946,0.0037400351893530775,0.016331071109297487
g1200,Gap_12_9mps,open_gap,50,1000,100,15381,7.862580128205129,0.010966433683113013,0.00343516895363692,0.015678827307224058
g1200,Gap_12_9mps,open_gap,50,1000,100,15381,7.962740384615385,0.010797795837440139,0.00329236294409603,0.01606238495315863
g1200,Gap_12_9mps,open_gap,50,1000,100,15381,8.06290064102564,0.010665026783468635,0.00329154370313582,0.01559568109725672
g1200,Gap_12_9mps,open_gap,50,1000,100,15381,8.163060897435898,0.010535198215803945,0.003831481800715493,0.01521007275459092
g1200,Gap_12_9mps,open_gap,50,1000,100,15381,8.263221153846153,0.010419302154588543,0.004390730310728489,0.015221082304907475
g1200,Gap_12_9mps,open_gap,50,1000,100,15381,8.36338141025641,0.010349332299610815,0.0038334215347515595,0.015300533168985662
g1200,Gap_12_9mps,open_gap,50,1000,100,15381,8.463541666666666,0.010269454240928046,0.0035930688964889283,0.015562063115579776
g1200,Gap_12_9mps,open_gap,50,1000,100,15381,8.563701923076923,0.010202393524670774,0.003739057176638711,0.0151793684194877
g1200,Gap_12_9mps,open_gap,50,1000,100,15381,8.663862179487179,0.010149963572880642,0.004151564466853586,0.014660986672495864
g1200,Gap_12_9mps,open_gap,50,1000,100,15381,8.764022435897436,0.010093112233024767,0.003261748421459482,0.014950574447657964
g1200,Gap_12_9mps,open_gap,50,1000,100,15381,8.864182692307692,0.009997592633892202,0.003517392153771504,0.01477663233305294
g1200,Gap_12_9mps,open_gap,50,1000,100,15381,8.964342948717949,0.009894433098016386,0.003236354281087415,0.014984191083340575
g1200,Gap_12_9mps,open_gap,50,1000,100,15381,9.064503205128204,0.009812461759490776,0.0033936373624691117,0.015212216762820854
g1200,Gap_12_9mps,open_gap,50,1000,100,15381,9.164663461538462,0.009850253321507695,0.00354866603765159,0.015120325587915862
g1200,Gap_12_9mps,open_gap,50,1000,100,15381,9.264823717948717,0.009945086371230477,0.00387767310266071,0.015205494698664997
g1200,Gap_12_9mps,open_gap,50,1000,100,15381,9.364983974358974,0.010059923882284274,0.004014917961216855,0.015807076646880643
g1200,Gap_12_9mps,open_gap,50,1000,100,15381,9.46514423076923,0.010167507371582365,0.004033798649630959,0.015544854725162564
g1200,Gap_12_9mps,open_gap,50,1000,100,15381,9.565304487179487,0.010209396066175611,0.0038139122806061295,0.015243319462755792
g1200,Gap_12_9mps,open_gap,50,1000,100,15381,9.665464743589743,0.010169444935044817,0.0039063134305870415,0.014634910956517772
g1200,Gap_12_9mps,open_gap,50,1000,100,15381,9.765625,0.010062221534469458,0.003951650705043898,0.01453420572280889
g1200,Gap_12_9mps,open_gap,50,1000,100,15381,9.865785256410257,0.009942478934305643,0.004037676166188479,0.014324676367389537
g1200,Gap_12_9mps,open_gap,50,1000,100,15381,9.965945512820513,0.009888422464441167,0.004135592932016009,0.014498404797146149
g1200,Gap_12_9mps,open_gap,100,1000,100,15381,0.05008012820512821,0.022716140623491053,0.01077475317931621,0.02952049950464093
g1200,Gap_12_9mps,open_gap,100,1000,100,15381,0.1502403846153846,0.0243481426732063,0.009437563490862496,0.03580469278591439
g1200,Gap_12_9mps,open_gap,100,1000,100,15381,0.250400641025641,0.03271544063711766,0.011842614158020858,0.049252811059417756
g1200,Gap_12_9mps,open_gap,100,1000,100,15381,0.3505608974358974,0.03737349276763613,0.013235326866218335,0.053128723037453834
g1200,Gap_12_9mps,open_gap,100,1000,100,15381,0.45072115384615385,0.03991598220646777,0.015059707522184166,0.05623401512550137
g1200,Gap_12_9mps,open_gap,100,1000,100,15381,0.5508814102564102,0.04105504396046983,0.013102156229981106,0.05960117867742906
g1200,Gap_12_9mps,open_gap,100,1000,100,15381,0.6510416666666666,0.04131333099793183,0.014092787314460595,0.06092317308615799
g1200,Gap_12_9mps,open_gap,100,1000,100,15381,0.7512019230769231,0.040889489755165924,0.013818149632366768,0.05983149706908712
g1200,Gap_12_9mps,open_gap,100,1000,100,15381,0.8513621794871795,0.03923223531127627,0.012570750123269124,0.05894486293658367
g1200,Gap_12_9mps,open_gap,100,1000,100,15381,0.9515224358974359,0.036383448875271784,0.014023846652187522,0.05523876991081309
g1200,Gap_12_9mps,open_gap,100,1000,100,15381,1.0516826923076923,0.033444502841399146,0.013430418694787862,0.05022286375751066
g1200,Gap_12_9mps,open_gap,100,1000,100,15381,1.1518429487179487,0.030488250711073597,0.012995898084417961,0.043931690184257396
g1200,Gap_12_9mps,open_gap,100,1000,100,15381,1.252003205128205,0.027659149488490263,0.013275002104330904,0.039825784177344024
g1200,Gap_12_9mps,open_gap,100,1000,100,15381,1.3521634615384615,0.025006457196169327,0.01109387251648771,0.035750655547046574
g1200,Gap_12_9mps,open_gap,100,1000,100,15381,1.4523237179487178,0.02248109768301735,0.011170772107300487,0.033068657199450825
g1200,Gap_12_9mps,open_gap,100,1000,100,15381,1.5524839743589745,0.02026689011329084,0.009229638685424065,0.030365275642140786
g1200,Gap_12_9mps,open_gap,100,1000,100,15381,1.6526442307692308,0.0183014389170179,0.008267460860330617,0.027433001238171443
g1200,Gap_12_9mps,open_gap,100,1000,100,15381,1.7528044871794872,0.016387664918540986,0.0075671558958012395,0.023321493751059567
g1200,Gap_12_9mps,open_gap,100,1000,100,15381,1.8529647435897436,0.014663561687461874,0.006997546330069626,0.020784246075123605
g1200,Gap_12_9mps,open_gap,100,1000,100,15381,1.953125,0.013031501396950928,0.006956229177403057,0.018757618439391287
g1200,Gap_12_9mps,open_gap,100,1000,100,15381,2.0532852564102564,0.011476825330702555,0.0064300475819337385,0.01624779751447558
g1200,Gap_12_9mps,open_gap,100,1000,100,15381,2.1534455128205128,0.00998611061227586,0.004714740880778871,0.014961085836311401
g1200,Gap_12_9mps,open_gap,100,1000,100,15381,2.253605769230769,0.008809660716871625,0.0034726328531615525,0.013376833023610367
g1200,Gap_12_9mps,open_gap,100,1000,100,15381,2.3537660256410255,0.008078978545059698,0.0029886335792318986,0.013313887377967732
g1200,Gap_12_9mps,open_gap,100,1000,100,15381,2.453926282051282,0.0075931331622699945,0.002835982587689808,0.01189492258514952
g1200,Gap_12_9mps,open_gap,100,1000,100,15381,2.5540865384615383,0.007321537824205796,0.00206785378814454,0.010703256104127652
g1200,Gap_12_9mps,open_gap,100,1000,100,15381,2.6542467948717947,0.007500849210313299,0.0031704836342764334,0.010487263162147008
g1200,Gap_12_9mps,open_gap,100,1000,100,15381,2.754407051282051,0.007718618607052362,0.0035424369550983224,0.010653870367586268
g1200,Gap_12_9mps,open_gap,100,1000,100,15381,2.8545673076923075,0.007889646603871685,0.0034214733876615708,0.011449588297272427
g1200,Gap_12_9mps,open_gap,100,1000,100,15381,2.9547275641025643,0.0080892167679085,0.003385043780847502,0.012689227046134354
g1200,Gap_12_9mps,open_gap,100,1000,100,15381,3.0548878205128207,0.008303943726816754,0.0034362625551059367,0.01260295400317395
g1200,Gap_12_9mps,open_gap,100,1000,100,15381,3.155048076923077,0.008514870298804099,0.0037960918187226146,0.012063744414603481
g1200,Gap_12_9mps,open_gap,100,1000,100,15381,3.2552083333333335,0.008778318812027874,0.004230378466142405,0.011993209457484898
g1200,Gap_12_9mps,open_gap,100,1000,100,15381,3.35536858974359,0.009046417511170263,0.0038932275872297166,0.012272050005068898
g1200,Gap_12_9mps,open_gap,100,1000,100,15381,3.4555288461538463,0.009358669388966581,0.00395317158571118,0.01290237881510851
g1200,Gap_12_9mps,open_gap,100,1000,100,15381,3.5556891025641026,0.009677429598698512,0.0038639669932808733,0.012962264264728011
g1200,Gap_12_9mps,open_gap,100,1000,100,15381,3.655849358974359,0.009946016723761575,0.004170313486042606,0.013498941353748267
g1200,Gap_12_9mps,open_gap,100,1000,100,15381,3.7560096153846154,0.01018714995970337,0.004443450234107852,0.013394730422219222
g1200,Gap_12_9mps,open_gap,100,1000,100,15381,3.856169871794872,0.010456814784047792,0.004652090467330596,0.01406119946871924
g1200,Gap_12_9mps,open_gap,100,1000,100,15381,3.956330128205128,0.010701057466481576,0.004890445491947398,0.014553235244647295
g1200,Gap_12_9mps,open_gap,100,1000,100,15381,4.056490384615385,0.010868471016529753,0.004734392817703106,0.014606212712918194
g1200,Gap_12_9mps,open_gap,100,1000,100,15381,4.156650641025641,0.01094968997012662,0.004371214084365447,0.015191092496645457
g1200,Gap_12_9mps,open_gap,100,1000,100,15381,4.256810897435898,0.010960609185961236,0.004998301205654934,0.016118683660363713
g1200,Gap_12_9mps,open_gap,100,1000,100,15381,4.356971153846154,0.010933010126045407,0.005216488465546726,0.016712965243044487
g1200,Gap_12_9mps,open_gap,100,1000,100,15381,4.457131410256411,0.010878166359397338,0.004944189157809209,0.01634615824832525
g1200,Gap_12_9mps,open_gap,100,1000,100,15381,4.557291666666667,0.010880288790917252,0.0046490298725612176,0.01645351572792348
g1200,Gap_12_9mps,open_gap,100,1000,100,15381,4.657451923076923,0.010914050072629935,0.00423092992571414,0.016170173967892432
g1200,Gap_12_9mps,open_gap,100,1000,100,15381,4.75761217948718,0.010914492774426004,0.003848008392613987,0.016066824375209846
g1200,Gap_12_9mps,open_gap,100,1000,100,15381,4.857772435897436,0.01090343331976938,0.0037112154958779927,0.015741777498622204
g1200,Gap_12_9mps,open_gap,100,1000,100,15381,4.9579326923076925,0.01094468736918683,0.0037741789230253597,0.01580191304569957
g1200,Gap_12_9mps,open_gap,100,1000,100,15381,5.058092948717949,0.011005030820355855,0.0039568962804195215,0.016061046086575013
g1200,Gap_12_9mps,open_gap,100,1000,100,15381,5.158253205128205,0.0110213783176351,0.004270415368027761,0.015546475734368837
g1200,Gap_12_9mps,open_gap,100,1000,100,15381,5.258413461538462,0.010975790778394612,0.004489194639350041,0.014976987910542808
g1200,Gap_12_9mps,open_gap,100,1000,100,15381,5.358573717948718,0.010906306171350601,0.004484237638957094,0.014742441975034905
g1200,Gap_12_9mps,open_gap,100,1000,100,15381,5.4587339743589745,0.010865964133094772,0.004423430659350925,0.014509726526746022
g1200,Gap_12_9mps,open_gap,100,1000,100,15381,5.558894230769231,0.010860721949524406,0.0045489307977572505,0.014512983539862497
g1200,Gap_12_9mps,open_gap,100,1000,100,15381,5.659054487179487,0.010884800715682867,0.004271790137793787,0.014572486507785993
g1200,Gap_12_9mps,open_gap,100,1000,100,15381,5.759214743589744,0.010915010872329664,0.003873387454726888,0.015333570330169634
g1200,Gap_12_9mps,open_gap,100,1000,100,15381,5.859375,0.01093773579923178,0.0037388940235081386,0.015099732111071002
g1200,Gap_12_9mps,open_gap,100,1000,100,15381,5.959535256410256,0.010958070369184383,0.003871961840232376,0.014649886382045075
g1200,Gap_12_9mps,open_gap,100,1000,100,15381,6.059695512820513,0.011038783152904075,0.004113572533311433,0.015176552389533051
g1200,Gap_12_9mps,open_gap,100,1000,100,15381,6.159855769230769,0.011136449692945905,0.004637031965962175,0.015031470527548732
g1200,Gap_12_9mps,open_gap,100,1000,100,15381,6.2600160256410255,0.011209694867252002,0.004763866534994485,0.015160799375647491
g1200,Gap_12_9mps,open_gap,100,1000,100,15381,6.360176282051282,0.011234579012395045,0.005344910946678906,0.014786448307437843
g1200,Gap_12_9mps,open_gap,100,1000,100,15381,6.460336538461538,0.011177906207499056,0.005019791947192726,0.014490942643543683
g1200,Gap_12_9mps,open_gap,100,1000,100,15381,6.560496794871795,0.011044158055332381,0.005028176401603751,0.014142529900409498
g1200,Gap_12_9mps,open_gap,100,1000,100,15381,6.660657051282051,0.010858862895747367,0.004818424616813441,0.014203486050927475
g1200,Gap_12_9mps,open_gap,100,1000,100,15381,6.7608173076923075,0.01069678878612907,0.00430901547983888,0.01425330136429431
g1200,Gap_12_9mps,open_gap,100,1000,100,15381,6.860977564102564,0.010552474404970945,0.004250656377296288,0.013864619607494374
g1200,Gap_12_9mps,open_gap,100,1000,100,15381,6.96113782051282,0.010398941820159331,0.004319116695059766,0.01411455045187554
g1200,Gap_12_9mps,open_gap,100,1000,100,15381,7.061298076923077,0.010244760124966383,0.0042080252323453745,0.013808885750278903
g1200,Gap_12_9mps,open_gap,100,1000,100,15381,7.161458333333333,0.010092012580433454,0.003893090370568818,0.01300221617420622
g1200,Gap_12_9mps,open_gap,100,1000,100,15381,7.261618589743589,0.009952715553035093,0.0039961602259031654,0.013131493075250519
g1200,Gap_12_9mps,open_gap,100,1000,100,15381,7.361778846153846,0.00984526454473479,0.003408869515081379,0.01358593286430208
g1200,Gap_12_9mps,open_gap,100,1000,100,15381,7.461939102564102,0.009757958986803756,0.0033165463283120282,0.013941642810267251
g1200,Gap_12_9mps,open_gap,100,1000,100,15381,7.562099358974359,0.009714444617626557,0.003417868078533402,0.013739594211685354
g1200,Gap_12_9mps,open_gap,100,1000,100,15381,7.662259615384615,0.009726859115712652,0.0031193008131376104,0.013382447599960448
g1200,Gap_12_9mps,open_gap,100,1000,100,15381,7.762419871794871,0.009742800133973177,0.002948563725114894,0.01308969500700956
g1200,Gap_12_9mps,open_gap,100,1000,100,15381,7.862580128205129,0.009723456562626881,0.003539549488766995,0.01279473595680146
g1200,Gap_12_9mps,open_gap,100,1000,100,15381,7.962740384615385,0.009648743549358806,0.0037340727188260882,0.012783031952979525
g1200,Gap_12_9mps,open_gap,100,1000,100,15381,8.06290064102564,0.009515637882959775,0.0035427341456309336,0.01218276875485166
g1200,Gap_12_9mps,open_gap,100,1000,100,15381,8.163060897435898,0.00932978595363715,0.0031809908212506424,0.011626021606386061
g1200,Gap_12_9mps,open_gap,100,1000,100,15381,8.263221153846153,0.009133220625455017,0.0030815693674413978,0.011477658842966304
g1200,Gap_12_9mps,open_gap,100,1000,100,15381,8.36338141025641,0.008930603341462673,0.003010601010900835,0.011369499610075365
g1200,Gap_12_9mps,open_gap,100,1000,100,15381,8.463541666666666,0.00872116203631014,0.0030470840000580033,0.011132564867462736
g1200,Gap_12_9mps,open_gap,100,1000,100,15381,8.563701923076923,0.008597595262236031,0.003004794610616734,0.011117182857909691
g1200,Gap_12_9mps,open_gap,100,1000,100,15381,8.663862179487179,0.00849684537987172,0.003032210821814337,0.011540715561024088
g1200,Gap_12_9mps,open_gap,100,1000,100,15381,8.764022435897436,0.00840066278162958,0.0034685582821453445,0.011837650076860813
g1200,Gap_12_9mps,open_gap,100,1000,100,15381,8.864182692307692,0.008302629325823162,0.0036755078403467047,0.012057058826832218
g1200,Gap_12_9mps,open_gap,100,1000,100,15381,8.964342948717949,0.00822019926799268,0.0036103719869320077,0.011654595057919818
g1200,Gap_12_9mps,open_gap,100,1000,100,15381,9.064503205128204,0.008134701585114104,0.003289520856898021,0.01148700966783386
g1200,Gap_12_9mps,open_gap,100,1000,100,15381,9.164663461538462,0.008073657160581232,0.003324396592386232,0.011384721376812668
g1200,Gap_12_9mps,open_gap,100,1000,100,15381,9.264823717948717,0.008016713009148779,0.003316821614788027,0.011184480167737518
g1200,Gap_12_9mps,open_gap,100,1000,100,15381,9.364983974358974,0.00797443074245218,0.0030272902856156893,0.010961011782240428
g1200,Gap_12_9mps,open_gap,100,1000,100,15381,9.46514423076923,0.007933940477798693,0.0030905891689987667,0.011450776441313398
g1200,Gap_12_9mps,open_gap,100,1000,100,15381,9.565304487179487,0.007885957235567365,0.003122251828849822,0.011341997168654416
g1200,Gap_12_9mps,open_gap,100,1000,100,15381,9.665464743589743,0.007891460474780912,0.003125264229572145,0.011296218774432033
g1200,Gap_12_9mps,open_gap,100,1000,100,15381,9.765625,0.007924781475244155,0.0030525374690989733,0.01138231512446143
g1200,Gap_12_9mps,open_gap,100,1000,100,15381,9.865785256410257,0.007967499902842833,0.0029549086849178833,0.010953390931675721
g1200,Gap_12_9mps,open_gap,100,1000,100,15381,9.965945512820513,0.008026946643726251,0.002710264326182403,0.010944659870871655
g1200,Gap_12_9mps,open_gap,500,1000,100,15381,0.05008012820512821,0.010513356651218008,0.0050104652581512595,0.01436251201047777
g1200,Gap_12_9mps,open_gap,500,1000,100,15381,0.1502403846153846,0.009277979621814685,0.0031145904472562797,0.013241157514444213
g1200,Gap_12_9mps,open_gap,500,1000,100,15381,0.250400641025641,0.0135599120683998,0.006040138699804809,0.020192567842045327
g1200,Gap_12_9mps,open_gap,500,1000,100,15381,0.3505608974358974,0.016010835508109215,0.006834132684599637,0.022123995217211638
g1200,Gap_12_9mps,open_gap,500,1000,100,15381,0.45072115384615385,0.017542758961027388,0.008428983484431248,0.025168080456130178
g1200,Gap_12_9mps,open_gap,500,1000,100,15381,0.5508814102564102,0.019029769128993873,0.007951442256573965,0.02863184693464235
g1200,Gap_12_9mps,open_gap,500,1000,100,15381,0.6510416666666666,0.02048537375250028,0.009321811162289353,0.03017999954363556
g1200,Gap_12_9mps,open_gap,500,1000,100,15381,0.7512019230769231,0.021640253157903477,0.009635108334556795,0.0319584693273962
g1200,Gap_12_9mps,open_gap,500,1000,100,15381,0.8513621794871795,0.021732444677078924,0.011351309800764788,0.03206937561887965
g1200,Gap_12_9mps,open_gap,500,1000,100,15381,0.9515224358974359,0.02112929972982623,0.013171833315372656,0.03120154828362663
g1200,Gap_12_9mps,open_gap,500,1000,100,15381,1.0516826923076923,0.020253785648290706,0.012748253135729198,0.02907839382449838
g1200,Gap_12_9mps,open_gap,500,1000,100,15381,1.1518429487179487,0.019201158823370586,0.011459919276283351,0.026509628102798943
g1200,Gap_12_9mps,open_gap,500,1000,100,15381,1.252003205128205,0.01801891134009614,0.010809932107248683,0.02454911203949428
g1200,Gap_12_9mps,open_gap,500,1000,100,15381,1.3521634615384615,0.016745164201671547,0.010482941655134557,0.023563893959870415
g1200,Gap_12_9mps,open_gap,500,1000,100,15381,1.4523237179487178,0.01536600420049913,0.0103219101162041,0.021282040864464297
g1200,Gap_12_9mps,open_gap,500,1000,100,15381,1.5524839743589745,0.013958370025256168,0.009884592126393869,0.019408101316605177
g1200,Gap_12_9mps,open_gap,500,1000,100,15381,1.6526442307692308,0.0125168444388223,0.009066049878764092,0.016797993416104547
g1200,Gap_12_9mps,open_gap,500,1000,100,15381,1.7528044871794872,0.01107063008932271,0.0077958281277430395,0.015275920406940119
g1200,Gap_12_9mps,open_gap,500,1000,100,15381,1.8529647435897436,0.009649798443562112,0.0063596536032909075,0.013363190737563615
g1200,Gap_12_9mps,open_gap,500,1000,100,15381,1.953125,0.008248095031126832,0.005066418698804925,0.011111968701199014
g1200,Gap_12_9mps,open_gap,500,1000,100,15381,2.0532852564102564,0.006903454609313044,0.003991142296597207,0.009208421752479096
g1200,Gap_12_9mps,open_gap,500,1000,100,15381,2.1534455128205128,0.005709636767232594,0.0031456349352845516,0.00783528419886883
g1200,Gap_12_9mps,open_gap,500,1000,100,15381,2.253605769230769,0.004773343322906591,0.0025358790818480405,0.006674171905022526
g1200,Gap_12_9mps,open_gap,500,1000,100,15381,2.3537660256410255,0.004165885166804585,0.002014859690207661,0.006014338888542985
g1200,Gap_12_9mps,open_gap,500,1000,100,15381,2.453926282051282,0.003784337324358759,0.001511938756784356,0.005308367168301852
g1200,Gap_12_9mps,open_gap,500,1000,100,15381,2.5540865384615383,0.0034664102926675617,0.0014809447977728522,0.004837177297187533
g1200,Gap_12_9mps,open_gap,500,1000,100,15381,2.6542467948717947,0.0032461919709487926,0.0014260896887413523,0.004798141305953112
g1200,Gap_12_9mps,open_gap,500,1000,100,15381,2.754407051282051,0.0031446050220897332,0.0012584056879262574,0.0046765939729687435
g1200,Gap_12_9mps,open_gap,500,1000,100,15381,2.8545673076923075,0.0031800712334982234,0.0013559444993048097,0.004952041023306154
g1200,Gap_12_9mps,open_gap,500,1000,100,15381,2.9547275641025643,0.0033595513362038682,0.00105524491078492,0.00515430354277312
g1200,Gap_12_9mps,open_gap,500,1000,100,15381,3.0548878205128207,0.0036984402253474728,0.0014267899769402452,0.005330121169767987
g1200,Gap_12_9mps,open_gap,500,1000,100,15381,3.155048076923077,0.004122184417984584,0.0018499397241208428,0.0062932150429695684
g1200,Gap_12_9mps,open_gap,500,1000,100,15381,3.2552083333333335,0.004531850852676861,0.002301301738301466,0.007218401587309293
g1200,Gap_12_9mps,open_gap,500,1000,100,15381,3.35536858974359,0.004871878121053044,0.002178726296949234,0.007730380537426789
g1200,Gap_12_9mps,open_gap,500,1000,100,15381,3.4555288461538463,0.005221091532569063,0.002481158716645782,0.008142351524542374
g1200,Gap_12_9mps,open_gap,500,1000,100,15381,3.5556891025641026,0.005611497127471157,0.002889308751575199,0.00856070816856918
g1200,Gap_12_9mps,open_gap,500,1000,100,15381,3.655849358974359,0.005979640650618608,0.002980882944970223,0.009211664925132462
g1200,Gap_12_9mps,open_gap,500,1000,100,15381,3.7560096153846154,0.006408677803786219,0.002998302251353166,0.00988516968390555
g1200,Gap_12_9mps,open_gap,500,1000,100,15381,3.856169871794872,0.00692973728403546,0.0033077482840530026,0.010371123303018218
g1200,Gap_12_9mps,open_gap,500,1000,100,15381,3.956330128205128,0.007374358562174598,0.003628001102006872,0.01077928373232066
g1200,Gap_12_9mps,open_gap,500,1000,100,15381,4.056490384615385,0.007655809402230341,0.0038764551016098967,0.010902535428577165
g1200,Gap_12_9mps,open_gap,500,1000,100,15381,4.156650641025641,0.007838363636444048,0.004164293137564879,0.01087398113833468
g1200,Gap_12_9mps,open_gap,500,1000,100,15381,4.256810897435898,0.007934387833075702,0.004400636007314799,0.010803340848207676
g1200,Gap_12_9mps,open_gap,500,1000,100,15381,4.356971153846154,0.007877448692967194,0.004567035366611766,0.010739601626146308
g1200,Gap_12_9mps,open_gap,500,1000,100,15381,4.457131410256411,0.007757812305460057,0.004416496583935036,0.010711862713391767
g1200,Gap_12_9mps,open_gap,500,1000,100,15381,4.557291666666667,0.0077168925309654005,0.00458169056450535,0.010777605430436876
g1200,Gap_12_9mps,open_gap,500,1000,100,15381,4.657451923076923,0.007745526642776135,0.004604611548358762,0.010732915990389672
g1200,Gap_12_9mps,open_gap,500,1000,100,15381,4.75761217948718,0.007745967679598007,0.004339804315948825,0.010601389585196618
g1200,Gap_12_9mps,open_gap,500,1000,100,15381,4.857772435897436,0.007726535884346088,0.0039082877731719265,0.010461662122413394
g1200,Gap_12_9mps,open_gap,500,1000,100,15381,4.9579326923076925,0.007744472866693655,0.004044612880816812,0.010179445374633835
g1200,Gap_12_9mps,open_gap,500,1000,100,15381,5.058092948717949,0.007831658497542807,0.004542250132074638,0.01000678950804827
g1200,Gap_12_9mps,open_gap,500,1000,100,15381,5.158253205128205,0.007947136559777877,0.0044033381906334775,0.009822414129473326
g1200,Gap_12_9mps,open_gap,500,1000,100,15381,5.258413461538462,0.007974613570881247,0.004389383276108888,0.009702615208602692
g1200,Gap_12_9mps,open_gap,500,1000,100,15381,5.358573717948718,0.007868120720386222,0.004284383372095223,0.009570190373923714
g1200,Gap_12_9mps,open_gap,500,1000,100,15381,5.4587339743589745,0.007724309639071817,0.004265252530886387,0.00986248076587368
g1200,Gap_12_9mps,open_gap,500,1000,100,15381,5.558894230769231,0.007616158270083821,0.004270157594238292,0.009728979629748646
g1200,Gap_12_9mps,open_gap,500,1000,100,15381,5.659054487179487,0.007525445926384728,0.004163596166230564,0.009493104895405547
g1200,Gap_12_9mps,open_gap,500,1000,100,15381,5.759214743589744,0.007418118851781663,0.004064907224913707,0.009480077582154271
g1200,Gap_12_9mps,open_gap,500,1000,100,15381,5.859375,0.007303091938041145,0.00396175963911294,0.009660212600960814
g1200,Gap_12_9mps,open_gap,500,1000,100,15381,5.959535256410256,0.007209740399988984,0.003927632367182318,0.009720998244087196
g1200,Gap_12_9mps,open_gap,500,1000,100,15381,6.059695512820513,0.007181001897688201,0.003715771199078669,0.009669501082166923
g1200,Gap_12_9mps,open_gap,500,1000,100,15381,6.159855769230769,0.0071988778605337825,0.003795164724297453,0.00983994764046732
g1200,Gap_12_9mps,open_gap,500,1000,100,15381,6.2600160256410255,0.007176059355106073,0.003710621397696175,0.009934891660353875
g1200,Gap_12_9mps,open_gap,500,1000,100,15381,6.360176282051282,0.007079626228604754,0.0036774216768305666,0.010065054979121793
g1200,Gap_12_9mps,open_gap,500,1000,100,15381,6.460336538461538,0.006864782903948867,0.003598697130327672,0.009903189796286313
g1200,Gap_12_9mps,open_gap,500,1000,100,15381,6.560496794871795,0.006527600800603123,0.0033113099952977033,0.009572726773549306
g1200,Gap_12_9mps,open_gap,500,1000,100,15381,6.660657051282051,0.006175492601866322,0.0028935976499681357,0.008983784840282928
g1200,Gap_12_9mps,open_gap,500,1000,100,15381,6.7608173076923075,0.005876383625809351,0.002795459562821001,0.008363470087724648
g1200,Gap_12_9mps,open_gap,500,1000,100,15381,6.860977564102564,0.005668927367319431,0.0025711578881553814,0.00823568942228294
g1200,Gap_12_9mps,open_gap,500,1000,100,15381,6.96113782051282,0.0055042333890434735,0.002512622041319685,0.008238904798046908
g1200,Gap_12_9mps,open_gap,500,1000,100,15381,7.061298076923077,0.005304818839563154,0.00230944774147895,0.00784724034617173
g1200,Gap_12_9mps,open_gap,500,1000,100,15381,7.161458333333333,0.005069739919332553,0.002045347281324735,0.007520959941429978
g1200,Gap_12_9mps,open_gap,500,1000,100,15381,7.261618589743589,0.004823389917970605,0.0016697625944664355,0.007021730015973865
g1200,Gap_12_9mps,open_gap,500,1000,100,15381,7.361778846153846,0.004613632361895525,0.0017103015615609447,0.0065204280235914075
g1200,Gap_12_9mps,open_gap,500,1000,100,15381,7.461939102564102,0.004488889264670054,0.0015604791508208248,0.006582658383074246
g1200,Gap_12_9mps,open_gap,500,1000,100,15381,7.562099358974359,0.004488498595819388,0.0017399178318183652,0.0066046556820683324
g1200,Gap_12_9mps,open_gap,500,1000,100,15381,7.662259615384615,0.00453383992113714,0.001631925830778105,0.006520484599453966
g1200,Gap_12_9mps,open_gap,500,1000,100,15381,7.762419871794871,0.004546019706569695,0.001691175246014765,0.00661900642554739
g1200,Gap_12_9mps,open_gap,500,1000,100,15381,7.862580128205129,0.004528385086347723,0.00154605865676461,0.006589214722612749
g1200,Gap_12_9mps,open_gap,500,1000,100,15381,7.962740384615385,0.004517887203298465,0.0015643491734493782,0.006449528972615167
g1200,Gap_12_9mps,open_gap,500,1000,100,15381,8.06290064102564,0.004500047102564432,0.0016288161447647062,0.006419047784974529
g1200,Gap_12_9mps,open_gap,500,1000,100,15381,8.163060897435898,0.004462755990291828,0.0018335408990293538,0.006695817888990917
g1200,Gap_12_9mps,open_gap,500,1000,100,15381,8.263221153846153,0.004385952941203366,0.0018040553381890908,0.006842870426589022
g1200,Gap_12_9mps,open_gap,500,1000,100,15381,8.36338141025641,0.004287841510137498,0.0016516650698506835,0.006312432187202623
g1200,Gap_12_9mps,open_gap,500,1000,100,15381,8.463541666666666,0.004183627931282239,0.0017973332398123405,0.005887734008368971
g1200,Gap_12_9mps,open_gap,500,1000,100,15381,8.563701923076923,0.004092044265275038,0.0016581782459958907,0.005935940340222416
g1200,Gap_12_9mps,open_gap,500,1000,100,15381,8.663862179487179,0.004010650049140199,0.0014018310894198447,0.0059445152219217865
g1200,Gap_12_9mps,open_gap,500,1000,100,15381,8.764022435897436,0.003927074589690132,0.0014394402664691453,0.005743898690133906
g1200,Gap_12_9mps,open_gap,500,1000,100,15381,8.864182692307692,0.003866763617716368,0.0011730108701950026,0.0057548196348163015
g1200,Gap_12_9mps,open_gap,500,1000,100,15381,8.964342948717949,0.0038314752421115678,0.001094688980946104,0.005610408789842389
g1200,Gap_12_9mps,open_gap,500,1000,100,15381,9.064503205128204,0.0038018019855441277,0.0011314924276639854,0.0057648860261412865
g1200,Gap_12_9mps,open_gap,500,1000,100,15381,9.164663461538462,0.003784934026002339,0.001076836636056672,0.00585895446176007
g1200,Gap_12_9mps,open_gap,500,1000,100,15381,9.264823717948717,0.003762392763300325,0.0012289647712392824,0.005691046643456687
g1200,Gap_12_9mps,open_gap,500,1000,100,15381,9.364983974358974,0.003744365031792685,0.0011690565728204325,0.0054806201248772226
g1200,Gap_12_9mps,open_gap,500,1000,100,15381,9.46514423076923,0.0037478872934184047,0.0010963156590948118,0.005297459654117748
g1200,Gap_12_9mps,open_gap,500,1000,100,15381,9.565304487179487,0.0037598441470053593,0.001085912545368365,0.005327493501543953
g1200,Gap_12_9mps,open_gap,500,1000,100,15381,9.665464743589743,0.00376058163152866,0.0010775921386784238,0.005246288887596443
g1200,Gap_12_9mps,open_gap,500,1000,100,15381,9.765625,0.0037556071656944575,0.0010246305954587343,0.005353655427333799
g1200,Gap_12_9mps,open_gap,500,1000,100,15381,9.865785256410257,0.0037806262902846843,0.0011087820123584745,0.0054616199064576555
g1200,Gap_12_9mps,open_gap,500,1000,100,15381,9.965945512820513,0.003853767712671571,0.001172545745120731,0.0055769264924842785
