case_alias,case_name,surface,ntwr,reference_towers,n_repeats,n_candidate_towers,z_over_h,mean_deviation,q25_deviation,q75_deviation
g1200,Gap_12_9mps,forested,1,1000,100,50155,0.05008012820512821,0.6389394811510294,0.31312676784485355,0.7491930842213947
g1200,Gap_12_9mps,forested,1,1000,100,50155,0.1502403846153846,0.7308974382087651,0.3184853421706622,0.8182107370035803
g1200,Gap_12_9mps,forested,1,1000,100,50155,0.250400641025641,0.5296186831457721,0.2515486163340838,0.7243014408693972
g1200,Gap_12_9mps,forested,1,1000,100,50155,0.3505608974358974,0.3798416090985496,0.20485597266043432,0.47539476163582006
g1200,Gap_12_9mps,forested,1,1000,100,50155,0.45072115384615385,0.2506898864418536,0.08511765508735204,0.34882267526338784
g1200,Gap_12_9mps,forested,1,1000,100,50155,0.5508814102564102,0.22831508730918287,0.06694967052986103,0.3179662513998643
g1200,Gap_12_9mps,forested,1,1000,100,50155,0.6510416666666666,0.21739752568397527,0.059257632430646585,0.3026836597992759
g1200,Gap_12_9mps,forested,1,1000,100,50155,0.7512019230769231,0.21235480680597832,0.06670775711912555,0.28124557903088165
g1200,Gap_12_9mps,forested,1,1000,100,50155,0.8513621794871795,0.2036980281013191,0.06794481016782947,0.27716907962436677
g1200,Gap_12_9mps,forested,1,1000,100,50155,0.9515224358974359,0.19760275009278958,0.06562289071673758,0.2753154063814577
g1200,Gap_12_9mps,forested,1,1000,100,50155,1.0516826923076923,0.19617037037449822,0.0750607308337787,0.28339202525363527
g1200,Gap_12_9mps,forested,1,1000,100,50155,1.1518429487179487,0.19942190772172608,0.07360445205155049,0.2924227497856282
g1200,Gap_12_9mps,forested,1,1000,100,50155,1.252003205128205,0.20336207368299258,0.07137099061651629,0.3053330052453549
g1200,Gap_12_9mps,forested,1,1000,100,50155,1.3521634615384615,0.20747283843306305,0.07984464610155365,0.31433620676631496
g1200,Gap_12_9mps,forested,1,1000,100,50155,1.4523237179487178,0.21089472538720147,0.08193338125678541,0.30931399489206
g1200,Gap_12_9mps,forested,1,1000,100,50155,1.5524839743589745,0.21339123219338452,0.07615981858642706,0.3082206836904733
g1200,Gap_12_9mps,forested,1,1000,100,50155,1.6526442307692308,0.2139372018213975,0.07957893958678686,0.3184700714276699
g1200,Gap_12_9mps,forested,1,1000,100,50155,1.7528044871794872,0.2119684796769154,0.07476704036441856,0.3165254890391161
g1200,Gap_12_9mps,forested,1,1000,100,50155,1.8529647435897436,0.20826836447039132,0.07387362502576542,0.3044008101971065
g1200,Gap_12_9mps,forested,1,1000,100,50155,1.953125,0.20345303458371095,0.0731842090010462,0.28896758884098567
g1200,Gap_12_9mps,forested,1,1000,100,50155,2.0532852564102564,0.1972102012904854,0.06934314936012588,0.2794335476056805
g1200,Gap_12_9mps,forested,1,1000,100,50155,2.1534455128205128,0.19189993215344903,0.07602004336904217,0.2634009923377453
g1200,Gap_12_9mps,forested,1,1000,100,50155,2.253605769230769,0.1881466294825219,0.07845629312954246,0.25410723148605446
g1200,Gap_12_9mps,forested,1,1000,100,50155,2.3537660256410255,0.1843839551221561,0.07803709375354581,0.24603155113065114
g1200,Gap_12_9mps,forested,1,1000,100,50155,2.453926282051282,0.1799368026835047,0.07637157495082104,0.23474321835020637
g1200,Gap_12_9mps,forested,1,1000,100,50155,2.5540865384615383,0.17587419833396223,0.07418755639127228,0.2351313894762533
g1200,Gap_12_9mps,forested,1,1000,100,50155,2.6542467948717947,0.1710401943193392,0.0713065216201501,0.23933360676614748
g1200,Gap_12_9mps,forested,1,1000,100,50155,2.754407051282051,0.16687485657285062,0.06567519027854152,0.23255298200413227
g1200,Gap_12_9mps,forested,1,1000,100,50155,2.8545673076923075,0.16328042887503702,0.05874030464600771,0.22118174216617237
g1200,Gap_12_9mps,forested,1,1000,100,50155,2.9547275641025643,0.16036033169313987,0.05870587418489449,0.21882584668814004
g1200,Gap_12_9mps,forested,1,1000,100,50155,3.0548878205128207,0.15754877462881253,0.05774961196527102,0.2202653795683494
g1200,Gap_12_9mps,forested,1,1000,100,50155,3.155048076923077,0.15536588342295288,0.05226162672330656,0.21996160657753863
g1200,Gap_12_9mps,forested,1,1000,100,50155,3.2552083333333335,0.1527055822333501,0.053688630881247645,0.21443928910968646
g1200,Gap_12_9mps,forested,1,1000,100,50155,3.35536858974359,0.14950027753154363,0.05598867806338292,0.20698721560583555
g1200,Gap_12_9mps,forested,1,1000,100,50155,3.4555288461538463,0.14737395505765322,0.05468995153692617,0.19849410635033093
g1200,Gap_12_9mps,forested,1,1000,100,50155,3.5556891025641026,0.1460253858033331,0.05429606569453067,0.19740969054278507
g1200,Gap_12_9mps,forested,1,1000,100,50155,3.655849358974359,0.14420545256429473,0.06470519416493367,0.1886552454409388
g1200,Gap_12_9mps,forested,1,1000,100,50155,3.7560096153846154,0.14267823115967046,0.06351468219247303,0.18999989685981206
g1200,Gap_12_9mps,forested,1,1000,100,50155,3.856169871794872,0.14161568120336804,0.06466579374957725,0.19602829273385386
g1200,Gap_12_9mps,forested,1,1000,100,50155,3.956330128205128,0.14121301732018135,0.06288377959387276,0.19079727596924415
g1200,Gap_12_9mps,forested,1,1000,100,50155,4.056490384615385,0.14068077584399694,0.06514071780742217,0.19709757102236156
g1200,Gap_12_9mps,forested,1,1000,100,50155,4.156650641025641,0.14080310164071994,0.06110112608376177,0.18743580288767075
g1200,Gap_12_9mps,forested,1,1000,100,50155,4.256810897435898,0.14101044860660594,0.057744913746589015,0.17942771257790704
g1200,Gap_12_9mps,forested,1,1000,100,50155,4.356971153846154,0.14183719373135856,0.06096331277288625,0.18436096957606138
g1200,Gap_12_9mps,forested,1,1000,100,50155,4.457131410256411,0.14212748292596938,0.06229689160305767,0.17908024261979308
g1200,Gap_12_9mps,forested,1,1000,100,50155,4.557291666666667,0.14222912853534753,0.06270982298990631,0.17648766808291194
g1200,Gap_12_9mps,forested,1,1000,100,50155,4.657451923076923,0.1416966523926676,0.06342447969369011,0.17311616473549699
g1200,Gap_12_9mps,forested,1,1000,100,50155,4.75761217948718,0.1407690574903846,0.06383446087378865,0.17330470198575695
g1200,Gap_12_9mps,forested,1,1000,100,50155,4.857772435897436,0.14023823965631038,0.06211404319238856,0.17713922055198597
g1200,Gap_12_9mps,forested,1,1000,100,50155,4.9579326923076925,0.14037562469166967,0.05961882998727474,0.18202021371444502
g1200,Gap_12_9mps,forested,1,1000,100,50155,5.058092948717949,0.14067712658416603,0.05789933598940914,0.1857261010733336
g1200,Gap_12_9mps,forested,1,1000,100,50155,5.158253205128205,0.1405747065449917,0.060276546645051006,0.1882740122899869
g1200,Gap_12_9mps,forested,1,1000,100,50155,5.258413461538462,0.1400558617178423,0.05490279176650118,0.19106649161730227
g1200,Gap_12_9mps,forested,1,1000,100,50155,5.358573717948718,0.139384785746421,0.056985678070317604,0.1940448862958075
g1200,Gap_12_9mps,forested,1,1000,100,50155,5.4587339743589745,0.13891519301541774,0.060275839133466666,0.19639885921490668
g1200,Gap_12_9mps,forested,1,1000,100,50155,5.558894230769231,0.13894135368156862,0.05739698224594401,0.1956817311847629
g1200,Gap_12_9mps,forested,1,1000,100,50155,5.659054487179487,0.1388223992115513,0.0517908599234241,0.19869919759506863
g1200,Gap_12_9mps,forested,1,1000,100,50155,5.759214743589744,0.1382249920822572,0.04622091160080441,0.20021343687745313
g1200,Gap_12_9mps,forested,1,1000,100,50155,5.859375,0.13759188648520285,0.04533055541018614,0.2084885780316197
g1200,Gap_12_9mps,forested,1,1000,100,50155,5.959535256410256,0.13719745859113602,0.045526072319116324,0.20557720694549586
g1200,Gap_12_9mps,forested,1,1000,100,50155,6.059695512820513,0.13731960725289588,0.049139190901701414,0.2017745323832636
g1200,Gap_12_9mps,forested,1,1000,100,50155,6.159855769230769,0.13794536335322038,0.05386781115915413,0.2017625775010264
g1200,Gap_12_9mps,forested,1,1000,100,50155,6.2600160256410255,0.13842802774717974,0.05765067546620499,0.1945096657256471
g1200,Gap_12_9mps,forested,1,1000,100,50155,6.360176282051282,0.13870465499557644,0.06077428070930363,0.18645381058642482
g1200,Gap_12_9mps,forested,1,1000,100,50155,6.460336538461538,0.13914271233558456,0.06710208055562575,0.18175893370155383
g1200,Gap_12_9mps,forested,1,1000,100,50155,6.560496794871795,0.13971850066572536,0.06895932540449157,0.17976067967957796
g1200,Gap_12_9mps,forested,1,1000,100,50155,6.660657051282051,0.1401898645946933,0.0712568007197354,0.18080101219837247
g1200,Gap_12_9mps,forested,1,1000,100,50155,6.7608173076923075,0.14046262142424357,0.07168965376858251,0.18305861176429433
g1200,Gap_12_9mps,forested,1,1000,100,50155,6.860977564102564,0.14046753443567866,0.07029861993105689,0.18400761715858238
g1200,Gap_12_9mps,forested,1,1000,100,50155,6.96113782051282,0.14007044981728659,0.06886619725104749,0.18726369084958358
g1200,Gap_12_9mps,forested,1,1000,100,50155,7.061298076923077,0.1395674073565428,0.06381068510975563,0.18528762448418984
g1200,Gap_12_9mps,forested,1,1000,100,50155,7.161458333333333,0.13914118439735393,0.060583344484863806,0.18098916960953887
g1200,Gap_12_9mps,forested,1,1000,100,50155,7.261618589743589,0.13892200659424078,0.05851844813404398,0.18500743018944776
g1200,Gap_12_9mps,forested,1,1000,100,50155,7.361778846153846,0.13871833814065812,0.0585522760775717,0.18935694270430686
g1200,Gap_12_9mps,forested,1,1000,100,50155,7.461939102564102,0.13877451691396142,0.060498486412719175,0.19398494500784177
g1200,Gap_12_9mps,forested,1,1000,100,50155,7.562099358974359,0.13932245756133452,0.0650548672896988,0.1971595664072064
g1200,Gap_12_9mps,forested,1,1000,100,50155,7.662259615384615,0.1402159074096239,0.06606684944560562,0.19639804153148707
g1200,Gap_12_9mps,forested,1,1000,100,50155,7.762419871794871,0.14132948971018153,0.06822717183993815,0.1973062692581589
g1200,Gap_12_9mps,forested,1,1000,100,50155,7.862580128205129,0.1423986380198799,0.06536695494861025,0.19819482597168925
g1200,Gap_12_9mps,forested,1,1000,100,50155,7.962740384615385,0.14308353679676653,0.06293910408159067,0.19708573620318998
g1200,Gap_12_9mps,forested,1,1000,100,50155,8.06290064102564,0.14322985178789543,0.06671121012407882,0.18996422832882495
g1200,Gap_12_9mps,forested,1,1000,100,50155,8.163060897435898,0.1433081080585516,0.0673971072997509,0.19077074586014983
g1200,Gap_12_9mps,forested,1,1000,100,50155,8.263221153846153,0.14336652512228912,0.06888642578997783,0.18917608880973075
g1200,Gap_12_9mps,forested,1,1000,100,50155,8.36338141025641,0.14348433135426214,0.06962036037446233,0.18886618407206626
g1200,Gap_12_9mps,forested,1,1000,100,50155,8.463541666666666,0.1435340924719627,0.06776350205112167,0.19143284454193482
g1200,Gap_12_9mps,forested,1,1000,100,50155,8.563701923076923,0.14375556765727893,0.06754879509280776,0.19206134159092947
g1200,Gap_12_9mps,forested,1,1000,100,50155,8.663862179487179,0.1442747473891239,0.06676285841128225,0.18754094493879403
g1200,Gap_12_9mps,forested,1,1000,100,50155,8.764022435897436,0.14480067419534134,0.06546007473025842,0.1866337557138454
g1200,Gap_12_9mps,forested,1,1000,100,50155,8.864182692307692,0.14504131679481982,0.06546144045199435,0.18660130091213284
g1200,Gap_12_9mps,forested,1,1000,100,50155,8.964342948717949,0.14509380219001256,0.06878257283644944,0.1882749548331617
g1200,Gap_12_9mps,forested,1,1000,100,50155,9.064503205128204,0.14540693729715837,0.06854727746209649,0.18975979049806052
g1200,Gap_12_9mps,forested,1,1000,100,50155,9.164663461538462,0.1463905245106865,0.07020425859936394,0.18843029526788288
g1200,Gap_12_9mps,forested,1,1000,100,50155,9.264823717948717,0.14768319587342574,0.0716260240569729,0.19067355094538507
g1200,Gap_12_9mps,forested,1,1000,100,50155,9.364983974358974,0.1487134757159506,0.07566134200794092,0.19327382558092776
g1200,Gap_12_9mps,forested,1,1000,100,50155,9.46514423076923,0.1493846941501337,0.07640544316723019,0.19717709500479855
g1200,Gap_12_9mps,forested,1,1000,100,50155,9.565304487179487,0.1500277295405362,0.07514330547347732,0.20009811672247022
g1200,Gap_12_9mps,forested,1,1000,100,50155,9.665464743589743,0.15087953265934048,0.06802569520819847,0.20338476826357446
g1200,Gap_12_9mps,forested,1,1000,100,50155,9.765625,0.15162913925410268,0.0671651326051875,0.20890617176416001
g1200,Gap_12_9mps,forested,1,1000,100,50155,9.865785256410257,0.1521985534048925,0.06722629086332307,0.20959637939629064
g1200,Gap_12_9mps,forested,1,1000,100,50155,9.965945512820513,0.1524488025284147,0.061794742607283445,0.205479369560824
g1200,Gap_12_9mps,forested,10,1000,100,50155,0.05008012820512821,0.33130249573282305,0.13886820658236254,0.439524594531395
g1200,Gap_12_9mps,forested,10,1000,100,50155,0.1502403846153846,0.3089490278684084,0.11749475467938722,0.4177043438654161
g1200,Gap_12_9mps,forested,10,1000,100,50155,0.250400641025641,0.5076888445710809,0.14507366179870962,0.5619996279989541
g1200,Gap_12_9mps,forested,10,1000,100,50155,0.3505608974358974,0.30936190709770134,0.09434340495798957,0.3337051369890964
g1200,Gap_12_9mps,forested,10,1000,100,50155,0.45072115384615385,0.11627438656487091,0.0383762811388893,0.16372754993624694
g1200,Gap_12_9mps,forested,10,1000,100,50155,0.5508814102564102,0.0690392929349522,0.027324096555590222,0.09820745930917711
g1200,Gap_12_9mps,forested,10,1000,100,50155,0.6510416666666666,0.06012690259263364,0.028743009630995294,0.0839496989698265
g1200,Gap_12_9mps,forested,10,1000,100,50155,0.7512019230769231,0.0571712160677916,0.022380403629842296,0.08480250984421817
g1200,Gap_12_9mps,forested,10,1000,100,50155,0.8513621794871795,0.05439063469236111,0.016717074323027388,0.07938261982562136
g1200,Gap_12_9mps,forested,10,1000,100,50155,0.9515224358974359,0.052275963562580866,0.015566867651603087,0.079820112011553
g1200,Gap_12_9mps,forested,10,1000,100,50155,1.0516826923076923,0.05202023042650214,0.017333744941087706,0.07628743900923543
g1200,Gap_12_9mps,forested,10,1000,100,50155,1.1518429487179487,0.05307091555232159,0.01861617078717335,0.07430371362444357
g1200,Gap_12_9mps,forested,10,1000,100,50155,1.252003205128205,0.054586615096453545,0.019354854351558825,0.07861273975584768
g1200,Gap_12_9mps,forested,10,1000,100,50155,1.3521634615384615,0.05531812858957594,0.023087521150852754,0.07933650486053266
g1200,Gap_12_9mps,forested,10,1000,100,50155,1.4523237179487178,0.05558800200668397,0.01755242395245033,0.08176400689409064
g1200,Gap_12_9mps,forested,10,1000,100,50155,1.5524839743589745,0.05526281485367379,0.02231139727043539,0.0832888415100656
g1200,Gap_12_9mps,forested,10,1000,100,50155,1.6526442307692308,0.05545942080764393,0.025791085695901435,0.08472374031444413
g1200,Gap_12_9mps,forested,10,1000,100,50155,1.7528044871794872,0.05567978565047265,0.02458445717298461,0.08016202184115488
g1200,Gap_12_9mps,forested,10,1000,100,50155,1.8529647435897436,0.05523314239898238,0.02279518955732208,0.07958338571171736
g1200,Gap_12_9mps,forested,10,1000,100,50155,1.953125,0.05437960198448305,0.024972597831388027,0.08046386014676278
g1200,Gap_12_9mps,forested,10,1000,100,50155,2.0532852564102564,0.05404124767285218,0.025042813925756552,0.07665398061929032
g1200,Gap_12_9mps,forested,10,1000,100,50155,2.1534455128205128,0.053467003307901974,0.02147846364040079,0.07714810224768306
g1200,Gap_12_9mps,forested,10,1000,100,50155,2.253605769230769,0.053146962251129366,0.023097791581378632,0.07595125616358653
g1200,Gap_12_9mps,forested,10,1000,100,50155,2.3537660256410255,0.05286267690425472,0.017734953523316235,0.07638327550450283
g1200,Gap_12_9mps,forested,10,1000,100,50155,2.453926282051282,0.05226362964828989,0.019174216511800443,0.07731415797194932
g1200,Gap_12_9mps,forested,10,1000,100,50155,2.5540865384615383,0.051563958982303336,0.017422722163447767,0.0778977226407542
g1200,Gap_12_9mps,forested,10,1000,100,50155,2.6542467948717947,0.05079554573303224,0.01799756432646315,0.0764646626165179
g1200,Gap_12_9mps,forested,10,1000,100,50155,2.754407051282051,0.04939617616414444,0.01526939549598739,0.0741796850505236
g1200,Gap_12_9mps,forested,10,1000,100,50155,2.8545673076923075,0.047504462990881985,0.012596646276038018,0.07177233647740719
g1200,Gap_12_9mps,forested,10,1000,100,50155,2.9547275641025643,0.04580560417119241,0.011988534184726628,0.068566426266753
g1200,Gap_12_9mps,forested,10,1000,100,50155,3.0548878205128207,0.044299798917909666,0.012038755609096157,0.0637855309042959
g1200,Gap_12_9mps,forested,10,1000,100,50155,3.155048076923077,0.04323434219114618,0.011781697331319823,0.06152514613107191
g1200,Gap_12_9mps,forested,10,1000,100,50155,3.2552083333333335,0.04233738167216601,0.014269467413508673,0.05750283599928285
g1200,Gap_12_9mps,forested,10,1000,100,50155,3.35536858974359,0.04140028022321949,0.015024902824192716,0.0551743106159536
g1200,Gap_12_9mps,forested,10,1000,100,50155,3.4555288461538463,0.04046377993218639,0.014981430788770626,0.056316970832920414
g1200,Gap_12_9mps,forested,10,1000,100,50155,3.5556891025641026,0.039375268944254124,0.016375382142881516,0.054711238216357067
g1200,Gap_12_9mps,forested,10,1000,100,50155,3.655849358974359,0.03821232152266754,0.013972160009188817,0.05226082115519113
g1200,Gap_12_9mps,forested,10,1000,100,50155,3.7560096153846154,0.037136389250221,0.013116453569761266,0.05222124998459977
g1200,Gap_12_9mps,forested,10,1000,100,50155,3.856169871794872,0.03636055556224868,0.012032249789398743,0.05165710274173279
g1200,Gap_12_9mps,forested,10,1000,100,50155,3.956330128205128,0.03594465430519564,0.013170879089982455,0.0515941936807778
g1200,Gap_12_9mps,forested,10,1000,100,50155,4.056490384615385,0.03576031569747443,0.012012752583353338,0.05129698169755664
g1200,Gap_12_9mps,forested,10,1000,100,50155,4.156650641025641,0.035523423101820745,0.010519063676591674,0.0520197897243907
g1200,Gap_12_9mps,forested,10,1000,100,50155,4.256810897435898,0.03511227932385548,0.010658479592842461,0.05178842508055193
g1200,Gap_12_9mps,forested,10,1000,100,50155,4.356971153846154,0.03483141572108595,0.010874138894434407,0.05060693704987128
g1200,Gap_12_9mps,forested,10,1000,100,50155,4.457131410256411,0.03489910474879225,0.011200313154606888,0.050934179777181135
g1200,Gap_12_9mps,forested,10,1000,100,50155,4.557291666666667,0.03509224711714278,0.012209355918500364,0.05126635410326375
g1200,Gap_12_9mps,forested,10,1000,100,50155,4.657451923076923,0.035324633739656205,0.012405509447649673,0.05186547849878273
g1200,Gap_12_9mps,forested,10,1000,100,50155,4.75761217948718,0.03559137090080789,0.012585544698335897,0.051751690583676124
g1200,Gap_12_9mps,forested,10,1000,100,50155,4.857772435897436,0.035913147222396996,0.013893651531196996,0.050152915613016526
g1200,Gap_12_9mps,forested,10,1000,100,50155,4.9579326923076925,0.03620912538207085,0.01499444117984926,0.05093825176252825
g1200,Gap_12_9mps,forested,10,1000,100,50155,5.058092948717949,0.03658969238412967,0.016291412017015637,0.0509340559052992
g1200,Gap_12_9mps,forested,10,1000,100,50155,5.158253205128205,0.03697236959286583,0.01801780845547238,0.05325540969089603
g1200,Gap_12_9mps,forested,10,1000,100,50155,5.258413461538462,0.03731762108373738,0.019004688149727094,0.05440201693327888
g1200,Gap_12_9mps,forested,10,1000,100,50155,5.358573717948718,0.0375920851281776,0.017325938918179528,0.056064204292743905
g1200,Gap_12_9mps,forested,10,1000,100,50155,5.4587339743589745,0.037797860319802944,0.018198204782645243,0.056437048124954384
g1200,Gap_12_9mps,forested,10,1000,100,50155,5.558894230769231,0.03794769597798736,0.017446093794677833,0.057705603686652555
g1200,Gap_12_9mps,forested,10,1000,100,50155,5.659054487179487,0.038102154711296965,0.01652203888394131,0.05959265952170337
g1200,Gap_12_9mps,forested,10,1000,100,50155,5.759214743589744,0.038414110232502546,0.015698456250806233,0.060560478431445915
g1200,Gap_12_9mps,forested,10,1000,100,50155,5.859375,0.03880870710246136,0.016227056096167862,0.059853283125488155
g1200,Gap_12_9mps,forested,10,1000,100,50155,5.959535256410256,0.03923483596995612,0.016669036761496676,0.060955314411267975
g1200,Gap_12_9mps,forested,10,1000,100,50155,6.059695512820513,0.03963513470101624,0.01568873835492393,0.06173536788743529
g1200,Gap_12_9mps,forested,10,1000,100,50155,6.159855769230769,0.03989599578249638,0.016923559017002907,0.06259351431978316
g1200,Gap_12_9mps,forested,10,1000,100,50155,6.2600160256410255,0.040056264922772596,0.014882431897162266,0.06256635567211054
g1200,Gap_12_9mps,forested,10,1000,100,50155,6.360176282051282,0.0403973991610012,0.017394303749097104,0.06229362266391389
g1200,Gap_12_9mps,forested,10,1000,100,50155,6.460336538461538,0.040859033708783965,0.016790350068793144,0.061651053032914946
g1200,Gap_12_9mps,forested,10,1000,100,50155,6.560496794871795,0.04128464533657887,0.01677026068426895,0.0631815957699799
g1200,Gap_12_9mps,forested,10,1000,100,50155,6.660657051282051,0.04162348318906615,0.017200395167314697,0.06255334330840337
g1200,Gap_12_9mps,forested,10,1000,100,50155,6.7608173076923075,0.04190296919463319,0.018280041304570314,0.062186709469300994
g1200,Gap_12_9mps,forested,10,1000,100,50155,6.860977564102564,0.04216526105090687,0.018725009374742235,0.06283648406443554
g1200,Gap_12_9mps,forested,10,1000,100,50155,6.96113782051282,0.04261684228686177,0.018450588477453074,0.06320319136141618
g1200,Gap_12_9mps,forested,10,1000,100,50155,7.061298076923077,0.043292848226502124,0.017776016200472044,0.06434796092499684
g1200,Gap_12_9mps,forested,10,1000,100,50155,7.161458333333333,0.043924851853469386,0.019074816010425103,0.06574698537293039
g1200,Gap_12_9mps,forested,10,1000,100,50155,7.261618589743589,0.04449334640306828,0.020834676733792704,0.06667064457912807
g1200,Gap_12_9mps,forested,10,1000,100,50155,7.361778846153846,0.04499497831345169,0.02174659321434223,0.06438695847840667
g1200,Gap_12_9mps,forested,10,1000,100,50155,7.461939102564102,0.04540365677245254,0.02166246926142787,0.06412214322534004
g1200,Gap_12_9mps,forested,10,1000,100,50155,7.562099358974359,0.045768008599530896,0.023409315381618927,0.06491695018038313
g1200,Gap_12_9mps,forested,10,1000,100,50155,7.662259615384615,0.04610043354342496,0.023174839766741877,0.06513702938789884
g1200,Gap_12_9mps,forested,10,1000,100,50155,7.762419871794871,0.04638066667007382,0.023852471228783236,0.06525196722013811
g1200,Gap_12_9mps,forested,10,1000,100,50155,7.862580128205129,0.0467353973201994,0.02424308390676545,0.06639453743762076
g1200,Gap_12_9mps,forested,10,1000,100,50155,7.962740384615385,0.047256238239645885,0.023105450164700617,0.06745770768588505
g1200,Gap_12_9mps,forested,10,1000,100,50155,8.06290064102564,0.047844344828437954,0.024485994039161053,0.06940505647042722
g1200,Gap_12_9mps,forested,10,1000,100,50155,8.163060897435898,0.04841772215550232,0.02451042348441244,0.0698969583711802
g1200,Gap_12_9mps,forested,10,1000,100,50155,8.263221153846153,0.049013899473189654,0.024364310584735014,0.06946510683909413
g1200,Gap_12_9mps,forested,10,1000,100,50155,8.36338141025641,0.04958633444671223,0.024325862024888293,0.06986001346533595
g1200,Gap_12_9mps,forested,10,1000,100,50155,8.463541666666666,0.05006836343337796,0.023100631823097885,0.07052902561692945
g1200,Gap_12_9mps,forested,10,1000,100,50155,8.563701923076923,0.05045772688183794,0.023992816624273817,0.0714044720594583
g1200,Gap_12_9mps,forested,10,1000,100,50155,8.663862179487179,0.05073998156523341,0.024231125507375877,0.07214567109902174
g1200,Gap_12_9mps,forested,10,1000,100,50155,8.764022435897436,0.0509290040187238,0.02452172223303041,0.07163828890846294
g1200,Gap_12_9mps,forested,10,1000,100,50155,8.864182692307692,0.051095308715450996,0.02518176649248842,0.07098684770710359
g1200,Gap_12_9mps,forested,10,1000,100,50155,8.964342948717949,0.051160058464334794,0.026058018694502354,0.0696728532365523
g1200,Gap_12_9mps,forested,10,1000,100,50155,9.064503205128204,0.05114937915997147,0.026342021328546242,0.06897798429681153
g1200,Gap_12_9mps,forested,10,1000,100,50155,9.164663461538462,0.05129939792904891,0.026826245328761794,0.07049754477603777
g1200,Gap_12_9mps,forested,10,1000,100,50155,9.264823717948717,0.051564237234156346,0.027214211584781045,0.07155777883229338
g1200,Gap_12_9mps,forested,10,1000,100,50155,9.364983974358974,0.051741194612878225,0.027708930440721598,0.07253851587108841
g1200,Gap_12_9mps,forested,10,1000,100,50155,9.46514423076923,0.0518783512078035,0.026926689494153794,0.07412208569005205
g1200,Gap_12_9mps,forested,10,1000,100,50155,9.565304487179487,0.05196981030371551,0.02537789388780396,0.07765184759581364
g1200,Gap_12_9mps,forested,10,1000,100,50155,9.665464743589743,0.05208004350616316,0.02534504071668398,0.07996980779617505
g1200,Gap_12_9mps,forested,10,1000,100,50155,9.765625,0.05226744456099675,0.02491809454936804,0.08025600598897666
g1200,Gap_12_9mps,forested,10,1000,100,50155,9.865785256410257,0.05252862052021051,0.02498025602934107,0.07987897377723352
g1200,Gap_12_9mps,forested,10,1000,100,50155,9.965945512820513,0.052743444116460966,0.025331518066123243,0.07945597486417517
g1200,Gap_12_9mps,forested,50,1000,100,50155,0.05008012820512821,0.17079854246224754,0.07910827001108953,0.24154204573434973
g1200,Gap_12_9mps,forested,50,1000,100,50155,0.1502403846153846,0.15016153479675298,0.051739852745784354,0.21458050488462682
g1200,Gap_12_9mps,forested,50,1000,100,50155,0.250400641025641,0.22522396496425057,0.08187003074878062,0.2641024141657762
g1200,Gap_12_9mps,forested,50,1000,100,50155,0.3505608974358974,0.13721208501149681,0.04764413196069556,0.16858772847321296
g1200,Gap_12_9mps,forested,50,1000,100,50155,0.45072115384615385,0.05875767980762548,0.019092379317027296,0.08285190317804994
g1200,Gap_12_9mps,forested,50,1000,100,50155,0.5508814102564102,0.04055487168218766,0.019147617675684542,0.054499644114711754
g1200,Gap_12_9mps,forested,50,1000,100,50155,0.6510416666666666,0.035354239705319826,0.013653881124809822,0.04713268547941256
g1200,Gap_12_9mps,forested,50,1000,100,50155,0.7512019230769231,0.0341039269892056,0.01509827644755183,0.04626434937476938
g1200,Gap_12_9mps,forested,50,1000,100,50155,0.8513621794871795,0.03276635200303017,0.013281837470234623,0.045656712561632354
g1200,Gap_12_9mps,forested,50,1000,100,50155,0.9515224358974359,0.03208397724634811,0.011868545941643714,0.04528762567421771
g1200,Gap_12_9mps,forested,50,1000,100,50155,1.0516826923076923,0.033022903530144,0.012977862955883525,0.046250081978238045
g1200,Gap_12_9mps,forested,50,1000,100,50155,1.1518429487179487,0.034375310788011516,0.01613889537602159,0.04989140365892356
g1200,Gap_12_9mps,forested,50,1000,100,50155,1.252003205128205,0.03550444653344868,0.015448473034478685,0.04991074212108381
g1200,Gap_12_9mps,forested,50,1000,100,50155,1.3521634615384615,0.035962208882481216,0.016107087439503242,0.05334389501414571
g1200,Gap_12_9mps,forested,50,1000,100,50155,1.4523237179487178,0.03579053661236378,0.014872193488184294,0.053751392907476936
g1200,Gap_12_9mps,forested,50,1000,100,50155,1.5524839743589745,0.03533249102017387,0.014051882305212074,0.05009202891378841
g1200,Gap_12_9mps,forested,50,1000,100,50155,1.6526442307692308,0.034484662735444704,0.013641258881873938,0.0475797612304616
g1200,Gap_12_9mps,forested,50,1000,100,50155,1.7528044871794872,0.03330146209133763,0.011700345114613231,0.048983261460194064
g1200,Gap_12_9mps,forested,50,1000,100,50155,1.8529647435897436,0.032547748727583876,0.011636512816726473,0.04720273238313927
g1200,Gap_12_9mps,forested,50,1000,100,50155,1.953125,0.03193118842663949,0.013682660742845867,0.04452345245912795
g1200,Gap_12_9mps,forested,50,1000,100,50155,2.0532852564102564,0.03130981971438289,0.012188918210103575,0.04286558255200935
g1200,Gap_12_9mps,forested,50,1000,100,50155,2.1534455128205128,0.03063384052110707,0.011407208781863687,0.04219736604466289
g1200,Gap_12_9mps,forested,50,1000,100,50155,2.253605769230769,0.03007167726895339,0.011818944247096059,0.043115012659742276
g1200,Gap_12_9mps,forested,50,1000,100,50155,2.3537660256410255,0.029500550827304933,0.012896617186476025,0.0433499178274305
g1200,Gap_12_9mps,forested,50,1000,100,50155,2.453926282051282,0.028740572887209184,0.011665840320254353,0.04343663106010686
g1200,Gap_12_9mps,forested,50,1000,100,50155,2.5540865384615383,0.02784365236704754,0.011749601502050868,0.042003849651312944
g1200,Gap_12_9mps,forested,50,1000,100,50155,2.6542467948717947,0.026977245755713114,0.01153376663096587,0.03937670550331701
g1200,Gap_12_9mps,forested,50,1000,100,50155,2.754407051282051,0.026061089271796897,0.010286422058079212,0.039254826400681446
g1200,Gap_12_9mps,forested,50,1000,100,50155,2.8545673076923075,0.025147039971030457,0.008168395330836043,0.03910454459150056
g1200,Gap_12_9mps,forested,50,1000,100,50155,2.9547275641025643,0.024156315842161113,0.007694866698715103,0.035728891759735135
g1200,Gap_12_9mps,forested,50,1000,100,50155,3.0548878205128207,0.023162119262121833,0.0072426219319624285,0.03555790420973313
g1200,Gap_12_9mps,forested,50,1000,100,50155,3.155048076923077,0.022391682852001268,0.006700609425957746,0.03425378900540586
g1200,Gap_12_9mps,forested,50,1000,100,50155,3.2552083333333335,0.021781019692690008,0.007607012771501319,0.03241117368725398
g1200,Gap_12_9mps,forested,50,1000,100,50155,3.35536858974359,0.021297636061703193,0.008161502917332687,0.03182969262976288
g1200,Gap_12_9mps,forested,50,1000,100,50155,3.4555288461538463,0.020931118987777008,0.009029390770138389,0.030858716190725888
g1200,Gap_12_9mps,forested,50,1000,100,50155,3.5556891025641026,0.02048318786289847,0.008452320198235727,0.03072336555896439
g1200,Gap_12_9mps,forested,50,1000,100,50155,3.655849358974359,0.019948642581632474,0.007597142912460916,0.027738307524471012
g1200,Gap_12_9mps,forested,50,1000,100,50155,3.7560096153846154,0.01937841218297149,0.008474089492209272,0.026328482949997744
g1200,Gap_12_9mps,forested,50,1000,100,50155,3.856169871794872,0.01896592931716465,0.007673200310094634,0.026223216391056424
g1200,Gap_12_9mps,forested,50,1000,100,50155,3.956330128205128,0.01873254474300049,0.008425732670598027,0.026030412509613948
g1200,Gap_12_9mps,forested,50,1000,100,50155,4.056490384615385,0.01859347601416593,0.008405860588911648,0.025929660706954637
g1200,Gap_12_9mps,forested,50,1000,100,50155,4.156650641025641,0.018621970215414993,0.00819316847514756,0.02639008841254041
g1200,Gap_12_9mps,forested,50,1000,100,50155,4.256810897435898,0.018787509900565304,0.007826798812545515,0.026742547840142895
g1200,Gap_12_9mps,forested,50,1000,100,50155,4.356971153846154,0.018934625646420702,0.007864090783059677,0.026173908814400192
g1200,Gap_12_9mps,forested,50,1000,100,50155,4.457131410256411,0.019051617405761494,0.008087084454074705,0.027172198128641967
g1200,Gap_12_9mps,forested,50,1000,100,50155,4.557291666666667,0.019053402820106966,0.007430089811555507,0.02745066962020312
g1200,Gap_12_9mps,forested,50,1000,100,50155,4.657451923076923,0.018987898199519543,0.006967463796590343,0.027563516167024682
g1200,Gap_12_9mps,forested,50,1000,100,50155,4.75761217948718,0.018960138169681586,0.007141080009645239,0.027089455303437638
g1200,Gap_12_9mps,forested,50,1000,100,50155,4.857772435897436,0.01900115695641991,0.007852438124814861,0.026523793344954805
g1200,Gap_12_9mps,forested,50,1000,100,50155,4.9579326923076925,0.01910100125921715,0.008137899099226152,0.02575752853068243
g1200,Gap_12_9mps,forested,50,1000,100,50155,5.058092948717949,0.01926666898504643,0.008328473360687401,0.025363929390775315
g1200,Gap_12_9mps,forested,50,1000,100,50155,5.158253205128205,0.019476078034627566,0.00843145998854737,0.025232395960824033
g1200,Gap_12_9mps,forested,50,1000,100,50155,5.258413461538462,0.019697334083412493,0.008625116345992032,0.025225941988821516
g1200,Gap_12_9mps,forested,50,1000,100,50155,5.358573717948718,0.019916133842585105,0.0092942912330597,0.026275821449547446
g1200,Gap_12_9mps,forested,50,1000,100,50155,5.4587339743589745,0.02016316823236406,0.009258875857655703,0.02651475235775834
g1200,Gap_12_9mps,forested,50,1000,100,50155,5.558894230769231,0.02040834226128633,0.009332622744809813,0.02563291551953043
g1200,Gap_12_9mps,forested,50,1000,100,50155,5.659054487179487,0.020663788857261885,0.008863262434691183,0.02656695841520604
g1200,Gap_12_9mps,forested,50,1000,100,50155,5.759214743589744,0.02089521569083747,0.008479266145203323,0.02839174486058887
g1200,Gap_12_9mps,forested,50,1000,100,50155,5.859375,0.02107967000307645,0.008429621285107151,0.028848424045259165
g1200,Gap_12_9mps,forested,50,1000,100,50155,5.959535256410256,0.021253245504048893,0.007958272665905378,0.029776160806999328
g1200,Gap_12_9mps,forested,50,1000,100,50155,6.059695512820513,0.021411498647707895,0.007789164682902479,0.02884032426392088
g1200,Gap_12_9mps,forested,50,1000,100,50155,6.159855769230769,0.021592248964213575,0.008118771734842555,0.028224951695715733
g1200,Gap_12_9mps,forested,50,1000,100,50155,6.2600160256410255,0.021800018286833322,0.008356234219690941,0.028293189788943084
g1200,Gap_12_9mps,forested,50,1000,100,50155,6.360176282051282,0.022060374875540783,0.008385699059457867,0.029262489537146035
g1200,Gap_12_9mps,forested,50,1000,100,50155,6.460336538461538,0.02239339876486831,0.008714610201151834,0.03031900793597917
g1200,Gap_12_9mps,forested,50,1000,100,50155,6.560496794871795,0.02277318437125868,0.008812478722105235,0.031075887916249247
g1200,Gap_12_9mps,forested,50,1000,100,50155,6.660657051282051,0.023159780208448492,0.009177580886932584,0.0318529326801099
g1200,Gap_12_9mps,forested,50,1000,100,50155,6.7608173076923075,0.023563570104941586,0.0089277749815087,0.03217376101465116
g1200,Gap_12_9mps,forested,50,1000,100,50155,6.860977564102564,0.023955077384900703,0.009411888854080157,0.03310590641892217
g1200,Gap_12_9mps,forested,50,1000,100,50155,6.96113782051282,0.024320957944622204,0.009773615488655608,0.03265344223891276
g1200,Gap_12_9mps,forested,50,1000,100,50155,7.061298076923077,0.024624125758972427,0.009388581425443708,0.03276696843013051
g1200,Gap_12_9mps,forested,50,1000,100,50155,7.161458333333333,0.024810297378673,0.009393110525037576,0.03317584792323924
g1200,Gap_12_9mps,forested,50,1000,100,50155,7.261618589743589,0.024911621552856908,0.008895868802261503,0.0343673325311875
g1200,Gap_12_9mps,forested,50,1000,100,50155,7.361778846153846,0.024976219362020425,0.008589643428471199,0.03522302724754676
g1200,Gap_12_9mps,forested,50,1000,100,50155,7.461939102564102,0.02501867557178889,0.008551404251156582,0.03597990361587777
g1200,Gap_12_9mps,forested,50,1000,100,50155,7.562099358974359,0.025032674369478553,0.008582254823492343,0.036566452793517695
g1200,Gap_12_9mps,forested,50,1000,100,50155,7.662259615384615,0.02505627492316537,0.008805462803362996,0.03667407619750271
g1200,Gap_12_9mps,forested,50,1000,100,50155,7.762419871794871,0.025093497164512493,0.009530445502213407,0.03598529202524112
g1200,Gap_12_9mps,forested,50,1000,100,50155,7.862580128205129,0.02510983799825165,0.009974354991736639,0.03568828513394414
g1200,Gap_12_9mps,forested,50,1000,100,50155,7.962740384615385,0.0250753126872462,0.01005665428790694,0.035712717144442296
g1200,Gap_12_9mps,forested,50,1000,100,50155,8.06290064102564,0.025024487014820015,0.009870243630140274,0.035394035426733444
g1200,Gap_12_9mps,forested,50,1000,100,50155,8.163060897435898,0.02498430772132538,0.010136059390220376,0.0349528283074643
g1200,Gap_12_9mps,forested,50,1000,100,50155,8.263221153846153,0.024943876662268615,0.010104394062508524,0.03533714864061707
g1200,Gap_12_9mps,forested,50,1000,100,50155,8.36338141025641,0.02483775966502301,0.009587819250644341,0.03560618970492498
g1200,Gap_12_9mps,forested,50,1000,100,50155,8.463541666666666,0.024676699264315708,0.009716267191868567,0.0340203257435546
g1200,Gap_12_9mps,forested,50,1000,100,50155,8.563701923076923,0.024488412455711935,0.009459791673447956,0.03355897559044546
g1200,Gap_12_9mps,forested,50,1000,100,50155,8.663862179487179,0.024286062778479948,0.009364174378259638,0.03331846789735964
g1200,Gap_12_9mps,forested,50,1000,100,50155,8.764022435897436,0.024076053559028768,0.00940564758956364,0.032299738804005024
g1200,Gap_12_9mps,forested,50,1000,100,50155,8.864182692307692,0.023894433580813734,0.009637560420506196,0.031332636607738606
g1200,Gap_12_9mps,forested,50,1000,100,50155,8.964342948717949,0.023753474613279348,0.00973774011468041,0.031232459740803513
g1200,Gap_12_9mps,forested,50,1000,100,50155,9.064503205128204,0.02362724765212973,0.010090426922943263,0.030923436251518985
g1200,Gap_12_9mps,forested,50,1000,100,50155,9.164663461538462,0.023514153067280857,0.009777926257483015,0.030319016075702046
g1200,Gap_12_9mps,forested,50,1000,100,50155,9.264823717948717,0.023429525862861036,0.00940070819453136,0.02984588378888723
g1200,Gap_12_9mps,forested,50,1000,100,50155,9.364983974358974,0.02339371901649594,0.008962034286886508,0.02995780276197901
g1200,Gap_12_9mps,forested,50,1000,100,50155,9.46514423076923,0.023406353806906265,0.008779596773914907,0.03058504455458881
g1200,Gap_12_9mps,forested,50,1000,100,50155,9.565304487179487,0.023474990519117788,0.009015621292534292,0.03128750905787101
g1200,Gap_12_9mps,forested,50,1000,100,50155,9.665464743589743,0.02356485270345293,0.008825695915816598,0.03157902333392048
g1200,Gap_12_9mps,forested,50,1000,100,50155,9.765625,0.023635480401561212,0.008839031271080914,0.031985018693107416
g1200,Gap_12_9mps,forested,50,1000,100,50155,9.865785256410257,0.023691060528777626,0.00925762356313924,0.03250028593962242
g1200,Gap_12_9mps,forested,50,1000,100,50155,9.965945512820513,0.023736448928218027,0.009295299392167495,0.03345545879921821
g1200,Gap_12_9mps,forested,100,1000,100,50155,0.05008012820512821,0.13160727641346756,0.065890096362966,0.18263843509187727
g1200,Gap_12_9mps,forested,100,1000,100,50155,0.1502403846153846,0.10766983115664291,0.04922472405223402,0.14905052760211535
g1200,Gap_12_9mps,forested,100,1000,100,50155,0.250400641025641,0.17731168584920265,0.0691100516347289,0.23181874565025284
g1200,Gap_12_9mps,forested,100,1000,100,50155,0.3505608974358974,0.10477210036798551,0.04486096848139708,0.1417773988843414
g1200,Gap_12_9mps,forested,100,1000,100,50155,0.45072115384615385,0.04140328435257034,0.018492422969984455,0.06003971890472372
g1200,Gap_12_9mps,forested,100,1000,100,50155,0.5508814102564102,0.025255892873105243,0.009587877293770522,0.03704460954961865
g1200,Gap_12_9mps,forested,100,1000,100,50155,0.6510416666666666,0.021474045963575335,0.010169968879890814,0.028161554267868344
g1200,Gap_12_9mps,forested,100,1000,100,50155,0.7512019230769231,0.020133214822758462,0.007423985505418652,0.027306703828848988
g1200,Gap_12_9mps,forested,100,1000,100,50155,0.8513621794871795,0.019566440853219957,0.007413593703236215,0.02552324140215011
g1200,Gap_12_9mps,forested,100,1000,100,50155,0.9515224358974359,0.019434230479373874,0.008511438047486719,0.02628906075515558
g1200,Gap_12_9mps,forested,100,1000,100,50155,1.0516826923076923,0.019692350154239993,0.008512339502348944,0.029123631234102165
g1200,Gap_12_9mps,forested,100,1000,100,50155,1.1518429487179487,0.020401453546772457,0.008827652403420172,0.029458476676645085
g1200,Gap_12_9mps,forested,100,1000,100,50155,1.252003205128205,0.02093704032418047,0.009467026591726744,0.02940131585535934
g1200,Gap_12_9mps,forested,100,1000,100,50155,1.3521634615384615,0.021140889498140192,0.007778667682758618,0.03026979865699333
g1200,Gap_12_9mps,forested,100,1000,100,50155,1.4523237179487178,0.021244626573517143,0.006836362312794721,0.030804909564859425
g1200,Gap_12_9mps,forested,100,1000,100,50155,1.5524839743589745,0.02112263209363171,0.00882350334008039,0.030086364969112645
g1200,Gap_12_9mps,forested,100,1000,100,50155,1.6526442307692308,0.020681128083672486,0.00917514165814529,0.029786534139772385
g1200,Gap_12_9mps,forested,100,1000,100,50155,1.7528044871794872,0.020173385440252826,0.009479258823594825,0.02887372875623716
g1200,Gap_12_9mps,forested,100,1000,100,50155,1.8529647435897436,0.019522011068113795,0.008404493041439953,0.027285927369799744
g1200,Gap_12_9mps,forested,100,1000,100,50155,1.953125,0.018795086981537965,0.007663662064694705,0.025437226172236784
g1200,Gap_12_9mps,forested,100,1000,100,50155,2.0532852564102564,0.018175028961766797,0.007105717018887684,0.025074917542803582
g1200,Gap_12_9mps,forested,100,1000,100,50155,2.1534455128205128,0.01764410508133972,0.00674977436587003,0.025013629725053783
g1200,Gap_12_9mps,forested,100,1000,100,50155,2.253605769230769,0.017119255131786536,0.006842199682107368,0.023890582085998632
g1200,Gap_12_9mps,forested,100,1000,100,50155,2.3537660256410255,0.01673969481977877,0.006764586220567338,0.022964982586412528
g1200,Gap_12_9mps,forested,100,1000,100,50155,2.453926282051282,0.016512775555025366,0.007388881639777087,0.022637040465758266
g1200,Gap_12_9mps,forested,100,1000,100,50155,2.5540865384615383,0.016325324765513776,0.007124210023511232,0.02168608694554542
g1200,Gap_12_9mps,forested,100,1000,100,50155,2.6542467948717947,0.01605559545499313,0.005803995344813742,0.02126121250291303
g1200,Gap_12_9mps,forested,100,1000,100,50155,2.754407051282051,0.015712971279874765,0.006095640879409275,0.02138683847400242
g1200,Gap_12_9mps,forested,100,1000,100,50155,2.8545673076923075,0.01541375260182771,0.006161519949425805,0.02056412957524684
g1200,Gap_12_9mps,forested,100,1000,100,50155,2.9547275641025643,0.01496643882181068,0.0060831886769324274,0.019593661069250635
g1200,Gap_12_9mps,forested,100,1000,100,50155,3.0548878205128207,0.014519092407599193,0.005193027857330738,0.020169613571419043
g1200,Gap_12_9mps,forested,100,1000,100,50155,3.155048076923077,0.013955588950732657,0.0051784523905919625,0.01959848309488405
g1200,Gap_12_9mps,forested,100,1000,100,50155,3.2552083333333335,0.013403069450588985,0.005232502985177291,0.018608007567473987
g1200,Gap_12_9mps,forested,100,1000,100,50155,3.35536858974359,0.012995821931192477,0.004496789801702229,0.01736933194889637
g1200,Gap_12_9mps,forested,100,1000,100,50155,3.4555288461538463,0.012663058157943446,0.004314978318295255,0.016758151350180918
g1200,Gap_12_9mps,forested,100,1000,100,50155,3.5556891025641026,0.012510111466031237,0.005122695157242294,0.016682271449839303
g1200,Gap_12_9mps,forested,100,1000,100,50155,3.655849358974359,0.012332025805760904,0.005286572738263736,0.016921168175444323
g1200,Gap_12_9mps,forested,100,1000,100,50155,3.7560096153846154,0.012126333450514181,0.005680801627855601,0.016851276510352668
g1200,Gap_12_9mps,forested,100,1000,100,50155,3.856169871794872,0.011932034409533056,0.005297275322749201,0.01702678603530992
g1200,Gap_12_9mps,forested,100,1000,100,50155,3.956330128205128,0.011758032146476883,0.004803200757080765,0.017343640690536302
g1200,Gap_12_9mps,forested,100,1000,100,50155,4.056490384615385,0.011636000510592928,0.004827553803936077,0.017281969242043168
g1200,Gap_12_9mps,forested,100,1000,100,50155,4.156650641025641,0.011606009476460986,0.004752884475779227,0.017425864947500008
g1200,Gap_12_9mps,forested,100,1000,100,50155,4.256810897435898,0.011607057411632215,0.004670686084319002,0.016894221721105905
g1200,Gap_12_9mps,forested,100,1000,100,50155,4.356971153846154,0.01161908721971114,0.0046426429608517235,0.017481553588913845
g1200,Gap_12_9mps,forested,100,1000,100,50155,4.457131410256411,0.011581112696399063,0.004750960635571086,0.0173331538595599
g1200,Gap_12_9mps,forested,100,1000,100,50155,4.557291666666667,0.011572161622618088,0.004488466587977963,0.01743858064803148
g1200,Gap_12_9mps,forested,100,1000,100,50155,4.657451923076923,0.01159560123065203,0.00435947980875068,0.017630302627623228
g1200,Gap_12_9mps,forested,100,1000,100,50155,4.75761217948718,0.011671115250379812,0.004241488308388252,0.017779768589999266
g1200,Gap_12_9mps,forested,100,1000,100,50155,4.857772435897436,0.011775574228665986,0.004663262548306773,0.01739826239099665
g1200,Gap_12_9mps,forested,100,1000,100,50155,4.9579326923076925,0.011904178630014821,0.004181832585558311,0.0172453539763376
g1200,Gap_12_9mps,forested,100,1000,100,50155,5.058092948717949,0.012043097270043985,0.004382652666978626,0.0177903649746269
g1200,Gap_12_9mps,forested,100,1000,100,50155,5.158253205128205,0.012214796833744972,0.004265249014647664,0.018494890993763717
g1200,Gap_12_9mps,forested,100,1000,100,50155,5.258413461538462,0.012448402853650406,0.004329508180910736,0.01911462263986899
g1200,Gap_12_9mps,forested,100,1000,100,50155,5.358573717948718,0.01270785311322459,0.004449087972835647,0.019491762592447028
g1200,Gap_12_9mps,forested,100,1000,100,50155,5.4587339743589745,0.012984221919966342,0.004583241594587196,0.020547588255573804
g1200,Gap_12_9mps,forested,100,1000,100,50155,5.558894230769231,0.013296149073048037,0.004921394851279128,0.020764402427118692
g1200,Gap_12_9mps,forested,100,1000,100,50155,5.659054487179487,0.01359669903021305,0.005435709218376063,0.020932604219821394
g1200,Gap_12_9mps,forested,100,1000,100,50155,5.759214743589744,0.013843918445384623,0.005310936286009901,0.021091434392378074
g1200,Gap_12_9mps,forested,100,1000,100,50155,5.859375,0.014063703125135545,0.005720639065772328,0.02143388887558553
g1200,Gap_12_9mps,forested,100,1000,100,50155,5.959535256410256,0.014275042744477127,0.005417476268951252,0.02214267538414496
g1200,Gap_12_9mps,forested,100,1000,100,50155,6.059695512820513,0.014452489695299896,0.005341639709456766,0.022256224167044605
g1200,Gap_12_9mps,forested,100,1000,100,50155,6.159855769230769,0.014575687655322123,0.00495688679424061,0.022326917513928363
g1200,Gap_12_9mps,forested,100,1000,100,50155,6.2600160256410255,0.0147011348261102,0.005372666464327259,0.022437572503806236
g1200,Gap_12_9mps,forested,100,1000,100,50155,6.360176282051282,0.014808792001580562,0.005136746438484309,0.022895868048565863
g1200,Gap_12_9mps,forested,100,1000,100,50155,6.460336538461538,0.014954016926005072,0.005148955870530882,0.022857303127215647
g1200,Gap_12_9mps,forested,100,1000,100,50155,6.560496794871795,0.015181218577920635,0.0052753219798805815,0.023181495548767545
g1200,Gap_12_9mps,forested,100,1000,100,50155,6.660657051282051,0.015420011951487754,0.005094255004158291,0.02294381213770638
g1200,Gap_12_9mps,forested,100,1000,100,50155,6.7608173076923075,0.015639631880484214,0.005159273234673635,0.023124943886494425
g1200,Gap_12_9mps,forested,100,1000,100,50155,6.860977564102564,0.015791709902194254,0.0058729597064391716,0.023002709363025127
g1200,Gap_12_9mps,forested,100,1000,100,50155,6.96113782051282,0.015892408980546956,0.006235427151871646,0.023625209231813712
g1200,Gap_12_9mps,forested,100,1000,100,50155,7.061298076923077,0.015957756925951975,0.006745280792750646,0.023901121757047613
g1200,Gap_12_9mps,forested,100,1000,100,50155,7.161458333333333,0.016017599580673506,0.007298003141032232,0.02399716529938323
g1200,Gap_12_9mps,forested,100,1000,100,50155,7.261618589743589,0.016100823417914675,0.007870459510575384,0.024455410500619217
g1200,Gap_12_9mps,forested,100,1000,100,50155,7.361778846153846,0.01621911625911065,0.007761288913343486,0.024544914541936545
g1200,Gap_12_9mps,forested,100,1000,100,50155,7.461939102564102,0.01633988513969846,0.007644722795400399,0.02435712008946435
g1200,Gap_12_9mps,forested,100,1000,100,50155,7.562099358974359,0.016416488104848866,0.007393536863048705,0.0242239843873284
g1200,Gap_12_9mps,forested,100,1000,100,50155,7.662259615384615,0.016488525714516537,0.007027633422258261,0.02497242685390217
g1200,Gap_12_9mps,forested,100,1000,100,50155,7.762419871794871,0.016531637049706095,0.007444956452526531,0.02482983715502328
g1200,Gap_12_9mps,forested,100,1000,100,50155,7.862580128205129,0.016529415605659473,0.007007623001731043,0.02415635479620707
g1200,Gap_12_9mps,forested,100,1000,100,50155,7.962740384615385,0.016464825505131227,0.0071094722445705395,0.023962535411300178
g1200,Gap_12_9mps,forested,100,1000,100,50155,8.06290064102564,0.016410145766202335,0.0075767496962350425,0.023909749436011776
g1200,Gap_12_9mps,forested,100,1000,100,50155,8.163060897435898,0.016350577380427746,0.006765927800010847,0.02333207498827494
g1200,Gap_12_9mps,forested,100,1000,100,50155,8.263221153846153,0.01628087955148913,0.007704248257071658,0.023033530168519754
g1200,Gap_12_9mps,forested,100,1000,100,50155,8.36338141025641,0.01626310415639974,0.007280766428723767,0.023266651494862803
g1200,Gap_12_9mps,forested,100,1000,100,50155,8.463541666666666,0.016258495853549423,0.0074732785076813395,0.02280387178155768
g1200,Gap_12_9mps,forested,100,1000,100,50155,8.563701923076923,0.016203712750620953,0.0073030197294914655,0.022462801831574265
g1200,Gap_12_9mps,forested,100,1000,100,50155,8.663862179487179,0.01614507817899349,0.007102056041232079,0.022132691350392225
g1200,Gap_12_9mps,forested,100,1000,100,50155,8.764022435897436,0.016086005261163553,0.006727418583809313,0.022042551387688798
g1200,Gap_12_9mps,forested,100,1000,100,50155,8.864182692307692,0.0160096968508613,0.006499704047010127,0.022263376095550767
g1200,Gap_12_9mps,forested,100,1000,100,50155,8.964342948717949,0.015960541920475548,0.006127029663653131,0.02244171216054922
g1200,Gap_12_9mps,forested,100,1000,100,50155,9.064503205128204,0.015910453595905018,0.005484856857301493,0.022387194379192347
g1200,Gap_12_9mps,forested,100,1000,100,50155,9.164663461538462,0.01587113301874182,0.0056027685530538095,0.02190313052608469
g1200,Gap_12_9mps,forested,100,1000,100,50155,9.264823717948717,0.015852141418635356,0.005262161016240969,0.021790619988262743
g1200,Gap_12_9mps,forested,100,1000,100,50155,9.364983974358974,0.015843672456375107,0.005812864002679967,0.02192664734496376
g1200,Gap_12_9mps,forested,100,1000,100,50155,9.46514423076923,0.01582523148263409,0.005965767755631304,0.0221889166256348
g1200,Gap_12_9mps,forested,100,1000,100,50155,9.565304487179487,0.01583902991940957,0.005728738326378512,0.022667972575901082
g1200,Gap_12_9mps,forested,100,1000,100,50155,9.665464743589743,0.015873465737048374,0.006431240474309677,0.02309430754764446
g1200,Gap_12_9mps,forested,100,1000,100,50155,9.765625,0.015920624982472875,0.00692005116356594,0.023497711808444576
g1200,Gap_12_9mps,forested,100,1000,100,50155,9.865785256410257,0.015984881949900106,0.006663479992930486,0.02347911884556058
g1200,Gap_12_9mps,forested,100,1000,100,50155,9.965945512820513,0.01607610391647769,0.0067080785849625915,0.023581158292162195
g1200,Gap_12_9mps,forested,500,1000,100,50155,0.05008012820512821,0.048224429951702515,0.01680941055127941,0.07099994185020064
g1200,Gap_12_9mps,forested,500,1000,100,50155,0.1502403846153846,0.0441236001788208,0.022469902424523333,0.06137138030237704
g1200,Gap_12_9mps,forested,500,1000,100,50155,0.250400641025641,0.08286678321439812,0.030148529527608877,0.115941271699095
g1200,Gap_12_9mps,forested,500,1000,100,50155,0.3505608974358974,0.05768932112161578,0.028552020109452594,0.07955917049633648
g1200,Gap_12_9mps,forested,500,1000,100,50155,0.45072115384615385,0.019583814097554705,0.009105163051491276,0.026326437734928435
g1200,Gap_12_9mps,forested,500,1000,100,50155,0.5508814102564102,0.011267217651317041,0.005448713853764451,0.014740768110337223
g1200,Gap_12_9mps,forested,500,1000,100,50155,0.6510416666666666,0.010495497628015998,0.004301853581062697,0.014692798440026852
g1200,Gap_12_9mps,forested,500,1000,100,50155,0.7512019230769231,0.011409815538670438,0.005260941578983296,0.016324058845410282
g1200,Gap_12_9mps,forested,500,1000,100,50155,0.8513621794871795,0.011828437118882842,0.005658648003209655,0.01764528960207159
g1200,Gap_12_9mps,forested,500,1000,100,50155,0.9515224358974359,0.012184532294707135,0.005578947753003032,0.018517326807566768
g1200,Gap_12_9mps,forested,500,1000,100,50155,1.0516826923076923,0.012581822537997224,0.00566956709093026,0.018432181945258357
g1200,Gap_12_9mps,forested,500,1000,100,50155,1.1518429487179487,0.012569105642801724,0.0054456688187089425,0.018236379840859546
g1200,Gap_12_9mps,forested,500,1000,100,50155,1.252003205128205,0.012151524228446484,0.00534205957356733,0.0176979995298003
g1200,Gap_12_9mps,forested,500,1000,100,50155,1.3521634615384615,0.011650088310346272,0.005203657993345847,0.017176998486876326
g1200,Gap_12_9mps,forested,500,1000,100,50155,1.4523237179487178,0.01129500332119922,0.004345030123842126,0.016222643544348853
g1200,Gap_12_9mps,forested,500,1000,100,50155,1.5524839743589745,0.011159937626181095,0.004154156480999993,0.015361750587655168
g1200,Gap_12_9mps,forested,500,1000,100,50155,1.6526442307692308,0.010938873869052925,0.004657574713344129,0.01498978810162726
g1200,Gap_12_9mps,forested,500,1000,100,50155,1.7528044871794872,0.01063134276536916,0.005000290444805031,0.01473490912463065
g1200,Gap_12_9mps,forested,500,1000,100,50155,1.8529647435897436,0.010333065087167758,0.0050830663296647085,0.01457222198115821
g1200,Gap_12_9mps,forested,500,1000,100,50155,1.953125,0.009990527821765113,0.005093948168694702,0.014083176687314786
g1200,Gap_12_9mps,forested,500,1000,100,50155,2.0532852564102564,0.009604959699941011,0.005268200426126675,0.0138050281440998
g1200,Gap_12_9mps,forested,500,1000,100,50155,2.1534455128205128,0.009229434782885172,0.004735667854102216,0.012988144866595538
g1200,Gap_12_9mps,forested,500,1000,100,50155,2.253605769230769,0.008955125104916351,0.004197729446394852,0.013132787813433895
g1200,Gap_12_9mps,forested,500,1000,100,50155,2.3537660256410255,0.008688398569108791,0.003717993370223574,0.012856053338485088
g1200,Gap_12_9mps,forested,500,1000,100,50155,2.453926282051282,0.008471331812466109,0.0033060294523225807,0.012495477268841801
g1200,Gap_12_9mps,forested,500,1000,100,50155,2.5540865384615383,0.008275013828877234,0.0029016659048735497,0.012671834718066332
g1200,Gap_12_9mps,forested,500,1000,100,50155,2.6542467948717947,0.008123001436774139,0.002989296275849762,0.012619729621800448
g1200,Gap_12_9mps,forested,500,1000,100,50155,2.754407051282051,0.008025023987833654,0.0030988819250026564,0.012224618635642684
g1200,Gap_12_9mps,forested,500,1000,100,50155,2.8545673076923075,0.007970984188413013,0.0033311620252802574,0.012495420367237997
g1200,Gap_12_9mps,forested,500,1000,100,50155,2.9547275641025643,0.007901227839578017,0.0034430898718948626,0.012259211395917347
g1200,Gap_12_9mps,forested,500,1000,100,50155,3.0548878205128207,0.007807424779256266,0.0034115396585505456,0.010957790145917705
g1200,Gap_12_9mps,forested,500,1000,100,50155,3.155048076923077,0.007699113452628557,0.0036029693717171455,0.01144901118716145
g1200,Gap_12_9mps,forested,500,1000,100,50155,3.2552083333333335,0.007574137127227929,0.003486633024122258,0.011359359512342553
g1200,Gap_12_9mps,forested,500,1000,100,50155,3.35536858974359,0.007416004279811308,0.0031244370492978166,0.010754123294577162
g1200,Gap_12_9mps,forested,500,1000,100,50155,3.4555288461538463,0.007246663071786056,0.0031053601373209998,0.010099198298891637
g1200,Gap_12_9mps,forested,500,1000,100,50155,3.5556891025641026,0.007041712325289182,0.0028591533922084056,0.009561434745021427
g1200,Gap_12_9mps,forested,500,1000,100,50155,3.655849358974359,0.006769863374559324,0.0030922405049986484,0.008937040450565405
g1200,Gap_12_9mps,forested,500,1000,100,50155,3.7560096153846154,0.006492143760926941,0.003170437824819939,0.00849387953207758
g1200,Gap_12_9mps,forested,500,1000,100,50155,3.856169871794872,0.006277181359337053,0.003058357215248911,0.008421986251792518
g1200,Gap_12_9mps,forested,500,1000,100,50155,3.956330128205128,0.006137492632621363,0.0030976335372114123,0.008490270382035937
g1200,Gap_12_9mps,forested,500,1000,100,50155,4.056490384615385,0.00601763498082727,0.0029795322966888085,0.008562976544550153
g1200,Gap_12_9mps,forested,500,1000,100,50155,4.156650641025641,0.00588504742502569,0.0028434716457692946,0.008524560947476747
g1200,Gap_12_9mps,forested,500,1000,100,50155,4.256810897435898,0.005785730401557057,0.0028435851737068835,0.008487313219958012
g1200,Gap_12_9mps,forested,500,1000,100,50155,4.356971153846154,0.005723330598565768,0.002624880380116732,0.008143141749886793
g1200,Gap_12_9mps,forested,500,1000,100,50155,4.457131410256411,0.005650379503383148,0.00229143096132201,0.008072896902447623
g1200,Gap_12_9mps,forested,500,1000,100,50155,4.557291666666667,0.005595661492021243,0.0025179269607123918,0.007988008173005948
g1200,Gap_12_9mps,forested,500,1000,100,50155,4.657451923076923,0.005583481043292851,0.0026344215897837193,0.00780688352908499
g1200,Gap_12_9mps,forested,500,1000,100,50155,4.75761217948718,0.005639248921540092,0.002668609660073663,0.007514032319151851
g1200,Gap_12_9mps,forested,500,1000,100,50155,4.857772435897436,0.005682735696867949,0.002476055723895527,0.007467553910399267
g1200,Gap_12_9mps,forested,500,1000,100,50155,4.9579326923076925,0.00571210605027585,0.0025113636284793475,0.007567160912218765
g1200,Gap_12_9mps,forested,500,1000,100,50155,5.058092948717949,0.005806343808205077,0.0027237747077863105,0.007702784791672412
g1200,Gap_12_9mps,forested,500,1000,100,50155,5.158253205128205,0.005927904978556688,0.002767861358819216,0.00802375538966246
g1200,Gap_12_9mps,forested,500,1000,100,50155,5.258413461538462,0.006066947413004446,0.0028611518322711246,0.008586962750105077
g1200,Gap_12_9mps,forested,500,1000,100,50155,5.358573717948718,0.006219387616762844,0.002982318830253375,0.008916232706286614
g1200,Gap_12_9mps,forested,500,1000,100,50155,5.4587339743589745,0.0063989737710413485,0.0031750590483513017,0.00919433610472864
g1200,Gap_12_9mps,forested,500,1000,100,50155,5.558894230769231,0.006593938814513382,0.0032935216762549112,0.009536905546442834
g1200,Gap_12_9mps,forested,500,1000,100,50155,5.659054487179487,0.006796799630487757,0.0034011710873392068,0.010026423125386411
g1200,Gap_12_9mps,forested,500,1000,100,50155,5.759214743589744,0.007004128104181369,0.003573782226404719,0.010197453894161445
g1200,Gap_12_9mps,forested,500,1000,100,50155,5.859375,0.007234604573819708,0.0038819556487428453,0.010416789309482928
g1200,Gap_12_9mps,forested,500,1000,100,50155,5.959535256410256,0.007474751563528645,0.0039024915880782264,0.011019581003027324
g1200,Gap_12_9mps,forested,500,1000,100,50155,6.059695512820513,0.007675186829409264,0.0038381285598832362,0.011189451431617915
g1200,Gap_12_9mps,forested,500,1000,100,50155,6.159855769230769,0.007811538790900347,0.0036602062307391162,0.011605049062693254
g1200,Gap_12_9mps,forested,500,1000,100,50155,6.2600160256410255,0.007931922860877448,0.0035801406568222753,0.01157613833880224
g1200,Gap_12_9mps,forested,500,1000,100,50155,6.360176282051282,0.008071985155180811,0.0035242682904132617,0.011517064034635007
g1200,Gap_12_9mps,forested,500,1000,100,50155,6.460336538461538,0.00828656564972378,0.00377522344627523,0.011753201223472912
g1200,Gap_12_9mps,forested,500,1000,100,50155,6.560496794871795,0.008601923673701444,0.004033887844954663,0.012232232544662174
g1200,Gap_12_9mps,forested,500,1000,100,50155,6.660657051282051,0.008973361045544064,0.004445179425639231,0.012940731822896555
g1200,Gap_12_9mps,forested,500,1000,100,50155,6.7608173076923075,0.009316207413327372,0.004869791351712561,0.013489976729176746
g1200,Gap_12_9mps,forested,500,1000,100,50155,6.860977564102564,0.009592223573498836,0.00470262376762425,0.01412046436240028
g1200,Gap_12_9mps,forested,500,1000,100,50155,6.96113782051282,0.009828157421424765,0.004780357648777824,0.014504788516076004
g1200,Gap_12_9mps,forested,500,1000,100,50155,7.061298076923077,0.010009933924607063,0.005112799200481537,0.014912992558935242
g1200,Gap_12_9mps,forested,500,1000,100,50155,7.161458333333333,0.010141309123665364,0.005172627390719825,0.015443416062698608
g1200,Gap_12_9mps,forested,500,1000,100,50155,7.261618589743589,0.010266106612821228,0.004981915701382062,0.01588491889507062
g1200,Gap_12_9mps,forested,500,1000,100,50155,7.361778846153846,0.010393940619720418,0.005093059787629189,0.016092807317677253
g1200,Gap_12_9mps,forested,500,1000,100,50155,7.461939102564102,0.010470933237331918,0.005088945254617303,0.016281555448021186
g1200,Gap_12_9mps,forested,500,1000,100,50155,7.562099358974359,0.01048723231109329,0.0050446243766472,0.016256061905659144
g1200,Gap_12_9mps,forested,500,1000,100,50155,7.662259615384615,0.010527094848134404,0.005019180859735148,0.016061091619951097
g1200,Gap_12_9mps,forested,500,1000,100,50155,7.762419871794871,0.01058433282736263,0.005106754894012787,0.016004984870070356
g1200,Gap_12_9mps,forested,500,1000,100,50155,7.862580128205129,0.010572061411504956,0.0050226542774581065,0.015921084580240462
g1200,Gap_12_9mps,forested,500,1000,100,50155,7.962740384615385,0.010468420227774661,0.004900031757605219,0.015521464366137813
g1200,Gap_12_9mps,forested,500,1000,100,50155,8.06290064102564,0.010296014126195085,0.0047613791311464,0.015098354803773474
g1200,Gap_12_9mps,forested,500,1000,100,50155,8.163060897435898,0.010079698195600712,0.004478884125486297,0.014701116380962397
g1200,Gap_12_9mps,forested,500,1000,100,50155,8.263221153846153,0.009875060705846256,0.0041555813695659735,0.01444579667377993
g1200,Gap_12_9mps,forested,500,1000,100,50155,8.36338141025641,0.009702926569743465,0.003995145483005164,0.01409206489431567
g1200,Gap_12_9mps,forested,500,1000,100,50155,8.463541666666666,0.009508892110444029,0.004182902411504643,0.01371633889248266
g1200,Gap_12_9mps,forested,500,1000,100,50155,8.563701923076923,0.009264231806916476,0.003990363276507653,0.013189781287472778
g1200,Gap_12_9mps,forested,500,1000,100,50155,8.663862179487179,0.00896719869871787,0.0036331045475496756,0.012700639922524258
g1200,Gap_12_9mps,forested,500,1000,100,50155,8.764022435897436,0.00867907061870947,0.0036564740168594477,0.012198710441728428
g1200,Gap_12_9mps,forested,500,1000,100,50155,8.864182692307692,0.008448344437209371,0.0037623956346819155,0.011676368744542961
g1200,Gap_12_9mps,forested,500,1000,100,50155,8.964342948717949,0.008281266359473642,0.003587377324872556,0.011456689541328736
g1200,Gap_12_9mps,forested,500,1000,100,50155,9.064503205128204,0.008148480839455342,0.0034601788689475046,0.011144389748577468
g1200,Gap_12_9mps,forested,500,1000,100,50155,9.164663461538462,0.008084619939983283,0.0033879064970290867,0.010895628172957174
g1200,Gap_12_9mps,forested,500,1000,100,50155,9.264823717948717,0.008117779396381343,0.0035599415224348866,0.010782780236883093
g1200,Gap_12_9mps,forested,500,1000,100,50155,9.364983974358974,0.008238371069781121,0.003961166140799261,0.011251255851055634
g1200,Gap_12_9mps,forested,500,1000,100,50155,9.46514423076923,0.008387732878028504,0.003991619188659753,0.01159446149086743
g1200,Gap_12_9mps,forested,500,1000,100,50155,9.565304487179487,0.008530244274281725,0.003926467888648594,0.011451842981756506
g1200,Gap_12_9mps,forested,500,1000,100,50155,9.665464743589743,0.008648808410796025,0.0036941027430353436,0.011468823289869296
g1200,Gap_12_9mps,forested,500,1000,100,50155,9.765625,0.00872686601461123,0.0035964836853216524,0.011656835252966003
g1200,Gap_12_9mps,forested,500,1000,100,50155,9.865785256410257,0.008796359661753315,0.0039018345059882065,0.01180476962802062
g1200,Gap_12_9mps,forested,500,1000,100,50155,9.965945512820513,0.008891592535940086,0.003932697543785352,0.012037154666508783
g1200,Gap_12_9mps,open_gap,1,1000,100,15381,0.05008012820512821,0.209284781681815,0.07246310136080004,0.28500875583972307
g1200,Gap_12_9mps,open_gap,1,1000,100,15381,0.1502403846153846,0.2866325784280954,0.11034702318895628,0.345037374176259
g1200,Gap_12_9mps,open_gap,1,1000,100,15381,0.250400641025641,0.3546458001901576,0.14898414484993228,0.4191346257180893
g1200,Gap_12_9mps,open_gap,1,1000,100,15381,0.3505608974358974,0.3876505766736513,0.1568260430622771,0.4668083958786443
g1200,Gap_12_9mps,open_gap,1,1000,100,15381,0.45072115384615385,0.3983100629485049,0.16289446481825942,0.5183887856882614
g1200,Gap_12_9mps,open_gap,1,1000,100,15381,0.5508814102564102,0.3906629784773276,0.14458108290506502,0.5075801450221706
g1200,Gap_12_9mps,open_gap,1,1000,100,15381,0.6510416666666666,0.37863246434612896,0.13575692433312073,0.5173002297891632
g1200,Gap_12_9mps,open_gap,1,1000,100,15381,0.7512019230769231,0.36965148753067617,0.14484915652783759,0.5282519409826618
g1200,Gap_12_9mps,open_gap,1,1000,100,15381,0.8513621794871795,0.35173572864006836,0.1474875748561171,0.4948016960079619
g1200,Gap_12_9mps,open_gap,1,1000,100,15381,0.9515224358974359,0.3271921361771097,0.14010698079013229,0.46419292347469143
g1200,Gap_12_9mps,open_gap,1,1000,100,15381,1.0516826923076923,0.30354996456077116,0.13292813655000532,0.42420512637815994
g1200,Gap_12_9mps,open_gap,1,1000,100,15381,1.1518429487179487,0.28126214756455836,0.11645942100041236,0.400838090837453
g1200,Gap_12_9mps,open_gap,1,1000,100,15381,1.252003205128205,0.25969075453441204,0.10378912614362056,0.3807042960371783
g1200,Gap_12_9mps,open_gap,1,1000,100,15381,1.3521634615384615,0.2389795583219196,0.098865676679213,0.34210764998080645
g1200,Gap_12_9mps,open_gap,1,1000,100,15381,1.4523237179487178,0.22026938090991802,0.08877133749387045,0.32433593501665464
g1200,Gap_12_9mps,open_gap,1,1000,100,15381,1.5524839743589745,0.20432982350054477,0.07830571627896138,0.2948634994225209
g1200,Gap_12_9mps,open_gap,1,1000,100,15381,1.6526442307692308,0.1924039051848678,0.07691944513594169,0.27783760621731346
g1200,Gap_12_9mps,open_gap,1,1000,100,15381,1.7528044871794872,0.18186331356882904,0.06464934760867591,0.2595252166311154
g1200,Gap_12_9mps,open_gap,1,1000,100,15381,1.8529647435897436,0.17385902293983133,0.07542522902931005,0.23707237317598595
g1200,Gap_12_9mps,open_gap,1,1000,100,15381,1.953125,0.16768218408316046,0.07244778821392778,0.23647118866604705
g1200,Gap_12_9mps,open_gap,1,1000,100,15381,2.0532852564102564,0.16278061340710945,0.07607790118890978,0.23624338076135937
g1200,Gap_12_9mps,open_gap,1,1000,100,15381,2.1534455128205128,0.15886513902293609,0.07757594103258006,0.2262244395551065
g1200,Gap_12_9mps,open_gap,1,1000,100,15381,2.253605769230769,0.15485300712359673,0.07829141819909835,0.2195848651414375
g1200,Gap_12_9mps,open_gap,1,1000,100,15381,2.3537660256410255,0.150426459075658,0.07250775233316052,0.21143544670209896
g1200,Gap_12_9mps,open_gap,1,1000,100,15381,2.453926282051282,0.14623665804317557,0.06785407912977208,0.20215669950101195
g1200,Gap_12_9mps,open_gap,1,1000,100,15381,2.5540865384615383,0.14213246582916855,0.06174038364705291,0.19398603378151635
g1200,Gap_12_9mps,open_gap,1,1000,100,15381,2.6542467948717947,0.13874250149348802,0.060294815288823606,0.19487869743873604
g1200,Gap_12_9mps,open_gap,1,1000,100,15381,2.754407051282051,0.13600355211394916,0.05821982297366743,0.18930230994675507
g1200,Gap_12_9mps,open_gap,1,1000,100,15381,2.8545673076923075,0.13358554602017444,0.05534347962815328,0.20063585806008655
g1200,Gap_12_9mps,open_gap,1,1000,100,15381,2.9547275641025643,0.13120335959041884,0.05247309346318655,0.2070562954435752
g1200,Gap_12_9mps,open_gap,1,1000,100,15381,3.0548878205128207,0.12861215902573217,0.04865095613252687,0.20682077347784794
g1200,Gap_12_9mps,open_gap,1,1000,100,15381,3.155048076923077,0.1260992990357505,0.04712774151633267,0.1995307817589002
g1200,Gap_12_9mps,open_gap,1,1000,100,15381,3.2552083333333335,0.12383536282360258,0.04248254266550962,0.19350551995536466
g1200,Gap_12_9mps,open_gap,1,1000,100,15381,3.35536858974359,0.12217549748214976,0.042283097198794396,0.1939632993168897
g1200,Gap_12_9mps,open_gap,1,1000,100,15381,3.4555288461538463,0.12110934098838357,0.03996118251023703,0.19091018202562277
g1200,Gap_12_9mps,open_gap,1,1000,100,15381,3.5556891025641026,0.12067755710472873,0.040622440819525346,0.18506461867057022
g1200,Gap_12_9mps,open_gap,1,1000,100,15381,3.655849358974359,0.12014791372141408,0.04101877058674948,0.18418269239600357
g1200,Gap_12_9mps,open_gap,1,1000,100,15381,3.7560096153846154,0.11945671531797332,0.04173036382882637,0.18152816705733657
g1200,Gap_12_9mps,open_gap,1,1000,100,15381,3.856169871794872,0.11838302353372944,0.04571889000376616,0.1719835581314961
g1200,Gap_12_9mps,open_gap,1,1000,100,15381,3.956330128205128,0.11809911074098828,0.047133237273376705,0.1658896545834577
g1200,Gap_12_9mps,open_gap,1,1000,100,15381,4.056490384615385,0.11860859583638629,0.04543320451401895,0.15877008612963095
g1200,Gap_12_9mps,open_gap,1,1000,100,15381,4.156650641025641,0.11914545519340292,0.04894044523839704,0.15164134072864824
g1200,Gap_12_9mps,open_gap,1,1000,100,15381,4.256810897435898,0.11939254527735825,0.04950334801209628,0.15249330979752196
g1200,Gap_12_9mps,open_gap,1,1000,100,15381,4.356971153846154,0.1198293890085549,0.04586828647169789,0.1559091832598673
g1200,Gap_12_9mps,open_gap,1,1000,100,15381,4.457131410256411,0.12036764039495589,0.04892956107975645,0.16398010040577649
g1200,Gap_12_9mps,open_gap,1,1000,100,15381,4.557291666666667,0.12101536419575323,0.050526740071427705,0.16968160758566908
g1200,Gap_12_9mps,open_gap,1,1000,100,15381,4.657451923076923,0.12115770951836362,0.051633403242659554,0.17453110823521814
g1200,Gap_12_9mps,open_gap,1,1000,100,15381,4.75761217948718,0.12066165285881204,0.04733772944116468,0.1713983558760022
g1200,Gap_12_9mps,open_gap,1,1000,100,15381,4.857772435897436,0.11974446858005854,0.04951945707841543,0.1731858253902643
g1200,Gap_12_9mps,open_gap,1,1000,100,15381,4.9579326923076925,0.11891234746346667,0.045755092102418175,0.17034480429763593
g1200,Gap_12_9mps,open_gap,1,1000,100,15381,5.058092948717949,0.11841201663546234,0.04042865968278346,0.16586526104180083
g1200,Gap_12_9mps,open_gap,1,1000,100,15381,5.158253205128205,0.11784348124431954,0.03573503245043002,0.16279436861187246
g1200,Gap_12_9mps,open_gap,1,1000,100,15381,5.258413461538462,0.11774019626604232,0.041269246009932266,0.16408717228448366
g1200,Gap_12_9mps,open_gap,1,1000,100,15381,5.358573717948718,0.11795106783145265,0.03866075425813084,0.16378161710564335
g1200,Gap_12_9mps,open_gap,1,1000,100,15381,5.4587339743589745,0.11869548116009666,0.03262717655030838,0.16488396271416506
g1200,Gap_12_9mps,open_gap,1,1000,100,15381,5.558894230769231,0.12024381125360235,0.03547348409835212,0.16945612475774774
g1200,Gap_12_9mps,open_gap,1,1000,100,15381,5.659054487179487,0.12259501861302854,0.04105886290321895,0.1723457006847166
g1200,Gap_12_9mps,open_gap,1,1000,100,15381,5.759214743589744,0.1245530764644335,0.04098742033346099,0.17798067578683696
g1200,Gap_12_9mps,open_gap,1,1000,100,15381,5.859375,0.12625708716773734,0.04522309307199311,0.18333815172118653
g1200,Gap_12_9mps,open_gap,1,1000,100,15381,5.959535256410256,0.12772135103454865,0.04747662861875292,0.18526828169432802
g1200,Gap_12_9mps,open_gap,1,1000,100,15381,6.059695512820513,0.1291822004391375,0.05199992151314183,0.1884473665310748
g1200,Gap_12_9mps,open_gap,1,1000,100,15381,6.159855769230769,0.13044259754773374,0.05454449080945212,0.19136265259066762
g1200,Gap_12_9mps,open_gap,1,1000,100,15381,6.2600160256410255,0.13153123601918604,0.05489598284690192,0.1939260268129533
g1200,Gap_12_9mps,open_gap,1,1000,100,15381,6.360176282051282,0.13254301944061336,0.05855564247996341,0.20108409867560487
g1200,Gap_12_9mps,open_gap,1,1000,100,15381,6.460336538461538,0.13376317488058878,0.05924287758540219,0.20260702309295137
g1200,Gap_12_9mps,open_gap,1,1000,100,15381,6.560496794871795,0.13519934989107735,0.06281969073665099,0.20325178572207958
g1200,Gap_12_9mps,open_gap,1,1000,100,15381,6.660657051282051,0.13657116143133693,0.0551990281472246,0.20598866065861646
g1200,Gap_12_9mps,open_gap,1,1000,100,15381,6.7608173076923075,0.13763248265857014,0.05297463883713465,0.21226258358256833
g1200,Gap_12_9mps,open_gap,1,1000,100,15381,6.860977564102564,0.13855964683046879,0.05300016786290418,0.21534698020317655
g1200,Gap_12_9mps,open_gap,1,1000,100,15381,6.96113782051282,0.139677495273674,0.05171572575696908,0.21155319648854004
g1200,Gap_12_9mps,open_gap,1,1000,100,15381,7.061298076923077,0.1409299431459333,0.047095163834800474,0.21035112921549387
g1200,Gap_12_9mps,open_gap,1,1000,100,15381,7.161458333333333,0.1425607667547762,0.048548425711979044,0.20654642636134346
g1200,Gap_12_9mps,open_gap,1,1000,100,15381,7.261618589743589,0.14390201484464638,0.045581854943222255,0.21033868965698738
g1200,Gap_12_9mps,open_gap,1,1000,100,15381,7.361778846153846,0.1450887531813746,0.04405112067863412,0.21180651810643392
g1200,Gap_12_9mps,open_gap,1,1000,100,15381,7.461939102564102,0.1455939857694482,0.04605094935017849,0.21329479963529716
g1200,Gap_12_9mps,open_gap,1,1000,100,15381,7.562099358974359,0.14578771700360404,0.04747847327505552,0.21294712885970152
g1200,Gap_12_9mps,open_gap,1,1000,100,15381,7.662259615384615,0.14632981385530677,0.05185778467314865,0.21625838541971745
g1200,Gap_12_9mps,open_gap,1,1000,100,15381,7.762419871794871,0.1469843047272659,0.05267397760871865,0.22032033908946017
g1200,Gap_12_9mps,open_gap,1,1000,100,15381,7.862580128205129,0.14746094818756664,0.05441128350175376,0.22153352204822682
g1200,Gap_12_9mps,open_gap,1,1000,100,15381,7.962740384615385,0.14763562585415785,0.05817070985189911,0.21930020343407705
g1200,Gap_12_9mps,open_gap,1,1000,100,15381,8.06290064102564,0.14805172423262122,0.057103161184083435,0.2222723974286592
g1200,Gap_12_9mps,open_gap,1,1000,100,15381,8.163060897435898,0.14863544626287173,0.05706226075659124,0.21411598100921542
g1200,Gap_12_9mps,open_gap,1,1000,100,15381,8.263221153846153,0.14934776368303807,0.0532793159836191,0.21366920119068228
g1200,Gap_12_9mps,open_gap,1,1000,100,15381,8.36338141025641,0.14996215990236084,0.053930493410835875,0.21635526074067124
g1200,Gap_12_9mps,open_gap,1,1000,100,15381,8.463541666666666,0.15063392861976732,0.053818182456569275,0.21185034341718914
g1200,Gap_12_9mps,open_gap,1,1000,100,15381,8.563701923076923,0.15132816114908496,0.05680254957709121,0.2130567899711212
g1200,Gap_12_9mps,open_gap,1,1000,100,15381,8.663862179487179,0.15173185771201372,0.05998263112499061,0.22038598830577733
g1200,Gap_12_9mps,open_gap,1,1000,100,15381,8.764022435897436,0.15184507276045514,0.059382331006226835,0.22218034292236877
g1200,Gap_12_9mps,open_gap,1,1000,100,15381,8.864182692307692,0.1521293357483674,0.057069317622283705,0.21774877227317932
g1200,Gap_12_9mps,open_gap,1,1000,100,15381,8.964342948717949,0.15243773680757539,0.0539976624350035,0.21636505630248604
g1200,Gap_12_9mps,open_gap,1,1000,100,15381,9.064503205128204,0.15266310868376556,0.053814315426329064,0.2146174169339245
g1200,Gap_12_9mps,open_gap,1,1000,100,15381,9.164663461538462,0.153636417145281,0.05733093897730572,0.21615344888038382
g1200,Gap_12_9mps,open_gap,1,1000,100,15381,9.264823717948717,0.1550394123886869,0.06162969414005691,0.2191218927435189
g1200,Gap_12_9mps,open_gap,1,1000,100,15381,9.364983974358974,0.15614648879470747,0.06489661954321736,0.21889596555198
g1200,Gap_12_9mps,open_gap,1,1000,100,15381,9.46514423076923,0.1569968767264467,0.06817483386879769,0.22184907619726119
g1200,Gap_12_9mps,open_gap,1,1000,100,15381,9.565304487179487,0.15762320145352843,0.07320643923840663,0.21538294355769655
g1200,Gap_12_9mps,open_gap,1,1000,100,15381,9.665464743589743,0.1579690874721516,0.0764323815947713,0.20964958560938854
g1200,Gap_12_9mps,open_gap,1,1000,100,15381,9.765625,0.15806398376474376,0.07383591585094436,0.2072252086049564
g1200,Gap_12_9mps,open_gap,1,1000,100,15381,9.865785256410257,0.15804441671819094,0.0723816377124198,0.20917161575421725
g1200,Gap_12_9mps,open_gap,1,1000,100,15381,9.965945512820513,0.1579935871982401,0.06973372049331109,0.2112363249379705
g1200,Gap_12_9mps,open_gap,10,1000,100,15381,0.05008012820512821,0.05896750203070371,0.022165521085664514,0.07756766673029944
g1200,Gap_12_9mps,open_gap,10,1000,100,15381,0.1502403846153846,0.10566607242927352,0.03878086646654102,0.1555012840181073
g1200,Gap_12_9mps,open_gap,10,1000,100,15381,0.250400641025641,0.1355786624616422,0.048424823502562934,0.20304270704619196
g1200,Gap_12_9mps,open_gap,10,1000,100,15381,0.3505608974358974,0.14395209774299475,0.05527412679001177,0.20658227097195325
g1200,Gap_12_9mps,open_gap,10,1000,100,15381,0.45072115384615385,0.14314261838690273,0.045937898811680686,0.2029768402457786
g1200,Gap_12_9mps,open_gap,10,1000,100,15381,0.5508814102564102,0.14059086338667404,0.05144125554234474,0.1993045899644942
g1200,Gap_12_9mps,open_gap,10,1000,100,15381,0.6510416666666666,0.1374072729058822,0.050448275105773085,0.19174259707266844
g1200,Gap_12_9mps,open_gap,10,1000,100,15381,0.7512019230769231,0.13255137335173917,0.053515502286519315,0.18880531935525027
g1200,Gap_12_9mps,open_gap,10,1000,100,15381,0.8513621794871795,0.12548186859425928,0.054120649953019774,0.18998425076265002
g1200,Gap_12_9mps,open_gap,10,1000,100,15381,0.9515224358974359,0.11618611662320415,0.05329222918690947,0.17123675084866433
g1200,Gap_12_9mps,open_gap,10,1000,100,15381,1.0516826923076923,0.10700102985638552,0.05251005359394374,0.14965838764656353
g1200,Gap_12_9mps,open_gap,10,1000,100,15381,1.1518429487179487,0.09912373553219087,0.0497693580354515,0.14873055538666893
g1200,Gap_12_9mps,open_gap,10,1000,100,15381,1.252003205128205,0.09161313353765477,0.040999331997641844,0.13627460313287684
g1200,Gap_12_9mps,open_gap,10,1000,100,15381,1.3521634615384615,0.0847465494822202,0.03400251036255809,0.12477571767057413
g1200,Gap_12_9mps,open_gap,10,1000,100,15381,1.4523237179487178,0.07884583677441613,0.03517398711502516,0.10926781770824538
g1200,Gap_12_9mps,open_gap,10,1000,100,15381,1.5524839743589745,0.07393348252584202,0.030485714793775265,0.1013241472468143
g1200,Gap_12_9mps,open_gap,10,1000,100,15381,1.6526442307692308,0.06997911194352473,0.026711791521881106,0.09974441719850204
g1200,Gap_12_9mps,open_gap,10,1000,100,15381,1.7528044871794872,0.06632095949041573,0.024597813218806733,0.09853425298614925
g1200,Gap_12_9mps,open_gap,10,1000,100,15381,1.8529647435897436,0.06269214273831214,0.024897435310149034,0.09392964099070138
g1200,Gap_12_9mps,open_gap,10,1000,100,15381,1.953125,0.05971646356530564,0.019958778935429675,0.08877346741282222
g1200,Gap_12_9mps,open_gap,10,1000,100,15381,2.0532852564102564,0.057381701097530116,0.019294146229986982,0.08280693160486069
g1200,Gap_12_9mps,open_gap,10,1000,100,15381,2.1534455128205128,0.055633870877939674,0.01683530860155294,0.08146813134687736
g1200,Gap_12_9mps,open_gap,10,1000,100,15381,2.253605769230769,0.05436445627850665,0.019860563434524692,0.0838959472436582
g1200,Gap_12_9mps,open_gap,10,1000,100,15381,2.3537660256410255,0.05314387872410613,0.020135857914034404,0.08164245872244412
g1200,Gap_12_9mps,open_gap,10,1000,100,15381,2.453926282051282,0.051932765943316445,0.01989338076451586,0.0765846512544862
g1200,Gap_12_9mps,open_gap,10,1000,100,15381,2.5540865384615383,0.05054343559741626,0.020880043439036197,0.07473947450238189
g1200,Gap_12_9mps,open_gap,10,1000,100,15381,2.6542467948717947,0.04911876297276768,0.019636889799072292,0.06970676543679903
g1200,Gap_12_9mps,open_gap,10,1000,100,15381,2.754407051282051,0.04780540696483624,0.01922034835291727,0.06713152719935411
g1200,Gap_12_9mps,open_gap,10,1000,100,15381,2.8545673076923075,0.046386905197533,0.018372021050928913,0.06625104924117882
g1200,Gap_12_9mps,open_gap,10,1000,100,15381,2.9547275641025643,0.04498120608539332,0.017525609781319822,0.062253806280606075
g1200,Gap_12_9mps,open_gap,10,1000,100,15381,3.0548878205128207,0.043730122910467885,0.015078521182353885,0.06337225571504083
g1200,Gap_12_9mps,open_gap,10,1000,100,15381,3.155048076923077,0.042700452975456285,0.014902012777891915,0.0613168728862455
g1200,Gap_12_9mps,open_gap,10,1000,100,15381,3.2552083333333335,0.04188258422626928,0.016704426012057218,0.059203505944963535
g1200,Gap_12_9mps,open_gap,10,1000,100,15381,3.35536858974359,0.041049044888694465,0.0175748350860075,0.058062152743006926
g1200,Gap_12_9mps,open_gap,10,1000,100,15381,3.4555288461538463,0.040335538612167314,0.019244378327256964,0.05522717066873154
g1200,Gap_12_9mps,open_gap,10,1000,100,15381,3.5556891025641026,0.03975940771967748,0.019889818837923373,0.05174172423322043
g1200,Gap_12_9mps,open_gap,10,1000,100,15381,3.655849358974359,0.03921332108182156,0.019800620522434195,0.049287327715471556
g1200,Gap_12_9mps,open_gap,10,1000,100,15381,3.7560096153846154,0.03860480817829133,0.01931164707988056,0.04538309124399027
g1200,Gap_12_9mps,open_gap,10,1000,100,15381,3.856169871794872,0.037849928982059244,0.01912490948931539,0.046966542350999646
g1200,Gap_12_9mps,open_gap,10,1000,100,15381,3.956330128205128,0.03702827413760854,0.01897441666937398,0.047023993406277366
g1200,Gap_12_9mps,open_gap,10,1000,100,15381,4.056490384615385,0.0361251537935456,0.01621127905243806,0.04546478686489665
g1200,Gap_12_9mps,open_gap,10,1000,100,15381,4.156650641025641,0.035228660093845225,0.015368974085732515,0.04508761550711532
g1200,Gap_12_9mps,open_gap,10,1000,100,15381,4.256810897435898,0.0343474401789336,0.015650838119371013,0.04560759028938792
g1200,Gap_12_9mps,open_gap,10,1000,100,15381,4.356971153846154,0.033559410504535044,0.01462124722292462,0.04584899052831683
g1200,Gap_12_9mps,open_gap,10,1000,100,15381,4.457131410256411,0.0331178437968461,0.014240912215387517,0.04483219933388043
g1200,Gap_12_9mps,open_gap,10,1000,100,15381,4.557291666666667,0.03291605493684372,0.013232961529502143,0.04573871341508064
g1200,Gap_12_9mps,open_gap,10,1000,100,15381,4.657451923076923,0.03278219034680113,0.012432966907228542,0.0456020841097711
g1200,Gap_12_9mps,open_gap,10,1000,100,15381,4.75761217948718,0.03266028595640979,0.013038473326728466,0.046976502238816956
g1200,Gap_12_9mps,open_gap,10,1000,100,15381,4.857772435897436,0.03272619157847362,0.01304918821751028,0.04774916681673643
g1200,Gap_12_9mps,open_gap,10,1000,100,15381,4.9579326923076925,0.03305075014165069,0.013697330116891636,0.050068929374251524
g1200,Gap_12_9mps,open_gap,10,1000,100,15381,5.058092948717949,0.0332649667738921,0.012827057513017732,0.04897965486645011
g1200,Gap_12_9mps,open_gap,10,1000,100,15381,5.158253205128205,0.033504933726229646,0.01192770374420219,0.047751150951723345
g1200,Gap_12_9mps,open_gap,10,1000,100,15381,5.258413461538462,0.033761130497405596,0.013443262129487292,0.048130868095558575
g1200,Gap_12_9mps,open_gap,10,1000,100,15381,5.358573717948718,0.03393576429004956,0.014444540863322865,0.050259034551170714
g1200,Gap_12_9mps,open_gap,10,1000,100,15381,5.4587339743589745,0.03406277092295732,0.015070270686703165,0.0504445492494746
g1200,Gap_12_9mps,open_gap,10,1000,100,15381,5.558894230769231,0.03431119692441276,0.014876080939845673,0.04946579600522299
g1200,Gap_12_9mps,open_gap,10,1000,100,15381,5.659054487179487,0.03470842664044166,0.014387627099881785,0.050215229465339975
g1200,Gap_12_9mps,open_gap,10,1000,100,15381,5.759214743589744,0.03513425006260436,0.014277932177711186,0.05074852153922614
g1200,Gap_12_9mps,open_gap,10,1000,100,15381,5.859375,0.03556756390573821,0.013343541366070496,0.05391253211873995
g1200,Gap_12_9mps,open_gap,10,1000,100,15381,5.959535256410256,0.036057696053777746,0.012355844937452416,0.05654130430767063
g1200,Gap_12_9mps,open_gap,10,1000,100,15381,6.059695512820513,0.03672296601688517,0.013182477920829149,0.05629788206501845
g1200,Gap_12_9mps,open_gap,10,1000,100,15381,6.159855769230769,0.037374497690642314,0.014674321329778762,0.05921298453782235
g1200,Gap_12_9mps,open_gap,10,1000,100,15381,6.2600160256410255,0.03814913560054889,0.015251667162789227,0.06235689695643853
g1200,Gap_12_9mps,open_gap,10,1000,100,15381,6.360176282051282,0.03893120934272096,0.015700316725596162,0.06095604091025203
g1200,Gap_12_9mps,open_gap,10,1000,100,15381,6.460336538461538,0.03952735139522398,0.017031178687826068,0.06011499399659438
g1200,Gap_12_9mps,open_gap,10,1000,100,15381,6.560496794871795,0.040169275495708534,0.01806024370526551,0.06016860618865598
g1200,Gap_12_9mps,open_gap,10,1000,100,15381,6.660657051282051,0.040948242037781586,0.017379957713770485,0.060398015385838964
g1200,Gap_12_9mps,open_gap,10,1000,100,15381,6.7608173076923075,0.0418308044246217,0.01718175228482269,0.06289748820274563
g1200,Gap_12_9mps,open_gap,10,1000,100,15381,6.860977564102564,0.04278682725763902,0.018023347802154338,0.06342485845839545
g1200,Gap_12_9mps,open_gap,10,1000,100,15381,6.96113782051282,0.04379884302283512,0.016699390198908527,0.06416301105368134
g1200,Gap_12_9mps,open_gap,10,1000,100,15381,7.061298076923077,0.044880815359373404,0.01890356538029265,0.06571278145987887
g1200,Gap_12_9mps,open_gap,10,1000,100,15381,7.161458333333333,0.04599136785231056,0.020510359448503507,0.06741815422077085
g1200,Gap_12_9mps,open_gap,10,1000,100,15381,7.261618589743589,0.04703819255804086,0.02124560811568399,0.06785420220831592
g1200,Gap_12_9mps,open_gap,10,1000,100,15381,7.361778846153846,0.047992376906330625,0.022165736771518483,0.06709322176350402
g1200,Gap_12_9mps,open_gap,10,1000,100,15381,7.461939102564102,0.04884562570885895,0.023169299079573498,0.0691527311135971
g1200,Gap_12_9mps,open_gap,10,1000,100,15381,7.562099358974359,0.049579743374279846,0.02369965464386362,0.07100201129568749
g1200,Gap_12_9mps,open_gap,10,1000,100,15381,7.662259615384615,0.05021657747714528,0.023022695451545352,0.07335516828554944
g1200,Gap_12_9mps,open_gap,10,1000,100,15381,7.762419871794871,0.05077728091455605,0.022792609211372567,0.07371189729830718
g1200,Gap_12_9mps,open_gap,10,1000,100,15381,7.862580128205129,0.05115418396556579,0.023674440451274894,0.07187222596088243
g1200,Gap_12_9mps,open_gap,10,1000,100,15381,7.962740384615385,0.05135558120582874,0.02221427797295505,0.07259227188195724
g1200,Gap_12_9mps,open_gap,10,1000,100,15381,8.06290064102564,0.05148991890636331,0.022766280748107194,0.07202048303788613
g1200,Gap_12_9mps,open_gap,10,1000,100,15381,8.163060897435898,0.05161341748118824,0.021415723733624475,0.07105082069592492
g1200,Gap_12_9mps,open_gap,10,1000,100,15381,8.263221153846153,0.05177206809475774,0.022236250555145536,0.07165682332251654
g1200,Gap_12_9mps,open_gap,10,1000,100,15381,8.36338141025641,0.05189793090799034,0.02128761010988531,0.07453804636746061
g1200,Gap_12_9mps,open_gap,10,1000,100,15381,8.463541666666666,0.05185074321274887,0.01959624197907107,0.07730159797307724
g1200,Gap_12_9mps,open_gap,10,1000,100,15381,8.563701923076923,0.05177766439316192,0.018462162350337256,0.07798633073310454
g1200,Gap_12_9mps,open_gap,10,1000,100,15381,8.663862179487179,0.05179731707928134,0.01811166752323773,0.07870669782209233
g1200,Gap_12_9mps,open_gap,10,1000,100,15381,8.764022435897436,0.05185231967713142,0.01800528720048821,0.08077461633217284
g1200,Gap_12_9mps,open_gap,10,1000,100,15381,8.864182692307692,0.05193962279505649,0.017655869017170953,0.0816201316246136
g1200,Gap_12_9mps,open_gap,10,1000,100,15381,8.964342948717949,0.05201093163261825,0.01892509534328952,0.08377944258298223
g1200,Gap_12_9mps,open_gap,10,1000,100,15381,9.064503205128204,0.052105058654413755,0.01865605807324252,0.08257693257067994
g1200,Gap_12_9mps,open_gap,10,1000,100,15381,9.164663461538462,0.052251469012152135,0.018984669657918334,0.08221367692561246
g1200,Gap_12_9mps,open_gap,10,1000,100,15381,9.264823717948717,0.052339020588225,0.018998338884141867,0.08304400006472278
g1200,Gap_12_9mps,open_gap,10,1000,100,15381,9.364983974358974,0.052383442249372324,0.018835062734291676,0.08275608980057807
g1200,Gap_12_9mps,open_gap,10,1000,100,15381,9.46514423076923,0.05242348435830263,0.018790266406733938,0.08248409281017662
g1200,Gap_12_9mps,open_gap,10,1000,100,15381,9.565304487179487,0.05258938949138092,0.018529776912750918,0.08238992859821366
g1200,Gap_12_9mps,open_gap,10,1000,100,15381,9.665464743589743,0.05275818179049559,0.01905649274208085,0.08173754492380966
g1200,Gap_12_9mps,open_gap,10,1000,100,15381,9.765625,0.05291900126059826,0.018706084822544503,0.0808909401636736
g1200,Gap_12_9mps,open_gap,10,1000,100,15381,9.865785256410257,0.05316656526398678,0.018573852036676875,0.08041994059842808
g1200,Gap_12_9mps,open_gap,10,1000,100,15381,9.965945512820513,0.053415379108573996,0.019641310329643558,0.08081082881972011
g1200,Gap_12_9mps,open_gap,50,1000,100,15381,0.05008012820512821,0.028882223726374355,0.012624070354158433,0.04033849741304213
g1200,Gap_12_9mps,open_gap,50,1000,100,15381,0.1502403846153846,0.04588512422474694,0.020025948890191027,0.06172141969605014
g1200,Gap_12_9mps,open_gap,50,1000,100,15381,0.250400641025641,0.05733817965940276,0.025162506966968593,0.08021076239143379
g1200,Gap_12_9mps,open_gap,50,1000,100,15381,0.3505608974358974,0.062087740298752775,0.028887341920126854,0.08387907107499927
g1200,Gap_12_9mps,open_gap,50,1000,100,15381,0.45072115384615385,0.06342963139024577,0.032981995122254436,0.09145279557804403
g1200,Gap_12_9mps,open_gap,50,1000,100,15381,0.5508814102564102,0.06303837310407744,0.029245204651099727,0.09748106143969335
g1200,Gap_12_9mps,open_gap,50,1000,100,15381,0.6510416666666666,0.06145095932305851,0.023270433756744393,0.09328913099003705
g1200,Gap_12_9mps,open_gap,50,1000,100,15381,0.7512019230769231,0.05872935407028249,0.021189244564935143,0.08566152521923588
g1200,Gap_12_9mps,open_gap,50,1000,100,15381,0.8513621794871795,0.05605539303545826,0.018706136755114285,0.08142475475409833
g1200,Gap_12_9mps,open_gap,50,1000,100,15381,0.9515224358974359,0.05319142429895471,0.017153408160686612,0.07418031928949245
g1200,Gap_12_9mps,open_gap,50,1000,100,15381,1.0516826923076923,0.050442685740014113,0.017768511236254496,0.07139577278355679
g1200,Gap_12_9mps,open_gap,50,1000,100,15381,1.1518429487179487,0.04775929948742813,0.019820114028813215,0.0677341939251075
g1200,Gap_12_9mps,open_gap,50,1000,100,15381,1.252003205128205,0.04501736744695343,0.02051904481555944,0.0637238181733511
g1200,Gap_12_9mps,open_gap,50,1000,100,15381,1.3521634615384615,0.042274952225682026,0.018937353449930815,0.05845278205256454
g1200,Gap_12_9mps,open_gap,50,1000,100,15381,1.4523237179487178,0.03957567948418798,0.0158209690248605,0.05390524275182587
g1200,Gap_12_9mps,open_gap,50,1000,100,15381,1.5524839743589745,0.03700263677785669,0.013968694500550733,0.05024322463718565
g1200,Gap_12_9mps,open_gap,50,1000,100,15381,1.6526442307692308,0.03455853169853165,0.012353403487404982,0.04748719280891982
g1200,Gap_12_9mps,open_gap,50,1000,100,15381,1.7528044871794872,0.032431005617419274,0.010070250606528988,0.044909566646065456
g1200,Gap_12_9mps,open_gap,50,1000,100,15381,1.8529647435897436,0.03068468536598434,0.011247300859515797,0.04241913462927009
g1200,Gap_12_9mps,open_gap,50,1000,100,15381,1.953125,0.029108298872915564,0.010982561312113089,0.04117714038377199
g1200,Gap_12_9mps,open_gap,50,1000,100,15381,2.0532852564102564,0.027597730973081724,0.011226453671124959,0.03968999954571575
g1200,Gap_12_9mps,open_gap,50,1000,100,15381,2.1534455128205128,0.026223437348960744,0.010681956243092781,0.03723195999844467
g1200,Gap_12_9mps,open_gap,50,1000,100,15381,2.253605769230769,0.02514593920294448,0.0101200599216486,0.034867624111364355
g1200,Gap_12_9mps,open_gap,50,1000,100,15381,2.3537660256410255,0.024244317562806622,0.009514444687202845,0.03256491419873536
g1200,Gap_12_9mps,open_gap,50,1000,100,15381,2.453926282051282,0.02332015662769833,0.008367250129284536,0.031556248453458634
g1200,Gap_12_9mps,open_gap,50,1000,100,15381,2.5540865384615383,0.022472289133496286,0.009363958567479852,0.02992404023882545
g1200,Gap_12_9mps,open_gap,50,1000,100,15381,2.6542467948717947,0.021799567942880897,0.008522292538248256,0.030454602500106627
g1200,Gap_12_9mps,open_gap,50,1000,100,15381,2.754407051282051,0.02131654614881479,0.008889569661472462,0.030871271050729347
g1200,Gap_12_9mps,open_gap,50,1000,100,15381,2.8545673076923075,0.02091628338042162,0.007259899346058835,0.030736628208387295
g1200,Gap_12_9mps,open_gap,50,1000,100,15381,2.9547275641025643,0.02049293331834084,0.0072438840090885415,0.03065328588613539
g1200,Gap_12_9mps,open_gap,50,1000,100,15381,3.0548878205128207,0.01999685932298416,0.007486247211266077,0.02933884759039204
g1200,Gap_12_9mps,open_gap,50,1000,100,15381,3.155048076923077,0.019490699349815933,0.006887265759866164,0.02837835864690116
g1200,Gap_12_9mps,open_gap,50,1000,100,15381,3.2552083333333335,0.019055408322762087,0.007390861210555949,0.026986753015029567
g1200,Gap_12_9mps,open_gap,50,1000,100,15381,3.35536858974359,0.018675202316585218,0.007779711823704417,0.02611407671244796
g1200,Gap_12_9mps,open_gap,50,1000,100,15381,3.4555288461538463,0.01838713614328735,0.007006248816670639,0.025815816295925893
g1200,Gap_12_9mps,open_gap,50,1000,100,15381,3.5556891025641026,0.0181399828788299,0.007620042887575839,0.02645724608810625
g1200,Gap_12_9mps,open_gap,50,1000,100,15381,3.655849358974359,0.01794138356226019,0.007844624982073231,0.0271255923669775
g1200,Gap_12_9mps,open_gap,50,1000,100,15381,3.7560096153846154,0.017788400721070418,0.007869731672425422,0.027131653004396922
g1200,Gap_12_9mps,open_gap,50,1000,100,15381,3.856169871794872,0.017675002350513763,0.008003982802316144,0.025944529962062535
g1200,Gap_12_9mps,open_gap,50,1000,100,15381,3.956330128205128,0.01757828120188112,0.00768757616480376,0.025107750298332246
g1200,Gap_12_9mps,open_gap,50,1000,100,15381,4.056490384615385,0.017445459580123935,0.007752793892138006,0.025005062607995815
g1200,Gap_12_9mps,open_gap,50,1000,100,15381,4.156650641025641,0.01728744912845701,0.007213481378442575,0.024512193239750714
g1200,Gap_12_9mps,open_gap,50,1000,100,15381,4.256810897435898,0.017110772463836157,0.007700804951402931,0.02454479303165593
g1200,Gap_12_9mps,open_gap,50,1000,100,15381,4.356971153846154,0.016973486422575325,0.007949760586600216,0.023290998648144167
g1200,Gap_12_9mps,open_gap,50,1000,100,15381,4.457131410256411,0.016859377791220213,0.0074597479712831425,0.023933997837981127
g1200,Gap_12_9mps,open_gap,50,1000,100,15381,4.557291666666667,0.01675708597078977,0.007595619227710399,0.024639493010616496
g1200,Gap_12_9mps,open_gap,50,1000,100,15381,4.657451923076923,0.016695938038396217,0.007101722151142003,0.02539335839579688
g1200,Gap_12_9mps,open_gap,50,1000,100,15381,4.75761217948718,0.016634068557519522,0.007147933189267588,0.02482649744693461
g1200,Gap_12_9mps,open_gap,50,1000,100,15381,4.857772435897436,0.016585093668724557,0.007146687665493577,0.024475158410884098
g1200,Gap_12_9mps,open_gap,50,1000,100,15381,4.9579326923076925,0.016537585303560184,0.006851567264806847,0.02413736925860148
g1200,Gap_12_9mps,open_gap,50,1000,100,15381,5.058092948717949,0.016565116138000636,0.0065863745083311765,0.023135481861312906
g1200,Gap_12_9mps,open_gap,50,1000,100,15381,5.158253205128205,0.016640430386100698,0.006522501711236541,0.023025462402780195
g1200,Gap_12_9mps,open_gap,50,1000,100,15381,5.258413461538462,0.016733770330642363,0.007206608034452439,0.02227933267176921
g1200,Gap_12_9mps,open_gap,50,1000,100,15381,5.358573717948718,0.016787069072656507,0.00746433967355829,0.023612873685059977
g1200,Gap_12_9mps,open_gap,50,1000,100,15381,5.4587339743589745,0.01685357924698834,0.007685645480782697,0.024209075162390233
g1200,Gap_12_9mps,open_gap,50,1000,100,15381,5.558894230769231,0.016945913335733684,0.0075971900429667805,0.02474464411312843
g1200,Gap_12_9mps,open_gap,50,1000,100,15381,5.659054487179487,0.01707772366340813,0.007547630360472566,0.024025605351506975
g1200,Gap_12_9mps,open_gap,50,1000,100,15381,5.759214743589744,0.01722747064627571,0.007366633568387045,0.023500617658061725
g1200,Gap_12_9mps,open_gap,50,1000,100,15381,5.859375,0.017439211777959242,0.007356084468971906,0.024863182662726108
g1200,Gap_12_9mps,open_gap,50,1000,100,15381,5.959535256410256,0.017736486959347295,0.007569025175378883,0.02493534043038162
g1200,Gap_12_9mps,open_gap,50,1000,100,15381,6.059695512820513,0.018059341787505637,0.007926172888193236,0.024886726059429036
g1200,Gap_12_9mps,open_gap,50,1000,100,15381,6.159855769230769,0.018345784171124684,0.008139904281381147,0.024826266423610053
g1200,Gap_12_9mps,open_gap,50,1000,100,15381,6.2600160256410255,0.018606456198408828,0.008104839926117635,0.025802531345249225
g1200,Gap_12_9mps,open_gap,50,1000,100,15381,6.360176282051282,0.01878294424748744,0.007828005314790111,0.0266132978338779
g1200,Gap_12_9mps,open_gap,50,1000,100,15381,6.460336538461538,0.01887710648427342,0.007618632224626253,0.027637897559676623
g1200,Gap_12_9mps,open_gap,50,1000,100,15381,6.560496794871795,0.018953450351447423,0.0066775716144108176,0.02809683287218407
g1200,Gap_12_9mps,open_gap,50,1000,100,15381,6.660657051282051,0.01901201802184916,0.006031251433257504,0.028509276262037444
g1200,Gap_12_9mps,open_gap,50,1000,100,15381,6.7608173076923075,0.01907887968104516,0.006828823332680254,0.028438543877070267
g1200,Gap_12_9mps,open_gap,50,1000,100,15381,6.860977564102564,0.01915068358054328,0.00701671404854511,0.028290173596655234
g1200,Gap_12_9mps,open_gap,50,1000,100,15381,6.96113782051282,0.019202289789892746,0.007697108183462496,0.028119361119652173
g1200,Gap_12_9mps,open_gap,50,1000,100,15381,7.061298076923077,0.019273973468771233,0.006877157165932856,0.028124545354354647
g1200,Gap_12_9mps,open_gap,50,1000,100,15381,7.161458333333333,0.019399159136944455,0.00816595494437538,0.0275807407959846
g1200,Gap_12_9mps,open_gap,50,1000,100,15381,7.261618589743589,0.019565015336299788,0.007581163563856416,0.027089719184957034
g1200,Gap_12_9mps,open_gap,50,1000,100,15381,7.361778846153846,0.019726252869042137,0.008038800636418115,0.027789585674884137
g1200,Gap_12_9mps,open_gap,50,1000,100,15381,7.461939102564102,0.019870168526445485,0.00807395671330651,0.02826374241782765
g1200,Gap_12_9mps,open_gap,50,1000,100,15381,7.562099358974359,0.020024647907167948,0.007640838309790654,0.028120845580838254
g1200,Gap_12_9mps,open_gap,50,1000,100,15381,7.662259615384615,0.02016151913387221,0.007912597801861205,0.027361380665437352
g1200,Gap_12_9mps,open_gap,50,1000,100,15381,7.762419871794871,0.02030295225493445,0.008227628712437408,0.027418136423828357
g1200,Gap_12_9mps,open_gap,50,1000,100,15381,7.862580128205129,0.020403403600754818,0.008486891661844992,0.026843908021218908
g1200,Gap_12_9mps,open_gap,50,1000,100,15381,7.962740384615385,0.020477747183733616,0.00853015296426515,0.02701803149287773
g1200,Gap_12_9mps,open_gap,50,1000,100,15381,8.06290064102564,0.020547699120545784,0.008321597952503777,0.027674092496541406
g1200,Gap_12_9mps,open_gap,50,1000,100,15381,8.163060897435898,0.02061939230120678,0.008105359813055445,0.027792216552223272
g1200,Gap_12_9mps,open_gap,50,1000,100,15381,8.263221153846153,0.02065994004460367,0.008593105396697052,0.027434143390672856
g1200,Gap_12_9mps,open_gap,50,1000,100,15381,8.36338141025641,0.020700277646767563,0.008346020652894505,0.028135696262825895
g1200,Gap_12_9mps,open_gap,50,1000,100,15381,8.463541666666666,0.020751282280450395,0.008077786515140734,0.028825710719722054
g1200,Gap_12_9mps,open_gap,50,1000,100,15381,8.563701923076923,0.020808100427927703,0.007938307128149335,0.029121225868464398
g1200,Gap_12_9mps,open_gap,50,1000,100,15381,8.663862179487179,0.020944855398380237,0.007843949425811736,0.02944946506047049
g1200,Gap_12_9mps,open_gap,50,1000,100,15381,8.764022435897436,0.021098814387170487,0.008213066087632705,0.029669371680057254
g1200,Gap_12_9mps,open_gap,50,1000,100,15381,8.864182692307692,0.021212599681506242,0.00841941370706005,0.03007446963185779
g1200,Gap_12_9mps,open_gap,50,1000,100,15381,8.964342948717949,0.02128462239872721,0.008190824147791986,0.03039611775013223
g1200,Gap_12_9mps,open_gap,50,1000,100,15381,9.064503205128204,0.021374423526929233,0.007933239939414813,0.031141809594874864
g1200,Gap_12_9mps,open_gap,50,1000,100,15381,9.164663461538462,0.021473122594429874,0.00854831853442587,0.03185736239409831
g1200,Gap_12_9mps,open_gap,50,1000,100,15381,9.264823717948717,0.02158962195426629,0.008014005033025644,0.03280703480035763
g1200,Gap_12_9mps,open_gap,50,1000,100,15381,9.364983974358974,0.02170513477264496,0.008220664259042863,0.03348430564732055
g1200,Gap_12_9mps,open_gap,50,1000,100,15381,9.46514423076923,0.021776556530331684,0.008275684016656031,0.03390157894435586
g1200,Gap_12_9mps,open_gap,50,1000,100,15381,9.565304487179487,0.021818196678408886,0.008847581071626665,0.033572111369490495
g1200,Gap_12_9mps,open_gap,50,1000,100,15381,9.665464743589743,0.02184905320446139,0.009190449327143097,0.03418235453409886
g1200,Gap_12_9mps,open_gap,50,1000,100,15381,9.765625,0.021834330345808887,0.00897078904108171,0.0343434111920933
g1200,Gap_12_9mps,open_gap,50,1000,100,15381,9.865785256410257,0.021722357478899612,0.008319482432957796,0.034377873004644025
g1200,Gap_12_9mps,open_gap,50,1000,100,15381,9.965945512820513,0.02160092948475797,0.008645111967447128,0.034193000377048935
g1200,Gap_12_9mps,open_gap,100,1000,100,15381,0.05008012820512821,0.024119659863623476,0.011063110008664407,0.03453855021000731
g1200,Gap_12_9mps,open_gap,100,1000,100,15381,0.1502403846153846,0.029337364860806195,0.01231058156744228,0.04316036716686959
g1200,Gap_12_9mps,open_gap,100,1000,100,15381,0.250400641025641,0.039279748110251846,0.01787255469482282,0.05290437427025957
g1200,Gap_12_9mps,open_gap,100,1000,100,15381,0.3505608974358974,0.04446184264347797,0.022250939173811816,0.06033443111774211
g1200,Gap_12_9mps,open_gap,100,1000,100,15381,0.45072115384615385,0.047214315658933304,0.018519396209986713,0.06217703255279294
g1200,Gap_12_9mps,open_gap,100,1000,100,15381,0.5508814102564102,0.04845853540722229,0.018346298361221595,0.06747191767897627
g1200,Gap_12_9mps,open_gap,100,1000,100,15381,0.6510416666666666,0.04957567844264853,0.017773289075569357,0.07072876641556167
g1200,Gap_12_9mps,open_gap,100,1000,100,15381,0.7512019230769231,0.050082304809777295,0.018925154159128717,0.06922233374265174
g1200,Gap_12_9mps,open_gap,100,1000,100,15381,0.8513621794871795,0.048657234951928315,0.017690623963616654,0.07002458340957796
g1200,Gap_12_9mps,open_gap,100,1000,100,15381,0.9515224358974359,0.045651886479201806,0.018965191318850185,0.06687181614222919
g1200,Gap_12_9mps,open_gap,100,1000,100,15381,1.0516826923076923,0.04242960356764987,0.018872734058079065,0.060978837575055664
g1200,Gap_12_9mps,open_gap,100,1000,100,15381,1.1518429487179487,0.039359793914591906,0.019105959724833543,0.05581345569537188
g1200,Gap_12_9mps,open_gap,100,1000,100,15381,1.252003205128205,0.03679783896612911,0.019159886574071455,0.05113740494735576
g1200,Gap_12_9mps,open_gap,100,1000,100,15381,1.3521634615384615,0.034539334618305814,0.01729014279545922,0.047830135321333
g1200,Gap_12_9mps,open_gap,100,1000,100,15381,1.4523237179487178,0.03244271343260862,0.015995318607763875,0.04661634704810853
g1200,Gap_12_9mps,open_gap,100,1000,100,15381,1.5524839743589745,0.03057021788617406,0.015055716959572696,0.04469663734014831
g1200,Gap_12_9mps,open_gap,100,1000,100,15381,1.6526442307692308,0.028746819052692073,0.014314935766663695,0.042053398786083586
g1200,Gap_12_9mps,open_gap,100,1000,100,15381,1.7528044871794872,0.02686645621595403,0.011710166547246548,0.03884470411491185
g1200,Gap_12_9mps,open_gap,100,1000,100,15381,1.8529647435897436,0.025020910286619225,0.010830646801919268,0.036933280755791054
g1200,Gap_12_9mps,open_gap,100,1000,100,15381,1.953125,0.023361853710207617,0.009711370355865907,0.03389918866581887
g1200,Gap_12_9mps,open_gap,100,1000,100,15381,2.0532852564102564,0.02197448088784334,0.008354459126252618,0.03351785521300362
g1200,Gap_12_9mps,open_gap,100,1000,100,15381,2.1534455128205128,0.02081729422715461,0.008496811177569851,0.030652614314292687
g1200,Gap_12_9mps,open_gap,100,1000,100,15381,2.253605769230769,0.019869155690496593,0.008472742785472987,0.028114307080937862
g1200,Gap_12_9mps,open_gap,100,1000,100,15381,2.3537660256410255,0.019238045925916537,0.009079222566649236,0.02642658949364133
g1200,Gap_12_9mps,open_gap,100,1000,100,15381,2.453926282051282,0.018667556656197237,0.009594739813877621,0.0254852573148134
g1200,Gap_12_9mps,open_gap,100,1000,100,15381,2.5540865384615383,0.018170323808297265,0.009635193318425616,0.02441204793703583
g1200,Gap_12_9mps,open_gap,100,1000,100,15381,2.6542467948717947,0.017836682830594263,0.009456785690571195,0.022912967339124245
g1200,Gap_12_9mps,open_gap,100,1000,100,15381,2.754407051282051,0.017534454936895115,0.010026358617166168,0.022707939784563896
g1200,Gap_12_9mps,open_gap,100,1000,100,15381,2.8545673076923075,0.017161461380386576,0.009057846529567084,0.023150723439963584
g1200,Gap_12_9mps,open_gap,100,1000,100,15381,2.9547275641025643,0.0167763514680083,0.009061897202759898,0.022871962584833205
g1200,Gap_12_9mps,open_gap,100,1000,100,15381,3.0548878205128207,0.01631872806251548,0.008251370333768129,0.021764722498032813
g1200,Gap_12_9mps,open_gap,100,1000,100,15381,3.155048076923077,0.015862700581162254,0.00834591552091681,0.021575525552710795
g1200,Gap_12_9mps,open_gap,100,1000,100,15381,3.2552083333333335,0.015461144866583542,0.007807197639405796,0.021371736741200388
g1200,Gap_12_9mps,open_gap,100,1000,100,15381,3.35536858974359,0.015181597185814799,0.006816115496776064,0.02063458627248104
g1200,Gap_12_9mps,open_gap,100,1000,100,15381,3.4555288461538463,0.015015787670085299,0.00616411648208008,0.02064781739558105
g1200,Gap_12_9mps,open_gap,100,1000,100,15381,3.5556891025641026,0.014829106247408012,0.00611367769412038,0.020765859330926218
g1200,Gap_12_9mps,open_gap,100,1000,100,15381,3.655849358974359,0.014557985335228068,0.0056657022451704125,0.02067836117174408
g1200,Gap_12_9mps,open_gap,100,1000,100,15381,3.7560096153846154,0.01423639801275945,0.005566398705003167,0.02081027314940835
g1200,Gap_12_9mps,open_gap,100,1000,100,15381,3.856169871794872,0.013958352849573735,0.005376284417274846,0.020544920069312588
g1200,Gap_12_9mps,open_gap,100,1000,100,15381,3.956330128205128,0.013788256088246235,0.005464081403035557,0.02060561647849137
g1200,Gap_12_9mps,open_gap,100,1000,100,15381,4.056490384615385,0.013711414172528918,0.005477772608372158,0.019978815265300095
g1200,Gap_12_9mps,open_gap,100,1000,100,15381,4.156650641025641,0.013694189737389055,0.005341232108576439,0.019299737850932693
g1200,Gap_12_9mps,open_gap,100,1000,100,15381,4.256810897435898,0.013682584339488641,0.005742371216280412,0.019375248880891913
g1200,Gap_12_9mps,open_gap,100,1000,100,15381,4.356971153846154,0.013626702919477476,0.0059815597900816165,0.019996592420006898
g1200,Gap_12_9mps,open_gap,100,1000,100,15381,4.457131410256411,0.013604657579210047,0.0056647391020804945,0.019768961951771608
g1200,Gap_12_9mps,open_gap,100,1000,100,15381,4.557291666666667,0.01363469105082254,0.005303684611015507,0.019396683720645444
g1200,Gap_12_9mps,open_gap,100,1000,100,15381,4.657451923076923,0.01370009968275826,0.005354028513371656,0.01934034674433924
g1200,Gap_12_9mps,open_gap,100,1000,100,15381,4.75761217948718,0.013818144187064285,0.00605160250882184,0.019260143784565878
g1200,Gap_12_9mps,open_gap,100,1000,100,15381,4.857772435897436,0.013905456420792928,0.006781758712461736,0.018677001474275444
g1200,Gap_12_9mps,open_gap,100,1000,100,15381,4.9579326923076925,0.0139325062265954,0.006990420994798007,0.018236930422651357
g1200,Gap_12_9mps,open_gap,100,1000,100,15381,5.058092948717949,0.013934596447472278,0.007255173228541972,0.01867269012708377
g1200,Gap_12_9mps,open_gap,100,1000,100,15381,5.158253205128205,0.013929056151078804,0.007486653748427103,0.01881825186166631
g1200,Gap_12_9mps,open_gap,100,1000,100,15381,5.258413461538462,0.013905158913461599,0.007582034571602914,0.019045131946878006
g1200,Gap_12_9mps,open_gap,100,1000,100,15381,5.358573717948718,0.013879794678576028,0.007421770368535622,0.018945165882810075
g1200,Gap_12_9mps,open_gap,100,1000,100,15381,5.4587339743589745,0.013901980340143685,0.00733449274755831,0.019264431472547243
g1200,Gap_12_9mps,open_gap,100,1000,100,15381,5.558894230769231,0.01396336289099229,0.007764913874881409,0.019142763721411153
g1200,Gap_12_9mps,open_gap,100,1000,100,15381,5.659054487179487,0.01405119196240997,0.007878092608383853,0.019300376627990085
g1200,Gap_12_9mps,open_gap,100,1000,100,15381,5.759214743589744,0.014148386104037037,0.007915791543752475,0.019255375949294263
g1200,Gap_12_9mps,open_gap,100,1000,100,15381,5.859375,0.014234820191821167,0.007586591098785072,0.019177909473662047
g1200,Gap_12_9mps,open_gap,100,1000,100,15381,5.959535256410256,0.014311621808579214,0.0077696402206869734,0.018971638522570416
g1200,Gap_12_9mps,open_gap,100,1000,100,15381,6.059695512820513,0.014476688164166578,0.007041236016036227,0.018959482910778272
g1200,Gap_12_9mps,open_gap,100,1000,100,15381,6.159855769230769,0.014636974132069568,0.007364538890788216,0.01895984688721479
g1200,Gap_12_9mps,open_gap,100,1000,100,15381,6.2600160256410255,0.01477700853479771,0.0076585879543087255,0.01875961040506169
g1200,Gap_12_9mps,open_gap,100,1000,100,15381,6.360176282051282,0.01489760008109033,0.008088132585780729,0.01964019961809399
g1200,Gap_12_9mps,open_gap,100,1000,100,15381,6.460336538461538,0.014985996730925384,0.007652981574874219,0.020182358362029727
g1200,Gap_12_9mps,open_gap,100,1000,100,15381,6.560496794871795,0.015064991681829286,0.00771692322404556,0.020444883057999512
g1200,Gap_12_9mps,open_gap,100,1000,100,15381,6.660657051282051,0.015163941685596148,0.007425004391402689,0.020498785698692776
g1200,Gap_12_9mps,open_gap,100,1000,100,15381,6.7608173076923075,0.015272866337550848,0.007362278245955781,0.020275306157543457
g1200,Gap_12_9mps,open_gap,100,1000,100,15381,6.860977564102564,0.015382271436121052,0.00663316689534484,0.02049668794386041
g1200,Gap_12_9mps,open_gap,100,1000,100,15381,6.96113782051282,0.015483714186483753,0.006583819208400404,0.020746539525791183
g1200,Gap_12_9mps,open_gap,100,1000,100,15381,7.061298076923077,0.015611403209959017,0.006591089846906266,0.021564786122365117
g1200,Gap_12_9mps,open_gap,100,1000,100,15381,7.161458333333333,0.015731964810131702,0.006520430501747826,0.02178753843974584
g1200,Gap_12_9mps,open_gap,100,1000,100,15381,7.261618589743589,0.01582027777469487,0.0067369353712029905,0.021706467098182133
g1200,Gap_12_9mps,open_gap,100,1000,100,15381,7.361778846153846,0.015912652463673585,0.006827173842580985,0.02241536715592501
g1200,Gap_12_9mps,open_gap,100,1000,100,15381,7.461939102564102,0.016018610056838835,0.006265266450743362,0.02289731208353435
g1200,Gap_12_9mps,open_gap,100,1000,100,15381,7.562099358974359,0.01611373411419413,0.006367537917154677,0.0232190360815411
g1200,Gap_12_9mps,open_gap,100,1000,100,15381,7.662259615384615,0.01622079141643936,0.006473182015329703,0.0230835366096167
g1200,Gap_12_9mps,open_gap,100,1000,100,15381,7.762419871794871,0.016340182435618814,0.006516204697777648,0.0230236764124129
g1200,Gap_12_9mps,open_gap,100,1000,100,15381,7.862580128205129,0.016458803974862924,0.0062663692741242,0.02271957169162419
g1200,Gap_12_9mps,open_gap,100,1000,100,15381,7.962740384615385,0.01652373961735548,0.006623189718010479,0.022473810349932795
g1200,Gap_12_9mps,open_gap,100,1000,100,15381,8.06290064102564,0.01654802495444678,0.006597253757143858,0.022929174951455467
g1200,Gap_12_9mps,open_gap,100,1000,100,15381,8.163060897435898,0.016591627281068496,0.006545960642961991,0.02365046136501891
g1200,Gap_12_9mps,open_gap,100,1000,100,15381,8.263221153846153,0.016649202582646603,0.0073872187984223995,0.023676592603812795
g1200,Gap_12_9mps,open_gap,100,1000,100,15381,8.36338141025641,0.016709629924724932,0.006921216418888439,0.02374661589670509
g1200,Gap_12_9mps,open_gap,100,1000,100,15381,8.463541666666666,0.01674640832501332,0.006821290179187303,0.023884993482427192
g1200,Gap_12_9mps,open_gap,100,1000,100,15381,8.563701923076923,0.016757033313191238,0.006942940075809275,0.024474291307259078
g1200,Gap_12_9mps,open_gap,100,1000,100,15381,8.663862179487179,0.016745831640777614,0.006849856888639022,0.0247551807194883
g1200,Gap_12_9mps,open_gap,100,1000,100,15381,8.764022435897436,0.01674055565388716,0.006826387310404136,0.024660453339962484
g1200,Gap_12_9mps,open_gap,100,1000,100,15381,8.864182692307692,0.016761006755514188,0.0071230403570430685,0.024572749711939294
g1200,Gap_12_9mps,open_gap,100,1000,100,15381,8.964342948717949,0.0167752727574495,0.0072434069135370385,0.024351489973147802
g1200,Gap_12_9mps,open_gap,100,1000,100,15381,9.064503205128204,0.01677977632372731,0.0072805454842003285,0.02407650995269878
g1200,Gap_12_9mps,open_gap,100,1000,100,15381,9.164663461538462,0.016790527181470484,0.007434714622015195,0.02413955238114039
g1200,Gap_12_9mps,open_gap,100,1000,100,15381,9.264823717948717,0.016818695338948645,0.007434401357658035,0.023884559541337714
g1200,Gap_12_9mps,open_gap,100,1000,100,15381,9.364983974358974,0.016830953837025903,0.007396323850775696,0.024052518401570282
g1200,Gap_12_9mps,open_gap,100,1000,100,15381,9.46514423076923,0.01683236648152226,0.006972937671563105,0.023632484166381335
g1200,Gap_12_9mps,open_gap,100,1000,100,15381,9.565304487179487,0.01685530337952204,0.006985272515583832,0.02315898308771523
g1200,Gap_12_9mps,open_gap,100,1000,100,15381,9.665464743589743,0.01688444538375736,0.006736679984018022,0.02287695284438546
g1200,Gap_12_9mps,open_gap,100,1000,100,15381,9.765625,0.016904093102009195,0.007035014551895489,0.02259445559814807
g1200,Gap_12_9mps,open_gap,100,1000,100,15381,9.865785256410257,0.016908372955869184,0.007279861477703676,0.02258226127789946
g1200,Gap_12_9mps,open_gap,100,1000,100,15381,9.965945512820513,0.01691510414911409,0.006838747208118714,0.022152646247329794
g1200,Gap_12_9mps,open_gap,500,1000,100,15381,0.05008012820512821,0.009121707975002084,0.00292369882113326,0.013286889928536109
g1200,Gap_12_9mps,open_gap,500,1000,100,15381,0.1502403846153846,0.014922751663785037,0.007077624424871811,0.02049464607063101
g1200,Gap_12_9mps,open_gap,500,1000,100,15381,0.250400641025641,0.019595289693528313,0.007592309218340371,0.02776856294946047
g1200,Gap_12_9mps,open_gap,500,1000,100,15381,0.3505608974358974,0.02192159299541684,0.009223608842541184,0.02955722660089665
g1200,Gap_12_9mps,open_gap,500,1000,100,15381,0.45072115384615385,0.023826719682070428,0.01159207034607566,0.032327594190998434
g1200,Gap_12_9mps,open_gap,500,1000,100,15381,0.5508814102564102,0.025666858518582795,0.013438313948903135,0.03424974159991784
g1200,Gap_12_9mps,open_gap,500,1000,100,15381,0.6510416666666666,0.02747993572528046,0.014856905173090653,0.03846875866643047
g1200,Gap_12_9mps,open_gap,500,1000,100,15381,0.7512019230769231,0.028757972065205098,0.01743446387872364,0.03992305520129994
g1200,Gap_12_9mps,open_gap,500,1000,100,15381,0.8513621794871795,0.028964744276768362,0.018760626168425658,0.04003988333681285
g1200,Gap_12_9mps,open_gap,500,1000,100,15381,0.9515224358974359,0.028450171202812596,0.018891602367725756,0.039124573018129424
g1200,Gap_12_9mps,open_gap,500,1000,100,15381,1.0516826923076923,0.02759278362082478,0.017933484444087988,0.03762867801293977
g1200,Gap_12_9mps,open_gap,500,1000,100,15381,1.1518429487179487,0.026419865697987644,0.01725488011455412,0.03568356430469078
g1200,Gap_12_9mps,open_gap,500,1000,100,15381,1.252003205128205,0.025099423457676098,0.016522477245380085,0.03417482950803775
g1200,Gap_12_9mps,open_gap,500,1000,100,15381,1.3521634615384615,0.023733441367292496,0.017142206522114213,0.032193444212626224
g1200,Gap_12_9mps,open_gap,500,1000,100,15381,1.4523237179487178,0.02236603856363267,0.016052811195738242,0.02995695285311277
g1200,Gap_12_9mps,open_gap,500,1000,100,15381,1.5524839743589745,0.021004851241300165,0.013674101828763224,0.02756853340440108
g1200,Gap_12_9mps,open_gap,500,1000,100,15381,1.6526442307692308,0.019633338795358987,0.011944738088056107,0.025618101566324145
g1200,Gap_12_9mps,open_gap,500,1000,100,15381,1.7528044871794872,0.018228045373601946,0.010547490222629503,0.023889818540575473
g1200,Gap_12_9mps,open_gap,500,1000,100,15381,1.8529647435897436,0.01680700188735036,0.00965053419037851,0.022113284836245518
g1200,Gap_12_9mps,open_gap,500,1000,100,15381,1.953125,0.01537359246387957,0.009098747799124226,0.020402686701096066
g1200,Gap_12_9mps,open_gap,500,1000,100,15381,2.0532852564102564,0.013927635706079302,0.00780164087743726,0.018664029862605326
g1200,Gap_12_9mps,open_gap,500,1000,100,15381,2.1534455128205128,0.012687932393264434,0.007527758217350196,0.01745956318102623
g1200,Gap_12_9mps,open_gap,500,1000,100,15381,2.253605769230769,0.01172152478903512,0.006501661761670955,0.016125398547282843
g1200,Gap_12_9mps,open_gap,500,1000,100,15381,2.3537660256410255,0.011029925837611301,0.005588970160087321,0.015020620918149529
g1200,Gap_12_9mps,open_gap,500,1000,100,15381,2.453926282051282,0.010443593227606658,0.0055713247958716385,0.014262581672798293
g1200,Gap_12_9mps,open_gap,500,1000,100,15381,2.5540865384615383,0.009869262141546771,0.004997291506306191,0.013775069334537997
g1200,Gap_12_9mps,open_gap,500,1000,100,15381,2.6542467948717947,0.009363550313680637,0.0044102990102342565,0.013101100250025003
g1200,Gap_12_9mps,open_gap,500,1000,100,15381,2.754407051282051,0.008919808066811696,0.004094414342469259,0.012878515867920784
g1200,Gap_12_9mps,open_gap,500,1000,100,15381,2.8545673076923075,0.008475436222648723,0.004361296360741792,0.012391933216694778
g1200,Gap_12_9mps,open_gap,500,1000,100,15381,2.9547275641025643,0.00798294698790999,0.003919952448953292,0.011502281579648665
g1200,Gap_12_9mps,open_gap,500,1000,100,15381,3.0548878205128207,0.00747962806335169,0.0036485263659809227,0.010902573963638452
g1200,Gap_12_9mps,open_gap,500,1000,100,15381,3.155048076923077,0.007016664070085879,0.0033728202384676496,0.009861563968851001
g1200,Gap_12_9mps,open_gap,500,1000,100,15381,3.2552083333333335,0.006615702709832878,0.003379539497374332,0.009496448925082501
g1200,Gap_12_9mps,open_gap,500,1000,100,15381,3.35536858974359,0.006295915974687145,0.003283913013993373,0.008605106151922875
g1200,Gap_12_9mps,open_gap,500,1000,100,15381,3.4555288461538463,0.006052911318614007,0.0032518622275116977,0.008293437900797125
g1200,Gap_12_9mps,open_gap,500,1000,100,15381,3.5556891025641026,0.005835982934085259,0.0029774741015617403,0.007892960612911407
g1200,Gap_12_9mps,open_gap,500,1000,100,15381,3.655849358974359,0.005645522293365861,0.0030842681970853197,0.007455870716587188
g1200,Gap_12_9mps,open_gap,500,1000,100,15381,3.7560096153846154,0.0054565622397003185,0.002908412409891615,0.007200367759357925
g1200,Gap_12_9mps,open_gap,500,1000,100,15381,3.856169871794872,0.0052639250845871,0.0027170406696705764,0.00745623930335363
g1200,Gap_12_9mps,open_gap,500,1000,100,15381,3.956330128205128,0.005126188831791634,0.002579218447302031,0.006797101696896071
g1200,Gap_12_9mps,open_gap,500,1000,100,15381,4.056490384615385,0.005058550015170216,0.002310306163610734,0.006838546846161661
g1200,Gap_12_9mps,open_gap,500,1000,100,15381,4.156650641025641,0.0049890756427239365,0.002325679209871774,0.0065780925833459555
g1200,Gap_12_9mps,open_gap,500,1000,100,15381,4.256810897435898,0.0049548855408556094,0.0020963637101350107,0.006773185575013715
g1200,Gap_12_9mps,open_gap,500,1000,100,15381,4.356971153846154,0.004936129041656249,0.0019674753787524315,0.007041970066494806
g1200,Gap_12_9mps,open_gap,500,1000,100,15381,4.457131410256411,0.0049489218490887995,0.002006829296201758,0.0069178983027671625
g1200,Gap_12_9mps,open_gap,500,1000,100,15381,4.557291666666667,0.004966629162527252,0.0020577621971968225,0.006811564781999185
g1200,Gap_12_9mps,open_gap,500,1000,100,15381,4.657451923076923,0.004985486620543898,0.0021854985560661815,0.0070492004445702056
g1200,Gap_12_9mps,open_gap,500,1000,100,15381,4.75761217948718,0.005005086523390071,0.0021088009794268617,0.007307335149947466
g1200,Gap_12_9mps,open_gap,500,1000,100,15381,4.857772435897436,0.005032640438803038,0.001983310991562486,0.007389916426012042
g1200,Gap_12_9mps,open_gap,500,1000,100,15381,4.9579326923076925,0.005058224461136769,0.0020393105272810655,0.007618958599087889
g1200,Gap_12_9mps,open_gap,500,1000,100,15381,5.058092948717949,0.005102035007741915,0.0019662187896796967,0.0076318753685277315
g1200,Gap_12_9mps,open_gap,500,1000,100,15381,5.158253205128205,0.005154161676771368,0.0020553958267615123,0.007300822087678713
g1200,Gap_12_9mps,open_gap,500,1000,100,15381,5.258413461538462,0.005185745136420783,0.002097662920267472,0.007218146148197905
g1200,Gap_12_9mps,open_gap,500,1000,100,15381,5.358573717948718,0.005211667655301007,0.002154573159170371,0.007421920672166884
g1200,Gap_12_9mps,open_gap,500,1000,100,15381,5.4587339743589745,0.005259481228670061,0.0020671582365077625,0.007584035666669077
g1200,Gap_12_9mps,open_gap,500,1000,100,15381,5.558894230769231,0.005338953345621794,0.002101164915181901,0.0075127507272602055
g1200,Gap_12_9mps,open_gap,500,1000,100,15381,5.659054487179487,0.00542358784958127,0.0020724539830098113,0.007422573690528684
g1200,Gap_12_9mps,open_gap,500,1000,100,15381,5.759214743589744,0.0055075992515504005,0.002112356108683871,0.007733155261703833
g1200,Gap_12_9mps,open_gap,500,1000,100,15381,5.859375,0.005585623223818551,0.002346791406882625,0.007686607555392071
g1200,Gap_12_9mps,open_gap,500,1000,100,15381,5.959535256410256,0.005656037413805035,0.002346104859341109,0.007679255514881065
g1200,Gap_12_9mps,open_gap,500,1000,100,15381,6.059695512820513,0.005703011765743782,0.0025486844179293997,0.007805563260192376
g1200,Gap_12_9mps,open_gap,500,1000,100,15381,6.159855769230769,0.005725711853551171,0.0026070153260812317,0.007835143118952633
g1200,Gap_12_9mps,open_gap,500,1000,100,15381,6.2600160256410255,0.005739419379706634,0.0027200067787582047,0.007794998555696479
g1200,Gap_12_9mps,open_gap,500,1000,100,15381,6.360176282051282,0.005763701802038244,0.002857457610267986,0.007986040144754375
g1200,Gap_12_9mps,open_gap,500,1000,100,15381,6.460336538461538,0.005796479296371022,0.0025978838483173656,0.00824388244475544
g1200,Gap_12_9mps,open_gap,500,1000,100,15381,6.560496794871795,0.005848897883170715,0.0023495562582747593,0.008470496371365623
g1200,Gap_12_9mps,open_gap,500,1000,100,15381,6.660657051282051,0.0059318091203310885,0.002624930508884243,0.008632184620956902
g1200,Gap_12_9mps,open_gap,500,1000,100,15381,6.7608173076923075,0.006055655308200985,0.0024440895377461566,0.00891657794446057
g1200,Gap_12_9mps,open_gap,500,1000,100,15381,6.860977564102564,0.006151003233591723,0.002527367395569148,0.009097749000896894
g1200,Gap_12_9mps,open_gap,500,1000,100,15381,6.96113782051282,0.006247045891324599,0.0024765178444130136,0.00920634417885447
g1200,Gap_12_9mps,open_gap,500,1000,100,15381,7.061298076923077,0.00636465172450157,0.002583452685633433,0.008949164713213794
g1200,Gap_12_9mps,open_gap,500,1000,100,15381,7.161458333333333,0.006503589944563314,0.00233783983586232,0.0092423860812012
g1200,Gap_12_9mps,open_gap,500,1000,100,15381,7.261618589743589,0.006645294737211224,0.002763100693262018,0.009569268336028664
g1200,Gap_12_9mps,open_gap,500,1000,100,15381,7.361778846153846,0.006802401613608264,0.0029972207440503882,0.009935574503066813
g1200,Gap_12_9mps,open_gap,500,1000,100,15381,7.461939102564102,0.006921335099205821,0.002879430131183633,0.009708577343628826
g1200,Gap_12_9mps,open_gap,500,1000,100,15381,7.562099358974359,0.006979506284857369,0.0030145464900521736,0.009917551361347013
g1200,Gap_12_9mps,open_gap,500,1000,100,15381,7.662259615384615,0.0070233746561282236,0.0030479259845339777,0.010337749654921081
g1200,Gap_12_9mps,open_gap,500,1000,100,15381,7.762419871794871,0.007080484400969112,0.002917404236935972,0.010578763014691637
g1200,Gap_12_9mps,open_gap,500,1000,100,15381,7.862580128205129,0.0071410746836692365,0.0029170949473044995,0.010764037978768464
g1200,Gap_12_9mps,open_gap,500,1000,100,15381,7.962740384615385,0.00720194352883019,0.0029524072058110767,0.01079458589714121
g1200,Gap_12_9mps,open_gap,500,1000,100,15381,8.06290064102564,0.007260571207585113,0.0030965464028510164,0.010696434061870267
g1200,Gap_12_9mps,open_gap,500,1000,100,15381,8.163060897435898,0.007324957914125021,0.0032481765763031144,0.010776109623535094
g1200,Gap_12_9mps,open_gap,500,1000,100,15381,8.263221153846153,0.007405613067294599,0.003586486722364905,0.010701326966602502
g1200,Gap_12_9mps,open_gap,500,1000,100,15381,8.36338141025641,0.0075233355757673105,0.003447661192683061,0.010932197952064154
g1200,Gap_12_9mps,open_gap,500,1000,100,15381,8.463541666666666,0.007646094486218657,0.0032589566290312537,0.011210301310764887
g1200,Gap_12_9mps,open_gap,500,1000,100,15381,8.563701923076923,0.007743023581688371,0.0031417385519705,0.011389452473492455
g1200,Gap_12_9mps,open_gap,500,1000,100,15381,8.663862179487179,0.007828581534414054,0.0032101955173044136,0.011408968300762934
g1200,Gap_12_9mps,open_gap,500,1000,100,15381,8.764022435897436,0.007936652706653837,0.0032199228634193088,0.01135627913791596
g1200,Gap_12_9mps,open_gap,500,1000,100,15381,8.864182692307692,0.008050099365952867,0.003285676110094653,0.011367011709743975
g1200,Gap_12_9mps,open_gap,500,1000,100,15381,8.964342948717949,0.008144237624377207,0.003527272985817207,0.01164566925181475
g1200,Gap_12_9mps,open_gap,500,1000,100,15381,9.064503205128204,0.008217338778394057,0.003498260711535798,0.012049887582462008
g1200,Gap_12_9mps,open_gap,500,1000,100,15381,9.164663461538462,0.008273409456243065,0.0035098753625302003,0.011984780972402546
g1200,Gap_12_9mps,open_gap,500,1000,100,15381,9.264823717948717,0.00832722401001004,0.0036028417335455237,0.01244811030731667
g1200,Gap_12_9mps,open_gap,500,1000,100,15381,9.364983974358974,0.008366855240638137,0.0035758828347538314,0.012741837714315335
g1200,Gap_12_9mps,open_gap,500,1000,100,15381,9.46514423076923,0.008392719569677189,0.0037710140085192552,0.012624907578059555
g1200,Gap_12_9mps,open_gap,500,1000,100,15381,9.565304487179487,0.008403161309094439,0.003922935936668481,0.01247480293595005
g1200,Gap_12_9mps,open_gap,500,1000,100,15381,9.665464743589743,0.008410854943581257,0.0040659364901388766,0.012401694661638388
g1200,Gap_12_9mps,open_gap,500,1000,100,15381,9.765625,0.008428004906584805,0.004003097833662788,0.012370467762783133
g1200,Gap_12_9mps,open_gap,500,1000,100,15381,9.865785256410257,0.008444405294074808,0.003934005495874846,0.012247217067976025
g1200,Gap_12_9mps,open_gap,500,1000,100,15381,9.965945512820513,0.008432408611103975,0.003886316903661144,0.012250267168226792
