case_alias,case_name,surface,ntwr,reference_towers,n_repeats,n_candidate_towers,z_over_h,mean_deviation,q25_deviation,q75_deviation
g1200,Gap_12_9mps,forested,1,1000,100,50155,0.05008012820512821,0.6389394811510294,0.31312676784485355,0.7491930842213947
g1200,Gap_12_9mps,forested,1,1000,100,50155,0.1502403846153846,0.7308974382087651,0.3184853421706622,0.8182107370035803
g1200,Gap_12_9mps,forested,1,1000,100,50155,0.250400641025641,0.5296186831457721,0.2515486163340838,0.7243014408693972
g1200,Gap_12_9mps,forested,1,1000,100,50155,0.3505608974358974,0.3798416090985496,0.20485597266043432,0.47539476163582006
g1200,Gap_12_9mps,forested,1,1000,100,50155,0.45072115384615385,0.2506898864418536,0.08511765508735204,0.34882267526338784
g1200,Gap_12_9mps,forested,1,1000,100,50155,0.5508814102564102,0.22831508730918287,0.06694967052986103,0.3179662513998643
g1200,Gap_12_9mps,forested,1,1000,100,50155,0.6510416666666666,0.21739752568397527,0.059257632430646585,0.3026836597992759
g1200,Gap_12_9mps,forested,1,1000,100,50155,0.7512019230769231,0.21235480680597832,0.06670775711912555,0.28124557903088165
g1200,Gap_12_9mps,forested,1,1000,100,50155,0.8513621794871795,0.2036980281013191,0.06794481016782947,0.27716907962436677
g1200,Gap_12_9mps,forested,1,1000,100,50155,0.9515224358974359,0.19760275009278958,0.06562289071673758,0.2753154063814577
g1200,Gap_12_9mps,forested,1,1000,100,50155,1.0516826923076923,0.19617037037449822,0.0750607308337787,0.28339202525363527
g1200,Gap_12_9mps,forested,1,1000,100,50155,1.1518429487179487,0.19942190772172608,0.07360445205155049,0.2924227497856282
g1200,Gap_12_9mps,forested,1,1000,100,50155,1.252003205128205,0.20336207368299258,0.07137099061651629,0.3053330052453549
g1200,Gap_12_9mps,forested,1,1000,100,50155,1.3521634615384615,0.20747283843306305,0.07984464610155365,0.31433620676631496
g1200,Gap_12_9mps,forested,1,1000,100,50155,1.4523237179487178,0.21089472538720147,0.08193338125678541,0.30931399489206
g1200,Gap_12_9mps,forested,1,1000,100,50155,1.5524839743589745,0.21339123219338452,0.07615981858642706,0.3082206836904733
g1200,Gap_12_9mps,forested,1,1000,100,50155,1.6526442307692308,0.2139372018213975,0.07957893958678686,0.3184700714276699
g1200,Gap_12_9mps,forested,1,1000,100,50155,1.7528044871794872,0.2119684796769154,0.07476704036441856,0.3165254890391161
g1200,Gap_12_9mps,forested,1,1000,100,50155,1.8529647435897436,0.20826836447039132,0.07387362502576542,0.3044008101971065
g1200,Gap_12_9mps,forested,1,1000,100,50155,1.953125,0.20345303458371095,0.0731842090010462,0.28896758884098567
g1200,Gap_12_9mps,forested,1,1000,100,50155,2.0532852564102564,0.1972102012904854,0.06934314936012588,0.2794335476056805
g1200,Gap_12_9mps,forested,1,1000,100,50155,2.1534455128205128,0.19189993215344903,0.07602004336904217,0.2634009923377453
g1200,Gap_12_9mps,forested,1,1000,100,50155,2.253605769230769,0.1881466294825219,0.07845629312954246,0.25410723148605446
g1200,Gap_12_9mps,forested,1,1000,100,50155,2.3537660256410255,0.1843839551221561,0.07803709375354581,0.24603155113065114
g1200,Gap_12_9mps,forested,1,1000,100,50155,2.453926282051282,0.1799368026835047,0.07637157495082104,0.23474321835020637
g1200,Gap_12_9mps,forested,1,1000,100,50155,2.5540865384615383,0.17587419833396223,0.07418755639127228,0.2351313894762533
g1200,Gap_12_9mps,forested,1,1000,100,50155,2.6542467948717947,0.1710401943193392,0.0713065216201501,0.23933360676614748
g1200,Gap_12_9mps,forested,1,1000,100,50155,2.754407051282051,0.16687485657285062,0.06567519027854152,0.23255298200413227
g1200,Gap_12_9mps,forested,1,1000,100,50155,2.8545673076923075,0.16328042887503702,0.05874030464600771,0.22118174216617237
g1200,Gap_12_9mps,forested,1,1000,100,50155,2.9547275641025643,0.16036033169313987,0.05870587418489449,0.21882584668814004
g1200,Gap_12_9mps,forested,1,1000,100,50155,3.0548878205128207,0.15754877462881253,0.05774961196527102,0.2202653795683494
g1200,Gap_12_9mps,forested,1,1000,100,50155,3.155048076923077,0.15536588342295288,0.05226162672330656,0.21996160657753863
g1200,Gap_12_9mps,forested,1,1000,100,50155,3.2552083333333335,0.1527055822333501,0.053688630881247645,0.21443928910968646
g1200,Gap_12_9mps,forested,1,1000,100,50155,3.35536858974359,0.14950027753154363,0.05598867806338292,0.20698721560583555
g1200,Gap_12_9mps,forested,1,1000,100,50155,3.4555288461538463,0.14737395505765322,0.05468995153692617,0.19849410635033093
g1200,Gap_12_9mps,forested,1,1000,100,50155,3.5556891025641026,0.1460253858033331,0.05429606569453067,0.19740969054278507
g1200,Gap_12_9mps,forested,1,1000,100,50155,3.655849358974359,0.14420545256429473,0.06470519416493367,0.1886552454409388
g1200,Gap_12_9mps,forested,1,1000,100,50155,3.7560096153846154,0.14267823115967046,0.06351468219247303,0.18999989685981206
g1200,Gap_12_9mps,forested,1,1000,100,50155,3.856169871794872,0.14161568120336804,0.06466579374957725,0.19602829273385386
g1200,Gap_12_9mps,forested,1,1000,100,50155,3.956330128205128,0.14121301732018135,0.06288377959387276,0.19079727596924415
g1200,Gap_12_9mps,forested,1,1000,100,50155,4.056490384615385,0.14068077584399694,0.06514071780742217,0.19709757102236156
g1200,Gap_12_9mps,forested,1,1000,100,50155,4.156650641025641,0.14080310164071994,0.06110112608376177,0.18743580288767075
g1200,Gap_12_9mps,forested,1,1000,100,50155,4.256810897435898,0.14101044860660594,0.057744913746589015,0.17942771257790704
g1200,Gap_12_9mps,forested,1,1000,100,50155,4.356971153846154,0.14183719373135856,0.06096331277288625,0.18436096957606138
g1200,Gap_12_9mps,forested,1,1000,100,50155,4.457131410256411,0.14212748292596938,0.06229689160305767,0.17908024261979308
g1200,Gap_12_9mps,forested,1,1000,100,50155,4.557291666666667,0.14222912853534753,0.06270982298990631,0.17648766808291194
g1200,Gap_12_9mps,forested,1,1000,100,50155,4.657451923076923,0.1416966523926676,0.06342447969369011,0.17311616473549699
g1200,Gap_12_9mps,forested,1,1000,100,50155,4.75761217948718,0.1407690574903846,0.06383446087378865,0.17330470198575695
g1200,Gap_12_9mps,forested,1,1000,100,50155,4.857772435897436,0.14023823965631038,0.06211404319238856,0.17713922055198597
g1200,Gap_12_9mps,forested,1,1000,100,50155,4.9579326923076925,0.14037562469166967,0.05961882998727474,0.18202021371444502
g1200,Gap_12_9mps,forested,1,1000,100,50155,5.058092948717949,0.14067712658416603,0.05789933598940914,0.1857261010733336
g1200,Gap_12_9mps,forested,1,1000,100,50155,5.158253205128205,0.1405747065449917,0.060276546645051006,0.1882740122899869
g1200,Gap_12_9mps,forested,1,1000,100,50155,5.258413461538462,0.1400558617178423,0.05490279176650118,0.19106649161730227
g1200,Gap_12_9mps,forested,1,1000,100,50155,5.358573717948718,0.139384785746421,0.056985678070317604,0.1940448862958075
g1200,Gap_12_9mps,forested,1,1000,100,50155,5.4587339743589745,0.13891519301541774,0.060275839133466666,0.19639885921490668
g1200,Gap_12_9mps,forested,1,1000,100,50155,5.558894230769231,0.13894135368156862,0.05739698224594401,0.1956817311847629
g1200,Gap_12_9mps,forested,1,1000,100,50155,5.659054487179487,0.1388223992115513,0.0517908599234241,0.19869919759506863
g1200,Gap_12_9mps,forested,1,1000,100,50155,5.759214743589744,0.1382249920822572,0.04622091160080441,0.20021343687745313
g1200,Gap_12_9mps,forested,1,1000,100,50155,5.859375,0.13759188648520285,0.04533055541018614,0.2084885780316197
g1200,Gap_12_9mps,forested,1,1000,100,50155,5.959535256410256,0.13719745859113602,0.045526072319116324,0.20557720694549586
g1200,Gap_12_9mps,forested,1,1000,100,50155,6.059695512820513,0.13731960725289588,0.049139190901701414,0.2017745323832636
g1200,Gap_12_9mps,forested,1,1000,100,50155,6.159855769230769,0.13794536335322038,0.05386781115915413,0.2017625775010264
g1200,Gap_12_9mps,forested,1,1000,100,50155,6.2600160256410255,0.13842802774717974,0.05765067546620499,0.1945096657256471
g1200,Gap_12_9mps,forested,1,1000,100,50155,6.360176282051282,0.13870465499557644,0.06077428070930363,0.18645381058642482
g1200,Gap_12_9mps,forested,1,1000,100,50155,6.460336538461538,0.13914271233558456,0.06710208055562575,0.18175893370155383
g1200,Gap_12_9mps,forested,1,1000,100,50155,6.560496794871795,0.13971850066572536,0.06895932540449157,0.17976067967957796
g1200,Gap_12_9mps,forested,1,1000,100,50155,6.660657051282051,0.1401898645946933,0.0712568007197354,0.18080101219837247
g1200,Gap_12_9mps,forested,1,1000,100,50155,6.7608173076923075,0.14046262142424357,0.07168965376858251,0.18305861176429433
g1200,Gap_12_9mps,forested,1,1000,100,50155,6.860977564102564,0.14046753443567866,0.07029861993105689,0.18400761715858238
g1200,Gap_12_9mps,forested,1,1000,100,50155,6.96113782051282,0.14007044981728659,0.06886619725104749,0.18726369084958358
g1200,Gap_12_9mps,forested,1,1000,100,50155,7.061298076923077,0.1395674073565428,0.06381068510975563,0.18528762448418984
g1200,Gap_12_9mps,forested,1,1000,100,50155,7.161458333333333,0.13914118439735393,0.060583344484863806,0.18098916960953887
g1200,Gap_12_9mps,forested,1,1000,100,50155,7.261618589743589,0.13892200659424078,0.05851844813404398,0.18500743018944776
g1200,Gap_12_9mps,forested,1,1000,100,50155,7.361778846153846,0.13871833814065812,0.0585522760775717,0.18935694270430686
g1200,Gap_12_9mps,forested,1,1000,100,50155,7.461939102564102,0.13877451691396142,0.060498486412719175,0.19398494500784177
g1200,Gap_12_9mps,forested,1,1000,100,50155,7.562099358974359,0.13932245756133452,0.0650548672896988,0.1971595664072064
g1200,Gap_12_9mps,forested,1,1000,100,50155,7.662259615384615,0.1402159074096239,0.06606684944560562,0.19639804153148707
g1200,Gap_12_9mps,forested,1,1000,100,50155,7.762419871794871,0.14132948971018153,0.06822717183993815,0.1973062692581589
g1200,Gap_12_9mps,forested,1,1000,100,50155,7.862580128205129,0.1423986380198799,0.06536695494861025,0.19819482597168925
g1200,Gap_12_9mps,forested,1,1000,100,50155,7.962740384615385,0.14308353679676653,0.06293910408159067,0.19708573620318998
g1200,Gap_12_9mps,forested,1,1000,100,50155,8.06290064102564,0.14322985178789543,0.06671121012407882,0.18996422832882495
g1200,Gap_12_9mps,forested,1,1000,100,50155,8.163060897435898,0.1433081080585516,0.0673971072997509,0.19077074586014983
g1200,Gap_12_9mps,forested,1,1000,100,50155,8.263221153846153,0.14336652512228912,0.06888642578997783,0.18917608880973075
g1200,Gap_12_9mps,forested,1,1000,100,50155,8.36338141025641,0.14348433135426214,0.06962036037446233,0.18886618407206626
g1200,Gap_12_9mps,forested,1,1000,100,50155,8.463541666666666,0.1435340924719627,0.06776350205112167,0.19143284454193482
g1200,Gap_12_9mps,forested,1,1000,100,50155,8.563701923076923,0.14375556765727893,0.06754879509280776,0.19206134159092947
g1200,Gap_12_9mps,forested,1,1000,100,50155,8.663862179487179,0.1442747473891239,0.06676285841128225,0.18754094493879403
g1200,Gap_12_9mps,forested,1,1000,100,50155,8.764022435897436,0.14480067419534134,0.06546007473025842,0.1866337557138454
g1200,Gap_12_9mps,forested,1,1000,100,50155,8.864182692307692,0.14504131679481982,0.06546144045199435,0.18660130091213284
g1200,Gap_12_9mps,forested,1,1000,100,50155,8.964342948717949,0.14509380219001256,0.06878257283644944,0.1882749548331617
g1200,Gap_12_9mps,forested,1,1000,100,50155,9.064503205128204,0.14540693729715837,0.06854727746209649,0.18975979049806052
g1200,Gap_12_9mps,forested,1,1000,100,50155,9.164663461538462,0.1463905245106865,0.07020425859936394,0.18843029526788288
g1200,Gap_12_9mps,forested,1,1000,100,50155,9.264823717948717,0.14768319587342574,0.0716260240569729,0.19067355094538507
g1200,Gap_12_9mps,forested,1,1000,100,50155,9.364983974358974,0.1487134757159506,0.07566134200794092,0.19327382558092776
g1200,Gap_12_9mps,forested,1,1000,100,50155,9.46514423076923,0.1493846941501337,0.07640544316723019,0.19717709500479855
g1200,Gap_12_9mps,forested,1,1000,100,50155,9.565304487179487,0.1500277295405362,0.07514330547347732,0.20009811672247022
g1200,Gap_12_9mps,forested,1,1000,100,50155,9.665464743589743,0.15087953265934048,0.06802569520819847,0.20338476826357446
g1200,Gap_12_9mps,forested,1,1000,100,50155,9.765625,0.15162913925410268,0.0671651326051875,0.20890617176416001
g1200,Gap_12_9mps,forested,1,1000,100,50155,9.865785256410257,0.1521985534048925,0.06722629086332307,0.20959637939629064
g1200,Gap_12_9mps,forested,1,1000,100,50155,9.965945512820513,0.1524488025284147,0.061794742607283445,0.205479369560824
g1200,Gap_12_9mps,forested,10,1000,100,50155,0.05008012820512821,0.33130249573282305,0.13886820658236254,0.439524594531395
g1200,Gap_12_9mps,forested,10,1000,100,50155,0.1502403846153846,0.3089490278684084,0.11749475467938722,0.4177043438654161
g1200,Gap_12_9mps,forested,10,1000,100,50155,0.250400641025641,0.5076888445710809,0.14507366179870962,0.5619996279989541
g1200,Gap_12_9mps,forested,10,1000,100,50155,0.3505608974358974,0.30936190709770134,0.09434340495798957,0.3337051369890964
g1200,Gap_12_9mps,forested,10,1000,100,50155,0.45072115384615385,0.11627438656487091,0.0383762811388893,0.16372754993624694
g1200,Gap_12_9mps,forested,10,1000,100,50155,0.5508814102564102,0.0690392929349522,0.027324096555590222,0.09820745930917711
g1200,Gap_12_9mps,forested,10,1000,100,50155,0.6510416666666666,0.06012690259263364,0.028743009630995294,0.0839496989698265
g1200,Gap_12_9mps,forested,10,1000,100,50155,0.7512019230769231,0.0571712160677916,0.022380403629842296,0.08480250984421817
g1200,Gap_12_9mps,forested,10,1000,100,50155,0.8513621794871795,0.05439063469236111,0.016717074323027388,0.07938261982562136
g1200,Gap_12_9mps,forested,10,1000,100,50155,0.9515224358974359,0.052275963562580866,0.015566867651603087,0.079820112011553
g1200,Gap_12_9mps,forested,10,1000,100,50155,1.0516826923076923,0.05202023042650214,0.017333744941087706,0.07628743900923543
g1200,Gap_12_9mps,forested,10,1000,100,50155,1.1518429487179487,0.05307091555232159,0.01861617078717335,0.07430371362444357
g1200,Gap_12_9mps,forested,10,1000,100,50155,1.252003205128205,0.054586615096453545,0.019354854351558825,0.07861273975584768
g1200,Gap_12_9mps,forested,10,1000,100,50155,1.3521634615384615,0.05531812858957594,0.023087521150852754,0.07933650486053266
g1200,Gap_12_9mps,forested,10,1000,100,50155,1.4523237179487178,0.05558800200668397,0.01755242395245033,0.08176400689409064
g1200,Gap_12_9mps,forested,10,1000,100,50155,1.5524839743589745,0.05526281485367379,0.02231139727043539,0.0832888415100656
g1200,Gap_12_9mps,forested,10,1000,100,50155,1.6526442307692308,0.05545942080764393,0.025791085695901435,0.08472374031444413
g1200,Gap_12_9mps,forested,10,1000,100,50155,1.7528044871794872,0.05567978565047265,0.02458445717298461,0.08016202184115488
g1200,Gap_12_9mps,forested,10,1000,100,50155,1.8529647435897436,0.05523314239898238,0.02279518955732208,0.07958338571171736
g1200,Gap_12_9mps,forested,10,1000,100,50155,1.953125,0.05437960198448305,0.024972597831388027,0.08046386014676278
g1200,Gap_12_9mps,forested,10,1000,100,50155,2.0532852564102564,0.05404124767285218,0.025042813925756552,0.07665398061929032
g1200,Gap_12_9mps,forested,10,1000,100,50155,2.1534455128205128,0.053467003307901974,0.02147846364040079,0.07714810224768306
g1200,Gap_12_9mps,forested,10,1000,100,50155,2.253605769230769,0.053146962251129366,0.023097791581378632,0.07595125616358653
g1200,Gap_12_9mps,forested,10,1000,100,50155,2.3537660256410255,0.05286267690425472,0.017734953523316235,0.07638327550450283
g1200,Gap_12_9mps,forested,10,1000,100,50155,2.453926282051282,0.05226362964828989,0.019174216511800443,0.07731415797194932
g1200,Gap_12_9mps,forested,10,1000,100,50155,2.5540865384615383,0.051563958982303336,0.017422722163447767,0.0778977226407542
g1200,Gap_12_9mps,forested,10,1000,100,50155,2.6542467948717947,0.05079554573303224,0.01799756432646315,0.0764646626165179
g1200,Gap_12_9mps,forested,10,1000,100,50155,2.754407051282051,0.04939617616414444,0.01526939549598739,0.0741796850505236
g1200,Gap_12_9mps,forested,10,1000,100,50155,2.8545673076923075,0.047504462990881985,0.012596646276038018,0.07177233647740719
g1200,Gap_12_9mps,forested,10,1000,100,50155,2.9547275641025643,0.04580560417119241,0.011988534184726628,0.068566426266753
g1200,Gap_12_9mps,forested,10,1000,100,50155,3.0548878205128207,0.044299798917909666,0.012038755609096157,0.0637855309042959
g1200,Gap_12_9mps,forested,10,1000,100,50155,3.155048076923077,0.04323434219114618,0.011781697331319823,0.06152514613107191
g1200,Gap_12_9mps,forested,10,1000,100,50155,3.2552083333333335,0.04233738167216601,0.014269467413508673,0.05750283599928285
g1200,Gap_12_9mps,forested,10,1000,100,50155,3.35536858974359,0.04140028022321949,0.015024902824192716,0.0551743106159536
g1200,Gap_12_9mps,forested,10,1000,100,50155,3.4555288461538463,0.04046377993218639,0.014981430788770626,0.056316970832920414
g1200,Gap_12_9mps,forested,10,1000,100,50155,3.5556891025641026,0.039375268944254124,0.016375382142881516,0.054711238216357067
g1200,Gap_12_9mps,forested,10,1000,100,50155,3.655849358974359,0.03821232152266754,0.013972160009188817,0.05226082115519113
g1200,Gap_12_9mps,forested,10,1000,100,50155,3.7560096153846154,0.037136389250221,0.013116453569761266,0.05222124998459977
g1200,Gap_12_9mps,forested,10,1000,100,50155,3.856169871794872,0.03636055556224868,0.012032249789398743,0.05165710274173279
g1200,Gap_12_9mps,forested,10,1000,100,50155,3.956330128205128,0.03594465430519564,0.013170879089982455,0.0515941936807778
g1200,Gap_12_9mps,forested,10,1000,100,50155,4.056490384615385,0.03576031569747443,0.012012752583353338,0.05129698169755664
g1200,Gap_12_9mps,forested,10,1000,100,50155,4.156650641025641,0.035523423101820745,0.010519063676591674,0.0520197897243907
g1200,Gap_12_9mps,forested,10,1000,100,50155,4.256810897435898,0.03511227932385548,0.010658479592842461,0.05178842508055193
g1200,Gap_12_9mps,forested,10,1000,100,50155,4.356971153846154,0.03483141572108595,0.010874138894434407,0.05060693704987128
g1200,Gap_12_9mps,forested,10,1000,100,50155,4.457131410256411,0.03489910474879225,0.011200313154606888,0.050934179777181135
g1200,Gap_12_9mps,forested,10,1000,100,50155,4.557291666666667,0.03509224711714278,0.012209355918500364,0.05126635410326375
g1200,Gap_12_9mps,forested,10,1000,100,50155,4.657451923076923,0.035324633739656205,0.012405509447649673,0.05186547849878273
g1200,Gap_12_9mps,forested,10,1000,100,50155,4.75761217948718,0.03559137090080789,0.012585544698335897,0.051751690583676124
g1200,Gap_12_9mps,forested,10,1000,100,50155,4.857772435897436,0.035913147222396996,0.013893651531196996,0.050152915613016526
g1200,Gap_12_9mps,forested,10,1000,100,50155,4.9579326923076925,0.03620912538207085,0.01499444117984926,0.05093825176252825
g1200,Gap_12_9mps,forested,10,1000,100,50155,5.058092948717949,0.03658969238412967,0.016291412017015637,0.0509340559052992
g1200,Gap_12_9mps,forested,10,1000,100,50155,5.158253205128205,0.03697236959286583,0.01801780845547238,0.05325540969089603
g1200,Gap_12_9mps,forested,10,1000,100,50155,5.258413461538462,0.03731762108373738,0.019004688149727094,0.05440201693327888
g1200,Gap_12_9mps,forested,10,1000,100,50155,5.358573717948718,0.0375920851281776,0.017325938918179528,0.056064204292743905
g1200,Gap_12_9mps,forested,10,1000,100,50155,5.4587339743589745,0.037797860319802944,0.018198204782645243,0.056437048124954384
g1200,Gap_12_9mps,forested,10,1000,100,50155,5.558894230769231,0.03794769597798736,0.017446093794677833,0.057705603686652555
g1200,Gap_12_9mps,forested,10,1000,100,50155,5.659054487179487,0.038102154711296965,0.01652203888394131,0.05959265952170337
g1200,Gap_12_9mps,forested,10,1000,100,50155,5.759214743589744,0.038414110232502546,0.015698456250806233,0.060560478431445915
g1200,Gap_12_9mps,forested,10,1000,100,50155,5.859375,0.03880870710246136,0.016227056096167862,0.059853283125488155
g1200,Gap_12_9mps,forested,10,1000,100,50155,5.959535256410256,0.03923483596995612,0.016669036761496676,0.060955314411267975
g1200,Gap_12_9mps,forested,10,1000,100,50155,6.059695512820513,0.03963513470101624,0.01568873835492393,0.06173536788743529
g1200,Gap_12_9mps,forested,10,1000,100,50155,6.159855769230769,0.03989599578249638,0.016923559017002907,0.06259351431978316
g1200,Gap_12_9mps,forested,10,1000,100,50155,6.2600160256410255,0.040056264922772596,0.014882431897162266,0.06256635567211054
g1200,Gap_12_9mps,forested,10,1000,100,50155,6.360176282051282,0.0403973991610012,0.017394303749097104,0.06229362266391389
g1200,Gap_12_9mps,forested,10,1000,100,50155,6.460336538461538,0.040859033708783965,0.016790350068793144,0.061651053032914946
g1200,Gap_12_9mps,forested,10,1000,100,50155,6.560496794871795,0.04128464533657887,0.01677026068426895,0.0631815957699799
g1200,Gap_12_9mps,forested,10,1000,100,50155,6.660657051282051,0.04162348318906615,0.017200395167314697,0.06255334330840337
g1200,Gap_12_9mps,forested,10,1000,100,50155,6.7608173076923075,0.04190296919463319,0.018280041304570314,0.062186709469300994
g1200,Gap_12_9mps,forested,10,1000,100,50155,6.860977564102564,0.04216526105090687,0.018725009374742235,0.06283648406443554
g1200,Gap_12_9mps,forested,10,1000,100,50155,6.96113782051282,0.04261684228686177,0.018450588477453074,0.06320319136141618
g1200,Gap_12_9mps,forested,10,1000,100,50155,7.061298076923077,0.043292848226502124,0.017776016200472044,0.06434796092499684
g1200,Gap_12_9mps,forested,10,1000,100,50155,7.161458333333333,0.043924851853469386,0.019074816010425103,0.06574698537293039
g1200,Gap_12_9mps,forested,10,1000,100,50155,7.261618589743589,0.04449334640306828,0.020834676733792704,0.06667064457912807
g1200,Gap_12_9mps,forested,10,1000,100,50155,7.361778846153846,0.04499497831345169,0.02174659321434223,0.06438695847840667
g1200,Gap_12_9mps,forested,10,1000,100,50155,7.461939102564102,0.04540365677245254,0.02166246926142787,0.06412214322534004
g1200,Gap_12_9mps,forested,10,1000,100,50155,7.562099358974359,0.045768008599530896,0.023409315381618927,0.06491695018038313
g1200,Gap_12_9mps,forested,10,1000,100,50155,7.662259615384615,0.04610043354342496,0.023174839766741877,0.06513702938789884
g1200,Gap_12_9mps,forested,10,1000,100,50155,7.762419871794871,0.04638066667007382,0.023852471228783236,0.06525196722013811
g1200,Gap_12_9mps,forested,10,1000,100,50155,7.862580128205129,0.0467353973201994,0.02424308390676545,0.06639453743762076
g1200,Gap_12_9mps,forested,10,1000,100,50155,7.962740384615385,0.047256238239645885,0.023105450164700617,0.06745770768588505
g1200,Gap_12_9mps,forested,10,1000,100,50155,8.06290064102564,0.047844344828437954,0.024485994039161053,0.06940505647042722
g1200,Gap_12_9mps,forested,10,1000,100,50155,8.163060897435898,0.04841772215550232,0.02451042348441244,0.0698969583711802
g1200,Gap_12_9mps,forested,10,1000,100,50155,8.263221153846153,0.049013899473189654,0.024364310584735014,0.06946510683909413
g1200,Gap_12_9mps,forested,10,1000,100,50155,8.36338141025641,0.04958633444671223,0.024325862024888293,0.06986001346533595
g1200,Gap_12_9mps,forested,10,1000,100,50155,8.463541666666666,0.05006836343337796,0.023100631823097885,0.07052902561692945
g1200,Gap_12_9mps,forested,10,1000,100,50155,8.563701923076923,0.05045772688183794,0.023992816624273817,0.0714044720594583
g1200,Gap_12_9mps,forested,10,1000,100,50155,8.663862179487179,0.05073998156523341,0.024231125507375877,0.07214567109902174
g1200,Gap_12_9mps,forested,10,1000,100,50155,8.764022435897436,0.0509290040187238,0.02452172223303041,0.07163828890846294
g1200,Gap_12_9mps,forested,10,1000,100,50155,8.864182692307692,0.051095308715450996,0.02518176649248842,0.07098684770710359
g1200,Gap_12_9mps,forested,10,1000,100,50155,8.964342948717949,0.051160058464334794,0.026058018694502354,0.0696728532365523
g1200,Gap_12_9mps,forested,10,1000,100,50155,9.064503205128204,0.05114937915997147,0.026342021328546242,0.06897798429681153
g1200,Gap_12_9mps,forested,10,1000,100,50155,9.164663461538462,0.05129939792904891,0.026826245328761794,0.07049754477603777
g1200,Gap_12_9mps,forested,10,1000,100,50155,9.264823717948717,0.051564237234156346,0.027214211584781045,0.07155777883229338
g1200,Gap_12_9mps,forested,10,1000,100,50155,9.364983974358974,0.051741194612878225,0.027708930440721598,0.07253851587108841
g1200,Gap_12_9mps,forested,10,1000,100,50155,9.46514423076923,0.0518783512078035,0.026926689494153794,0.07412208569005205
g1200,Gap_12_9mps,forested,10,1000,100,50155,9.565304487179487,0.05196981030371551,0.02537789388780396,0.07765184759581364
g1200,Gap_12_9mps,forested,10,1000,100,50155,9.665464743589743,0.05208004350616316,0.02534504071668398,0.07996980779617505
g1200,Gap_12_9mps,forested,10,1000,100,50155,9.765625,0.05226744456099675,0.02491809454936804,0.08025600598897666
g1200,Gap_12_9mps,forested,10,1000,100,50155,9.865785256410257,0.05252862052021051,0.02498025602934107,0.07987897377723352
g1200,Gap_12_9mps,forested,10,1000,100,50155,9.965945512820513,0.052743444116460966,0.025331518066123243,0.07945597486417517
g1200,Gap_12_9mps,forested,50,1000,100,50155,0.05008012820512821,0.17079854246224754,0.07910827001108953,0.24154204573434973
g1200,Gap_12_9mps,forested,50,1000,100,50155,0.1502403846153846,0.15016153479675298,0.051739852745784354,0.21458050488462682
g1200,Gap_12_9mps,forested,50,1000,100,50155,0.250400641025641,0.22522396496425057,0.08187003074878062,0.2641024141657762
g1200,Gap_12_9mps,forested,50,1000,100,50155,0.3505608974358974,0.13721208501149681,0.04764413196069556,0.16858772847321296
g1200,Gap_12_9mps,forested,50,1000,100,50155,0.45072115384615385,0.05875767980762548,0.019092379317027296,0.08285190317804994
g1200,Gap_12_9mps,forested,50,1000,100,50155,0.5508814102564102,0.04055487168218766,0.019147617675684542,0.054499644114711754
g1200,Gap_12_9mps,forested,50,1000,100,50155,0.6510416666666666,0.035354239705319826,0.013653881124809822,0.04713268547941256
g1200,Gap_12_9mps,forested,50,1000,100,50155,0.7512019230769231,0.0341039269892056,0.01509827644755183,0.04626434937476938
g1200,Gap_12_9mps,forested,50,1000,100,50155,0.8513621794871795,0.03276635200303017,0.013281837470234623,0.045656712561632354
g1200,Gap_12_9mps,forested,50,1000,100,50155,0.9515224358974359,0.03208397724634811,0.011868545941643714,0.04528762567421771
g1200,Gap_12_9mps,forested,50,1000,100,50155,1.0516826923076923,0.033022903530144,0.012977862955883525,0.046250081978238045
g1200,Gap_12_9mps,forested,50,1000,100,50155,1.1518429487179487,0.034375310788011516,0.01613889537602159,0.04989140365892356
g1200,Gap_12_9mps,forested,50,1000,100,50155,1.252003205128205,0.03550444653344868,0.015448473034478685,0.04991074212108381
g1200,Gap_12_9mps,forested,50,1000,100,50155,1.3521634615384615,0.035962208882481216,0.016107087439503242,0.05334389501414571
g1200,Gap_12_9mps,forested,50,1000,100,50155,1.4523237179487178,0.03579053661236378,0.014872193488184294,0.053751392907476936
g1200,Gap_12_9mps,forested,50,1000,100,50155,1.5524839743589745,0.03533249102017387,0.014051882305212074,0.05009202891378841
g1200,Gap_12_9mps,forested,50,1000,100,50155,1.6526442307692308,0.034484662735444704,0.013641258881873938,0.0475797612304616
g1200,Gap_12_9mps,forested,50,1000,100,50155,1.7528044871794872,0.03330146209133763,0.011700345114613231,0.048983261460194064
g1200,Gap_12_9mps,forested,50,1000,100,50155,1.8529647435897436,0.032547748727583876,0.011636512816726473,0.04720273238313927
g1200,Gap_12_9mps,forested,50,1000,100,50155,1.953125,0.03193118842663949,0.013682660742845867,0.04452345245912795
g1200,Gap_12_9mps,forested,50,1000,100,50155,2.0532852564102564,0.03130981971438289,0.012188918210103575,0.04286558255200935
g1200,Gap_12_9mps,forested,50,1000,100,50155,2.1534455128205128,0.03063384052110707,0.011407208781863687,0.04219736604466289
g1200,Gap_12_9mps,forested,50,1000,100,50155,2.253605769230769,0.03007167726895339,0.011818944247096059,0.043115012659742276
g1200,Gap_12_9mps,forested,50,1000,100,50155,2.3537660256410255,0.029500550827304933,0.012896617186476025,0.0433499178274305
g1200,Gap_12_9mps,forested,50,1000,100,50155,2.453926282051282,0.028740572887209184,0.011665840320254353,0.04343663106010686
g1200,Gap_12_9mps,forested,50,1000,100,50155,2.5540865384615383,0.02784365236704754,0.011749601502050868,0.042003849651312944
g1200,Gap_12_9mps,forested,50,1000,100,50155,2.6542467948717947,0.026977245755713114,0.01153376663096587,0.03937670550331701
g1200,Gap_12_9mps,forested,50,1000,100,50155,2.754407051282051,0.026061089271796897,0.010286422058079212,0.039254826400681446
g1200,Gap_12_9mps,forested,50,1000,100,50155,2.8545673076923075,0.025147039971030457,0.008168395330836043,0.03910454459150056
g1200,Gap_12_9mps,forested,50,1000,100,50155,2.9547275641025643,0.024156315842161113,0.007694866698715103,0.035728891759735135
g1200,Gap_12_9mps,forested,50,1000,100,50155,3.0548878205128207,0.023162119262121833,0.0072426219319624285,0.03555790420973313
g1200,Gap_12_9mps,forested,50,1000,100,50155,3.155048076923077,0.022391682852001268,0.006700609425957746,0.03425378900540586
g1200,Gap_12_9mps,forested,50,1000,100,50155,3.2552083333333335,0.021781019692690008,0.007607012771501319,0.03241117368725398
g1200,Gap_12_9mps,forested,50,1000,100,50155,3.35536858974359,0.021297636061703193,0.008161502917332687,0.03182969262976288
g1200,Gap_12_9mps,forested,50,1000,100,50155,3.4555288461538463,0.020931118987777008,0.009029390770138389,0.030858716190725888
g1200,Gap_12_9mps,forested,50,1000,100,50155,3.5556891025641026,0.02048318786289847,0.008452320198235727,0.03072336555896439
g1200,Gap_12_9mps,forested,50,1000,100,50155,3.655849358974359,0.019948642581632474,0.007597142912460916,0.027738307524471012
g1200,Gap_12_9mps,forested,50,1000,100,50155,3.7560096153846154,0.01937841218297149,0.008474089492209272,0.026328482949997744
g1200,Gap_12_9mps,forested,50,1000,100,50155,3.856169871794872,0.01896592931716465,0.007673200310094634,0.026223216391056424
g1200,Gap_12_9mps,forested,50,1000,100,50155,3.956330128205128,0.01873254474300049,0.008425732670598027,0.026030412509613948
g1200,Gap_12_9mps,forested,50,1000,100,50155,4.056490384615385,0.01859347601416593,0.008405860588911648,0.025929660706954637
g1200,Gap_12_9mps,forested,50,1000,100,50155,4.156650641025641,0.018621970215414993,0.00819316847514756,0.02639008841254041
g1200,Gap_12_9mps,forested,50,1000,100,50155,4.256810897435898,0.018787509900565304,0.007826798812545515,0.026742547840142895
g1200,Gap_12_9mps,forested,50,1000,100,50155,4.356971153846154,0.018934625646420702,0.007864090783059677,0.026173908814400192
g1200,Gap_12_9mps,forested,50,1000,100,50155,4.457131410256411,0.019051617405761494,0.008087084454074705,0.027172198128641967
g1200,Gap_12_9mps,forested,50,1000,100,50155,4.557291666666667,0.019053402820106966,0.007430089811555507,0.02745066962020312
g1200,Gap_12_9mps,forested,50,1000,100,50155,4.657451923076923,0.018987898199519543,0.006967463796590343,0.027563516167024682
g1200,Gap_12_9mps,forested,50,1000,100,50155,4.75761217948718,0.018960138169681586,0.007141080009645239,0.027089455303437638
g1200,Gap_12_9mps,forested,50,1000,100,50155,4.857772435897436,0.01900115695641991,0.007852438124814861,0.026523793344954805
g1200,Gap_12_9mps,forested,50,1000,100,50155,4.9579326923076925,0.01910100125921715,0.008137899099226152,0.02575752853068243
g1200,Gap_12_9mps,forested,50,1000,100,50155,5.058092948717949,0.01926666898504643,0.008328473360687401,0.025363929390775315
g1200,Gap_12_9mps,forested,50,1000,100,50155,5.158253205128205,0.019476078034627566,0.00843145998854737,0.025232395960824033
g1200,Gap_12_9mps,forested,50,1000,100,50155,5.258413461538462,0.019697334083412493,0.008625116345992032,0.025225941988821516
g1200,Gap_12_9mps,forested,50,1000,100,50155,5.358573717948718,0.019916133842585105,0.0092942912330597,0.026275821449547446
g1200,Gap_12_9mps,forested,50,1000,100,50155,5.4587339743589745,0.02016316823236406,0.009258875857655703,0.02651475235775834
g1200,Gap_12_9mps,forested,50,1000,100,50155,5.558894230769231,0.02040834226128633,0.009332622744809813,0.02563291551953043
g1200,Gap_12_9mps,forested,50,1000,100,50155,5.659054487179487,0.020663788857261885,0.008863262434691183,0.02656695841520604
g1200,Gap_12_9mps,forested,50,1000,100,50155,5.759214743589744,0.02089521569083747,0.008479266145203323,0.02839174486058887
g1200,Gap_12_9mps,forested,50,1000,100,50155,5.859375,0.02107967000307645,0.008429621285107151,0.028848424045259165
g1200,Gap_12_9mps,forested,50,1000,100,50155,5.959535256410256,0.021253245504048893,0.007958272665905378,0.029776160806999328
g1200,Gap_12_9mps,forested,50,1000,100,50155,6.059695512820513,0.021411498647707895,0.007789164682902479,0.02884032426392088
g1200,Gap_12_9mps,forested,50,1000,100,50155,6.159855769230769,0.021592248964213575,0.008118771734842555,0.028224951695715733
g1200,Gap_12_9mps,forested,50,1000,100,50155,6.2600160256410255,0.021800018286833322,0.008356234219690941,0.028293189788943084
g1200,Gap_12_9mps,forested,50,1000,100,50155,6.360176282051282,0.022060374875540783,0.008385699059457867,0.029262489537146035
g1200,Gap_12_9mps,forested,50,1000,100,50155,6.460336538461538,0.02239339876486831,0.008714610201151834,0.03031900793597917
g1200,Gap_12_9mps,forested,50,1000,100,50155,6.560496794871795,0.02277318437125868,0.008812478722105235,0.031075887916249247
g1200,Gap_12_9mps,forested,50,1000,100,50155,6.660657051282051,0.023159780208448492,0.009177580886932584,0.0318529326801099
g1200,Gap_12_9mps,forested,50,1000,100,50155,6.7608173076923075,0.023563570104941586,0.0089277749815087,0.03217376101465116
g1200,Gap_12_9mps,forested,50,1000,100,50155,6.860977564102564,0.023955077384900703,0.009411888854080157,0.03310590641892217
g1200,Gap_12_9mps,forested,50,1000,100,50155,6.96113782051282,0.024320957944622204,0.009773615488655608,0.03265344223891276
g1200,Gap_12_9mps,forested,50,1000,100,50155,7.061298076923077,0.024624125758972427,0.009388581425443708,0.03276696843013051
g1200,Gap_12_9mps,forested,50,1000,100,50155,7.161458333333333,0.024810297378673,0.009393110525037576,0.03317584792323924
g1200,Gap_12_9mps,forested,50,1000,100,50155,7.261618589743589,0.024911621552856908,0.008895868802261503,0.0343673325311875
g1200,Gap_12_9mps,forested,50,1000,100,50155,7.361778846153846,0.024976219362020425,0.008589643428471199,0.03522302724754676
g1200,Gap_12_9mps,forested,50,1000,100,50155,7.461939102564102,0.02501867557178889,0.008551404251156582,0.03597990361587777
g1200,Gap_12_9mps,forested,50,1000,100,50155,7.562099358974359,0.025032674369478553,0.008582254823492343,0.036566452793517695
g1200,Gap_12_9mps,forested,50,1000,100,50155,7.662259615384615,0.02505627492316537,0.008805462803362996,0.03667407619750271
g1200,Gap_12_9mps,forested,50,1000,100,50155,7.762419871794871,0.025093497164512493,0.009530445502213407,0.03598529202524112
g1200,Gap_12_9mps,forested,50,1000,100,50155,7.862580128205129,0.02510983799825165,0.009974354991736639,0.03568828513394414
g1200,Gap_12_9mps,forested,50,1000,100,50155,7.962740384615385,0.0250753126872462,0.01005665428790694,0.035712717144442296
g1200,Gap_12_9mps,forested,50,1000,100,50155,8.06290064102564,0.025024487014820015,0.009870243630140274,0.035394035426733444
g1200,Gap_12_9mps,forested,50,1000,100,50155,8.163060897435898,0.02498430772132538,0.010136059390220376,0.0349528283074643
g1200,Gap_12_9mps,forested,50,1000,100,50155,8.263221153846153,0.024943876662268615,0.010104394062508524,0.03533714864061707
g1200,Gap_12_9mps,forested,50,1000,100,50155,8.36338141025641,0.02483775966502301,0.009587819250644341,0.03560618970492498
g1200,Gap_12_9mps,forested,50,1000,100,50155,8.463541666666666,0.024676699264315708,0.009716267191868567,0.0340203257435546
g1200,Gap_12_9mps,forested,50,1000,100,50155,8.563701923076923,0.024488412455711935,0.009459791673447956,0.03355897559044546
g1200,Gap_12_9mps,forested,50,1000,100,50155,8.663862179487179,0.024286062778479948,0.009364174378259638,0.03331846789735964
g1200,Gap_12_9mps,forested,50,1000,100,50155,8.764022435897436,0.024076053559028768,0.00940564758956364,0.032299738804005024
g1200,Gap_12_9mps,forested,50,1000,100,50155,8.864182692307692,0.023894433580813734,0.009637560420506196,0.031332636607738606
g1200,Gap_12_9mps,forested,50,1000,100,50155,8.964342948717949,0.023753474613279348,0.00973774011468041,0.031232459740803513
g1200,Gap_12_9mps,forested,50,1000,100,50155,9.064503205128204,0.02362724765212973,0.010090426922943263,0.030923436251518985
g1200,Gap_12_9mps,forested,50,1000,100,50155,9.164663461538462,0.023514153067280857,0.009777926257483015,0.030319016075702046
g1200,Gap_12_9mps,forested,50,1000,100,50155,9.264823717948717,0.023429525862861036,0.00940070819453136,0.02984588378888723
g1200,Gap_12_9mps,forested,50,1000,100,50155,9.364983974358974,0.02339371901649594,0.008962034286886508,0.02995780276197901
g1200,Gap_12_9mps,forested,50,1000,100,50155,9.46514423076923,0.023406353806906265,0.008779596773914907,0.03058504455458881
g1200,Gap_12_9mps,forested,50,1000,100,50155,9.565304487179487,0.023474990519117788,0.009015621292534292,0.03128750905787101
g1200,Gap_12_9mps,forested,50,1000,100,50155,9.665464743589743,0.02356485270345293,0.008825695915816598,0.03157902333392048
g1200,Gap_12_9mps,forested,50,1000,100,50155,9.765625,0.023635480401561212,0.008839031271080914,0.031985018693107416
g1200,Gap_12_9mps,forested,50,1000,100,50155,9.865785256410257,0.023691060528777626,0.00925762356313924,0.03250028593962242
g1200,Gap_12_9mps,forested,50,1000,100,50155,9.965945512820513,0.023736448928218027,0.009295299392167495,0.03345545879921821
g1200,Gap_12_9mps,forested,100,1000,100,50155,0.05008012820512821,0.13160727641346756,0.065890096362966,0.18263843509187727
g1200,Gap_12_9mps,forested,100,1000,100,50155,0.1502403846153846,0.10766983115664291,0.04922472405223402,0.14905052760211535
g1200,Gap_12_9mps,forested,100,1000,100,50155,0.250400641025641,0.17731168584920265,0.0691100516347289,0.23181874565025284
g1200,Gap_12_9mps,forested,100,1000,100,50155,0.3505608974358974,0.10477210036798551,0.04486096848139708,0.1417773988843414
g1200,Gap_12_9mps,forested,100,1000,100,50155,0.45072115384615385,0.04140328435257034,0.018492422969984455,0.06003971890472372
g1200,Gap_12_9mps,forested,100,1000,100,50155,0.5508814102564102,0.025255892873105243,0.009587877293770522,0.03704460954961865
g1200,Gap_12_9mps,forested,100,1000,100,50155,0.6510416666666666,0.021474045963575335,0.010169968879890814,0.028161554267868344
g1200,Gap_12_9mps,forested,100,1000,100,50155,0.7512019230769231,0.020133214822758462,0.007423985505418652,0.027306703828848988
g1200,Gap_12_9mps,forested,100,1000,100,50155,0.8513621794871795,0.019566440853219957,0.007413593703236215,0.02552324140215011
g1200,Gap_12_9mps,forested,100,1000,100,50155,0.9515224358974359,0.019434230479373874,0.008511438047486719,0.02628906075515558
g1200,Gap_12_9mps,forested,100,1000,100,50155,1.0516826923076923,0.019692350154239993,0.008512339502348944,0.029123631234102165
g1200,Gap_12_9mps,forested,100,1000,100,50155,1.1518429487179487,0.020401453546772457,0.008827652403420172,0.029458476676645085
g1200,Gap_12_9mps,forested,100,1000,100,50155,1.252003205128205,0.02093704032418047,0.009467026591726744,0.02940131585535934
g1200,Gap_12_9mps,forested,100,1000,100,50155,1.3521634615384615,0.021140889498140192,0.007778667682758618,0.03026979865699333
g1200,Gap_12_9mps,forested,100,1000,100,50155,1.4523237179487178,0.021244626573517143,0.006836362312794721,0.030804909564859425
g1200,Gap_12_9mps,forested,100,1000,100,50155,1.5524839743589745,0.02112263209363171,0.00882350334008039,0.030086364969112645
g1200,Gap_12_9mps,forested,100,1000,100,50155,1.6526442307692308,0.020681128083672486,0.00917514165814529,0.029786534139772385
g1200,Gap_12_9mps,forested,100,1000,100,50155,1.7528044871794872,0.020173385440252826,0.009479258823594825,0.02887372875623716
g1200,Gap_12_9mps,forested,100,1000,100,50155,1.8529647435897436,0.019522011068113795,0.008404493041439953,0.027285927369799744
g1200,Gap_12_9mps,forested,100,1000,100,50155,1.953125,0.018795086981537965,0.007663662064694705,0.025437226172236784
g1200,Gap_12_9mps,forested,100,1000,100,50155,2.0532852564102564,0.018175028961766797,0.007105717018887684,0.025074917542803582
g1200,Gap_12_9mps,forested,100,1000,100,50155,2.1534455128205128,0.01764410508133972,0.00674977436587003,0.025013629725053783
g1200,Gap_12_9mps,forested,100,1000,100,50155,2.253605769230769,0.017119255131786536,0.006842199682107368,0.023890582085998632
g1200,Gap_12_9mps,forested,100,1000,100,50155,2.3537660256410255,0.01673969481977877,0.006764586220567338,0.022964982586412528
g1200,Gap_12_9mps,forested,100,1000,100,50155,2.453926282051282,0.016512775555025366,0.007388881639777087,0.022637040465758266
g1200,Gap_12_9mps,forested,100,1000,100,50155,2.5540865384615383,0.016325324765513776,0.007124210023511232,0.02168608694554542
g1200,Gap_12_9mps,forested,100,1000,100,50155,2.6542467948717947,0.01605559545499313,0.005803995344813742,0.02126121250291303
g1200,Gap_12_9mps,forested,100,1000,100,50155,2.754407051282051,0.015712971279874765,0.006095640879409275,0.02138683847400242
g1200,Gap_12_9mps,forested,100,1000,100,50155,2.8545673076923075,0.01541375260182771,0.006161519949425805,0.02056412957524684
g1200,Gap_12_9mps,forested,100,1000,100,50155,2.9547275641025643,0.01496643882181068,0.0060831886769324274,0.019593661069250635
g1200,Gap_12_9mps,forested,100,1000,100,50155,3.0548878205128207,0.014519092407599193,0.005193027857330738,0.020169613571419043
g1200,Gap_12_9mps,forested,100,1000,100,50155,3.155048076923077,0.013955588950732657,0.0051784523905919625,0.01959848309488405
g1200,Gap_12_9mps,forested,100,1000,100,50155,3.2552083333333335,0.013403069450588985,0.005232502985177291,0.018608007567473987
g1200,Gap_12_9mps,forested,100,1000,100,50155,3.35536858974359,0.012995821931192477,0.004496789801702229,0.01736933194889637
g1200,Gap_12_9mps,forested,100,1000,100,50155,3.4555288461538463,0.012663058157943446,0.004314978318295255,0.016758151350180918
g1200,Gap_12_9mps,forested,100,1000,100,50155,3.5556891025641026,0.012510111466031237,0.005122695157242294,0.016682271449839303
g1200,Gap_12_9mps,forested,100,1000,100,50155,3.655849358974359,0.012332025805760904,0.005286572738263736,0.016921168175444323
g1200,Gap_12_9mps,forested,100,1000,100,50155,3.7560096153846154,0.012126333450514181,0.005680801627855601,0.016851276510352668
g1200,Gap_12_9mps,forested,100,1000,100,50155,3.856169871794872,0.011932034409533056,0.005297275322749201,0.01702678603530992
g1200,Gap_12_9mps,forested,100,1000,100,50155,3.956330128205128,0.011758032146476883,0.004803200757080765,0.017343640690536302
g1200,Gap_12_9mps,forested,100,1000,100,50155,4.056490384615385,0.011636000510592928,0.004827553803936077,0.017281969242043168
g1200,Gap_12_9mps,forested,100,1000,100,50155,4.156650641025641,0.011606009476460986,0.004752884475779227,0.017425864947500008
g1200,Gap_12_9mps,forested,100,1000,100,50155,4.256810897435898,0.011607057411632215,0.004670686084319002,0.016894221721105905
g1200,Gap_12_9mps,forested,100,1000,100,50155,4.356971153846154,0.01161908721971114,0.0046426429608517235,0.017481553588913845
g1200,Gap_12_9mps,forested,100,1000,100,50155,4.457131410256411,0.011581112696399063,0.004750960635571086,0.0173331538595599
g1200,Gap_12_9mps,forested,100,1000,100,50155,4.557291666666667,0.011572161622618088,0.004488466587977963,0.01743858064803148
g1200,Gap_12_9mps,forested,100,1000,100,50155,4.657451923076923,0.01159560123065203,0.00435947980875068,0.017630302627623228
g1200,Gap_12_9mps,forested,100,1000,100,50155,4.75761217948718,0.011671115250379812,0.004241488308388252,0.017779768589999266
g1200,Gap_12_9mps,forested,100,1000,100,50155,4.857772435897436,0.011775574228665986,0.004663262548306773,0.01739826239099665
g1200,Gap_12_9mps,forested,100,1000,100,50155,4.9579326923076925,0.011904178630014821,0.004181832585558311,0.0172453539763376
g1200,Gap_12_9mps,forested,100,1000,100,50155,5.058092948717949,0.012043097270043985,0.004382652666978626,0.0177903649746269
g1200,Gap_12_9mps,forested,100,1000,100,50155,5.158253205128205,0.012214796833744972,0.004265249014647664,0.018494890993763717
g1200,Gap_12_9mps,forested,100,1000,100,50155,5.258413461538462,0.012448402853650406,0.004329508180910736,0.01911462263986899
g1200,Gap_12_9mps,forested,100,1000,100,50155,5.358573717948718,0.01270785311322459,0.004449087972835647,0.019491762592447028
g1200,Gap_12_9mps,forested,100,1000,100,50155,5.4587339743589745,0.012984221919966342,0.004583241594587196,0.020547588255573804
g1200,Gap_12_9mps,forested,100,1000,100,50155,5.558894230769231,0.013296149073048037,0.004921394851279128,0.020764402427118692
g1200,Gap_12_9mps,forested,100,1000,100,50155,5.659054487179487,0.01359669903021305,0.005435709218376063,0.020932604219821394
g1200,Gap_12_9mps,forested,100,1000,100,50155,5.759214743589744,0.013843918445384623,0.005310936286009901,0.021091434392378074
g1200,Gap_12_9mps,forested,100,1000,100,50155,5.859375,0.014063703125135545,0.005720639065772328,0.02143388887558553
g1200,Gap_12_9mps,forested,100,1000,100,50155,5.959535256410256,0.014275042744477127,0.005417476268951252,0.02214267538414496
g1200,Gap_12_9mps,forested,100,1000,100,50155,6.059695512820513,0.014452489695299896,0.005341639709456766,0.022256224167044605
g1200,Gap_12_9mps,forested,100,1000,100,50155,6.159855769230769,0.014575687655322123,0.00495688679424061,0.022326917513928363
g1200,Gap_12_9mps,forested,100,1000,100,50155,6.2600160256410255,0.0147011348261102,0.005372666464327259,0.022437572503806236
g1200,Gap_12_9mps,forested,100,1000,100,50155,6.360176282051282,0.014808792001580562,0.005136746438484309,0.022895868048565863
g1200,Gap_12_9mps,forested,100,1000,100,50155,6.460336538461538,0.014954016926005072,0.005148955870530882,0.022857303127215647
g1200,Gap_12_9mps,forested,100,1000,100,50155,6.560496794871795,0.015181218577920635,0.0052753219798805815,0.023181495548767545
g1200,Gap_12_9mps,forested,100,1000,100,50155,6.660657051282051,0.015420011951487754,0.005094255004158291,0.02294381213770638
g1200,Gap_12_9mps,forested,100,1000,100,50155,6.7608173076923075,0.015639631880484214,0.005159273234673635,0.023124943886494425
g1200,Gap_12_9mps,forested,100,1000,100,50155,6.860977564102564,0.015791709902194254,0.0058729597064391716,0.023002709363025127
g1200,Gap_12_9mps,forested,100,1000,100,50155,6.96113782051282,0.015892408980546956,0.006235427151871646,0.023625209231813712
g1200,Gap_12_9mps,forested,100,1000,100,50155,7.061298076923077,0.015957756925951975,0.006745280792750646,0.023901121757047613
g1200,Gap_12_9mps,forested,100,1000,100,50155,7.161458333333333,0.016017599580673506,0.007298003141032232,0.02399716529938323
g1200,Gap_12_9mps,forested,100,1000,100,50155,7.261618589743589,0.016100823417914675,0.007870459510575384,0.024455410500619217
g1200,Gap_12_9mps,forested,100,1000,100,50155,7.361778846153846,0.01621911625911065,0.007761288913343486,0.024544914541936545
g1200,Gap_12_9mps,forested,100,1000,100,50155,7.461939102564102,0.01633988513969846,0.007644722795400399,0.02435712008946435
g1200,Gap_12_9mps,forested,100,1000,100,50155,7.562099358974359,0.016416488104848866,0.007393536863048705,0.0242239843873284
g1200,Gap_12_9mps,forested,100,1000,100,50155,7.662259615384615,0.016488525714516537,0.007027633422258261,0.02497242685390217
g1200,Gap_12_9mps,forested,100,1000,100,50155,7.762419871794871,0.016531637049706095,0.007444956452526531,0.02482983715502328
g1200,Gap_12_9mps,forested,100,1000,100,50155,7.862580128205129,0.016529415605659473,0.007007623001731043,0.02415635479620707
g1200,Gap_12_9mps,forested,100,1000,100,50155,7.962740384615385,0.016464825505131227,0.0071094722445705395,0.023962535411300178
g1200,Gap_12_9mps,forested,100,1000,100,50155,8.06290064102564,0.016410145766202335,0.0075767496962350425,0.023909749436011776
g1200,Gap_12_9mps,forested,100,1000,100,50155,8.163060897435898,0.016350577380427746,0.006765927800010847,0.02333207498827494
g1200,Gap_12_9mps,forested,100,1000,100,50155,8.263221153846153,0.01628087955148913,0.007704248257071658,0.023033530168519754
g1200,Gap_12_9mps,forested,100,1000,100,50155,8.36338141025641,0.01626310415639974,0.007280766428723767,0.023266651494862803
g1200,Gap_12_9mps,forested,100,1000,100,50155,8.463541666666666,0.016258495853549423,0.0074732785076813395,0.02280387178155768
g1200,Gap_12_9mps,forested,100,1000,100,50155,8.563701923076923,0.016203712750620953,0.0073030197294914655,0.022462801831574265
g1200,Gap_12_9mps,forested,100,1000,100,50155,8.663862179487179,0.01614507817899349,0.007102056041232079,0.022132691350392225
g1200,Gap_12_9mps,forested,100,1000,100,50155,8.764022435897436,0.016086005261163553,0.006727418583809313,0.022042551387688798
g1200,Gap_12_9mps,forested,100,1000,100,50155,8.864182692307692,0.0160096968508613,0.006499704047010127,0.022263376095550767
g1200,Gap_12_9mps,forested,100,1000,100,50155,8.964342948717949,0.015960541920475548,0.006127029663653131,0.02244171216054922
g1200,Gap_12_9mps,forested,100,1000,100,50155,9.064503205128204,0.015910453595905018,0.005484856857301493,0.022387194379192347
g1200,Gap_12_9mps,forested,100,1000,100,50155,9.164663461538462,0.01587113301874182,0.0056027685530538095,0.02190313052608469
g1200,Gap_12_9mps,forested,100,1000,100,50155,9.264823717948717,0.015852141418635356,0.005262161016240969,0.021790619988262743
g1200,Gap_12_9mps,forested,100,1000,100,50155,9.364983974358974,0.015843672456375107,0.005812864002679967,0.02192664734496376
g1200,Gap_12_9mps,forested,100,1000,100,50155,9.46514423076923,0.01582523148263409,0.005965767755631304,0.0221889166256348
g1200,Gap_12_9mps,forested,100,1000,100,50155,9.565304487179487,0.01583902991940957,0.005728738326378512,0.022667972575901082
g1200,Gap_12_9mps,forested,100,1000,100,50155,9.665464743589743,0.015873465737048374,0.006431240474309677,0.02309430754764446
g1200,Gap_12_9mps,forested,100,1000,100,50155,9.765625,0.015920624982472875,0.00692005116356594,0.023497711808444576
g1200,Gap_12_9mps,forested,100,1000,100,50155,9.865785256410257,0.015984881949900106,0.006663479992930486,0.02347911884556058
g1200,Gap_12_9mps,forested,100,1000,100,50155,9.965945512820513,0.01607610391647769,0.0067080785849625915,0.023581158292162195
g1200,Gap_12_9mps,forested,500,1000,100,50155,0.05008012820512821,0.048224429951702515,0.01680941055127941,0.07099994185020064
g1200,Gap_12_9mps,forested,500,1000,100,50155,0.1502403846153846,0.0441236001788208,0.022469902424523333,0.06137138030237704
g1200,Gap_12_9mps,forested,500,1000,100,50155,0.250400641025641,0.08286678321439812,0.030148529527608877,0.115941271699095
g1200,Gap_12_9mps,forested,500,1000,100,50155,0.3505608974358974,0.05768932112161578,0.028552020109452594,0.07955917049633648
g1200,Gap_12_9mps,forested,500,1000,100,50155,0.45072115384615385,0.019583814097554705,0.009105163051491276,0.026326437734928435
g1200,Gap_12_9mps,forested,500,1000,100,50155,0.5508814102564102,0.011267217651317041,0.005448713853764451,0.014740768110337223
g1200,Gap_12_9mps,forested,500,1000,100,50155,0.6510416666666666,0.010495497628015998,0.004301853581062697,0.014692798440026852
g1200,Gap_12_9mps,forested,500,1000,100,50155,0.7512019230769231,0.011409815538670438,0.005260941578983296,0.016324058845410282
g1200,Gap_12_9mps,forested,500,1000,100,50155,0.8513621794871795,0.011828437118882842,0.005658648003209655,0.01764528960207159
g1200,Gap_12_9mps,forested,500,1000,100,50155,0.9515224358974359,0.012184532294707135,0.005578947753003032,0.018517326807566768
g1200,Gap_12_9mps,forested,500,1000,100,50155,1.0516826923076923,0.012581822537997224,0.00566956709093026,0.018432181945258357
g1200,Gap_12_9mps,forested,500,1000,100,50155,1.1518429487179487,0.012569105642801724,0.0054456688187089425,0.018236379840859546
g1200,Gap_12_9mps,forested,500,1000,100,50155,1.252003205128205,0.012151524228446484,0.00534205957356733,0.0176979995298003
g1200,Gap_12_9mps,forested,500,1000,100,50155,1.3521634615384615,0.011650088310346272,0.005203657993345847,0.017176998486876326
g1200,Gap_12_9mps,forested,500,1000,100,50155,1.4523237179487178,0.01129500332119922,0.004345030123842126,0.016222643544348853
g1200,Gap_12_9mps,forested,500,1000,100,50155,1.5524839743589745,0.011159937626181095,0.004154156480999993,0.015361750587655168
g1200,Gap_12_9mps,forested,500,1000,100,50155,1.6526442307692308,0.010938873869052925,0.004657574713344129,0.01498978810162726
g1200,Gap_12_9mps,forested,500,1000,100,50155,1.7528044871794872,0.01063134276536916,0.005000290444805031,0.01473490912463065
g1200,Gap_12_9mps,forested,500,1000,100,50155,1.8529647435897436,0.010333065087167758,0.0050830663296647085,0.01457222198115821
g1200,Gap_12_9mps,forested,500,1000,100,50155,1.953125,0.009990527821765113,0.005093948168694702,0.014083176687314786
g1200,Gap_12_9mps,forested,500,1000,100,50155,2.0532852564102564,0.009604959699941011,0.005268200426126675,0.0138050281440998
g1200,Gap_12_9mps,forested,500,1000,100,50155,2.1534455128205128,0.009229434782885172,0.004735667854102216,0.012988144866595538
g1200,Gap_12_9mps,forested,500,1000,100,50155,2.253605769230769,0.008955125104916351,0.004197729446394852,0.013132787813433895
g1200,Gap_12_9mps,forested,500,1000,100,50155,2.3537660256410255,0.008688398569108791,0.003717993370223574,0.012856053338485088
g1200,Gap_12_9mps,forested,500,1000,100,50155,2.453926282051282,0.008471331812466109,0.0033060294523225807,0.012495477268841801
g1200,Gap_12_9mps,forested,500,1000,100,50155,2.5540865384615383,0.008275013828877234,0.0029016659048735497,0.012671834718066332
g1200,Gap_12_9mps,forested,500,1000,100,50155,2.6542467948717947,0.008123001436774139,0.002989296275849762,0.012619729621800448
g1200,Gap_12_9mps,forested,500,1000,100,50155,2.754407051282051,0.008025023987833654,0.0030988819250026564,0.012224618635642684
g1200,Gap_12_9mps,forested,500,1000,100,50155,2.8545673076923075,0.007970984188413013,0.0033311620252802574,0.012495420367237997
g1200,Gap_12_9mps,forested,500,1000,100,50155,2.9547275641025643,0.007901227839578017,0.0034430898718948626,0.012259211395917347
g1200,Gap_12_9mps,forested,500,1000,100,50155,3.0548878205128207,0.007807424779256266,0.0034115396585505456,0.010957790145917705
g1200,Gap_12_9mps,forested,500,1000,100,50155,3.155048076923077,0.007699113452628557,0.0036029693717171455,0.01144901118716145
g1200,Gap_12_9mps,forested,500,1000,100,50155,3.2552083333333335,0.007574137127227929,0.003486633024122258,0.011359359512342553
g1200,Gap_12_9mps,forested,500,1000,100,50155,3.35536858974359,0.007416004279811308,0.0031244370492978166,0.010754123294577162
g1200,Gap_12_9mps,forested,500,1000,100,50155,3.4555288461538463,0.007246663071786056,0.0031053601373209998,0.010099198298891637
g1200,Gap_12_9mps,forested,500,1000,100,50155,3.5556891025641026,0.007041712325289182,0.0028591533922084056,0.009561434745021427
g1200,Gap_12_9mps,forested,500,1000,100,50155,3.655849358974359,0.006769863374559324,0.0030922405049986484,0.008937040450565405
g1200,Gap_12_9mps,forested,500,1000,100,50155,3.7560096153846154,0.006492143760926941,0.003170437824819939,0.00849387953207758
g1200,Gap_12_9mps,forested,500,1000,100,50155,3.856169871794872,0.006277181359337053,0.003058357215248911,0.008421986251792518
g1200,Gap_12_9mps,forested,500,1000,100,50155,3.956330128205128,0.006137492632621363,0.0030976335372114123,0.008490270382035937
g1200,Gap_12_9mps,forested,500,1000,100,50155,4.056490384615385,0.00601763498082727,0.0029795322966888085,0.008562976544550153
g1200,Gap_12_9mps,forested,500,1000,100,50155,4.156650641025641,0.00588504742502569,0.0028434716457692946,0.008524560947476747
g1200,Gap_12_9mps,forested,500,1000,100,50155,4.256810897435898,0.005785730401557057,0.0028435851737068835,0.008487313219958012
g1200,Gap_12_9mps,forested,500,1000,100,50155,4.356971153846154,0.005723330598565768,0.002624880380116732,0.008143141749886793
g1200,Gap_12_9mps,forested,500,1000,100,50155,4.457131410256411,0.005650379503383148,0.00229143096132201,0.008072896902447623
g1200,Gap_12_9mps,forested,500,1000,100,50155,4.557291666666667,0.005595661492021243,0.0025179269607123918,0.007988008173005948
g1200,Gap_12_9mps,forested,500,1000,100,50155,4.657451923076923,0.005583481043292851,0.0026344215897837193,0.00780688352908499
g1200,Gap_12_9mps,forested,500,1000,100,50155,4.75761217948718,0.005639248921540092,0.002668609660073663,0.007514032319151851
g1200,Gap_12_9mps,forested,500,1000,100,50155,4.857772435897436,0.005682735696867949,0.002476055723895527,0.007467553910399267
g1200,Gap_12_9mps,forested,500,1000,100,50155,4.9579326923076925,0.00571210605027585,0.0025113636284793475,0.007567160912218765
g1200,Gap_12_9mps,forested,500,1000,100,50155,5.058092948717949,0.005806343808205077,0.0027237747077863105,0.007702784791672412
g1200,Gap_12_9mps,forested,500,1000,100,50155,5.158253205128205,0.005927904978556688,0.002767861358819216,0.00802375538966246
g1200,Gap_12_9mps,forested,500,1000,100,50155,5.258413461538462,0.006066947413004446,0.0028611518322711246,0.008586962750105077
g1200,Gap_12_9mps,forested,500,1000,100,50155,5.358573717948718,0.006219387616762844,0.002982318830253375,0.008916232706286614
g1200,Gap_12_9mps,forested,500,1000,100,50155,5.4587339743589745,0.0063989737710413485,0.0031750590483513017,0.00919433610472864
g1200,Gap_12_9mps,forested,500,1000,100,50155,5.558894230769231,0.006593938814513382,0.0032935216762549112,0.009536905546442834
g1200,Gap_12_9mps,forested,500,1000,100,50155,5.659054487179487,0.006796799630487757,0.0034011710873392068,0.010026423125386411
g1200,Gap_12_9mps,forested,500,1000,100,50155,5.759214743589744,0.007004128104181369,0.003573782226404719,0.010197453894161445
g1200,Gap_12_9mps,forested,500,1000,100,50155,5.859375,0.007234604573819708,0.0038819556487428453,0.010416789309482928
g1200,Gap_12_9mps,forested,500,1000,100,50155,5.959535256410256,0.007474751563528645,0.0039024915880782264,0.011019581003027324
g1200,Gap_12_9mps,forested,500,1000,100,50155,6.059695512820513,0.007675186829409264,0.0038381285598832362,0.011189451431617915
g1200,Gap_12_9mps,forested,500,1000,100,50155,6.159855769230769,0.007811538790900347,0.0036602062307391162,0.011605049062693254
g1200,Gap_12_9mps,forested,500,1000,100,50155,6.2600160256410255,0.007931922860877448,0.0035801406568222753,0.01157613833880224
g1200,Gap_12_9mps,forested,500,1000,100,50155,6.360176282051282,0.008071985155180811,0.0035242682904132617,0.011517064034635007
g1200,Gap_12_9mps,forested,500,1000,100,50155,6.460336538461538,0.00828656564972378,0.00377522344627523,0.011753201223472912
g1200,Gap_12_9mps,forested,500,1000,100,50155,6.560496794871795,0.008601923673701444,0.004033887844954663,0.012232232544662174
g1200,Gap_12_9mps,forested,500,1000,100,50155,6.660657051282051,0.008973361045544064,0.004445179425639231,0.012940731822896555
g1200,Gap_12_9mps,forested,500,1000,100,50155,6.7608173076923075,0.009316207413327372,0.004869791351712561,0.013489976729176746
g1200,Gap_12_9mps,forested,500,1000,100,50155,6.860977564102564,0.009592223573498836,0.00470262376762425,0.01412046436240028
g1200,Gap_12_9mps,forested,500,1000,100,50155,6.96113782051282,0.009828157421424765,0.004780357648777824,0.014504788516076004
g1200,Gap_12_9mps,forested,500,1000,100,50155,7.061298076923077,0.010009933924607063,0.005112799200481537,0.014912992558935242
g1200,Gap_12_9mps,forested,500,1000,100,50155,7.161458333333333,0.010141309123665364,0.005172627390719825,0.015443416062698608
g1200,Gap_12_9mps,forested,500,1000,100,50155,7.261618589743589,0.010266106612821228,0.004981915701382062,0.01588491889507062
g1200,Gap_12_9mps,forested,500,1000,100,50155,7.361778846153846,0.010393940619720418,0.005093059787629189,0.016092807317677253
g1200,Gap_12_9mps,forested,500,1000,100,50155,7.461939102564102,0.010470933237331918,0.005088945254617303,0.016281555448021186
g1200,Gap_12_9mps,forested,500,1000,100,50155,7.562099358974359,0.01048723231109329,0.0050446243766472,0.016256061905659144
g1200,Gap_12_9mps,forested,500,1000,100,50155,7.662259615384615,0.010527094848134404,0.005019180859735148,0.016061091619951097
g1200,Gap_12_9mps,forested,500,1000,100,50155,7.762419871794871,0.01058433282736263,0.005106754894012787,0.016004984870070356
g1200,Gap_12_9mps,forested,500,1000,100,50155,7.862580128205129,0.010572061411504956,0.0050226542774581065,0.015921084580240462
g1200,Gap_12_9mps,forested,500,1000,100,50155,7.962740384615385,0.010468420227774661,0.004900031757605219,0.015521464366137813
g1200,Gap_12_9mps,forested,500,1000,100,50155,8.06290064102564,0.010296014126195085,0.0047613791311464,0.015098354803773474
g1200,Gap_12_9mps,forested,500,1000,100,50155,8.163060897435898,0.010079698195600712,0.004478884125486297,0.014701116380962397
g1200,Gap_12_9mps,forested,500,1000,100,50155,8.263221153846153,0.009875060705846256,0.0041555813695659735,0.01444579667377993
g1200,Gap_12_9mps,forested,500,1000,100,50155,8.36338141025641,0.009702926569743465,0.003995145483005164,0.01409206489431567
g1200,Gap_12_9mps,forested,500,1000,100,50155,8.463541666666666,0.009508892110444029,0.004182902411504643,0.01371633889248266
g1200,Gap_12_9mps,forested,500,1000,100,50155,8.563701923076923,0.009264231806916476,0.003990363276507653,0.013189781287472778
g1200,Gap_12_9mps,forested,500,1000,100,50155,8.663862179487179,0.00896719869871787,0.0036331045475496756,0.012700639922524258
g1200,Gap_12_9mps,forested,500,1000,100,50155,8.764022435897436,0.00867907061870947,0.0036564740168594477,0.012198710441728428
g1200,Gap_12_9mps,forested,500,1000,100,50155,8.864182692307692,0.008448344437209371,0.0037623956346819155,0.011676368744542961
g1200,Gap_12_9mps,forested,500,1000,100,50155,8.964342948717949,0.008281266359473642,0.003587377324872556,0.011456689541328736
g1200,Gap_12_9mps,forested,500,1000,100,50155,9.064503205128204,0.008148480839455342,0.0034601788689475046,0.011144389748577468
g1200,Gap_12_9mps,forested,500,1000,100,50155,9.164663461538462,0.008084619939983283,0.0033879064970290867,0.010895628172957174
g1200,Gap_12_9mps,forested,500,1000,100,50155,9.264823717948717,0.008117779396381343,0.0035599415224348866,0.010782780236883093
g1200,Gap_12_9mps,forested,500,1000,100,50155,9.364983974358974,0.008238371069781121,0.003961166140799261,0.011251255851055634
g1200,Gap_12_9mps,forested,500,1000,100,50155,9.46514423076923,0.008387732878028504,0.003991619188659753,0.01159446149086743
g1200,Gap_12_9mps,forested,500,1000,100,50155,9.565304487179487,0.008530244274281725,0.003926467888648594,0.011451842981756506
g1200,Gap_12_9mps,forested,500,1000,100,50155,9.665464743589743,0.008648808410796025,0.0036941027430353436,0.011468823289869296
g1200,Gap_12_9mps,forested,500,1000,100,50155,9.765625,0.00872686601461123,0.0035964836853216524,0.011656835252966003
g1200,Gap_12_9mps,forested,500,1000,100,50155,9.865785256410257,0.008796359661753315,0.0039018345059882065,0.01180476962802062
g1200,Gap_12_9mps,forested,500,1000,100,50155,9.965945512820513,0.008891592535940086,0.003932697543785352,0.012037154666508783
g1200,Gap_12_9mps,open_gap,1,1000,100,15381,0.05008012820512821,0.209284781681815,0.07246310136080004,0.28500875583972307
g1200,Gap_12_9mps,open_gap,1,1000,100,15381,0.1502403846153846,0.2866325784280954,0.11034702318895628,0.345037374176259
g1200,Gap_12_9mps,open_gap,1,1000,100,15381,0.250400641025641,0.3546458001901576,0.14898414484993228,0.4191346257180893
g1200,Gap_12_9mps,open_gap,1,1000,100,15381,0.3505608974358974,0.3876505766736513,0.1568260430622771,0.4668083958786443
g1200,Gap_12_9mps,open_gap,1,1000,100,15381,0.45072115384615385,0.3983100629485049,0.16289446481825942,0.5183887856882614
g1200,Gap_12_9mps,open_gap,1,1000,100,15381,0.5508814102564102,0.3906629784773276,0.14458108290506502,0.5075801450221706
g1200,Gap_12_9mps,open_gap,1,1000,100,15381,0.6510416666666666,0.37863246434612896,0.13575692433312073,0.5173002297891632
g1200,Gap_12_9mps,open_gap,1,1000,100,15381,0.7512019230769231,0.36965148753067617,0.14484915652783759,0.5282519409826618
g1200,Gap_12_9mps,open_gap,1,1000,100,15381,0.8513621794871795,0.35173572864006836,0.1474875748561171,0.4948016960079619
g1200,Gap_12_9mps,open_gap,1,1000,100,15381,0.9515224358974359,0.3271921361771097,0.14010698079013229,0.46419292347469143
g1200,Gap_12_9mps,open_gap,1,1000,100,15381,1.0516826923076923,0.30354996456077116,0.13292813655000532,0.42420512637815994
g1200,Gap_12_9mps,open_gap,1,1000,100,15381,1.1518429487179487,0.28126214756455836,0.11645942100041236,0.400838090837453
g1200,Gap_12_9mps,open_gap,1,1000,100,15381,1.252003205128205,0.25969075453441204,0.10378912614362056,0.3807042960371783
g1200,Gap_12_9mps,open_gap,1,1000,100,15381,1.3521634615384615,0.2389795583219196,0.098865676679213,0.34210764998080645
g1200,Gap_12_9mps,open_gap,1,1000,100,15381,1.4523237179487178,0.22026938090991802,0.08877133749387045,0.32433593501665464
g1200,Gap_12_9mps,open_gap,1,1000,100,15381,1.5524839743589745,0.20432982350054477,0.07830571627896138,0.2948634994225209
g1200,Gap_12_9mps,open_gap,1,1000,100,15381,1.6526442307692308,0.1924039051848678,0.07691944513594169,0.27783760621731346
g1200,Gap_12_9mps,open_gap,1,1000,100,15381,1.7528044871794872,0.18186331356882904,0.06464934760867591,0.2595252166311154
g1200,Gap_12_9mps,open_gap,1,1000,100,15381,1.8529647435897436,0.17385902293983133,0.07542522902931005,0.23707237317598595
g1200,Gap_12_9mps,open_gap,1,1000,100,15381,1.953125,0.16768218408316046,0.07244778821392778,0.23647118866604705
g1200,Gap_12_9mps,open_gap,1,1000,100,15381,2.0532852564102564,0.16278061340710945,0.07607790118890978,0.23624338076135937
g1200,Gap_12_9mps,open_gap,1,1000,100,15381,2.1534455128205128,0.15886513902293609,0.07757594103258006,0.2262244395551065
g1200,Gap_12_9mps,open_gap,1,1000,100,15381,2.253605769230769,0.15485300712359673,0.07829141819909835,0.2195848651414375
g1200,Gap_12_9mps,open_gap,1,1000,100,15381,2.3537660256410255,0.150426459075658,0.07250775233316052,0.21143544670209896
g1200,Gap_12_9mps,open_gap,1,1000,100,15381,2.453926282051282,0.14623665804317557,0.06785407912977208,0.20215669950101195
g1200,Gap_12_9mps,open_gap,1,1000,100,15381,2.5540865384615383,0.14213246582916855,0.06174038364705291,0.19398603378151635
g1200,Gap_12_9mps,open_gap,1,1000,100,15381,2.6542467948717947,0.13874250149348802,0.060294815288823606,0.19487869743873604
g1200,Gap_12_9mps,open_gap,1,1000,100,15381,2.754407051282051,0.13600355211394916,0.05821982297366743,0.18930230994675507
g1200,Gap_12_9mps,open_gap,1,1000,100,15381,2.8545673076923075,0.13358554602017444,0.05534347962815328,0.20063585806008655
g1200,Gap_12_9mps,open_gap,1,1000,100,15381,2.9547275641025643,0.13120335959041884,0.05247309346318655,0.2070562954435752
g1200,Gap_12_9mps,open_gap,1,1000,100,15381,3.0548878205128207,0.12861215902573217,0.04865095613252687,0.20682077347784794
g1200,Gap_12_9mps,open_gap,1,1000,100,15381,3.155048076923077,0.1260992990357505,0.04712774151633267,0.1995307817589002
g1200,Gap_12_9mps,open_gap,1,1000,100,15381,3.2552083333333335,0.12383536282360258,0.04248254266550962,0.19350551995536466
g1200,Gap_12_9mps,open_gap,1,1000,100,15381,3.35536858974359,0.12217549748214976,0.042283097198794396,0.1939632993168897
g1200,Gap_12_9mps,open_gap,1,1000,100,15381,3.4555288461538463,0.12110934098838357,0.03996118251023703,0.19091018202562277
g1200,Gap_12_9mps,open_gap,1,1000,100,15381,3.5556891025641026,0.12067755710472873,0.040622440819525346,0.18506461867057022
g1200,Gap_12_9mps,open_gap,1,1000,100,15381,3.655849358974359,0.12014791372141408,0.04101877058674948,0.18418269239600357
g1200,Gap_12_9mps,open_gap,1,1000,100,15381,3.7560096153846154,0.11945671531797332,0.04173036382882637,0.18152816705733657
g1200,Gap_12_9mps,open_gap,1,1000,100,15381,3.856169871794872,0.11838302353372944,0.04571889000376616,0.1719835581314961
g1200,Gap_12_9mps,open_gap,1,1000,100,15381,3.956330128205128,0.11809911074098828,0.047133237273376705,0.1658896545834577
g1200,Gap_12_9mps,open_gap,1,1000,100,15381,4.056490384615385,0.11860859583638629,0.04543320451401895,0.15877008612963095
g1200,Gap_12_9mps,open_gap,1,1000,100,15381,4.156650641025641,0.11914545519340292,0.04894044523839704,0.15164134072864824
g1200,Gap_12_9mps,open_gap,1,1000,100,15381,4.256810897435898,0.11939254527735825,0.04950334801209628,0.15249330979752196
g1200,Gap_12_9mps,open_gap,1,1000,100,15381,4.356971153846154,0.1198293890085549,0.04586828647169789,0.1559091832598673
g1200,Gap_12_9mps,open_gap,1,1000,100,15381,4.457131410256411,0.12036764039495589,0.04892956107975645,0.16398010040577649
g1200,Gap_12_9mps,open_gap,1,1000,100,15381,4.557291666666667,0.12101536419575323,0.050526740071427705,0.16968160758566908
g1200,Gap_12_9mps,open_gap,1,1000,100,15381,4.657451923076923,0.12115770951836362,0.051633403242659554,0.17453110823521814
g1200,Gap_12_9mps,open_gap,1,1000,100,15381,4.75761217948718,0.12066165285881204,0.04733772944116468,0.1713983558760022
g1200,Gap_12_9mps,open_gap,1,1000,100,15381,4.857772435897436,0.11974446858005854,0.04951945707841543,0.1731858253902643
g1200,Gap_12_9mps,open_gap,1,1000,100,15381,4.9579326923076925,0.11891234746346667,0.045755092102418175,0.17034480429763593
g1200,Gap_12_9mps,open_gap,1,1000,100,15381,5.058092948717949,0.11841201663546234,0.04042865968278346,0.16586526104180083
g1200,Gap_12_9mps,open_gap,1,1000,100,15381,5.158253205128205,0.11784348124431954,0.03573503245043002,0.16279436861187246
g1200,Gap_12_9mps,open_gap,1,1000,100,15381,5.258413461538462,0.11774019626604232,0.041269246009932266,0.16408717228448366
g1200,Gap_12_9mps,open_gap,1,1000,100,15381,5.358573717948718,0.11795106783145265,0.03866075425813084,0.16378161710564335
g1200,Gap_12_9mps,open_gap,1,1000,100,15381,5.4587339743589745,0.11869548116009666,0.03262717655030838,0.16488396271416506
g1200,Gap_12_9mps,open_gap,1,1000,100,15381,5.558894230769231,0.12024381125360235,0.03547348409835212,0.16945612475774774
g1200,Gap_12_9mps,open_gap,1,1000,100,15381,5.659054487179487,0.12259501861302854,0.04105886290321895,0.1723457006847166
g1200,Gap_12_9mps,open_gap,1,1000,100,15381,5.759214743589744,0.1245530764644335,0.04098742033346099,0.17798067578683696
g1200,Gap_12_9mps,open_gap,1,1000,100,15381,5.859375,0.12625708716773734,0.04522309307199311,0.18333815172118653
g1200,Gap_12_9mps,open_gap,1,1000,100,15381,5.959535256410256,0.12772135103454865,0.04747662861875292,0.18526828169432802
g1200,Gap_12_9mps,open_gap,1,1000,100,15381,6.059695512820513,0.1291822004391375,0.05199992151314183,0.1884473665310748
g1200,Gap_12_9mps,open_gap,1,1000,100,15381,6.159855769230769,0.13044259754773374,0.05454449080945212,0.19136265259066762
g1200,Gap_12_9mps,open_gap,1,1000,100,15381,6.2600160256410255,0.13153123601918604,0.05489598284690192,0.1939260268129533
g1200,Gap_12_9mps,open_gap,1,1000,100,15381,6.360176282051282,0.13254301944061336,0.05855564247996341,0.20108409867560487
g1200,Gap_12_9mps,open_gap,1,1000,100,15381,6.460336538461538,0.13376317488058878,0.05924287758540219,0.20260702309295137
g1200,Gap_12_9mps,open_gap,1,1000,100,15381,6.560496794871795,0.13519934989107735,0.06281969073665099,0.20325178572207958
g1200,Gap_12_9mps,open_gap,1,1000,100,15381,6.660657051282051,0.13657116143133693,0.0551990281472246,0.20598866065861646
g1200,Gap_12_9mps,open_gap,1,1000,100,15381,6.7608173076923075,0.13763248265857014,0.05297463883713465,0.21226258358256833
g1200,Gap_12_9mps,open_gap,1,1000,100,15381,6.860977564102564,0.13855964683046879,0.05300016786290418,0.21534698020317655
g1200,Gap_12_9mps,open_gap,1,1000,100,15381,6.96113782051282,0.139677495273674,0.05171572575696908,0.21155319648854004
g1200,Gap_12_9mps,open_gap,1,1000,100,15381,7.061298076923077,0.1409299431459333,0.047095163834800474,0.21035112921549387
g1200,Gap_12_9mps,open_gap,1,1000,100,15381,7.161458333333333,0.1425607667547762,0.048548425711979044,0.20654642636134346
g1200,Gap_12_9mps,open_gap,1,1000,100,15381,7.261618589743589,0.14390201484464638,0.045581854943222255,0.21033868965698738
g1200,Gap_12_9mps,open_gap,1,1000,100,15381,7.361778846153846,0.1450887531813746,0.04405112067863412,0.21180651810643392
g1200,Gap_12_9mps,open_gap,1,1000,100,15381,7.461939102564102,0.1455939857694482,0.04605094935017849,0.21329479963529716
g1200,Gap_12_9mps,open_gap,1,1000,100,15381,7.562099358974359,0.14578771700360404,0.04747847327505552,0.21294712885970152
g1200,Gap_12_9mps,open_gap,1,1000,100,15381,7.662259615384615,0.14632981385530677,0.05185778467314865,0.21625838541971745
g1200,Gap_12_9mps,open_gap,1,1000,100,15381,7.762419871794871,0.1469843047272659,0.05267397760871865,0.22032033908946017
g1200,Gap_12_9mps,open_gap,1,1000,100,15381,7.862580128205129,0.14746094818756664,0.05441128350175376,0.22153352204822682
g1200,Gap_12_9mps,open_gap,1,1000,100,15381,7.962740384615385,0.14763562585415785,0.05817070985189911,0.21930020343407705
g1200,Gap_12_9mps,open_gap,1,1000,100,15381,8.06290064102564,0.14805172423262122,0.057103161184083435,0.2222723974286592
g1200,Gap_12_9mps,open_gap,1,1000,100,15381,8.163060897435898,0.14863544626287173,0.05706226075659124,0.21411598100921542
g1200,Gap_12_9mps,open_gap,1,1000,100,15381,8.263221153846153,0.14934776368303807,0.0532793159836191,0.21366920119068228
g1200,Gap_12_9mps,open_gap,1,1000,100,15381,8.36338141025641,0.14996215990236084,0.053930493410835875,0.21635526074067124
g1200,Gap_12_9mps,open_gap,1,1000,100,15381,8.463541666666666,0.15063392861976732,0.053818182456569275,0.21185034341718914
g1200,Gap_12_9mps,open_gap,1,1000,100,15381,8.563701923076923,0.15132816114908496,0.05680254957709121,0.2130567899711212
g1200,Gap_12_9mps,open_gap,1,1000,100,15381,8.663862179487179,0.15173185771201372,0.05998263112499061,0.22038598830577733
g1200,Gap_12_9mps,open_gap,1,1000,100,15381,8.764022435897436,0.15184507276045514,0.059382331006226835,0.22218034292236877
g1200,Gap_12_9mps,open_gap,1,1000,100,15381,8.864182692307692,0.1521293357483674,0.057069317622283705,0.21774877227317932
g1200,Gap_12_9mps,open_gap,1,1000,100,15381,8.964342948717949,0.15243773680757539,0.0539976624350035,0.21636505630248604
g1200,Gap_12_9mps,open_gap,1,1000,100,15381,9.064503205128204,0.15266310868376556,0.053814315426329064,0.2146174169339245
g1200,Gap_12_9mps,open_gap,1,1000,100,15381,9.164663461538462,0.153636417145281,0.05733093897730572,0.21615344888038382
g1200,Gap_12_9mps,open_gap,1,1000,100,15381,9.264823717948717,0.1550394123886869,0.06162969414005691,0.2191218927435189
g1200,Gap_12_9mps,open_gap,1,1000,100,15381,9.364983974358974,0.15614648879470747,0.06489661954321736,0.21889596555198
g1200,Gap_12_9mps,open_gap,1,1000,100,15381,9.46514423076923,0.1569968767264467,0.06817483386879769,0.22184907619726119
g1200,Gap_12_9mps,open_gap,1,1000,100,15381,9.565304487179487,0.15762320145352843,0.07320643923840663,0.21538294355769655
g1200,Gap_12_9mps,open_gap,1,1000,100,15381,9.665464743589743,0.1579690874721516,0.0764323815947713,0.20964958560938854
g1200,Gap_12_9mps,open_gap,1,1000,100,15381,9.765625,0.15806398376474376,0.07383591585094436,0.2072252086049564
g1200,Gap_12_9mps,open_gap,1,1000,100,15381,9.865785256410257,0.15804441671819094,0.0723816377124198,0.20917161575421725
g1200,Gap_12_9mps,open_gap,1,1000,100,15381,9.965945512820513,0.1579935871982401,0.06973372049331109,0.2112363249379705
g1200,Gap_12_9mps,open_gap,10,1000,100,15381,0.05008012820512821,0.05896750203070371,0.022165521085664514,0.07756766673029944
g1200,Gap_12_9mps,open_gap,10,1000,100,15381,0.1502403846153846,0.10566607242927352,0.03878086646654102,0.1555012840181073
g1200,Gap_12_9mps,open_gap,10,1000,100,15381,0.250400641025641,0.1355786624616422,0.048424823502562934,0.20304270704619196
g1200,Gap_12_9mps,open_gap,10,1000,100,15381,0.3505608974358974,0.14395209774299475,0.05527412679001177,0.20658227097195325
g1200,Gap_12_9mps,open_gap,10,1000,100,15381,0.45072115384615385,0.14314261838690273,0.045937898811680686,0.2029768402457786
g1200,Gap_12_9mps,open_gap,10,1000,100,15381,0.5508814102564102,0.14059086338667404,0.05144125554234474,0.1993045899644942
g1200,Gap_12_9mps,open_gap,10,1000,100,15381,0.6510416666666666,0.1374072729058822,0.050448275105773085,0.19174259707266844
g1200,Gap_12_9mps,open_gap,10,1000,100,15381,0.7512019230769231,0.13255137335173917,0.053515502286519315,0.18880531935525027
g1200,Gap_12_9mps,open_gap,10,1000,100,15381,0.8513621794871795,0.12548186859425928,0.054120649953019774,0.18998425076265002
g1200,Gap_12_9mps,open_gap,10,1000,100,15381,0.9515224358974359,0.11618611662320415,0.05329222918690947,0.17123675084866433
g1200,Gap_12_9mps,open_gap,10,1000,100,15381,1.0516826923076923,0.10700102985638552,0.05251005359394374,0.14965838764656353
g1200,Gap_12_9mps,open_gap,10,1000,100,15381,1.1518429487179487,0.09912373553219087,0.0497693580354515,0.14873055538666893
g1200,Gap_12_9mps,open_gap,10,1000,100,15381,1.252003205128205,0.09161313353765477,0.040999331997641844,0.13627460313287684
g1200,Gap_12_9mps,open_gap,10,1000,100,15381,1.3521634615384615,0.0847465494822202,0.03400251036255809,0.12477571767057413
g1200,Gap_12_9mps,open_gap,10,1000,100,15381,1.4523237179487178,0.07884583677441613,0.03517398711502516,0.10926781770824538
g1200,Gap_12_9mps,open_gap,10,1000,100,15381,1.5524839743589745,0.07393348252584202,0.030485714793775265,0.1013241472468143
g1200,Gap_12_9mps,open_gap,10,1000,100,15381,1.6526442307692308,0.06997911194352473,0.026711791521881106,0.09974441719850204
g1200,Gap_12_9mps,open_gap,10,1000,100,15381,1.7528044871794872,0.06632095949041573,0.024597813218806733,0.09853425298614925
g1200,Gap_12_9mps,open_gap,10,1000,100,15381,1.8529647435897436,0.06269214273831214,0.024897435310149034,0.09392964099070138
g1200,Gap_12_9mps,open_gap,10,1000,100,15381,1.953125,0.05971646356530564,0.019958778935429675,0.08877346741282222
g1200,Gap_12_9mps,open_gap,10,1000,100,15381,2.0532852564102564,0.057381701097530116,0.019294146229986982,0.08280693160486069
g1200,Gap_12_9mps,open_gap,10,1000,100,15381,2.1534455128205128,0.055633870877939674,0.01683530860155294,0.08146813134687736
g1200,Gap_12_9mps,open_gap,10,1000,100,15381,2.253605769230769,0.05436445627850665,0.019860563434524692,0.0838959472436582
g1200,Gap_12_9mps,open_gap,10,1000,100,15381,2.3537660256410255,0.05314387872410613,0.020135857914034404,0.08164245872244412
g1200,Gap_12_9mps,open_gap,10,1000,100,15381,2.453926282051282,0.051932765943316445,0.01989338076451586,0.0765846512544862
g1200,Gap_12_9mps,open_gap,10,1000,100,15381,2.5540865384615383,0.05054343559741626,0.020880043439036197,0.07473947450238189
g1200,Gap_12_9mps,open_gap,10,1000,100,15381,2.6542467948717947,0.04911876297276768,0.019636889799072292,0.06970676543679903
g1200,Gap_12_9mps,open_gap,10,1000,100,15381,2.754407051282051,0.04780540696483624,0.01922034835291727,0.06713152719935411
g1200,Gap_12_9mps,open_gap,10,1000,100,15381,2.8545673076923075,0.046386905197533,0.018372021050928913,0.06625104924117882
g1200,Gap_12_9mps,open_gap,10,1000,100,15381,2.9547275641025643,0.04498120608539332,0.017525609781319822,0.062253806280606075
g1200,Gap_12_9mps,open_gap,10,1000,100,15381,3.0548878205128207,0.043730122910467885,0.015078521182353885,0.06337225571504083
g1200,Gap_12_9mps,open_gap,10,1000,100,15381,3.155048076923077,0.042700452975456285,0.014902012777891915,0.0613168728862455
g1200,Gap_12_9mps,open_gap,10,1000,100,15381,3.2552083333333335,0.04188258422626928,0.016704426012057218,0.059203505944963535
g1200,Gap_12_9mps,open_gap,10,1000,100,15381,3.35536858974359,0.041049044888694465,0.0175748350860075,0.058062152743006926
g1200,Gap_12_9mps,open_gap,10,1000,100,15381,3.4555288461538463,0.040335538612167314,0.019244378327256964,0.05522717066873154
g1200,Gap_12_9mps,open_gap,10,1000,100,15381,3.5556891025641026,0.03975940771967748,0.019889818837923373,0.05174172423322043
g1200,Gap_12_9mps,open_gap,10,1000,100,15381,3.655849358974359,0.03921332108182156,0.019800620522434195,0.049287327715471556
g1200,Gap_12_9mps,open_gap,10,1000,100,15381,3.7560096153846154,0.03860480817829133,0.01931164707988056,0.04538309124399027
g1200,Gap_12_9mps,open_gap,10,1000,100,15381,3.856169871794872,0.037849928982059244,0.01912490948931539,0.046966542350999646
g1200,Gap_12_9mps,open_gap,10,1000,100,15381,3.956330128205128,0.03702827413760854,0.01897441666937398,0.047023993406277366
g1200,Gap_12_9mps,open_gap,10,1000,100,15381,4.056490384615385,0.0361251537935456,0.01621127905243806,0.04546478686489665
g1200,Gap_12_9mps,open_gap,10,1000,100,15381,4.156650641025641,0.035228660093845225,0.015368974085732515,0.04508761550711532
g1200,Gap_12_9mps,open_gap,10,1000,100,15381,4.256810897435898,0.0343474401789336,0.015650838119371013,0.04560759028938792
g1200,Gap_12_9mps,open_gap,10,1000,100,15381,4.356971153846154,0.033559410504535044,0.01462124722292462,0.04584899052831683
g1200,Gap_12_9mps,open_gap,10,1000,100,15381,4.457131410256411,0.0331178437968461,0.014240912215387517,0.04483219933388043
g1200,Gap_12_9mps,open_gap,10,1000,100,15381,4.557291666666667,0.03291605493684372,0.013232961529502143,0.04573871341508064
g1200,Gap_12_9mps,open_gap,10,1000,100,15381,4.657451923076923,0.03278219034680113,0.012432966907228542,0.0456020841097711
g1200,Gap_12_9mps,open_gap,10,1000,100,15381,4.75761217948718,0.03266028595640979,0.013038473326728466,0.046976502238816956
g1200,Gap_12_9mps,open_gap,10,1000,100,15381,4.857772435897436,0.03272619157847362,0.01304918821751028,0.04774916681673643
g1200,Gap_12_9mps,open_gap,10,1000,100,15381,4.9579326923076925,0.03305075014165069,0.013697330116891636,0.050068929374251524
g1200,Gap_12_9mps,open_gap,10,1000,100,15381,5.058092948717949,0.0332649667738921,0.012827057513017732,0.04897965486645011
g1200,Gap_12_9mps,open_gap,10,1000,100,15381,5.158253205128205,0.033504933726229646,0.01192770374420219,0.047751150951723345
g1200,Gap_12_9mps,open_gap,10,1000,100,15381,5.258413461538462,0.033761130497405596,0.013443262129487292,0.048130868095558575
g1200,Gap_12_9mps,open_gap,10,1000,100,15381,5.358573717948718,0.03393576429004956,0.014444540863322865,0.050259034551170714
g1200,Gap_12_9mps,open_gap,10,1000,100,15381,5.4587339743589745,0.03406277092295732,0.015070270686703165,0.0504445492494746
g1200,Gap_12_9mps,open_gap,10,1000,100,15381,5.558894230769231,0.03431119692441276,0.014876080939845673,0.04946579600522299
g1200,Gap_12_9mps,open_gap,10,1000,100,15381,5.659054487179487,0.03470842664044166,0.014387627099881785,0.050215229465339975
g1200,Gap_12_9mps,open_gap,10,1000,100,15381,5.759214743589744,0.03513425006260436,0.014277932177711186,0.05074852153922614
g1200,Gap_12_9mps,open_gap,10,1000,100,15381,5.859375,0.03556756390573821,0.013343541366070496,0.05391253211873995
g1200,Gap_12_9mps,open_gap,10,1000,100,15381,5.959535256410256,0.036057696053777746,0.012355844937452416,0.05654130430767063
g1200,Gap_12_9mps,open_gap,10,1000,100,15381,6.059695512820513,0.03672296601688517,0.013182477920829149,0.05629788206501845
g1200,Gap_12_9mps,open_gap,10,1000,100,15381,6.159855769230769,0.037374497690642314,0.014674321329778762,0.05921298453782235
g1200,Gap_12_9mps,open_gap,10,1000,100,15381,6.2600160256410255,0.03814913560054889,0.015251667162789227,0.06235689695643853
g1200,Gap_12_9mps,open_gap,10,1000,100,15381,6.360176282051282,0.03893120934272096,0.015700316725596162,0.06095604091025203
g1200,Gap_12_9mps,open_gap,10,1000,100,15381,6.460336538461538,0.03952735139522398,0.017031178687826068,0.06011499399659438
g1200,Gap_12_9mps,open_gap,10,1000,100,15381,6.560496794871795,0.040169275495708534,0.01806024370526551,0.06016860618865598
g1200,Gap_12_9mps,open_gap,10,1000,100,15381,6.660657051282051,0.040948242037781586,0.017379957713770485,0.060398015385838964
g1200,Gap_12_9mps,open_gap,10,1000,100,15381,6.7608173076923075,0.0418308044246217,0.01718175228482269,0.06289748820274563
g1200,Gap_12_9mps,open_gap,10,1000,100,15381,6.860977564102564,0.04278682725763902,0.018023347802154338,0.06342485845839545
g1200,Gap_12_9mps,open_gap,10,1000,100,15381,6.96113782051282,0.04379884302283512,0.016699390198908527,0.06416301105368134
g1200,Gap_12_9mps,open_gap,10,1000,100,15381,7.061298076923077,0.044880815359373404,0.01890356538029265,0.06571278145987887
g1200,Gap_12_9mps,open_gap,10,1000,100,15381,7.161458333333333,0.04599136785231056,0.020510359448503507,0.06741815422077085
g1200,Gap_12_9mps,open_gap,10,1000,100,15381,7.261618589743589,0.04703819255804086,0.02124560811568399,0.06785420220831592
g1200,Gap_12_9mps,open_gap,10,1000,100,15381,7.361778846153846,0.047992376906330625,0.022165736771518483,0.06709322176350402
g1200,Gap_12_9mps,open_gap,10,1000,100,15381,7.461939102564102,0.04884562570885895,0.023169299079573498,0.0691527311135971
g1200,Gap_12_9mps,open_gap,10,1000,100,15381,7.562099358974359,0.049579743374279846,0.02369965464386362,0.07100201129568749
g1200,Gap_12_9mps,open_gap,10,1000,100,15381,7.662259615384615,0.05021657747714528,0.023022695451545352,0.07335516828554944
g1200,Gap_12_9mps,open_gap,10,1000,100,15381,7.762419871794871,0.05077728091455605,0.022792609211372567,0.07371189729830718
g1200,Gap_12_9mps,open_gap,10,1000,100,15381,7.862580128205129,0.05115418396556579,0.023674440451274894,0.07187222596088243
g1200,Gap_12_9mps,open_gap,10,1000,100,15381,7.962740384615385,0.05135558120582874,0.02221427797295505,0.07259227188195724
g1200,Gap_12_9mps,open_gap,10,1000,100,15381,8.06290064102564,0.05148991890636331,0.022766280748107194,0.07202048303788613
g1200,Gap_12_9mps,open_gap,10,1000,100,15381,8.163060897435898,0.05161341748118824,0.021415723733624475,0.07105082069592492
g1200,Gap_12_9mps,open_gap,10,1000,100,15381,8.263221153846153,0.05177206809475774,0.022236250555145536,0.07165682332251654
g1200,Gap_12_9mps,open_gap,10,1000,100,15381,8.36338141025641,0.05189793090799034,0.02128761010988531,0.07453804636746061
g1200,Gap_12_9mps,open_gap,10,1000,100,15381,8.463541666666666,0.05185074321274887,0.01959624197907107,0.07730159797307724
g1200,Gap_12_9mps,open_gap,10,1000,100,15381,8.563701923076923,0.05177766439316192,0.018462162350337256,0.07798633073310454
g1200,Gap_12_9mps,open_gap,10,1000,100,15381,8.663862179487179,0.05179731707928134,0.01811166752323773,0.07870669782209233
g1200,Gap_12_9mps,open_gap,10,1000,100,15381,8.764022435897436,0.05185231967713142,0.01800528720048821,0.08077461633217284
g1200,Gap_12_9mps,open_gap,10,1000,100,15381,8.864182692307692,0.05193962279505649,0.017655869017170953,0.0816201316246136
g1200,Gap_12_9mps,open_gap,10,1000,100,15381,8.964342948717949,0.05201093163261825,0.01892509534328952,0.08377944258298223
g1200,Gap_12_9mps,open_gap,10,1000,100,15381,9.064503205128204,0.052105058654413755,0.01865605807324252,0.08257693257067994
g1200,Gap_12_9mps,open_gap,10,1000,100,15381,9.164663461538462,0.052251469012152135,0.018984669657918334,0.08221367692561246
g1200,Gap_12_9mps,open_gap,10,1000,100,15381,9.264823717948717,0.052339020588225,0.018998338884141867,0.08304400006472278
g1200,Gap_12_9mps,open_gap,10,1000,100,15381,9.364983974358974,0.052383442249372324,0.018835062734291676,0.08275608980057807
g1200,Gap_12_9mps,open_gap,10,1000,100,15381,9.46514423076923,0.05242348435830263,0.018790266406733938,0.08248409281017662
g1200,Gap_12_9mps,open_gap,10,1000,100,15381,9.565304487179487,0.05258938949138092,0.018529776912750918,0.08238992859821366
g1200,Gap_12_9mps,open_gap,10,1000,100,15381,9.665464743589743,0.05275818179049559,0.01905649274208085,0.08173754492380966
g1200,Gap_12_9mps,open_gap,10,1000,100,15381,9.765625,0.05291900126059826,0.018706084822544503,0.0808909401636736
g1200,Gap_12_9mps,open_gap,10,1000,100,15381,9.865785256410257,0.05316656526398678,0.018573852036676875,0.08041994059842808
g1200,Gap_12_9mps,open_gap,10,1000,100,15381,9.965945512820513,0.053415379108573996,0.019641310329643558,0.08081082881972011
g1200,Gap_12_9mps,open_gap,50,1000,100,15381,0.05008012820512821,0.028882223726374355,0.012624070354158433,0.04033849741304213
g1200,Gap_12_9mps,open_gap,50,1000,100,15381,0.1502403846153846,0.04588512422474694,0.020025948890191027,0.06172141969605014
g1200,Gap_12_9mps,open_gap,50,1000,100,15381,0.250400641025641,0.05733817965940276,0.025162506966968593,0.08021076239143379
g1200,Gap_12_9mps,open_gap,50,1000,100,15381,0.3505608974358974,0.062087740298752775,0.028887341920126854,0.08387907107499927
g1200,Gap_12_9mps,open_gap,50,1000,100,15381,0.45072115384615385,0.06342963139024577,0.032981995122254436,0.09145279557804403
g1200,Gap_12_9mps,open_gap,50,1000,100,15381,0.5508814102564102,0.06303837310407744,0.029245204651099727,0.09748106143969335
g1200,Gap_12_9mps,open_gap,50,1000,100,15381,0.6510416666666666,0.06145095932305851,0.023270433756744393,0.09328913099003705
g1200,Gap_12_9mps,open_gap,50,1000,100,15381,0.7512019230769231,0.05872935407028249,0.021189244564935143,0.08566152521923588
g1200,Gap_12_9mps,open_gap,50,1000,100,15381,0.8513621794871795,0.05605539303545826,0.018706136755114285,0.08142475475409833
g1200,Gap_12_9mps,open_gap,50,1000,100,15381,0.9515224358974359,0.05319142429895471,0.017153408160686612,0.07418031928949245
g1200,Gap_12_9mps,open_gap,50,1000,100,15381,1.0516826923076923,0.050442685740014113,0.017768511236254496,0.07139577278355679
g1200,Gap_12_9mps,open_gap,50,1000,100,15381,1.1518429487179487,0.04775929948742813,0.019820114028813215,0.0677341939251075
g1200,Gap_12_9mps,open_gap,50,1000,100,15381,1.252003205128205,0.04501736744695343,0.02051904481555944,0.0637238181733511
g1200,Gap_12_9mps,open_gap,50,1000,100,15381,1.3521634615384615,0.042274952225682026,0.018937353449930815,0.05845278205256454
g1200,Gap_12_9mps,open_gap,50,1000,100,15381,1.4523237179487178,0.03957567948418798,0.0158209690248605,0.05390524275182587
g1200,Gap_12_9mps,open_gap,50,1000,100,15381,1.5524839743589745,0.03700263677785669,0.013968694500550733,0.05024322463718565
g1200,Gap_12_9mps,open_gap,50,1000,100,15381,1.6526442307692308,0.03455853169853165,0.012353403487404982,0.04748719280891982
g1200,Gap_12_9mps,open_gap,50,1000,100,15381,1.7528044871794872,0.032431005617419274,0.010070250606528988,0.044909566646065456
g1200,Gap_12_9mps,open_gap,50,1000,100,15381,1.8529647435897436,0.03068468536598434,0.011247300859515797,0.04241913462927009
g1200,Gap_12_9mps,open_gap,50,1000,100,15381,1.953125,0.029108298872915564,0.010982561312113089,0.04117714038377199
g1200,Gap_12_9mps,open_gap,50,1000,100,15381,2.0532852564102564,0.027597730973081724,0.011226453671124959,0.03968999954571575
g1200,Gap_12_9mps,open_gap,50,1000,100,15381,2.1534455128205128,0.026223437348960744,0.010681956243092781,0.03723195999844467
g1200,Gap_12_9mps,open_gap,50,1000,100,15381,2.253605769230769,0.02514593920294448,0.0101200599216486,0.034867624111364355
g1200,Gap_12_9mps,open_gap,50,1000,100,15381,2.3537660256410255,0.024244317562806622,0.009514444687202845,0.03256491419873536
g1200,Gap_12_9mps,open_gap,50,1000,100,15381,2.453926282051282,0.02332015662769833,0.008367250129284536,0.031556248453458634
g1200,Gap_12_9mps,open_gap,50,1000,100,15381,2.5540865384615383,0.022472289133496286,0.009363958567479852,0.02992404023882545
g1200,Gap_12_9mps,open_gap,50,1000,100,15381,2.6542467948717947,0.021799567942880897,0.008522292538248256,0.030454602500106627
g1200,Gap_12_9mps,open_gap,50,1000,100,15381,2.754407051282051,0.02131654614881479,0.008889569661472462,0.030871271050729347
g1200,Gap_12_9mps,open_gap,50,1000,100,15381,2.8545673076923075,0.02091628338042162,0.007259899346058835,0.030736628208387295
g1200,Gap_12_9mps,open_gap,50,1000,100,15381,2.9547275641025643,0.02049293331834084,0.0072438840090885415,0.03065328588613539
g1200,Gap_12_9mps,open_gap,50,1000,100,15381,3.0548878205128207,0.01999685932298416,0.007486247211266077,0.02933884759039204
g1200,Gap_12_9mps,open_gap,50,1000,100,15381,3.155048076923077,0.019490699349815933,0.006887265759866164,0.02837835864690116
g1200,Gap_12_9mps,open_gap,50,1000,100,15381,3.2552083333333335,0.019055408322762087,0.007390861210555949,0.026986753015029567
g1200,Gap_12_9mps,open_gap,50,1000,100,15381,3.35536858974359,0.018675202316585218,0.007779711823704417,0.02611407671244796
g1200,Gap_12_9mps,open_gap,50,1000,100,15381,3.4555288461538463,0.01838713614328735,0.007006248816670639,0.025815816295925893
g1200,Gap_12_9mps,open_gap,50,1000,100,15381,3.5556891025641026,0.0181399828788299,0.007620042887575839,0.02645724608810625
g1200,Gap_12_9mps,open_gap,50,1000,100,15381,3.655849358974359,0.01794138356226019,0.007844624982073231,0.0271255923669775
g1200,Gap_12_9mps,open_gap,50,1000,100,15381,3.7560096153846154,0.017788400721070418,0.007869731672425422,0.027131653004396922
g1200,Gap_12_9mps,open_gap,50,1000,100,15381,3.856169871794872,0.017675002350513763,0.008003982802316144,0.025944529962062535
g1200,Gap_12_9mps,open_gap,50,1000,100,15381,3.956330128205128,0.01757828120188112,0.00768757616480376,0.025107750298332246
g1200,Gap_12_9mps,open_gap,50,1000,100,15381,4.056490384615385,0.017445459580123935,0.007752793892138006,0.025005062607995815
g1200,Gap_12_9mps,open_gap,50,1000,100,15381,4.156650641025641,0.01728744912845701,0.007213481378442575,0.024512193239750714
g1200,Gap_12_9mps,open_gap,50,1000,100,15381,4.256810897435898,0.017110772463836157,0.007700804951402931,0.02454479303165593
g1200,Gap_12_9mps,open_gap,50,1000,100,15381,4.356971153846154,0.016973486422575325,0.007949760586600216,0.023290998648144167
g1200,Gap_12_9mps,open_gap,50,1000,100,15381,4.457131410256411,0.016859377791220213,0.0074597479712831425,0.023933997837981127
g1200,Gap_12_9mps,open_gap,50,1000,100,15381,4.557291666666667,0.01675708597078977,0.007595619227710399,0.024639493010616496
g1200,Gap_12_9mps,open_gap,50,1000,100,15381,4.657451923076923,0.016695938038396217,0.007101722151142003,0.02539335839579688
g1200,Gap_12_9mps,open_gap,50,1000,100,15381,4.75761217948718,0.016634068557519522,0.007147933189267588,0.02482649744693461
g1200,Gap_12_9mps,open_gap,50,1000,100,15381,4.857772435897436,0.016585093668724557,0.007146687665493577,0.024475158410884098
g1200,Gap_12_9mps,open_gap,50,1000,100,15381,4.9579326923076925,0.016537585303560184,0.006851567264806847,0.02413736925860148
g1200,Gap_12_9mps,open_gap,50,1000,100,15381,5.058092948717949,0.016565116138000636,0.0065863745083311765,0.023135481861312906
g1200,Gap_12_9mps,open_gap,50,1000,100,15381,5.158253205128205,0.016640430386100698,0.006522501711236541,0.023025462402780195
g1200,Gap_12_9mps,open_gap,50,1000,100,15381,5.258413461538462,0.016733770330642363,0.007206608034452439,0.02227933267176921
g1200,Gap_12_9mps,open_gap,50,1000,100,15381,5.358573717948718,0.016787069072656507,0.00746433967355829,0.023612873685059977
g1200,Gap_12_9mps,open_gap,50,1000,100,15381,5.4587339743589745,0.01685357924698834,0.007685645480782697,0.024209075162390233
g1200,Gap_12_9mps,open_gap,50,1000,100,15381,5.558894230769231,0.016945913335733684,0.0075971900429667805,0.02474464411312843
g1200,Gap_12_9mps,open_gap,50,1000,100,15381,5.659054487179487,0.01707772366340813,0.007547630360472566,0.024025605351506975
g1200,Gap_12_9mps,open_gap,50,1000,100,15381,5.759214743589744,0.01722747064627571,0.007366633568387045,0.023500617658061725
g1200,Gap_12_9mps,open_gap,50,1000,100,15381,5.859375,0.017439211777959242,0.007356084468971906,0.024863182662726108
g1200,Gap_12_9mps,open_gap,50,1000,100,15381,5.959535256410256,0.017736486959347295,0.007569025175378883,0.02493534043038162
g1200,Gap_12_9mps,open_gap,50,1000,100,15381,6.059695512820513,0.018059341787505637,0.007926172888193236,0.024886726059429036
g1200,Gap_12_9mps,open_gap,50,1000,100,15381,6.159855769230769,0.018345784171124684,0.008139904281381147,0.024826266423610053
g1200,Gap_12_9mps,open_gap,50,1000,100,15381,6.2600160256410255,0.018606456198408828,0.008104839926117635,0.025802531345249225
g1200,Gap_12_9mps,open_gap,50,1000,100,15381,6.360176282051282,0.01878294424748744,0.007828005314790111,0.0266132978338779
g1200,Gap_12_9mps,open_gap,50,1000,100,15381,6.460336538461538,0.01887710648427342,0.007618632224626253,0.027637897559676623
g1200,Gap_12_9mps,open_gap,50,1000,100,15381,6.560496794871795,0.018953450351447423,0.0066775716144108176,0.02809683287218407
g1200,Gap_12_9mps,open_gap,50,1000,100,15381,6.660657051282051,0.01901201802184916,0.006031251433257504,0.028509276262037444
g1200,Gap_12_9mps,open_gap,50,1000,100,15381,6.7608173076923075,0.01907887968104516,0.006828823332680254,0.028438543877070267
g1200,Gap_12_9mps,open_gap,50,1000,100,15381,6.860977564102564,0.01915068358054328,0.00701671404854511,0.028290173596655234
g1200,Gap_12_9mps,open_gap,50,1000,100,15381,6.96113782051282,0.019202289789892746,0.007697108183462496,0.028119361119652173
g1200,Gap_12_9mps,open_gap,50,1000,100,15381,7.061298076923077,0.019273973468771233,0.006877157165932856,0.028124545354354647
g1200,Gap_12_9mps,open_gap,50,1000,100,15381,7.161458333333333,0.019399159136944455,0.00816595494437538,0.0275807407959846
g1200,Gap_12_9mps,open_gap,50,1000,100,15381,7.261618589743589,0.019565015336299788,0.007581163563856416,0.027089719184957034
g1200,Gap_12_9mps,open_gap,50,1000,100,15381,7.361778846153846,0.019726252869042137,0.008038800636418115,0.027789585674884137
g1200,Gap_12_9mps,open_gap,50,1000,100,15381,7.461939102564102,0.019870168526445485,0.00807395671330651,0.02826374241782765
g1200,Gap_12_9mps,open_gap,50,1000,100,15381,7.562099358974359,0.020024647907167948,0.007640838309790654,0.028120845580838254
g1200,Gap_12_9mps,open_gap,50,1000,100,15381,7.662259615384615,0.02016151913387221,0.007912597801861205,0.027361380665437352
g1200,Gap_12_9mps,open_gap,50,1000,100,15381,7.762419871794871,0.02030295225493445,0.008227628712437408,0.027418136423828357
g1200,Gap_12_9mps,open_gap,50,1000,100,15381,7.862580128205129,0.020403403600754818,0.008486891661844992,0.026843908021218908
g1200,Gap_12_9mps,open_gap,50,1000,100,15381,7.962740384615385,0.020477747183733616,0.00853015296426515,0.02701803149287773
g1200,Gap_12_9mps,open_gap,50,1000,100,15381,8.06290064102564,0.020547699120545784,0.008321597952503777,0.027674092496541406
g1200,Gap_12_9mps,open_gap,50,1000,100,15381,8.163060897435898,0.02061939230120678,0.008105359813055445,0.027792216552223272
g1200,Gap_12_9mps,open_gap,50,1000,100,15381,8.263221153846153,0.02065994004460367,0.008593105396697052,0.027434143390672856
g1200,Gap_12_9mps,open_gap,50,1000,100,15381,8.36338141025641,0.020700277646767563,0.008346020652894505,0.028135696262825895
g1200,Gap_12_9mps,open_gap,50,1000,100,15381,8.463541666666666,0.020751282280450395,0.008077786515140734,0.028825710719722054
g1200,Gap_12_9mps,open_gap,50,1000,100,15381,8.563701923076923,0.020808100427927703,0.007938307128149335,0.029121225868464398
g1200,Gap_12_9mps,open_gap,50,1000,100,15381,8.663862179487179,0.020944855398380237,0.007843949425811736,0.02944946506047049
g1200,Gap_12_9mps,open_gap,50,1000,100,15381,8.764022435897436,0.021098814387170487,0.008213066087632705,0.029669371680057254
g1200,Gap_12_9mps,open_gap,50,1000,100,15381,8.864182692307692,0.021212599681506242,0.00841941370706005,0.03007446963185779
g1200,Gap_12_9mps,open_gap,50,1000,100,15381,8.964342948717949,0.02128462239872721,0.008190824147791986,0.03039611775013223
g1200,Gap_12_9mps,open_gap,50,1000,100,15381,9.064503205128204,0.021374423526929233,0.007933239939414813,0.031141809594874864
g1200,Gap_12_9mps,open_gap,50,1000,100,15381,9.164663461538462,0.021473122594429874,0.00854831853442587,0.03185736239409831
g1200,Gap_12_9mps,open_gap,50,1000,100,15381,9.264823717948717,0.02158962195426629,0.008014005033025644,0.03280703480035763
g1200,Gap_12_9mps,open_gap,50,1000,100,15381,9.364983974358974,0.02170513477264496,0.008220664259042863,0.03348430564732055
g1200,Gap_12_9mps,open_gap,50,1000,100,15381,9.46514423076923,0.021776556530331684,0.008275684016656031,0.03390157894435586
g1200,Gap_12_9mps,open_gap,50,1000,100,15381,9.565304487179487,0.021818196678408886,0.008847581071626665,0.033572111369490495
g1200,Gap_12_9mps,open_gap,50,1000,100,15381,9.665464743589743,0.02184905320446139,0.009190449327143097,0.03418235453409886
g1200,Gap_12_9mps,open_gap,50,1000,100,15381,9.765625,0.021834330345808887,0.00897078904108171,0.0343434111920933
g1200,Gap_12_9mps,open_gap,50,1000,100,15381,9.865785256410257,0.021722357478899612,0.008319482432957796,0.034377873004644025
g1200,Gap_12_9mps,open_gap,50,1000,100,15381,9.965945512820513,0.02160092948475797,0.008645111967447128,0.034193000377048935
g1200,Gap_12_9mps,open_gap,100,1000,100,15381,0.05008012820512821,0.024119659863623476,0.011063110008664407,0.03453855021000731
g1200,Gap_12_9mps,open_gap,100,1000,100,15381,0.1502403846153846,0.029337364860806195,0.01231058156744228,0.04316036716686959
g1200,Gap_12_9mps,open_gap,100,1000,100,15381,0.250400641025641,0.039279748110251846,0.01787255469482282,0.05290437427025957
g1200,Gap_12_9mps,open_gap,100,1000,100,15381,0.3505608974358974,0.04446184264347797,0.022250939173811816,0.06033443111774211
g1200,Gap_12_9mps,open_gap,100,1000,100,15381,0.45072115384615385,0.047214315658933304,0.018519396209986713,0.06217703255279294
g1200,Gap_12_9mps,open_gap,100,1000,100,15381,0.5508814102564102,0.04845853540722229,0.018346298361221595,0.06747191767897627
g1200,Gap_12_9mps,open_gap,100,1000,100,15381,0.6510416666666666,0.04957567844264853,0.017773289075569357,0.07072876641556167
g1200,Gap_12_9mps,open_gap,100,1000,100,15381,0.7512019230769231,0.050082304809777295,0.018925154159128717,0.06922233374265174
g1200,Gap_12_9mps,open_gap,100,1000,100,15381,0.8513621794871795,0.048657234951928315,0.017690623963616654,0.07002458340957796
g1200,Gap_12_9mps,open_gap,100,1000,100,15381,0.9515224358974359,0.045651886479201806,0.018965191318850185,0.06687181614222919
g1200,Gap_12_9mps,open_gap,100,1000,100,15381,1.0516826923076923,0.04242960356764987,0.018872734058079065,0.060978837575055664
g1200,Gap_12_9mps,open_gap,100,1000,100,15381,1.1518429487179487,0.039359793914591906,0.019105959724833543,0.05581345569537188
g1200,Gap_12_9mps,open_gap,100,1000,100,15381,1.252003205128205,0.03679783896612911,0.019159886574071455,0.05113740494735576
g1200,Gap_12_9mps,open_gap,100,1000,100,15381,1.3521634615384615,0.034539334618305814,0.01729014279545922,0.047830135321333
g1200,Gap_12_9mps,open_gap,100,1000,100,15381,1.4523237179487178,0.03244271343260862,0.015995318607763875,0.04661634704810853
g1200,Gap_12_9mps,open_gap,100,1000,100,15381,1.5524839743589745,0.03057021788617406,0.015055716959572696,0.04469663734014831
g1200,Gap_12_9mps,open_gap,100,1000,100,15381,1.6526442307692308,0.028746819052692073,0.014314935766663695,0.042053398786083586
g1200,Gap_12_9mps,open_gap,100,1000,100,15381,1.7528044871794872,0.02686645621595403,0.011710166547246548,0.03884470411491185
g1200,Gap_12_9mps,open_gap,100,1000,100,15381,1.8529647435897436,0.025020910286619225,0.010830646801919268,0.036933280755791054
g1200,Gap_12_9mps,open_gap,100,1000,100,15381,1.953125,0.023361853710207617,0.009711370355865907,0.03389918866581887
g1200,Gap_12_9mps,open_gap,100,1000,100,15381,2.0532852564102564,0.02197448088784334,0.008354459126252618,0.03351785521300362
g1200,Gap_12_9mps,open_gap,100,1000,100,15381,2.1534455128205128,0.02081729422715461,0.008496811177569851,0.030652614314292687
g1200,Gap_12_9mps,open_gap,100,1000,100,15381,2.253605769230769,0.019869155690496593,0.008472742785472987,0.028114307080937862
g1200,Gap_12_9mps,open_gap,100,1000,100,15381,2.3537660256410255,0.019238045925916537,0.009079222566649236,0.02642658949364133
g1200,Gap_12_9mps,open_gap,100,1000,100,15381,2.453926282051282,0.018667556656197237,0.009594739813877621,0.0254852573148134
g1200,Gap_12_9mps,open_gap,100,1000,100,15381,2.5540865384615383,0.018170323808297265,0.009635193318425616,0.02441204793703583
g1200,Gap_12_9mps,open_gap,100,1000,100,15381,2.6542467948717947,0.017836682830594263,0.009456785690571195,0.022912967339124245
g1200,Gap_12_9mps,open_gap,100,1000,100,15381,2.754407051282051,0.017534454936895115,0.010026358617166168,0.022707939784563896
g1200,Gap_12_9mps,open_gap,100,1000,100,15381,2.8545673076923075,0.017161461380386576,0.009057846529567084,0.023150723439963584
g1200,Gap_12_9mps,open_gap,100,1000,100,15381,2.9547275641025643,0.0167763514680083,0.009061897202759898,0.022871962584833205
g1200,Gap_12_9mps,open_gap,100,1000,100,15381,3.0548878205128207,0.01631872806251548,0.008251370333768129,0.021764722498032813
g1200,Gap_12_9mps,open_gap,100,1000,100,15381,3.155048076923077,0.015862700581162254,0.00834591552091681,0.021575525552710795
g1200,Gap_12_9mps,open_gap,100,1000,100,15381,3.2552083333333335,0.015461144866583542,0.007807197639405796,0.021371736741200388
g1200,Gap_12_9mps,open_gap,100,1000,100,15381,3.35536858974359,0.015181597185814799,0.006816115496776064,0.02063458627248104
g1200,Gap_12_9mps,open_gap,100,1000,100,15381,3.4555288461538463,0.015015787670085299,0.00616411648208008,0.02064781739558105
g1200,Gap_12_9mps,open_gap,100,1000,100,15381,3.5556891025641026,0.014829106247408012,0.00611367769412038,0.020765859330926218
g1200,Gap_12_9mps,open_gap,100,1000,100,15381,3.655849358974359,0.014557985335228068,0.0056657022451704125,0.02067836117174408
g1200,Gap_12_9mps,open_gap,100,1000,100,15381,3.7560096153846154,0.01423639801275945,0.005566398705003167,0.02081027314940835
g1200,Gap_12_9mps,open_gap,100,1000,100,15381,3.856169871794872,0.013958352849573735,0.005376284417274846,0.020544920069312588
g1200,Gap_12_9mps,open_gap,100,1000,100,15381,3.956330128205128,0.013788256088246235,0.005464081403035557,0.02060561647849137
g1200,Gap_12_9mps,open_gap,100,1000,100,15381,4.056490384615385,0.013711414172528918,0.005477772608372158,0.019978815265300095
g1200,Gap_12_9mps,open_gap,100,1000,100,15381,4.156650641025641,0.013694189737389055,0.005341232108576439,0.019299737850932693
g1200,Gap_12_9mps,open_gap,100,1000,100,15381,4.256810897435898,0.013682584339488641,0.005742371216280412,0.019375248880891913
g1200,Gap_12_9mps,open_gap,100,1000,100,15381,4.356971153846154,0.013626702919477476,0.0059815597900816165,0.019996592420006898
g1200,Gap_12_9mps,open_gap,100,1000,100,15381,4.457131410256411,0.013604657579210047,0.0056647391020804945,0.019768961951771608
g1200,Gap_12_9mps,open_gap,100,1000,100,15381,4.557291666666667,0.01363469105082254,0.005303684611015507,0.019396683720645444
g1200,Gap_12_9mps,open_gap,100,1000,100,15381,4.657451923076923,0.01370009968275826,0.005354028513371656,0.01934034674433924
g1200,Gap_12_9mps,open_gap,100,1000,100,15381,4.75761217948718,0.013818144187064285,0.00605160250882184,0.019260143784565878
g1200,Gap_12_9mps,open_gap,100,1000,100,15381,4.857772435897436,0.013905456420792928,0.006781758712461736,0.018677001474275444
g1200,Gap_12_9mps,open_gap,100,1000,100,15381,4.9579326923076925,0.0139325062265954,0.006990420994798007,0.018236930422651357
g1200,Gap_12_9mps,open_gap,100,1000,100,15381,5.058092948717949,0.013934596447472278,0.007255173228541972,0.01867269012708377
g1200,Gap_12_9mps,open_gap,100,1000,100,15381,5.158253205128205,0.013929056151078804,0.007486653748427103,0.01881825186166631
g1200,Gap_12_9mps,open_gap,100,1000,100,15381,5.258413461538462,0.013905158913461599,0.007582034571602914,0.019045131946878006
g1200,Gap_12_9mps,open_gap,100,1000,100,15381,5.358573717948718,0.013879794678576028,0.007421770368535622,0.018945165882810075
g1200,Gap_12_9mps,open_gap,100,1000,100,15381,5.4587339743589745,0.013901980340143685,0.00733449274755831,0.019264431472547243
g1200,Gap_12_9mps,open_gap,100,1000,100,15381,5.558894230769231,0.01396336289099229,0.007764913874881409,0.019142763721411153
g1200,Gap_12_9mps,open_gap,100,1000,100,15381,5.659054487179487,0.01405119196240997,0.007878092608383853,0.019300376627990085
g1200,Gap_12_9mps,open_gap,100,1000,100,15381,5.759214743589744,0.014148386104037037,0.007915791543752475,0.019255375949294263
g1200,Gap_12_9mps,open_gap,100,1000,100,15381,5.859375,0.014234820191821167,0.007586591098785072,0.019177909473662047
g1200,Gap_12_9mps,open_gap,100,1000,100,15381,5.959535256410256,0.014311621808579214,0.0077696402206869734,0.018971638522570416
g1200,Gap_12_9mps,open_gap,100,1000,100,15381,6.059695512820513,0.014476688164166578,0.007041236016036227,0.018959482910778272
g1200,Gap_12_9mps,open_gap,100,1000,100,15381,6.159855769230769,0.014636974132069568,0.007364538890788216,0.01895984688721479
g1200,Gap_12_9mps,open_gap,100,1000,100,15381,6.2600160256410255,0.01477700853479771,0.0076585879543087255,0.01875961040506169
g1200,Gap_12_9mps,open_gap,100,1000,100,15381,6.360176282051282,0.01489760008109033,0.008088132585780729,0.01964019961809399
g1200,Gap_12_9mps,open_gap,100,1000,100,15381,6.460336538461538,0.014985996730925384,0.007652981574874219,0.020182358362029727
g1200,Gap_12_9mps,open_gap,100,1000,100,15381,6.560496794871795,0.015064991681829286,0.00771692322404556,0.020444883057999512
g1200,Gap_12_9mps,open_gap,100,1000,100,15381,6.660657051282051,0.015163941685596148,0.007425004391402689,0.020498785698692776
g1200,Gap_12_9mps,open_gap,100,1000,100,15381,6.7608173076923075,0.015272866337550848,0.007362278245955781,0.020275306157543457
g1200,Gap_12_9mps,open_gap,100,1000,100,15381,6.860977564102564,0.015382271436121052,0.00663316689534484,0.02049668794386041
g1200,Gap_12_9mps,open_gap,100,1000,100,15381,6.96113782051282,0.015483714186483753,0.006583819208400404,0.020746539525791183
g1200,Gap_12_9mps,open_gap,100,1000,100,15381,7.061298076923077,0.015611403209959017,0.006591089846906266,0.021564786122365117
g1200,Gap_12_9mps,open_gap,100,1000,100,15381,7.161458333333333,0.015731964810131702,0.006520430501747826,0.02178753843974584
g1200,Gap_12_9mps,open_gap,100,1000,100,15381,7.261618589743589,0.01582027777469487,0.0067369353712029905,0.021706467098182133
g1200,Gap_12_9mps,open_gap,100,1000,100,15381,7.361778846153846,0.015912652463673585,0.006827173842580985,0.02241536715592501
g1200,Gap_12_9mps,open_gap,100,1000,100,15381,7.461939102564102,0.016018610056838835,0.006265266450743362,0.02289731208353435
g1200,Gap_12_9mps,open_gap,100,1000,100,15381,7.562099358974359,0.01611373411419413,0.006367537917154677,0.0232190360815411
g1200,Gap_12_9mps,open_gap,100,1000,100,15381,7.662259615384615,0.01622079141643936,0.006473182015329703,0.0230835366096167
g1200,Gap_12_9mps,open_gap,100,1000,100,15381,7.762419871794871,0.016340182435618814,0.006516204697777648,0.0230236764124129
g1200,Gap_12_9mps,open_gap,100,1000,100,15381,7.862580128205129,0.016458803974862924,0.0062663692741242,0.02271957169162419
g1200,Gap_12_9mps,open_gap,100,1000,100,15381,7.962740384615385,0.01652373961735548,0.006623189718010479,0.022473810349932795
g1200,Gap_12_9mps,open_gap,100,1000,100,15381,8.06290064102564,0.01654802495444678,0.006597253757143858,0.022929174951455467
g1200,Gap_12_9mps,open_gap,100,1000,100,15381,8.163060897435898,0.016591627281068496,0.006545960642961991,0.02365046136501891
g1200,Gap_12_9mps,open_gap,100,1000,100,15381,8.263221153846153,0.016649202582646603,0.0073872187984223995,0.023676592603812795
g1200,Gap_12_9mps,open_gap,100,1000,100,15381,8.36338141025641,0.016709629924724932,0.006921216418888439,0.02374661589670509
g1200,Gap_12_9mps,open_gap,100,1000,100,15381,8.463541666666666,0.01674640832501332,0.006821290179187303,0.023884993482427192
g1200,Gap_12_9mps,open_gap,100,1000,100,15381,8.563701923076923,0.016757033313191238,0.006942940075809275,0.024474291307259078
g1200,Gap_12_9mps,open_gap,100,1000,100,15381,8.663862179487179,0.016745831640777614,0.006849856888639022,0.0247551807194883
g1200,Gap_12_9mps,open_gap,100,1000,100,15381,8.764022435897436,0.01674055565388716,0.006826387310404136,0.024660453339962484
g1200,Gap_12_9mps,open_gap,100,1000,100,15381,8.864182692307692,0.016761006755514188,0.0071230403570430685,0.024572749711939294
g1200,Gap_12_9mps,open_gap,100,1000,100,15381,8.964342948717949,0.0167752727574495,0.0072434069135370385,0.024351489973147802
g1200,Gap_12_9mps,open_gap,100,1000,100,15381,9.064503205128204,0.01677977632372731,0.0072805454842003285,0.02407650995269878
g1200,Gap_12_9mps,open_gap,100,1000,100,15381,9.164663461538462,0.016790527181470484,0.007434714622015195,0.02413955238114039
g1200,Gap_12_9mps,open_gap,100,1000,100,15381,9.264823717948717,0.016818695338948645,0.007434401357658035,0.023884559541337714
g1200,Gap_12_9mps,open_gap,100,1000,100,15381,9.364983974358974,0.016830953837025903,0.007396323850775696,0.024052518401570282
g1200,Gap_12_9mps,open_gap,100,1000,100,15381,9.46514423076923,0.01683236648152226,0.006972937671563105,0.023632484166381335
g1200,Gap_12_9mps,open_gap,100,1000,100,15381,9.565304487179487,0.01685530337952204,0.006985272515583832,0.02315898308771523
g1200,Gap_12_9mps,open_gap,100,1000,100,15381,9.665464743589743,0.01688444538375736,0.006736679984018022,0.02287695284438546
g1200,Gap_12_9mps,open_gap,100,1000,100,15381,9.765625,0.016904093102009195,0.007035014551895489,0.02259445559814807
g1200,Gap_12_9mps,open_gap,100,1000,100,15381,9.865785256410257,0.016908372955869184,0.007279861477703676,0.02258226127789946
g1200,Gap_12_9mps,open_gap,100,1000,100,15381,9.965945512820513,0.01691510414911409,0.006838747208118714,0.022152646247329794
g1200,Gap_12_9mps,open_gap,500,1000,100,15381,0.05008012820512821,0.009121707975002084,0.00292369882113326,0.013286889928536109
g1200,Gap_12_9mps,open_gap,500,1000,100,15381,0.1502403846153846,0.014922751663785037,0.007077624424871811,0.02049464607063101
g1200,Gap_12_9mps,open_gap,500,1000,100,15381,0.250400641025641,0.019595289693528313,0.007592309218340371,0.02776856294946047
g1200,Gap_12_9mps,open_gap,500,1000,100,15381,0.3505608974358974,0.02192159299541684,0.009223608842541184,0.02955722660089665
g1200,Gap_12_9mps,open_gap,500,1000,100,15381,0.45072115384615385,0.023826719682070428,0.01159207034607566,0.032327594190998434
g1200,Gap_12_9mps,open_gap,500,1000,100,15381,0.5508814102564102,0.025666858518582795,0.013438313948903135,0.03424974159991784
g1200,Gap_12_9mps,open_gap,500,1000,100,15381,0.6510416666666666,0.02747993572528046,0.014856905173090653,0.03846875866643047
g1200,Gap_12_9mps,open_gap,500,1000,100,15381,0.7512019230769231,0.028757972065205098,0.01743446387872364,0.03992305520129994
g1200,Gap_12_9mps,open_gap,500,1000,100,15381,0.8513621794871795,0.028964744276768362,0.018760626168425658,0.04003988333681285
g1200,Gap_12_9mps,open_gap,500,1000,100,15381,0.9515224358974359,0.028450171202812596,0.018891602367725756,0.039124573018129424
g1200,Gap_12_9mps,open_gap,500,1000,100,15381,1.0516826923076923,0.02759278362082478,0.017933484444087988,0.03762867801293977
g1200,Gap_12_9mps,open_gap,500,1000,100,15381,1.1518429487179487,0.026419865697987644,0.01725488011455412,0.03568356430469078
g1200,Gap_12_9mps,open_gap,500,1000,100,15381,1.252003205128205,0.025099423457676098,0.016522477245380085,0.03417482950803775
g1200,Gap_12_9mps,open_gap,500,1000,100,15381,1.3521634615384615,0.023733441367292496,0.017142206522114213,0.032193444212626224
g1200,Gap_12_9mps,open_gap,500,1000,100,15381,1.4523237179487178,0.02236603856363267,0.016052811195738242,0.02995695285311277
g1200,Gap_12_9mps,open_gap,500,1000,100,15381,1.5524839743589745,0.021004851241300165,0.013674101828763224,0.02756853340440108
g1200,Gap_12_9mps,open_gap,500,1000,100,15381,1.6526442307692308,0.019633338795358987,0.011944738088056107,0.025618101566324145
g1200,Gap_12_9mps,open_gap,500,1000,100,15381,1.7528044871794872,0.018228045373601946,0.010547490222629503,0.023889818540575473
g1200,Gap_12_9mps,open_gap,500,1000,100,15381,1.8529647435897436,0.01680700188735036,0.00965053419037851,0.022113284836245518
g1200,Gap_12_9mps,open_gap,500,1000,100,15381,1.953125,0.01537359246387957,0.009098747799124226,0.020402686701096066
g1200,Gap_12_9mps,open_gap,500,1000,100,15381,2.0532852564102564,0.013927635706079302,0.00780164087743726,0.018664029862605326
g1200,Gap_12_9mps,open_gap,500,1000,100,15381,2.1534455128205128,0.012687932393264434,0.007527758217350196,0.01745956318102623
g1200,Gap_12_9mps,open_gap,500,1000,100,15381,2.253605769230769,0.01172152478903512,0.006501661761670955,0.016125398547282843
g1200,Gap_12_9mps,open_gap,500,1000,100,15381,2.3537660256410255,0.011029925837611301,0.005588970160087321,0.015020620918149529
g1200,Gap_12_9mps,open_gap,500,1000,100,15381,2.453926282051282,0.010443593227606658,0.0055713247958716385,0.014262581672798293
g1200,Gap_12_9mps,open_gap,500,1000,100,15381,2.5540865384615383,0.009869262141546771,0.004997291506306191,0.013775069334537997
g1200,Gap_12_9mps,open_gap,500,1000,100,15381,2.6542467948717947,0.009363550313680637,0.0044102990102342565,0.013101100250025003
g1200,Gap_12_9mps,open_gap,500,1000,100,15381,2.754407051282051,0.008919808066811696,0.004094414342469259,0.012878515867920784
g1200,Gap_12_9mps,open_gap,500,1000,100,15381,2.8545673076923075,0.008475436222648723,0.004361296360741792,0.012391933216694778
g1200,Gap_12_9mps,open_gap,500,1000,100,15381,2.9547275641025643,0.00798294698790999,0.003919952448953292,0.011502281579648665
g1200,Gap_12_9mps,open_gap,500,1000,100,15381,3.0548878205128207,0.00747962806335169,0.0036485263659809227,0.010902573963638452
g1200,Gap_12_9mps,open_gap,500,1000,100,15381,3.155048076923077,0.007016664070085879,0.0033728202384676496,0.009861563968851001
g1200,Gap_12_9mps,open_gap,500,1000,100,15381,3.2552083333333335,0.006615702709832878,0.003379539497374332,0.009496448925082501
g1200,Gap_12_9mps,open_gap,500,1000,100,15381,3.35536858974359,0.006295915974687145,0.003283913013993373,0.008605106151922875
g1200,Gap_12_9mps,open_gap,500,1000,100,15381,3.4555288461538463,0.006052911318614007,0.0032518622275116977,0.008293437900797125
g1200,Gap_12_9mps,open_gap,500,1000,100,15381,3.5556891025641026,0.005835982934085259,0.0029774741015617403,0.007892960612911407
g1200,Gap_12_9mps,open_gap,500,1000,100,15381,3.655849358974359,0.005645522293365861,0.0030842681970853197,0.007455870716587188
g1200,Gap_12_9mps,open_gap,500,1000,100,15381,3.7560096153846154,0.0054565622397003185,0.002908412409891615,0.007200367759357925
g1200,Gap_12_9mps,open_gap,500,1000,100,15381,3.856169871794872,0.0052639250845871,0.0027170406696705764,0.00745623930335363
g1200,Gap_12_9mps,open_gap,500,1000,100,15381,3.956330128205128,0.005126188831791634,0.002579218447302031,0.006797101696896071
g1200,Gap_12_9mps,open_gap,500,1000,100,15381,4.056490384615385,0.005058550015170216,0.002310306163610734,0.006838546846161661
g1200,Gap_12_9mps,open_gap,500,1000,100,15381,4.156650641025641,0.0049890756427239365,0.002325679209871774,0.0065780925833459555
g1200,Gap_12_9mps,open_gap,500,1000,100,15381,4.256810897435898,0.0049548855408556094,0.0020963637101350107,0.006773185575013715
g1200,Gap_12_9mps,open_gap,500,1000,100,15381,4.356971153846154,0.004936129041656249,0.0019674753787524315,0.007041970066494806
g1200,Gap_12_9mps,open_gap,500,1000,100,15381,4.457131410256411,0.0049489218490887995,0.002006829296201758,0.0069178983027671625
g1200,Gap_12_9mps,open_gap,500,1000,100,15381,4.557291666666667,0.004966629162527252,0.0020577621971968225,0.006811564781999185
g1200,Gap_12_9mps,open_gap,500,1000,100,15381,4.657451923076923,0.004985486620543898,0.0021854985560661815,0.0070492004445702056
g1200,Gap_12_9mps,open_gap,500,1000,100,15381,4.75761217948718,0.005005086523390071,0.0021088009794268617,0.007307335149947466
g1200,Gap_12_9mps,open_gap,500,1000,100,15381,4.857772435897436,0.005032640438803038,0.001983310991562486,0.007389916426012042
g1200,Gap_12_9mps,open_gap,500,1000,100,15381,4.9579326923076925,0.005058224461136769,0.0020393105272810655,0.007618958599087889
g1200,Gap_12_9mps,open_gap,500,1000,100,15381,5.058092948717949,0.005102035007741915,0.0019662187896796967,0.0076318753685277315
g1200,Gap_12_9mps,open_gap,500,1000,100,15381,5.158253205128205,0.005154161676771368,0.0020553958267615123,0.007300822087678713
g1200,Gap_12_9mps,open_gap,500,1000,100,15381,5.258413461538462,0.005185745136420783,0.002097662920267472,0.007218146148197905
g1200,Gap_12_9mps,open_gap,500,1000,100,15381,5.358573717948718,0.005211667655301007,0.002154573159170371,0.007421920672166884
g1200,Gap_12_9mps,open_gap,500,1000,100,15381,5.4587339743589745,0.005259481228670061,0.0020671582365077625,0.007584035666669077
g1200,Gap_12_9mps,open_gap,500,1000,100,15381,5.558894230769231,0.005338953345621794,0.002101164915181901,0.0075127507272602055
g1200,Gap_12_9mps,open_gap,500,1000,100,15381,5.659054487179487,0.00542358784958127,0.0020724539830098113,0.007422573690528684
g1200,Gap_12_9mps,open_gap,500,1000,100,15381,5.759214743589744,0.0055075992515504005,0.002112356108683871,0.007733155261703833
g1200,Gap_12_9mps,open_gap,500,1000,100,15381,5.859375,0.005585623223818551,0.002346791406882625,0.007686607555392071
g1200,Gap_12_9mps,open_gap,500,1000,100,15381,5.959535256410256,0.005656037413805035,0.002346104859341109,0.007679255514881065
g1200,Gap_12_9mps,open_gap,500,1000,100,15381,6.059695512820513,0.005703011765743782,0.0025486844179293997,0.007805563260192376
g1200,Gap_12_9mps,open_gap,500,1000,100,15381,6.159855769230769,0.005725711853551171,0.0026070153260812317,0.007835143118952633
g1200,Gap_12_9mps,open_gap,500,1000,100,15381,6.2600160256410255,0.005739419379706634,0.0027200067787582047,0.007794998555696479
g1200,Gap_12_9mps,open_gap,500,1000,100,15381,6.360176282051282,0.005763701802038244,0.002857457610267986,0.007986040144754375
g1200,Gap_12_9mps,open_gap,500,1000,100,15381,6.460336538461538,0.005796479296371022,0.0025978838483173656,0.00824388244475544
g1200,Gap_12_9mps,open_gap,500,1000,100,15381,6.560496794871795,0.005848897883170715,0.0023495562582747593,0.008470496371365623
g1200,Gap_12_9mps,open_gap,500,1000,100,15381,6.660657051282051,0.0059318091203310885,0.002624930508884243,0.008632184620956902
g1200,Gap_12_9mps,open_gap,500,1000,100,15381,6.7608173076923075,0.006055655308200985,0.0024440895377461566,0.00891657794446057
g1200,Gap_12_9mps,open_gap,500,1000,100,15381,6.860977564102564,0.006151003233591723,0.002527367395569148,0.009097749000896894
g1200,Gap_12_9mps,open_gap,500,1000,100,15381,6.96113782051282,0.006247045891324599,0.0024765178444130136,0.00920634417885447
g1200,Gap_12_9mps,open_gap,500,1000,100,15381,7.061298076923077,0.00636465172450157,0.002583452685633433,0.008949164713213794
g1200,Gap_12_9mps,open_gap,500,1000,100,15381,7.161458333333333,0.006503589944563314,0.00233783983586232,0.0092423860812012
g1200,Gap_12_9mps,open_gap,500,1000,100,15381,7.261618589743589,0.006645294737211224,0.002763100693262018,0.009569268336028664
g1200,Gap_12_9mps,open_gap,500,1000,100,15381,7.361778846153846,0.006802401613608264,0.0029972207440503882,0.009935574503066813
g1200,Gap_12_9mps,open_gap,500,1000,100,15381,7.461939102564102,0.006921335099205821,0.002879430131183633,0.009708577343628826
g1200,Gap_12_9mps,open_gap,500,1000,100,15381,7.562099358974359,0.006979506284857369,0.0030145464900521736,0.009917551361347013
g1200,Gap_12_9mps,open_gap,500,1000,100,15381,7.662259615384615,0.0070233746561282236,0.0030479259845339777,0.010337749654921081
g1200,Gap_12_9mps,open_gap,500,1000,100,15381,7.762419871794871,0.007080484400969112,0.002917404236935972,0.010578763014691637
g1200,Gap_12_9mps,open_gap,500,1000,100,15381,7.862580128205129,0.0071410746836692365,0.0029170949473044995,0.010764037978768464
g1200,Gap_12_9mps,open_gap,500,1000,100,15381,7.962740384615385,0.00720194352883019,0.0029524072058110767,0.01079458589714121
g1200,Gap_12_9mps,open_gap,500,1000,100,15381,8.06290064102564,0.007260571207585113,0.0030965464028510164,0.010696434061870267
g1200,Gap_12_9mps,open_gap,500,1000,100,15381,8.163060897435898,0.007324957914125021,0.0032481765763031144,0.010776109623535094
g1200,Gap_12_9mps,open_gap,500,1000,100,15381,8.263221153846153,0.007405613067294599,0.003586486722364905,0.010701326966602502
g1200,Gap_12_9mps,open_gap,500,1000,100,15381,8.36338141025641,0.0075233355757673105,0.003447661192683061,0.010932197952064154
g1200,Gap_12_9mps,open_gap,500,1000,100,15381,8.463541666666666,0.007646094486218657,0.0032589566290312537,0.011210301310764887
g1200,Gap_12_9mps,open_gap,500,1000,100,15381,8.563701923076923,0.007743023581688371,0.0031417385519705,0.011389452473492455
g1200,Gap_12_9mps,open_gap,500,1000,100,15381,8.663862179487179,0.007828581534414054,0.0032101955173044136,0.011408968300762934
g1200,Gap_12_9mps,open_gap,500,1000,100,15381,8.764022435897436,0.007936652706653837,0.0032199228634193088,0.01135627913791596
g1200,Gap_12_9mps,open_gap,500,1000,100,15381,8.864182692307692,0.008050099365952867,0.003285676110094653,0.011367011709743975
g1200,Gap_12_9mps,open_gap,500,1000,100,15381,8.964342948717949,0.008144237624377207,0.003527272985817207,0.01164566925181475
g1200,Gap_12_9mps,open_gap,500,1000,100,15381,9.064503205128204,0.008217338778394057,0.003498260711535798,0.012049887582462008
g1200,Gap_12_9mps,open_gap,500,1000,100,15381,9.164663461538462,0.008273409456243065,0.0035098753625302003,0.011984780972402546
g1200,Gap_12_9mps,open_gap,500,1000,100,15381,9.264823717948717,0.00832722401001004,0.0036028417335455237,0.01244811030731667
g1200,Gap_12_9mps,open_gap,500,1000,100,15381,9.364983974358974,0.008366855240638137,0.0035758828347538314,0.012741837714315335
g1200,Gap_12_9mps,open_gap,500,1000,100,15381,9.46514423076923,0.008392719569677189,0.0037710140085192552,0.012624907578059555
g1200,Gap_12_9mps,open_gap,500,1000,100,15381,9.565304487179487,0.008403161309094439,0.003922935936668481,0.01247480293595005
g1200,Gap_12_9mps,open_gap,500,1000,100,15381,9.665464743589743,0.008410854943581257,0.0040659364901388766,0.012401694661638388
g1200,Gap_12_9mps,open_gap,500,1000,100,15381,9.765625,0.008428004906584805,0.004003097833662788,0.012370467762783133
g1200,Gap_12_9mps,open_gap,500,1000,100,15381,9.865785256410257,0.008444405294074808,0.003934005495874846,0.012247217067976025
g1200,Gap_12_9mps,open_gap,500,1000,100,15381,9.965945512820513,0.008432408611103975,0.003886316903661144,0.012250267168226792
g800,Gap_8_9mps,forested,1,1000,100,50556,0.05008012820512821,1.014223453913669,0.3057599693991301,0.8325397043514109
g800,Gap_8_9mps,forested,1,1000,100,50556,0.1502403846153846,0.8772851738036246,0.34364735675638614,0.883238351827512
g800,Gap_8_9mps,forested,1,1000,100,50556,0.250400641025641,1.1048897279461725,0.4131910254875257,0.7577013508226578
g800,Gap_8_9mps,forested,1,1000,100,50556,0.3505608974358974,0.7364741264101302,0.1888460760398541,0.5181949673579368
g800,Gap_8_9mps,forested,1,1000,100,50556,0.45072115384615385,0.3318501045714234,0.08684076390233213,0.30018958337114054
g800,Gap_8_9mps,forested,1,1000,100,50556,0.5508814102564102,0.21701563567745272,0.05123323375731451,0.25036733798741245
g800,Gap_8_9mps,forested,1,1000,100,50556,0.6510416666666666,0.17422902372658505,0.0397618827364451,0.2096629272294567
g800,Gap_8_9mps,forested,1,1000,100,50556,0.7512019230769231,0.17077870553005764,0.04876733878437268,0.22489243959209415
g800,Gap_8_9mps,forested,1,1000,100,50556,0.8513621794871795,0.16802546056044382,0.041390801154685415,0.22406491129904582
g800,Gap_8_9mps,forested,1,1000,100,50556,0.9515224358974359,0.1644326047213348,0.04630262060731815,0.2195687638454789
g800,Gap_8_9mps,forested,1,1000,100,50556,1.0516826923076923,0.16566533010418372,0.04926040049691327,0.21361560158531373
g800,Gap_8_9mps,forested,1,1000,100,50556,1.1518429487179487,0.16906575616998162,0.051816813490383,0.21826775131067733
g800,Gap_8_9mps,forested,1,1000,100,50556,1.252003205128205,0.17053483812411535,0.056976682410356166,0.20524975686302732
g800,Gap_8_9mps,forested,1,1000,100,50556,1.3521634615384615,0.1698753090332378,0.05842936899873335,0.2219340553408569
g800,Gap_8_9mps,forested,1,1000,100,50556,1.4523237179487178,0.16789719929149768,0.05665655423478787,0.232858925527346
g800,Gap_8_9mps,forested,1,1000,100,50556,1.5524839743589745,0.16637199559878962,0.06122383773107272,0.23968525034430174
g800,Gap_8_9mps,forested,1,1000,100,50556,1.6526442307692308,0.16473875163409624,0.058866984386801297,0.22347473476841975
g800,Gap_8_9mps,forested,1,1000,100,50556,1.7528044871794872,0.16155954109972037,0.06091789944556993,0.2290838292600066
g800,Gap_8_9mps,forested,1,1000,100,50556,1.8529647435897436,0.15793232744743105,0.05569878539928609,0.2231898929746449
g800,Gap_8_9mps,forested,1,1000,100,50556,1.953125,0.15373325529494797,0.05686169611410833,0.2266596980651766
g800,Gap_8_9mps,forested,1,1000,100,50556,2.0532852564102564,0.14803281013578645,0.05569163777488953,0.21709096695467878
g800,Gap_8_9mps,forested,1,1000,100,50556,2.1534455128205128,0.14274994026021656,0.055071663687146506,0.20664136172236244
g800,Gap_8_9mps,forested,1,1000,100,50556,2.253605769230769,0.13774253337578835,0.05560741280968327,0.19118627836945407
g800,Gap_8_9mps,forested,1,1000,100,50556,2.3537660256410255,0.13304274290509444,0.05027823618906552,0.17546747533903634
g800,Gap_8_9mps,forested,1,1000,100,50556,2.453926282051282,0.12820871625403318,0.055728594902393645,0.16721262340079296
g800,Gap_8_9mps,forested,1,1000,100,50556,2.5540865384615383,0.12480146373494502,0.05811558598794073,0.16287202700882358
g800,Gap_8_9mps,forested,1,1000,100,50556,2.6542467948717947,0.12231291005388241,0.05599446152675838,0.1532957612299513
g800,Gap_8_9mps,forested,1,1000,100,50556,2.754407051282051,0.11988788285243031,0.05864584671116072,0.15683439443026723
g800,Gap_8_9mps,forested,1,1000,100,50556,2.8545673076923075,0.11736913832550142,0.05541629445256573,0.16180295603961495
g800,Gap_8_9mps,forested,1,1000,100,50556,2.9547275641025643,0.11529048037118406,0.06128113638985963,0.15520490251078095
g800,Gap_8_9mps,forested,1,1000,100,50556,3.0548878205128207,0.11384640284152252,0.060997068390647925,0.15594066986613983
g800,Gap_8_9mps,forested,1,1000,100,50556,3.155048076923077,0.11296061277829883,0.05846420064726983,0.1462370507201785
g800,Gap_8_9mps,forested,1,1000,100,50556,3.2552083333333335,0.1121068522864996,0.05947578104679487,0.15168675677243804
g800,Gap_8_9mps,forested,1,1000,100,50556,3.35536858974359,0.11153305717332486,0.05179915939549715,0.15350422494582408
g800,Gap_8_9mps,forested,1,1000,100,50556,3.4555288461538463,0.11114292827507093,0.052273089262315414,0.1537097558460805
g800,Gap_8_9mps,forested,1,1000,100,50556,3.5556891025641026,0.11000115496182074,0.048049611158753724,0.15249887152043992
g800,Gap_8_9mps,forested,1,1000,100,50556,3.655849358974359,0.10803855540250612,0.042725604426729326,0.14838247647215388
g800,Gap_8_9mps,forested,1,1000,100,50556,3.7560096153846154,0.10583865774941431,0.03957760745296786,0.14950897706493343
g800,Gap_8_9mps,forested,1,1000,100,50556,3.856169871794872,0.10341722009207086,0.03515587282419619,0.1485850581083685
g800,Gap_8_9mps,forested,1,1000,100,50556,3.956330128205128,0.10207186043238378,0.032099202042762065,0.1550919294974542
g800,Gap_8_9mps,forested,1,1000,100,50556,4.056490384615385,0.10140732880510277,0.03119589570434077,0.1563813251357809
g800,Gap_8_9mps,forested,1,1000,100,50556,4.156650641025641,0.10172993016090101,0.03349753004513304,0.1613321428350059
g800,Gap_8_9mps,forested,1,1000,100,50556,4.256810897435898,0.10256857326885548,0.03820094098781962,0.1641093559230639
g800,Gap_8_9mps,forested,1,1000,100,50556,4.356971153846154,0.10350836227363285,0.040689364422236696,0.16585723609475464
g800,Gap_8_9mps,forested,1,1000,100,50556,4.457131410256411,0.10427285357660368,0.036846850824075024,0.16551048632769777
g800,Gap_8_9mps,forested,1,1000,100,50556,4.557291666666667,0.10549891571614901,0.035795082145258415,0.1638155383616373
g800,Gap_8_9mps,forested,1,1000,100,50556,4.657451923076923,0.10661405746450078,0.038556314829738786,0.1597868142434016
g800,Gap_8_9mps,forested,1,1000,100,50556,4.75761217948718,0.10717406282034783,0.04192155933563562,0.15974855607550836
g800,Gap_8_9mps,forested,1,1000,100,50556,4.857772435897436,0.10766141767569345,0.04372360069442223,0.15623889129145146
g800,Gap_8_9mps,forested,1,1000,100,50556,4.9579326923076925,0.10826964789677597,0.04636271345146662,0.15560935092642697
g800,Gap_8_9mps,forested,1,1000,100,50556,5.058092948717949,0.10893579590948407,0.047989148194887976,0.1547563966836695
g800,Gap_8_9mps,forested,1,1000,100,50556,5.158253205128205,0.10982059126047909,0.04744490082421888,0.15630734369835325
g800,Gap_8_9mps,forested,1,1000,100,50556,5.258413461538462,0.11076556982132273,0.046529896651430695,0.15392942710958568
g800,Gap_8_9mps,forested,1,1000,100,50556,5.358573717948718,0.11137545303805281,0.04909580491409394,0.15315748631215823
g800,Gap_8_9mps,forested,1,1000,100,50556,5.4587339743589745,0.11184015169924351,0.05214825559572818,0.1491885228294841
g800,Gap_8_9mps,forested,1,1000,100,50556,5.558894230769231,0.1130518938905368,0.05325005927314701,0.14723838003706316
g800,Gap_8_9mps,forested,1,1000,100,50556,5.659054487179487,0.11441295069276723,0.06040497590069016,0.14725871293906717
g800,Gap_8_9mps,forested,1,1000,100,50556,5.759214743589744,0.11586245140744915,0.06167401992306194,0.14896292711067494
g800,Gap_8_9mps,forested,1,1000,100,50556,5.859375,0.11707770758828163,0.05371935305266335,0.15023578426754744
g800,Gap_8_9mps,forested,1,1000,100,50556,5.959535256410256,0.11824315794645227,0.057758060942779875,0.1581612906495763
g800,Gap_8_9mps,forested,1,1000,100,50556,6.059695512820513,0.11964261506194894,0.0608728183212037,0.15695742391177092
g800,Gap_8_9mps,forested,1,1000,100,50556,6.159855769230769,0.12145189354318937,0.05788139105809835,0.1650715227541869
g800,Gap_8_9mps,forested,1,1000,100,50556,6.2600160256410255,0.12306444459815526,0.05644807046558234,0.16481738740838647
g800,Gap_8_9mps,forested,1,1000,100,50556,6.360176282051282,0.12419365739305305,0.053472885417245326,0.1645013691227501
g800,Gap_8_9mps,forested,1,1000,100,50556,6.460336538461538,0.12512677604721736,0.05149936156728199,0.16757259169135513
g800,Gap_8_9mps,forested,1,1000,100,50556,6.560496794871795,0.1260371668159672,0.04963567256220852,0.16865481953842656
g800,Gap_8_9mps,forested,1,1000,100,50556,6.660657051282051,0.12682216627201703,0.04801478523523565,0.16765704406410292
g800,Gap_8_9mps,forested,1,1000,100,50556,6.7608173076923075,0.12748252368780025,0.046485977153683605,0.17961238285246037
g800,Gap_8_9mps,forested,1,1000,100,50556,6.860977564102564,0.12785901624320709,0.04439963252501753,0.18416076395498454
g800,Gap_8_9mps,forested,1,1000,100,50556,6.96113782051282,0.1280016416947745,0.04297026171879394,0.1785512635666727
g800,Gap_8_9mps,forested,1,1000,100,50556,7.061298076923077,0.12829312630826528,0.03973256923875736,0.1805573494510001
g800,Gap_8_9mps,forested,1,1000,100,50556,7.161458333333333,0.12898651770226716,0.03760395767984642,0.17679333741618053
g800,Gap_8_9mps,forested,1,1000,100,50556,7.261618589743589,0.13031306878758714,0.0392142012846218,0.17308062103664631
g800,Gap_8_9mps,forested,1,1000,100,50556,7.361778846153846,0.13171446331923792,0.04149156063075535,0.17541375885018026
g800,Gap_8_9mps,forested,1,1000,100,50556,7.461939102564102,0.13314741177051137,0.04462451127938462,0.1803622267849973
g800,Gap_8_9mps,forested,1,1000,100,50556,7.562099358974359,0.13461775283447344,0.04678735893531573,0.18675835769475105
g800,Gap_8_9mps,forested,1,1000,100,50556,7.662259615384615,0.13601632401173233,0.04564039344773753,0.1899395164872962
g800,Gap_8_9mps,forested,1,1000,100,50556,7.762419871794871,0.1375187368932732,0.04294942488490653,0.184771476560568
g800,Gap_8_9mps,forested,1,1000,100,50556,7.862580128205129,0.13913760389120777,0.046618969137433346,0.1884760838171163
g800,Gap_8_9mps,forested,1,1000,100,50556,7.962740384615385,0.14081090307017324,0.0477265280070385,0.19309751200189598
g800,Gap_8_9mps,forested,1,1000,100,50556,8.06290064102564,0.14202837817101144,0.05237452415557507,0.1966610018643648
g800,Gap_8_9mps,forested,1,1000,100,50556,8.163060897435898,0.14283877480546425,0.05268641176271975,0.19847763180459388
g800,Gap_8_9mps,forested,1,1000,100,50556,8.263221153846153,0.14365375230757402,0.05279584101448862,0.19915421820987247
g800,Gap_8_9mps,forested,1,1000,100,50556,8.36338141025641,0.14445001763766774,0.05644628533888029,0.20280457291783982
g800,Gap_8_9mps,forested,1,1000,100,50556,8.463541666666666,0.14519545459570657,0.05973909035146018,0.20095612403150645
g800,Gap_8_9mps,forested,1,1000,100,50556,8.563701923076923,0.14600182142752635,0.05789940525989393,0.20317040154498436
g800,Gap_8_9mps,forested,1,1000,100,50556,8.663862179487179,0.1469329409274993,0.05807445610994175,0.20312831376698964
g800,Gap_8_9mps,forested,1,1000,100,50556,8.764022435897436,0.14799211254788167,0.05475741527492326,0.2043279059213325
g800,Gap_8_9mps,forested,1,1000,100,50556,8.864182692307692,0.14918172599756996,0.05186815292725845,0.20591499617031916
g800,Gap_8_9mps,forested,1,1000,100,50556,8.964342948717949,0.15051447164741705,0.05084622929736427,0.2101031705826077
g800,Gap_8_9mps,forested,1,1000,100,50556,9.064503205128204,0.15161823053340487,0.053747242620179395,0.21833839847141595
g800,Gap_8_9mps,forested,1,1000,100,50556,9.164663461538462,0.15252310287272663,0.049137508123740806,0.2224152642537759
g800,Gap_8_9mps,forested,1,1000,100,50556,9.264823717948717,0.1539163838649651,0.05289554979574084,0.2243935441661837
g800,Gap_8_9mps,forested,1,1000,100,50556,9.364983974358974,0.15535847361098795,0.05606972915523726,0.22964366254110682
g800,Gap_8_9mps,forested,1,1000,100,50556,9.46514423076923,0.1565851264942316,0.05604648149832396,0.2329759044403598
g800,Gap_8_9mps,forested,1,1000,100,50556,9.565304487179487,0.15817008684547212,0.05759530067332544,0.23467344949124153
g800,Gap_8_9mps,forested,1,1000,100,50556,9.665464743589743,0.15998399026252114,0.05746581168109191,0.23566693971442912
g800,Gap_8_9mps,forested,1,1000,100,50556,9.765625,0.16151949140341937,0.059332322216020264,0.23629175363997168
g800,Gap_8_9mps,forested,1,1000,100,50556,9.865785256410257,0.16262701195113682,0.062216516979726966,0.2389940761903822
g800,Gap_8_9mps,forested,1,1000,100,50556,9.965945512820513,0.16350228925694346,0.06689927607423471,0.24128368417708684
g800,Gap_8_9mps,forested,10,1000,100,50556,0.05008012820512821,0.26889304590665075,0.11508983647409506,0.382931333478146
g800,Gap_8_9mps,forested,10,1000,100,50556,0.1502403846153846,0.2538508695903461,0.11944886842451716,0.3674155522831839
g800,Gap_8_9mps,forested,10,1000,100,50556,0.250400641025641,0.3949383261893583,0.15932919255621786,0.49524771443810117
g800,Gap_8_9mps,forested,10,1000,100,50556,0.3505608974358974,0.25641846497956045,0.10712762754138015,0.30004889473504376
g800,Gap_8_9mps,forested,10,1000,100,50556,0.45072115384615385,0.10739525600075113,0.034429368748247646,0.1344663884737644
g800,Gap_8_9mps,forested,10,1000,100,50556,0.5508814102564102,0.06932537149102562,0.025008271817701974,0.10548189893266069
g800,Gap_8_9mps,forested,10,1000,100,50556,0.6510416666666666,0.05769239490609314,0.02216862098680059,0.08579654663793479
g800,Gap_8_9mps,forested,10,1000,100,50556,0.7512019230769231,0.056974203635951265,0.023211382033297152,0.08080831602139396
g800,Gap_8_9mps,forested,10,1000,100,50556,0.8513621794871795,0.05599150577034845,0.025169189148132418,0.07383824270701181
g800,Gap_8_9mps,forested,10,1000,100,50556,0.9515224358974359,0.05367580398539095,0.025840913705030652,0.07358427856625911
g800,Gap_8_9mps,forested,10,1000,100,50556,1.0516826923076923,0.052007407406858185,0.020519352673701956,0.07099526346095217
g800,Gap_8_9mps,forested,10,1000,100,50556,1.1518429487179487,0.05234882239713605,0.018659398512852542,0.07507387482732762
g800,Gap_8_9mps,forested,10,1000,100,50556,1.252003205128205,0.0532607572721439,0.018183257549986842,0.07393386046049907
g800,Gap_8_9mps,forested,10,1000,100,50556,1.3521634615384615,0.05321496620853357,0.019331473210665265,0.0766582587341389
g800,Gap_8_9mps,forested,10,1000,100,50556,1.4523237179487178,0.05338544062901884,0.021042266532408815,0.07646290540887161
g800,Gap_8_9mps,forested,10,1000,100,50556,1.5524839743589745,0.05275291463013108,0.020903028785340193,0.07498488290725777
g800,Gap_8_9mps,forested,10,1000,100,50556,1.6526442307692308,0.051331551371458214,0.017641458019579,0.07115864676106873
g800,Gap_8_9mps,forested,10,1000,100,50556,1.7528044871794872,0.04968046700030497,0.01753016706422203,0.06852601940400319
g800,Gap_8_9mps,forested,10,1000,100,50556,1.8529647435897436,0.04810697427808244,0.016967049608784944,0.06929241020056467
g800,Gap_8_9mps,forested,10,1000,100,50556,1.953125,0.04671063832349512,0.01836988093519347,0.06668507965075589
g800,Gap_8_9mps,forested,10,1000,100,50556,2.0532852564102564,0.045288456057810754,0.018602028527115726,0.06525901552548655
g800,Gap_8_9mps,forested,10,1000,100,50556,2.1534455128205128,0.043812655533331496,0.017207664315691963,0.059118541233290495
g800,Gap_8_9mps,forested,10,1000,100,50556,2.253605769230769,0.04288994563458029,0.01522761313160976,0.05908649267942309
g800,Gap_8_9mps,forested,10,1000,100,50556,2.3537660256410255,0.042466693733042765,0.014982779023921228,0.058986501186650095
g800,Gap_8_9mps,forested,10,1000,100,50556,2.453926282051282,0.04203516801847125,0.015814472227493763,0.06064608464913348
g800,Gap_8_9mps,forested,10,1000,100,50556,2.5540865384615383,0.04154944262291214,0.015312167285323806,0.06184035365898102
g800,Gap_8_9mps,forested,10,1000,100,50556,2.6542467948717947,0.04104872859075205,0.013791159992232077,0.061894327810160944
g800,Gap_8_9mps,forested,10,1000,100,50556,2.754407051282051,0.040892484113015486,0.01405095695636989,0.06440570573760176
g800,Gap_8_9mps,forested,10,1000,100,50556,2.8545673076923075,0.04130550675541661,0.014437994047922731,0.0635230875079468
g800,Gap_8_9mps,forested,10,1000,100,50556,2.9547275641025643,0.0414502692233779,0.017084178629823504,0.06255769997380385
g800,Gap_8_9mps,forested,10,1000,100,50556,3.0548878205128207,0.04120288049154846,0.015641722288426675,0.06188219251063075
g800,Gap_8_9mps,forested,10,1000,100,50556,3.155048076923077,0.04086911714349701,0.014013866842544666,0.06026679584377173
g800,Gap_8_9mps,forested,10,1000,100,50556,3.2552083333333335,0.04061705310246835,0.01568644453970736,0.05726491444128342
g800,Gap_8_9mps,forested,10,1000,100,50556,3.35536858974359,0.040569541245827796,0.015019928534563347,0.06045023196569957
g800,Gap_8_9mps,forested,10,1000,100,50556,3.4555288461538463,0.0406484509552412,0.015663354569432908,0.05946852764613066
g800,Gap_8_9mps,forested,10,1000,100,50556,3.5556891025641026,0.04074341818195016,0.01503449569463628,0.05896477587943001
g800,Gap_8_9mps,forested,10,1000,100,50556,3.655849358974359,0.040952529346143365,0.013847183976408642,0.05878213246806605
g800,Gap_8_9mps,forested,10,1000,100,50556,3.7560096153846154,0.04117822049496572,0.01474576333361923,0.05788378002420653
g800,Gap_8_9mps,forested,10,1000,100,50556,3.856169871794872,0.041030001231531915,0.016329461040204635,0.05906741394435458
g800,Gap_8_9mps,forested,10,1000,100,50556,3.956330128205128,0.04050227984337027,0.01576164442637452,0.05905374428800978
g800,Gap_8_9mps,forested,10,1000,100,50556,4.056490384615385,0.040037077293229376,0.014228897352924236,0.05699981329931535
g800,Gap_8_9mps,forested,10,1000,100,50556,4.156650641025641,0.03970730710957059,0.012740428682547307,0.05635393487570432
g800,Gap_8_9mps,forested,10,1000,100,50556,4.256810897435898,0.039449487667340466,0.013597750655235389,0.056039028405330926
g800,Gap_8_9mps,forested,10,1000,100,50556,4.356971153846154,0.03929552568905193,0.013082777183971089,0.05526257179087846
g800,Gap_8_9mps,forested,10,1000,100,50556,4.457131410256411,0.039223236807376605,0.013859512102098152,0.05451342250145136
g800,Gap_8_9mps,forested,10,1000,100,50556,4.557291666666667,0.03906522222954849,0.014409426082683207,0.05476979799498706
g800,Gap_8_9mps,forested,10,1000,100,50556,4.657451923076923,0.038887385133557405,0.0160982759261104,0.05538073552690176
g800,Gap_8_9mps,forested,10,1000,100,50556,4.75761217948718,0.03868868873652381,0.01534534108074481,0.056471006771032804
g800,Gap_8_9mps,forested,10,1000,100,50556,4.857772435897436,0.038586339345073786,0.01676241709582503,0.057569565457813124
g800,Gap_8_9mps,forested,10,1000,100,50556,4.9579326923076925,0.0384648501740978,0.017496281503544334,0.0580473878476328
g800,Gap_8_9mps,forested,10,1000,100,50556,5.058092948717949,0.03842148668325541,0.01810506761818474,0.05742056940961874
g800,Gap_8_9mps,forested,10,1000,100,50556,5.158253205128205,0.03850406301984601,0.018113983631879178,0.056381921340473096
g800,Gap_8_9mps,forested,10,1000,100,50556,5.258413461538462,0.038749721309373875,0.018204542980113876,0.05756115078090059
g800,Gap_8_9mps,forested,10,1000,100,50556,5.358573717948718,0.0391117153189914,0.018562237218046437,0.056962258927298975
g800,Gap_8_9mps,forested,10,1000,100,50556,5.4587339743589745,0.0394985850854204,0.018635137185776966,0.05374179400040277
g800,Gap_8_9mps,forested,10,1000,100,50556,5.558894230769231,0.03992238735604792,0.018626089650489952,0.05281589965886544
g800,Gap_8_9mps,forested,10,1000,100,50556,5.659054487179487,0.04037588973837117,0.018174961110737554,0.05509323844406328
g800,Gap_8_9mps,forested,10,1000,100,50556,5.759214743589744,0.04082136138833747,0.019784903175831984,0.05492646932167133
g800,Gap_8_9mps,forested,10,1000,100,50556,5.859375,0.041163755977911665,0.018007010125505776,0.05572599141032974
g800,Gap_8_9mps,forested,10,1000,100,50556,5.959535256410256,0.041489033356807065,0.018326106214541442,0.05432182911367524
g800,Gap_8_9mps,forested,10,1000,100,50556,6.059695512820513,0.04180152218936323,0.01776704437784747,0.0553633406449193
g800,Gap_8_9mps,forested,10,1000,100,50556,6.159855769230769,0.04212815154912623,0.016513201189784353,0.05781456334404489
g800,Gap_8_9mps,forested,10,1000,100,50556,6.2600160256410255,0.0425115534522746,0.016640419756986196,0.058383621264656835
g800,Gap_8_9mps,forested,10,1000,100,50556,6.360176282051282,0.042857374484054606,0.015084168844431048,0.059317208242603774
g800,Gap_8_9mps,forested,10,1000,100,50556,6.460336538461538,0.043112885974690804,0.01563277765677432,0.05986338898587897
g800,Gap_8_9mps,forested,10,1000,100,50556,6.560496794871795,0.04343413061881438,0.015597689162211253,0.05981935246618755
g800,Gap_8_9mps,forested,10,1000,100,50556,6.660657051282051,0.04387124734197693,0.016754182439885877,0.059419178511493656
g800,Gap_8_9mps,forested,10,1000,100,50556,6.7608173076923075,0.04437370729831318,0.01607571010360314,0.06182391078113201
g800,Gap_8_9mps,forested,10,1000,100,50556,6.860977564102564,0.04496878369616895,0.017119626434150874,0.06262808722476237
g800,Gap_8_9mps,forested,10,1000,100,50556,6.96113782051282,0.045571937975623894,0.017741416445079514,0.06369548319453294
g800,Gap_8_9mps,forested,10,1000,100,50556,7.061298076923077,0.046042293458581185,0.018209644191229075,0.06483048631934026
g800,Gap_8_9mps,forested,10,1000,100,50556,7.161458333333333,0.04633390381861419,0.0179500881673254,0.06625601396720084
g800,Gap_8_9mps,forested,10,1000,100,50556,7.261618589743589,0.04653145302512267,0.01789229658818344,0.06777591164255663
g800,Gap_8_9mps,forested,10,1000,100,50556,7.361778846153846,0.04678332929347377,0.01815901630485161,0.06872951899844164
g800,Gap_8_9mps,forested,10,1000,100,50556,7.461939102564102,0.047054932291151944,0.01587815560884191,0.06966169883412049
g800,Gap_8_9mps,forested,10,1000,100,50556,7.562099358974359,0.04750290154946733,0.015386253439505258,0.07128427254883972
g800,Gap_8_9mps,forested,10,1000,100,50556,7.662259615384615,0.048135261730681764,0.017490372885147203,0.0706800217449841
g800,Gap_8_9mps,forested,10,1000,100,50556,7.762419871794871,0.04876530766496215,0.018872187231425735,0.07017599001060154
g800,Gap_8_9mps,forested,10,1000,100,50556,7.862580128205129,0.049283596346613,0.01941512554503893,0.06996422718581004
g800,Gap_8_9mps,forested,10,1000,100,50556,7.962740384615385,0.049657039489942954,0.020890778028778683,0.07246451544745171
g800,Gap_8_9mps,forested,10,1000,100,50556,8.06290064102564,0.04990640808372148,0.020340933568060774,0.07543512813694017
g800,Gap_8_9mps,forested,10,1000,100,50556,8.163060897435898,0.05004384161704288,0.01967869733460268,0.07576191708935628
g800,Gap_8_9mps,forested,10,1000,100,50556,8.263221153846153,0.05019110009677654,0.02085781289369339,0.07655388103447681
g800,Gap_8_9mps,forested,10,1000,100,50556,8.36338141025641,0.050521797618571444,0.020669918791185564,0.07639326012179617
g800,Gap_8_9mps,forested,10,1000,100,50556,8.463541666666666,0.050910353483158914,0.020550150209313327,0.07741735474477324
g800,Gap_8_9mps,forested,10,1000,100,50556,8.563701923076923,0.051453982025685255,0.019839922427511578,0.08079537244296994
g800,Gap_8_9mps,forested,10,1000,100,50556,8.663862179487179,0.05202013844264861,0.02016285166596993,0.08390396148764295
g800,Gap_8_9mps,forested,10,1000,100,50556,8.764022435897436,0.05260796575465302,0.019745087147193183,0.08352680811018523
g800,Gap_8_9mps,forested,10,1000,100,50556,8.864182692307692,0.053163443423033654,0.020083837296727497,0.08590246971960938
g800,Gap_8_9mps,forested,10,1000,100,50556,8.964342948717949,0.05361167233646134,0.020204715071140453,0.08541959310384979
g800,Gap_8_9mps,forested,10,1000,100,50556,9.064503205128204,0.054016548470205546,0.020357380730238843,0.08307948498743292
g800,Gap_8_9mps,forested,10,1000,100,50556,9.164663461538462,0.05441028272112696,0.019005084199173693,0.0809267014043812
g800,Gap_8_9mps,forested,10,1000,100,50556,9.264823717948717,0.054842235946706584,0.01956852281480946,0.07852639239606266
g800,Gap_8_9mps,forested,10,1000,100,50556,9.364983974358974,0.0552377590076717,0.020433795215107308,0.07877055399622877
g800,Gap_8_9mps,forested,10,1000,100,50556,9.46514423076923,0.0555085348086123,0.021183540056972445,0.07887892179284396
g800,Gap_8_9mps,forested,10,1000,100,50556,9.565304487179487,0.055756429794189016,0.02160462904873082,0.07956386621365111
g800,Gap_8_9mps,forested,10,1000,100,50556,9.665464743589743,0.05617191908601377,0.024052109208513608,0.07881670481346416
g800,Gap_8_9mps,forested,10,1000,100,50556,9.765625,0.056593241619611614,0.024008748231384328,0.07937552314923343
g800,Gap_8_9mps,forested,10,1000,100,50556,9.865785256410257,0.05694675393345627,0.02377589861820175,0.08144850956716751
g800,Gap_8_9mps,forested,10,1000,100,50556,9.965945512820513,0.057206637918891697,0.023939763893910143,0.08250236827935664
g800,Gap_8_9mps,forested,50,1000,100,50556,0.05008012820512821,0.14215075676139358,0.03638904171555929,0.20406207322288308
g800,Gap_8_9mps,forested,50,1000,100,50556,0.1502403846153846,0.12453483093702095,0.04794018749862872,0.16743954069219635
g800,Gap_8_9mps,forested,50,1000,100,50556,0.250400641025641,0.22388406101172748,0.10094888069038092,0.28998499488448376
g800,Gap_8_9mps,forested,50,1000,100,50556,0.3505608974358974,0.16633932617680128,0.06263420655716734,0.22323227257864645
g800,Gap_8_9mps,forested,50,1000,100,50556,0.45072115384615385,0.06720512871848118,0.021389014093250946,0.0911102762587538
g800,Gap_8_9mps,forested,50,1000,100,50556,0.5508814102564102,0.042058670758097785,0.019392916042851555,0.05463959838245154
g800,Gap_8_9mps,forested,50,1000,100,50556,0.6510416666666666,0.033527143097883315,0.015767548737464724,0.04601483435460721
g800,Gap_8_9mps,forested,50,1000,100,50556,0.7512019230769231,0.030506977302943668,0.015471803691866216,0.04117931489710578
g800,Gap_8_9mps,forested,50,1000,100,50556,0.8513621794871795,0.028769358549557863,0.014771881507926398,0.04074321421901411
g800,Gap_8_9mps,forested,50,1000,100,50556,0.9515224358974359,0.027985877489825745,0.012469670914275479,0.03812031924358925
g800,Gap_8_9mps,forested,50,1000,100,50556,1.0516826923076923,0.029022795659415995,0.0108515884569013,0.042749487618716685
g800,Gap_8_9mps,forested,50,1000,100,50556,1.1518429487179487,0.030623147732341413,0.013993678134207184,0.04455132536723494
g800,Gap_8_9mps,forested,50,1000,100,50556,1.252003205128205,0.031728636399755344,0.014409753555305682,0.04697875019649534
g800,Gap_8_9mps,forested,50,1000,100,50556,1.3521634615384615,0.03203522717975291,0.013077041447196217,0.046124594240626544
g800,Gap_8_9mps,forested,50,1000,100,50556,1.4523237179487178,0.031423529606535064,0.013077933248958331,0.04596116947427819
g800,Gap_8_9mps,forested,50,1000,100,50556,1.5524839743589745,0.030210715309456557,0.011057767544715852,0.04358067804471884
g800,Gap_8_9mps,forested,50,1000,100,50556,1.6526442307692308,0.028885307678573443,0.01071356362527636,0.04341955094424172
g800,Gap_8_9mps,forested,50,1000,100,50556,1.7528044871794872,0.0274491885513668,0.009774461166567673,0.040192469447221914
g800,Gap_8_9mps,forested,50,1000,100,50556,1.8529647435897436,0.025835194449800633,0.010778042874554344,0.03756018163752461
g800,Gap_8_9mps,forested,50,1000,100,50556,1.953125,0.024361864472623423,0.009829185091590765,0.035045349845361985
g800,Gap_8_9mps,forested,50,1000,100,50556,2.0532852564102564,0.02291029278033204,0.008483028370131885,0.03451162912558029
g800,Gap_8_9mps,forested,50,1000,100,50556,2.1534455128205128,0.02206631206753645,0.008205795701706582,0.03127457338847423
g800,Gap_8_9mps,forested,50,1000,100,50556,2.253605769230769,0.02170090237922376,0.007665452407917562,0.02797282979088425
g800,Gap_8_9mps,forested,50,1000,100,50556,2.3537660256410255,0.021352608414127693,0.009002228130857015,0.028014588606554904
g800,Gap_8_9mps,forested,50,1000,100,50556,2.453926282051282,0.02078304689996617,0.009296503630095907,0.02848700882958621
g800,Gap_8_9mps,forested,50,1000,100,50556,2.5540865384615383,0.02025146526998072,0.007878447137741308,0.029720183834456845
g800,Gap_8_9mps,forested,50,1000,100,50556,2.6542467948717947,0.019754204227208666,0.008712945262760265,0.02756277593344033
g800,Gap_8_9mps,forested,50,1000,100,50556,2.754407051282051,0.019327880756813836,0.008920543507430684,0.02705466362911673
g800,Gap_8_9mps,forested,50,1000,100,50556,2.8545673076923075,0.01891501880826882,0.008160966127506209,0.02672063638611247
g800,Gap_8_9mps,forested,50,1000,100,50556,2.9547275641025643,0.01844402484523815,0.007713006996751689,0.02587009438385711
g800,Gap_8_9mps,forested,50,1000,100,50556,3.0548878205128207,0.018019685438315437,0.007736220769956522,0.02601969535736261
g800,Gap_8_9mps,forested,50,1000,100,50556,3.155048076923077,0.01787050918526463,0.006929802312355987,0.024974141765200797
g800,Gap_8_9mps,forested,50,1000,100,50556,3.2552083333333335,0.017872331399205993,0.006706749463390257,0.02422752850354554
g800,Gap_8_9mps,forested,50,1000,100,50556,3.35536858974359,0.017897438285268533,0.006876502934335354,0.025779363042698362
g800,Gap_8_9mps,forested,50,1000,100,50556,3.4555288461538463,0.017929942098303665,0.006443410231009367,0.02641299021208467
g800,Gap_8_9mps,forested,50,1000,100,50556,3.5556891025641026,0.01787503501501317,0.006570232207022453,0.026806905798291272
g800,Gap_8_9mps,forested,50,1000,100,50556,3.655849358974359,0.0178264029110912,0.005303897468183456,0.026744827783235267
g800,Gap_8_9mps,forested,50,1000,100,50556,3.7560096153846154,0.01778415752250892,0.0053303955446917855,0.026602529656650536
g800,Gap_8_9mps,forested,50,1000,100,50556,3.856169871794872,0.01789732228663756,0.006256368617810771,0.026580230813785494
g800,Gap_8_9mps,forested,50,1000,100,50556,3.956330128205128,0.018159557230301732,0.006869916304773948,0.0271713003099604
g800,Gap_8_9mps,forested,50,1000,100,50556,4.056490384615385,0.018327323337342393,0.007616740953851376,0.026901079113330065
g800,Gap_8_9mps,forested,50,1000,100,50556,4.156650641025641,0.0183862737490698,0.008094421812317811,0.027308665331574184
g800,Gap_8_9mps,forested,50,1000,100,50556,4.256810897435898,0.01838235008563528,0.00848107491254193,0.02642953505973921
g800,Gap_8_9mps,forested,50,1000,100,50556,4.356971153846154,0.018477452292326214,0.008052111326216024,0.02568317596779545
g800,Gap_8_9mps,forested,50,1000,100,50556,4.457131410256411,0.018573749326088136,0.007390634743659961,0.02514363757958034
g800,Gap_8_9mps,forested,50,1000,100,50556,4.557291666666667,0.01860519761810883,0.00789684484799863,0.025637437684187844
g800,Gap_8_9mps,forested,50,1000,100,50556,4.657451923076923,0.018599737852609797,0.008386242245165706,0.025654576066748078
g800,Gap_8_9mps,forested,50,1000,100,50556,4.75761217948718,0.0186494137825357,0.008257298515614107,0.02636391444918726
g800,Gap_8_9mps,forested,50,1000,100,50556,4.857772435897436,0.018755177908154796,0.00833369386040389,0.02574067832022344
g800,Gap_8_9mps,forested,50,1000,100,50556,4.9579326923076925,0.01889963108141235,0.009001765968645001,0.025244990542424246
g800,Gap_8_9mps,forested,50,1000,100,50556,5.058092948717949,0.019107011393664542,0.009552838507386998,0.024727126442800194
g800,Gap_8_9mps,forested,50,1000,100,50556,5.158253205128205,0.01940901519597925,0.009561227000854024,0.02562612022892567
g800,Gap_8_9mps,forested,50,1000,100,50556,5.258413461538462,0.019640118919524,0.009693405071591284,0.026521670422188767
g800,Gap_8_9mps,forested,50,1000,100,50556,5.358573717948718,0.019765374198258495,0.009445726541982039,0.02705899571435039
g800,Gap_8_9mps,forested,50,1000,100,50556,5.4587339743589745,0.019905661556070948,0.010071076668431295,0.027854245395648996
g800,Gap_8_9mps,forested,50,1000,100,50556,5.558894230769231,0.020050288635808294,0.00985995981709294,0.029211529411117283
g800,Gap_8_9mps,forested,50,1000,100,50556,5.659054487179487,0.020133648500239923,0.009981701590113544,0.029475408708261062
g800,Gap_8_9mps,forested,50,1000,100,50556,5.759214743589744,0.020169586126038322,0.009476540501279026,0.02925198690657478
g800,Gap_8_9mps,forested,50,1000,100,50556,5.859375,0.020210788531464317,0.008943868578906722,0.029529713384738913
g800,Gap_8_9mps,forested,50,1000,100,50556,5.959535256410256,0.020374159510219137,0.009459615233934671,0.02934840657815925
g800,Gap_8_9mps,forested,50,1000,100,50556,6.059695512820513,0.020541081969408275,0.00960545705693488,0.02961841877981855
g800,Gap_8_9mps,forested,50,1000,100,50556,6.159855769230769,0.020687363114222056,0.009257744927757338,0.030719096287628377
g800,Gap_8_9mps,forested,50,1000,100,50556,6.2600160256410255,0.020821837429226265,0.009057690068818758,0.03075631561207325
g800,Gap_8_9mps,forested,50,1000,100,50556,6.360176282051282,0.020965775658833063,0.009385236386648678,0.030270988041429574
g800,Gap_8_9mps,forested,50,1000,100,50556,6.460336538461538,0.021117478358035097,0.00935979650168707,0.029776365081140975
g800,Gap_8_9mps,forested,50,1000,100,50556,6.560496794871795,0.02125225844713625,0.009475252442734153,0.03008789328897132
g800,Gap_8_9mps,forested,50,1000,100,50556,6.660657051282051,0.021372759760422105,0.009424689062174398,0.030312918869757566
g800,Gap_8_9mps,forested,50,1000,100,50556,6.7608173076923075,0.02142710796658664,0.009117200430757179,0.030947272882508682
g800,Gap_8_9mps,forested,50,1000,100,50556,6.860977564102564,0.021505206167261405,0.00944653022699847,0.031318349950767106
g800,Gap_8_9mps,forested,50,1000,100,50556,6.96113782051282,0.021682314798194217,0.009693663518505364,0.03147331708495833
g800,Gap_8_9mps,forested,50,1000,100,50556,7.061298076923077,0.02189739082988147,0.009604765283277646,0.0314033326449937
g800,Gap_8_9mps,forested,50,1000,100,50556,7.161458333333333,0.022059318910251507,0.009707974729594174,0.03136716953915203
g800,Gap_8_9mps,forested,50,1000,100,50556,7.261618589743589,0.02218533846701136,0.010037026378142525,0.03133270749023628
g800,Gap_8_9mps,forested,50,1000,100,50556,7.361778846153846,0.022351759443072626,0.010538341440159627,0.03107893224979314
g800,Gap_8_9mps,forested,50,1000,100,50556,7.461939102564102,0.02254066281585297,0.010877587781176297,0.03071123157208809
g800,Gap_8_9mps,forested,50,1000,100,50556,7.562099358974359,0.022760501697609185,0.01046245171730744,0.03043159382263811
g800,Gap_8_9mps,forested,50,1000,100,50556,7.662259615384615,0.022986570712649267,0.01006798345926046,0.030308799898248178
g800,Gap_8_9mps,forested,50,1000,100,50556,7.762419871794871,0.02317679481574365,0.010108937924045864,0.030799631160411754
g800,Gap_8_9mps,forested,50,1000,100,50556,7.862580128205129,0.023363667626689198,0.010191181578133743,0.03125545782721516
g800,Gap_8_9mps,forested,50,1000,100,50556,7.962740384615385,0.023553621386806767,0.010171184854722817,0.032353429312925
g800,Gap_8_9mps,forested,50,1000,100,50556,8.06290064102564,0.02378488034999866,0.01052150034112538,0.03352522679859111
g800,Gap_8_9mps,forested,50,1000,100,50556,8.163060897435898,0.02406952719463407,0.010705456755016506,0.03380808726813701
g800,Gap_8_9mps,forested,50,1000,100,50556,8.263221153846153,0.024334334797514293,0.01084131987157659,0.03292081828181894
g800,Gap_8_9mps,forested,50,1000,100,50556,8.36338141025641,0.02456232411168973,0.010644188996249561,0.03258486205035038
g800,Gap_8_9mps,forested,50,1000,100,50556,8.463541666666666,0.02479956185059828,0.011036805450038146,0.033045585942980495
g800,Gap_8_9mps,forested,50,1000,100,50556,8.563701923076923,0.025033963385285626,0.011363872317835973,0.033122192340069745
g800,Gap_8_9mps,forested,50,1000,100,50556,8.663862179487179,0.025217878137440697,0.011575160018414753,0.03371623544911781
g800,Gap_8_9mps,forested,50,1000,100,50556,8.764022435897436,0.025352618769342784,0.011851545154015845,0.03374899988653275
g800,Gap_8_9mps,forested,50,1000,100,50556,8.864182692307692,0.025471538019483483,0.010566355699556596,0.0338040492556703
g800,Gap_8_9mps,forested,50,1000,100,50556,8.964342948717949,0.025580527664034843,0.010700991454770305,0.034282726578302655
g800,Gap_8_9mps,forested,50,1000,100,50556,9.064503205128204,0.0256959907590399,0.010585521998224583,0.03487781429511056
g800,Gap_8_9mps,forested,50,1000,100,50556,9.164663461538462,0.025809447817330723,0.010563631237527975,0.03586827448701138
g800,Gap_8_9mps,forested,50,1000,100,50556,9.264823717948717,0.025906791384846185,0.010735437772345962,0.03645631351246097
g800,Gap_8_9mps,forested,50,1000,100,50556,9.364983974358974,0.025980533195358438,0.010399484331943678,0.03653928395606561
g800,Gap_8_9mps,forested,50,1000,100,50556,9.46514423076923,0.026062693947931256,0.011251820997485193,0.03734814259173679
g800,Gap_8_9mps,forested,50,1000,100,50556,9.565304487179487,0.026134955723248865,0.011532091409374817,0.03871311144736369
g800,Gap_8_9mps,forested,50,1000,100,50556,9.665464743589743,0.026164204732543647,0.012067230323878946,0.03890031301986687
g800,Gap_8_9mps,forested,50,1000,100,50556,9.765625,0.02612983839354973,0.012349707581833905,0.038450903686008994
g800,Gap_8_9mps,forested,50,1000,100,50556,9.865785256410257,0.026016187182409597,0.012443881184187038,0.03915645455017615
g800,Gap_8_9mps,forested,50,1000,100,50556,9.965945512820513,0.025905506915323943,0.011772420117127839,0.03848731186480768
g800,Gap_8_9mps,forested,100,1000,100,50556,0.05008012820512821,0.09984996569724837,0.041549566597558464,0.13235751427058573
g800,Gap_8_9mps,forested,100,1000,100,50556,0.1502403846153846,0.09138128995818516,0.04552934968434609,0.1276759425081126
g800,Gap_8_9mps,forested,100,1000,100,50556,0.250400641025641,0.1598796035615886,0.07293677192631942,0.2248340380133431
g800,Gap_8_9mps,forested,100,1000,100,50556,0.3505608974358974,0.12402673903311971,0.05288926175741872,0.15291060679161667
g800,Gap_8_9mps,forested,100,1000,100,50556,0.45072115384615385,0.0503515522345213,0.020197506803231284,0.0707475008038215
g800,Gap_8_9mps,forested,100,1000,100,50556,0.5508814102564102,0.027455877661180662,0.009854127621211167,0.039231539098438906
g800,Gap_8_9mps,forested,100,1000,100,50556,0.6510416666666666,0.020281317982154518,0.006561296729287372,0.031282303024757124
g800,Gap_8_9mps,forested,100,1000,100,50556,0.7512019230769231,0.018728751234859217,0.006971587681673806,0.027682356052674932
g800,Gap_8_9mps,forested,100,1000,100,50556,0.8513621794871795,0.01798269087313166,0.0062570025997927756,0.02797316824466915
g800,Gap_8_9mps,forested,100,1000,100,50556,0.9515224358974359,0.017734631841209197,0.006329927711207928,0.025996958223734948
g800,Gap_8_9mps,forested,100,1000,100,50556,1.0516826923076923,0.018363684261614225,0.007066832570892039,0.027400536328845017
g800,Gap_8_9mps,forested,100,1000,100,50556,1.1518429487179487,0.019451638406680908,0.007852413102521069,0.02715456822312284
g800,Gap_8_9mps,forested,100,1000,100,50556,1.252003205128205,0.020112715205738138,0.008566830506965748,0.027045574813723237
g800,Gap_8_9mps,forested,100,1000,100,50556,1.3521634615384615,0.020220520393938693,0.009239224400440393,0.028793041977828678
g800,Gap_8_9mps,forested,100,1000,100,50556,1.4523237179487178,0.019969715822134904,0.008330415327663324,0.030788621513892982
g800,Gap_8_9mps,forested,100,1000,100,50556,1.5524839743589745,0.019494451786366503,0.007520737061998653,0.03184846191576401
g800,Gap_8_9mps,forested,100,1000,100,50556,1.6526442307692308,0.018645054073794007,0.00784322411642176,0.02926163762658509
g800,Gap_8_9mps,forested,100,1000,100,50556,1.7528044871794872,0.017753359050128495,0.00690429408832648,0.02854163536189918
g800,Gap_8_9mps,forested,100,1000,100,50556,1.8529647435897436,0.016898999660226996,0.0062441470147370625,0.027262399507984543
g800,Gap_8_9mps,forested,100,1000,100,50556,1.953125,0.016230102306390666,0.00616807558294716,0.02402290634477097
g800,Gap_8_9mps,forested,100,1000,100,50556,2.0532852564102564,0.015576154383829319,0.0053360529437779455,0.021486765371893438
g800,Gap_8_9mps,forested,100,1000,100,50556,2.1534455128205128,0.015071117212702418,0.006264204600916159,0.021201108785619708
g800,Gap_8_9mps,forested,100,1000,100,50556,2.253605769230769,0.014813323995564964,0.0055001622331133085,0.02101939549054345
g800,Gap_8_9mps,forested,100,1000,100,50556,2.3537660256410255,0.014465366989255057,0.005998953622169949,0.021293212397321286
g800,Gap_8_9mps,forested,100,1000,100,50556,2.453926282051282,0.014205287918926533,0.005533257499224042,0.02150114797385559
g800,Gap_8_9mps,forested,100,1000,100,50556,2.5540865384615383,0.01398967285497783,0.006467694045679462,0.020640077315493662
g800,Gap_8_9mps,forested,100,1000,100,50556,2.6542467948717947,0.013718975893833332,0.0053708603574905145,0.020458137516839617
g800,Gap_8_9mps,forested,100,1000,100,50556,2.754407051282051,0.013481552358584312,0.005335114213815397,0.019640983755339368
g800,Gap_8_9mps,forested,100,1000,100,50556,2.8545673076923075,0.01334384253070979,0.00500439270091566,0.019677174730352933
g800,Gap_8_9mps,forested,100,1000,100,50556,2.9547275641025643,0.013224037013394332,0.00552963954781165,0.019138375515852325
g800,Gap_8_9mps,forested,100,1000,100,50556,3.0548878205128207,0.013112247512535069,0.006122823653948288,0.01921659949886467
g800,Gap_8_9mps,forested,100,1000,100,50556,3.155048076923077,0.013085631610510344,0.006035186056609151,0.018155331480503818
g800,Gap_8_9mps,forested,100,1000,100,50556,3.2552083333333335,0.013042753340362024,0.005929340176759685,0.017561520774486944
g800,Gap_8_9mps,forested,100,1000,100,50556,3.35536858974359,0.012956704712661582,0.005817458136767637,0.01747166447613115
g800,Gap_8_9mps,forested,100,1000,100,50556,3.4555288461538463,0.012906877539219864,0.0058093841128219826,0.01649202458127274
g800,Gap_8_9mps,forested,100,1000,100,50556,3.5556891025641026,0.012905327185779629,0.006315865014222268,0.016993618099481793
g800,Gap_8_9mps,forested,100,1000,100,50556,3.655849358974359,0.012898786576142516,0.0065265618302052415,0.016151813098241558
g800,Gap_8_9mps,forested,100,1000,100,50556,3.7560096153846154,0.0128459418412936,0.00652740692198961,0.01581219444530351
g800,Gap_8_9mps,forested,100,1000,100,50556,3.856169871794872,0.012702417256357679,0.005390351849651554,0.016064521862366007
g800,Gap_8_9mps,forested,100,1000,100,50556,3.956330128205128,0.012558814581897837,0.005531444924524722,0.016209326366134934
g800,Gap_8_9mps,forested,100,1000,100,50556,4.056490384615385,0.01253161442531175,0.005368845571623506,0.016198130199808806
g800,Gap_8_9mps,forested,100,1000,100,50556,4.156650641025641,0.012542965109670819,0.005530453102659594,0.016230696381770077
g800,Gap_8_9mps,forested,100,1000,100,50556,4.256810897435898,0.012568804613705069,0.005966256336235226,0.016142847100639443
g800,Gap_8_9mps,forested,100,1000,100,50556,4.356971153846154,0.012594165918760563,0.006128691757252446,0.01669828282374029
g800,Gap_8_9mps,forested,100,1000,100,50556,4.457131410256411,0.012632807087256125,0.005543301755733138,0.016098590204931398
g800,Gap_8_9mps,forested,100,1000,100,50556,4.557291666666667,0.012704055386558232,0.0054476368873637784,0.016135181346359627
g800,Gap_8_9mps,forested,100,1000,100,50556,4.657451923076923,0.01281043631421201,0.005630722627993542,0.016947186295992123
g800,Gap_8_9mps,forested,100,1000,100,50556,4.75761217948718,0.012907527130391994,0.005264280593727877,0.017410098034287936
g800,Gap_8_9mps,forested,100,1000,100,50556,4.857772435897436,0.012928108301443992,0.005763840369944544,0.017154466861031406
g800,Gap_8_9mps,forested,100,1000,100,50556,4.9579326923076925,0.012955131044029946,0.005671108425339637,0.017763121679120246
g800,Gap_8_9mps,forested,100,1000,100,50556,5.058092948717949,0.013018387904336437,0.006074135820067635,0.017956515565694983
g800,Gap_8_9mps,forested,100,1000,100,50556,5.158253205128205,0.013085862390962856,0.005884347649742016,0.017961552601173218
g800,Gap_8_9mps,forested,100,1000,100,50556,5.258413461538462,0.013153450254828352,0.005794349777795996,0.017814871515066957
g800,Gap_8_9mps,forested,100,1000,100,50556,5.358573717948718,0.013201922025539914,0.005183340958050137,0.018266037894102208
g800,Gap_8_9mps,forested,100,1000,100,50556,5.4587339743589745,0.013191144667568077,0.005208114632904596,0.01935439939895244
g800,Gap_8_9mps,forested,100,1000,100,50556,5.558894230769231,0.013188411229532513,0.005137998407697156,0.019980245211328625
g800,Gap_8_9mps,forested,100,1000,100,50556,5.659054487179487,0.01322346168247948,0.005288076447690171,0.019771667517546034
g800,Gap_8_9mps,forested,100,1000,100,50556,5.759214743589744,0.01326114112209249,0.004999418567261799,0.019774927369912838
g800,Gap_8_9mps,forested,100,1000,100,50556,5.859375,0.013302754527230952,0.005039928328013525,0.02005556288294388
g800,Gap_8_9mps,forested,100,1000,100,50556,5.959535256410256,0.013373678265918424,0.0051774005834043565,0.019902806659866296
g800,Gap_8_9mps,forested,100,1000,100,50556,6.059695512820513,0.01347643213121692,0.004901252886389197,0.020239990676922278
g800,Gap_8_9mps,forested,100,1000,100,50556,6.159855769230769,0.013664361510409687,0.004629563717384211,0.020142062591276495
g800,Gap_8_9mps,forested,100,1000,100,50556,6.2600160256410255,0.013841298855106064,0.005359244627919442,0.019958709810973023
g800,Gap_8_9mps,forested,100,1000,100,50556,6.360176282051282,0.014009013106155837,0.0055854833916744034,0.019782709423900754
g800,Gap_8_9mps,forested,100,1000,100,50556,6.460336538461538,0.014150171175826906,0.005771823687150926,0.019509176759171867
g800,Gap_8_9mps,forested,100,1000,100,50556,6.560496794871795,0.014302423834014047,0.006264251242629594,0.019346488646866555
g800,Gap_8_9mps,forested,100,1000,100,50556,6.660657051282051,0.014439008318552911,0.006364138355753667,0.018924867709233878
g800,Gap_8_9mps,forested,100,1000,100,50556,6.7608173076923075,0.014520825135123889,0.00619143007234729,0.019556210039144768
g800,Gap_8_9mps,forested,100,1000,100,50556,6.860977564102564,0.014580527996375494,0.0055527426633068455,0.019804720683785193
g800,Gap_8_9mps,forested,100,1000,100,50556,6.96113782051282,0.014666807497274512,0.005190497126263412,0.019902408973092107
g800,Gap_8_9mps,forested,100,1000,100,50556,7.061298076923077,0.014749622172841108,0.005388926663103146,0.019831759620532168
g800,Gap_8_9mps,forested,100,1000,100,50556,7.161458333333333,0.014823931834498287,0.005599576411478377,0.02085616493905449
g800,Gap_8_9mps,forested,100,1000,100,50556,7.261618589743589,0.014871863444368513,0.005375034549686525,0.021564392937774512
g800,Gap_8_9mps,forested,100,1000,100,50556,7.361778846153846,0.014897934362774654,0.005897820616876428,0.02153135012446448
g800,Gap_8_9mps,forested,100,1000,100,50556,7.461939102564102,0.01493826012397093,0.005896436038434816,0.020696196690931794
g800,Gap_8_9mps,forested,100,1000,100,50556,7.562099358974359,0.015013327919310633,0.006279777648416401,0.02030446331622255
g800,Gap_8_9mps,forested,100,1000,100,50556,7.662259615384615,0.0151623957817533,0.006471330186843196,0.02035096732615515
g800,Gap_8_9mps,forested,100,1000,100,50556,7.762419871794871,0.015325194236864395,0.006273651244837425,0.02056179261421391
g800,Gap_8_9mps,forested,100,1000,100,50556,7.862580128205129,0.015502256952501925,0.006475653052545473,0.0204476820296106
g800,Gap_8_9mps,forested,100,1000,100,50556,7.962740384615385,0.015698122077481492,0.006408319190505753,0.021091870768627854
g800,Gap_8_9mps,forested,100,1000,100,50556,8.06290064102564,0.015872171038991308,0.006171464011994645,0.021542433598744817
g800,Gap_8_9mps,forested,100,1000,100,50556,8.163060897435898,0.01597356927305322,0.006378512560442112,0.021535622955238524
g800,Gap_8_9mps,forested,100,1000,100,50556,8.263221153846153,0.0160229459008249,0.0063925023535462075,0.021757250579340158
g800,Gap_8_9mps,forested,100,1000,100,50556,8.36338141025641,0.01607066052349321,0.006083589794034825,0.022054434107668365
g800,Gap_8_9mps,forested,100,1000,100,50556,8.463541666666666,0.016143616200972044,0.00585714875223979,0.022176614450339322
g800,Gap_8_9mps,forested,100,1000,100,50556,8.563701923076923,0.016198648443880873,0.00541249274562829,0.022569885839753993
g800,Gap_8_9mps,forested,100,1000,100,50556,8.663862179487179,0.016214316927079243,0.005100745802369591,0.02274289129657532
g800,Gap_8_9mps,forested,100,1000,100,50556,8.764022435897436,0.016192753187154997,0.005024072216897196,0.022594606122347538
g800,Gap_8_9mps,forested,100,1000,100,50556,8.864182692307692,0.016158032144654114,0.005835734838633325,0.022964026949028035
g800,Gap_8_9mps,forested,100,1000,100,50556,8.964342948717949,0.016133348108568413,0.005650953203935017,0.023169920529034615
g800,Gap_8_9mps,forested,100,1000,100,50556,9.064503205128204,0.01610980194834418,0.006044868462600578,0.022013849656661942
g800,Gap_8_9mps,forested,100,1000,100,50556,9.164663461538462,0.01610592059525695,0.005602758114470372,0.02164290960039339
g800,Gap_8_9mps,forested,100,1000,100,50556,9.264823717948717,0.01614995745057041,0.005763245533525104,0.02195306225388617
g800,Gap_8_9mps,forested,100,1000,100,50556,9.364983974358974,0.016233663658917725,0.005972137617510835,0.02172864834169213
g800,Gap_8_9mps,forested,100,1000,100,50556,9.46514423076923,0.016354851219472274,0.0055955823130033,0.021861806752382928
g800,Gap_8_9mps,forested,100,1000,100,50556,9.565304487179487,0.01648275478892103,0.005937351438486968,0.022564657541532734
g800,Gap_8_9mps,forested,100,1000,100,50556,9.665464743589743,0.016579799526177424,0.005874164671049012,0.02321113702832866
g800,Gap_8_9mps,forested,100,1000,100,50556,9.765625,0.016640104989302486,0.006319101574420286,0.023589794928443247
g800,Gap_8_9mps,forested,100,1000,100,50556,9.865785256410257,0.016658753658526485,0.007020550371799923,0.023783168008532325
g800,Gap_8_9mps,forested,100,1000,100,50556,9.965945512820513,0.01665011896942122,0.006783451124294815,0.023950417732707757
g800,Gap_8_9mps,forested,500,1000,100,50556,0.05008012820512821,0.05108592602688607,0.017598849276099036,0.08016468776824182
g800,Gap_8_9mps,forested,500,1000,100,50556,0.1502403846153846,0.03929388561152237,0.018966904047250016,0.055733812472963065
g800,Gap_8_9mps,forested,500,1000,100,50556,0.250400641025641,0.07180392349863102,0.024134129119251026,0.10604842310046503
g800,Gap_8_9mps,forested,500,1000,100,50556,0.3505608974358974,0.06233879703741696,0.023672822544581328,0.0941587480525471
g800,Gap_8_9mps,forested,500,1000,100,50556,0.45072115384615385,0.027188916058719755,0.012068244520426609,0.03945442375085888
g800,Gap_8_9mps,forested,500,1000,100,50556,0.5508814102564102,0.015382144942197213,0.007542264663975135,0.021035731864883177
g800,Gap_8_9mps,forested,500,1000,100,50556,0.6510416666666666,0.010693547427994079,0.004067571574874665,0.01606094397473132
g800,Gap_8_9mps,forested,500,1000,100,50556,0.7512019230769231,0.009197958733634099,0.003989313206776632,0.013427833429464228
g800,Gap_8_9mps,forested,500,1000,100,50556,0.8513621794871795,0.008385362974009835,0.003558607348113924,0.011686422766181107
g800,Gap_8_9mps,forested,500,1000,100,50556,0.9515224358974359,0.008295823529453638,0.003289905711599479,0.011934696714391908
g800,Gap_8_9mps,forested,500,1000,100,50556,1.0516826923076923,0.009237473533744494,0.003348095166305104,0.013223558331164014
g800,Gap_8_9mps,forested,500,1000,100,50556,1.1518429487179487,0.010347438763715376,0.005285068032524787,0.015056729840973605
g800,Gap_8_9mps,forested,500,1000,100,50556,1.252003205128205,0.011275805479038696,0.0061351127763856735,0.0152008631410353
g800,Gap_8_9mps,forested,500,1000,100,50556,1.3521634615384615,0.011615577323409459,0.006948715006248595,0.01620753610971576
g800,Gap_8_9mps,forested,500,1000,100,50556,1.4523237179487178,0.011548847940984272,0.007147583222122096,0.016853426563370893
g800,Gap_8_9mps,forested,500,1000,100,50556,1.5524839743589745,0.011155493340308036,0.0057881075221947395,0.01599511192744203
g800,Gap_8_9mps,forested,500,1000,100,50556,1.6526442307692308,0.010291348405050112,0.004953379710165584,0.014790487521308003
g800,Gap_8_9mps,forested,500,1000,100,50556,1.7528044871794872,0.009103898794645335,0.0038375415292678282,0.013118740467545738
g800,Gap_8_9mps,forested,500,1000,100,50556,1.8529647435897436,0.007795893567296752,0.003358442089716264,0.011040518891622754
g800,Gap_8_9mps,forested,500,1000,100,50556,1.953125,0.00677300585619202,0.0026260587831027776,0.009142577394941084
g800,Gap_8_9mps,forested,500,1000,100,50556,2.0532852564102564,0.005953144081189873,0.002249994919098672,0.008154763910140724
g800,Gap_8_9mps,forested,500,1000,100,50556,2.1534455128205128,0.005417674429779663,0.0019414509437130686,0.00835349401692944
g800,Gap_8_9mps,forested,500,1000,100,50556,2.253605769230769,0.005195123249712738,0.0014885652546618889,0.0074927181416398975
g800,Gap_8_9mps,forested,500,1000,100,50556,2.3537660256410255,0.005210367548719775,0.0017333406638287115,0.0073974599004985675
g800,Gap_8_9mps,forested,500,1000,100,50556,2.453926282051282,0.005231829782574448,0.0018704179779867388,0.007415289533781897
g800,Gap_8_9mps,forested,500,1000,100,50556,2.5540865384615383,0.005145892978457371,0.0015320830034432527,0.006985488291174823
g800,Gap_8_9mps,forested,500,1000,100,50556,2.6542467948717947,0.004948331023474325,0.001873505256999,0.006939443591352686
g800,Gap_8_9mps,forested,500,1000,100,50556,2.754407051282051,0.004678077403970012,0.0013853718447749373,0.00648576462388784
g800,Gap_8_9mps,forested,500,1000,100,50556,2.8545673076923075,0.004406032033107371,0.0012537607346325723,0.006233117118049095
g800,Gap_8_9mps,forested,500,1000,100,50556,2.9547275641025643,0.004309699294812217,0.0011308680942756573,0.005977189887590292
g800,Gap_8_9mps,forested,500,1000,100,50556,3.0548878205128207,0.004304389617866441,0.00128888691281414,0.0057487892727380386
g800,Gap_8_9mps,forested,500,1000,100,50556,3.155048076923077,0.004347294311476759,0.00140838680131597,0.0054906214290786
g800,Gap_8_9mps,forested,500,1000,100,50556,3.2552083333333335,0.0044269583538896875,0.0016605155731755133,0.006157942934129303
g800,Gap_8_9mps,forested,500,1000,100,50556,3.35536858974359,0.00453930115708678,0.0018515658492694188,0.006197864203178657
g800,Gap_8_9mps,forested,500,1000,100,50556,3.4555288461538463,0.00470442951782982,0.0019175467232265323,0.00669786004546727
g800,Gap_8_9mps,forested,500,1000,100,50556,3.5556891025641026,0.004802594598018858,0.0021084804798040388,0.007015283836834851
g800,Gap_8_9mps,forested,500,1000,100,50556,3.655849358974359,0.00483474208093325,0.0018073877511455092,0.0068593047414151126
g800,Gap_8_9mps,forested,500,1000,100,50556,3.7560096153846154,0.004876695443111641,0.0016394489038556647,0.0067719282600254725
g800,Gap_8_9mps,forested,500,1000,100,50556,3.856169871794872,0.004940983751711164,0.0016443218809194735,0.00713311231304199
g800,Gap_8_9mps,forested,500,1000,100,50556,3.956330128205128,0.004995205603725644,0.0017640678081949778,0.007232790092360077
g800,Gap_8_9mps,forested,500,1000,100,50556,4.056490384615385,0.0050575839938351306,0.0016333326324998866,0.007191390949017143
g800,Gap_8_9mps,forested,500,1000,100,50556,4.156650641025641,0.005077216906682194,0.0018538430501399152,0.007579550884408302
g800,Gap_8_9mps,forested,500,1000,100,50556,4.256810897435898,0.005090977754250357,0.001953407848367968,0.007866747808253189
g800,Gap_8_9mps,forested,500,1000,100,50556,4.356971153846154,0.005136720002474348,0.0018205116538566937,0.00818944091247837
g800,Gap_8_9mps,forested,500,1000,100,50556,4.457131410256411,0.005241120517305757,0.0020955533923953896,0.0078076315279257125
g800,Gap_8_9mps,forested,500,1000,100,50556,4.557291666666667,0.005304659456161805,0.0019553719888444586,0.007601601477277639
g800,Gap_8_9mps,forested,500,1000,100,50556,4.657451923076923,0.00531228767203857,0.0019312490063174684,0.007325088451971218
g800,Gap_8_9mps,forested,500,1000,100,50556,4.75761217948718,0.005273691152344585,0.0022018526076310794,0.0072026681484838526
g800,Gap_8_9mps,forested,500,1000,100,50556,4.857772435897436,0.0051697320072032205,0.0022520565499478873,0.007230359803081772
g800,Gap_8_9mps,forested,500,1000,100,50556,4.9579326923076925,0.005066434924111094,0.0021068838024468775,0.007099014946744854
g800,Gap_8_9mps,forested,500,1000,100,50556,5.058092948717949,0.005027085612582333,0.0023959651963607518,0.006934937257315656
g800,Gap_8_9mps,forested,500,1000,100,50556,5.158253205128205,0.004979486539743585,0.0023112255272604056,0.00704589570008307
g800,Gap_8_9mps,forested,500,1000,100,50556,5.258413461538462,0.0048845803566860534,0.0020435890123845853,0.007046643417863782
g800,Gap_8_9mps,forested,500,1000,100,50556,5.358573717948718,0.004771306307601883,0.0019422600585556255,0.006793370494996016
g800,Gap_8_9mps,forested,500,1000,100,50556,5.4587339743589745,0.004684331806031136,0.0018497817645559743,0.006521362343761382
g800,Gap_8_9mps,forested,500,1000,100,50556,5.558894230769231,0.0046390797308127115,0.0015677361993648403,0.006358982874244592
g800,Gap_8_9mps,forested,500,1000,100,50556,5.659054487179487,0.004606290133831013,0.0014508236490438898,0.006245161993804212
g800,Gap_8_9mps,forested,500,1000,100,50556,5.759214743589744,0.00459886990432643,0.0016403618618669577,0.00620414596078513
g800,Gap_8_9mps,forested,500,1000,100,50556,5.859375,0.004608773569691409,0.001640624736248673,0.006346636833442401
g800,Gap_8_9mps,forested,500,1000,100,50556,5.959535256410256,0.004653776555672535,0.001475944722785947,0.006530406926817417
g800,Gap_8_9mps,forested,500,1000,100,50556,6.059695512820513,0.004782892973394131,0.0015147633614571209,0.006939128475550918
g800,Gap_8_9mps,forested,500,1000,100,50556,6.159855769230769,0.004977865928636472,0.0017588173875616034,0.007167378062084372
g800,Gap_8_9mps,forested,500,1000,100,50556,6.2600160256410255,0.005204706434926258,0.002065014222847065,0.007559919944530623
g800,Gap_8_9mps,forested,500,1000,100,50556,6.360176282051282,0.005396801024897681,0.0021101309967036033,0.00754020417452266
g800,Gap_8_9mps,forested,500,1000,100,50556,6.460336538461538,0.005559114488124409,0.002300257359260924,0.008012262837615601
g800,Gap_8_9mps,forested,500,1000,100,50556,6.560496794871795,0.005728587412648961,0.00231405884744959,0.00814146674127601
g800,Gap_8_9mps,forested,500,1000,100,50556,6.660657051282051,0.005875577645549249,0.0022590079643612345,0.008423474012206205
g800,Gap_8_9mps,forested,500,1000,100,50556,6.7608173076923075,0.005947252484880722,0.002083373231933889,0.008712329729039516
g800,Gap_8_9mps,forested,500,1000,100,50556,6.860977564102564,0.005984943281886272,0.0020492539270912298,0.00866672791755562
g800,Gap_8_9mps,forested,500,1000,100,50556,6.96113782051282,0.006046384611873869,0.0021132429288258023,0.00871985132109032
g800,Gap_8_9mps,forested,500,1000,100,50556,7.061298076923077,0.006096846779280895,0.002248938494454346,0.00877612960155194
g800,Gap_8_9mps,forested,500,1000,100,50556,7.161458333333333,0.006082941691177276,0.002352107385767542,0.008941374172150737
g800,Gap_8_9mps,forested,500,1000,100,50556,7.261618589743589,0.006046366741829031,0.002234060687185538,0.008971938461392104
g800,Gap_8_9mps,forested,500,1000,100,50556,7.361778846153846,0.00605413541179898,0.002259887652188969,0.009206562844990572
g800,Gap_8_9mps,forested,500,1000,100,50556,7.461939102564102,0.0061101028646210025,0.0024181118502296763,0.009162616776800653
g800,Gap_8_9mps,forested,500,1000,100,50556,7.562099358974359,0.006222639639920935,0.0025133871324219312,0.009408290510806029
g800,Gap_8_9mps,forested,500,1000,100,50556,7.662259615384615,0.006378836597454176,0.0025157545497284262,0.009832645348268726
g800,Gap_8_9mps,forested,500,1000,100,50556,7.762419871794871,0.006527044206915386,0.0026509314257083597,0.009786984963976432
g800,Gap_8_9mps,forested,500,1000,100,50556,7.862580128205129,0.006689180659970435,0.0027772443847410306,0.0099329297917202
g800,Gap_8_9mps,forested,500,1000,100,50556,7.962740384615385,0.006856832616336461,0.002956332006372111,0.010236684995880884
g800,Gap_8_9mps,forested,500,1000,100,50556,8.06290064102564,0.006964184470469821,0.0029643046781696754,0.010279919430668123
g800,Gap_8_9mps,forested,500,1000,100,50556,8.163060897435898,0.0070077784237593,0.002807437682295703,0.010058001055990709
g800,Gap_8_9mps,forested,500,1000,100,50556,8.263221153846153,0.007030795832390516,0.0027744675020706204,0.009998041944738408
g800,Gap_8_9mps,forested,500,1000,100,50556,8.36338141025641,0.007107461621182112,0.002777262162341906,0.009936423657786726
g800,Gap_8_9mps,forested,500,1000,100,50556,8.463541666666666,0.0072748896394194094,0.002962188215402389,0.010580780986975664
g800,Gap_8_9mps,forested,500,1000,100,50556,8.563701923076923,0.007464451474894854,0.003056320165623223,0.011343062085668395
g800,Gap_8_9mps,forested,500,1000,100,50556,8.663862179487179,0.007556802142201435,0.0031050991257609278,0.011615021505049469
g800,Gap_8_9mps,forested,500,1000,100,50556,8.764022435897436,0.007559225936822238,0.0030359952118535543,0.011122199898378236
g800,Gap_8_9mps,forested,500,1000,100,50556,8.864182692307692,0.007522309974515727,0.002976744816912337,0.011150021942123847
g800,Gap_8_9mps,forested,500,1000,100,50556,8.964342948717949,0.007490959636918638,0.0031342593920731915,0.01119358502761849
g800,Gap_8_9mps,forested,500,1000,100,50556,9.064503205128204,0.007461488768636829,0.002994878224915913,0.011198132736638866
g800,Gap_8_9mps,forested,500,1000,100,50556,9.164663461538462,0.007434619514180726,0.002781768287961531,0.010921926877760413
g800,Gap_8_9mps,forested,500,1000,100,50556,9.264823717948717,0.007434881190595499,0.0026666595568322236,0.010944802022697044
g800,Gap_8_9mps,forested,500,1000,100,50556,9.364983974358974,0.007483175169740647,0.002672366392056925,0.010910530388499307
g800,Gap_8_9mps,forested,500,1000,100,50556,9.46514423076923,0.007570767995424405,0.002336030987458207,0.010816025062168753
g800,Gap_8_9mps,forested,500,1000,100,50556,9.565304487179487,0.007677622120971192,0.00247844701346936,0.010764199299791749
g800,Gap_8_9mps,forested,500,1000,100,50556,9.665464743589743,0.007782879394745269,0.0024662094373813616,0.0108514374971885
g800,Gap_8_9mps,forested,500,1000,100,50556,9.765625,0.007864330121163965,0.0025378574699012114,0.01092492222735584
g800,Gap_8_9mps,forested,500,1000,100,50556,9.865785256410257,0.007903649945902844,0.002853750874242208,0.010905518364381781
g800,Gap_8_9mps,forested,500,1000,100,50556,9.965945512820513,0.007896925635545136,0.002873229212451732,0.010867556354744443
g800,Gap_8_9mps,open_gap,1,1000,100,14980,0.05008012820512821,0.22577288500006332,0.0809351347039704,0.33604688440624536
g800,Gap_8_9mps,open_gap,1,1000,100,14980,0.1502403846153846,0.29619673306613437,0.11944707228394946,0.40141654145179045
g800,Gap_8_9mps,open_gap,1,1000,100,14980,0.250400641025641,0.34546075764863327,0.13445008547547688,0.4705867137758344
g800,Gap_8_9mps,open_gap,1,1000,100,14980,0.3505608974358974,0.35725017327862496,0.12919681420249307,0.49766294783611864
g800,Gap_8_9mps,open_gap,1,1000,100,14980,0.45072115384615385,0.3535032567576003,0.14037597941455335,0.5067113092626028
g800,Gap_8_9mps,open_gap,1,1000,100,14980,0.5508814102564102,0.3461496804658947,0.157113193780819,0.4955936424036742
g800,Gap_8_9mps,open_gap,1,1000,100,14980,0.6510416666666666,0.3333992894695529,0.16015222583015362,0.457081311462616
g800,Gap_8_9mps,open_gap,1,1000,100,14980,0.7512019230769231,0.31277235384910074,0.14332333209980186,0.4344126464294257
g800,Gap_8_9mps,open_gap,1,1000,100,14980,0.8513621794871795,0.29044643607222637,0.1253728538572375,0.4185102405974605
g800,Gap_8_9mps,open_gap,1,1000,100,14980,0.9515224358974359,0.264765033886687,0.12010241627040509,0.38525723961129454
g800,Gap_8_9mps,open_gap,1,1000,100,14980,1.0516826923076923,0.23790161034546667,0.11889642428788774,0.3565442690105193
g800,Gap_8_9mps,open_gap,1,1000,100,14980,1.1518429487179487,0.21412240394758367,0.09383358108091668,0.3198145649677785
g800,Gap_8_9mps,open_gap,1,1000,100,14980,1.252003205128205,0.1929119172613026,0.07848195758367098,0.3017386153773865
g800,Gap_8_9mps,open_gap,1,1000,100,14980,1.3521634615384615,0.1754611952342798,0.06423654861744743,0.26612897260085433
g800,Gap_8_9mps,open_gap,1,1000,100,14980,1.4523237179487178,0.16263861691003864,0.06287402635633464,0.24414818694381252
g800,Gap_8_9mps,open_gap,1,1000,100,14980,1.5524839743589745,0.1523151349986808,0.06711006872664743,0.2298426338558292
g800,Gap_8_9mps,open_gap,1,1000,100,14980,1.6526442307692308,0.14326216368388633,0.05193810357885249,0.21613260680264618
g800,Gap_8_9mps,open_gap,1,1000,100,14980,1.7528044871794872,0.1357730791437293,0.04951981639088862,0.20011474159167025
g800,Gap_8_9mps,open_gap,1,1000,100,14980,1.8529647435897436,0.130622503679871,0.04363859893540717,0.196588177170203
g800,Gap_8_9mps,open_gap,1,1000,100,14980,1.953125,0.12770947006841138,0.05087568753780237,0.1883675886407678
g800,Gap_8_9mps,open_gap,1,1000,100,14980,2.0532852564102564,0.12501778380636372,0.05731852059807621,0.17565127018259263
g800,Gap_8_9mps,open_gap,1,1000,100,14980,2.1534455128205128,0.12279984365135652,0.05493189991587484,0.17549156434990743
g800,Gap_8_9mps,open_gap,1,1000,100,14980,2.253605769230769,0.12087692333776218,0.05263398096657698,0.17268747674404117
g800,Gap_8_9mps,open_gap,1,1000,100,14980,2.3537660256410255,0.11963292862995167,0.058615513957005094,0.17318855002960926
g800,Gap_8_9mps,open_gap,1,1000,100,14980,2.453926282051282,0.11936664436159149,0.048649751600528174,0.17371121030133682
g800,Gap_8_9mps,open_gap,1,1000,100,14980,2.5540865384615383,0.11825621848463702,0.04936484637295875,0.17138500618970764
g800,Gap_8_9mps,open_gap,1,1000,100,14980,2.6542467948717947,0.11680868846417387,0.04713154060678056,0.16661770071616178
g800,Gap_8_9mps,open_gap,1,1000,100,14980,2.754407051282051,0.1157400641259943,0.047203565583601635,0.17390229414005354
g800,Gap_8_9mps,open_gap,1,1000,100,14980,2.8545673076923075,0.113894452179235,0.04886430462277737,0.16897581362496972
g800,Gap_8_9mps,open_gap,1,1000,100,14980,2.9547275641025643,0.1116950591590179,0.04610191386419315,0.16293564848222064
g800,Gap_8_9mps,open_gap,1,1000,100,14980,3.0548878205128207,0.10948020299951931,0.043919827383353295,0.16119465810544586
g800,Gap_8_9mps,open_gap,1,1000,100,14980,3.155048076923077,0.10701953600816458,0.04124273233179947,0.1630253313871021
g800,Gap_8_9mps,open_gap,1,1000,100,14980,3.2552083333333335,0.1054426907125737,0.04308167676583679,0.16601793905069037
g800,Gap_8_9mps,open_gap,1,1000,100,14980,3.35536858974359,0.10417191833380171,0.04239620212297098,0.15657621569209237
g800,Gap_8_9mps,open_gap,1,1000,100,14980,3.4555288461538463,0.10244243630675996,0.03996979230559842,0.14751359717888482
g800,Gap_8_9mps,open_gap,1,1000,100,14980,3.5556891025641026,0.10006783508133003,0.043664555449559196,0.14717624788165756
g800,Gap_8_9mps,open_gap,1,1000,100,14980,3.655849358974359,0.09784159027128636,0.03900336285253324,0.14616627677938843
g800,Gap_8_9mps,open_gap,1,1000,100,14980,3.7560096153846154,0.09571379329479507,0.04195992688000818,0.14950203698003586
g800,Gap_8_9mps,open_gap,1,1000,100,14980,3.856169871794872,0.09359480080942956,0.03742369172507504,0.144902582362075
g800,Gap_8_9mps,open_gap,1,1000,100,14980,3.956330128205128,0.09209071296670421,0.031497357416740625,0.14575133168865265
g800,Gap_8_9mps,open_gap,1,1000,100,14980,4.056490384615385,0.09089050815751004,0.030025343458718507,0.13962085057896953
g800,Gap_8_9mps,open_gap,1,1000,100,14980,4.156650641025641,0.08989701976943536,0.0343818886855703,0.1359289263603563
g800,Gap_8_9mps,open_gap,1,1000,100,14980,4.256810897435898,0.0898186137278656,0.03704277492032472,0.13124031846075151
g800,Gap_8_9mps,open_gap,1,1000,100,14980,4.356971153846154,0.08992625464656726,0.03698064001275254,0.13244721871743098
g800,Gap_8_9mps,open_gap,1,1000,100,14980,4.457131410256411,0.08954078363310915,0.04289550852008004,0.1315284581727446
g800,Gap_8_9mps,open_gap,1,1000,100,14980,4.557291666666667,0.08899530640609887,0.043908343437343095,0.12419437613863815
g800,Gap_8_9mps,open_gap,1,1000,100,14980,4.657451923076923,0.08866960513536937,0.04286493747099666,0.12339710994515553
g800,Gap_8_9mps,open_gap,1,1000,100,14980,4.75761217948718,0.08893868024512772,0.041155357249965774,0.12053430334036108
g800,Gap_8_9mps,open_gap,1,1000,100,14980,4.857772435897436,0.09019769556611895,0.03560446908037877,0.12118339142871298
g800,Gap_8_9mps,open_gap,1,1000,100,14980,4.9579326923076925,0.09178348003603093,0.041174489788419984,0.12299251067695097
g800,Gap_8_9mps,open_gap,1,1000,100,14980,5.058092948717949,0.09356120351811029,0.04425172169451915,0.1217601493059134
g800,Gap_8_9mps,open_gap,1,1000,100,14980,5.158253205128205,0.09550750521974315,0.045222581127260186,0.12621204650253315
g800,Gap_8_9mps,open_gap,1,1000,100,14980,5.258413461538462,0.0971958306700404,0.04858852454637616,0.12538425196044212
g800,Gap_8_9mps,open_gap,1,1000,100,14980,5.358573717948718,0.09849584133206733,0.048539917096946265,0.12969598712111896
g800,Gap_8_9mps,open_gap,1,1000,100,14980,5.4587339743589745,0.09962969068981346,0.049845523538588926,0.1341038371890328
g800,Gap_8_9mps,open_gap,1,1000,100,14980,5.558894230769231,0.10074802638589646,0.0498979857643109,0.1342722157231137
g800,Gap_8_9mps,open_gap,1,1000,100,14980,5.659054487179487,0.10156757976794664,0.04808318146786887,0.13544138140218648
g800,Gap_8_9mps,open_gap,1,1000,100,14980,5.759214743589744,0.10256744565822626,0.0429540433886323,0.13541403444251787
g800,Gap_8_9mps,open_gap,1,1000,100,14980,5.859375,0.10391228418874487,0.04520718599074677,0.13667937826923396
g800,Gap_8_9mps,open_gap,1,1000,100,14980,5.959535256410256,0.1052045312675885,0.04420299161660132,0.1445361867094367
g800,Gap_8_9mps,open_gap,1,1000,100,14980,6.059695512820513,0.10637374620371391,0.045405853680272105,0.1414371746808851
g800,Gap_8_9mps,open_gap,1,1000,100,14980,6.159855769230769,0.10783524965144753,0.04530656768758179,0.14880995050865062
g800,Gap_8_9mps,open_gap,1,1000,100,14980,6.2600160256410255,0.10964393671442176,0.04964057197980845,0.16110246957591728
g800,Gap_8_9mps,open_gap,1,1000,100,14980,6.360176282051282,0.1117344035759598,0.05001288747699658,0.1619720154047948
g800,Gap_8_9mps,open_gap,1,1000,100,14980,6.460336538461538,0.1139284164912672,0.05247147426069832,0.16810795807562556
g800,Gap_8_9mps,open_gap,1,1000,100,14980,6.560496794871795,0.11578122246782292,0.052132340136293615,0.17009603308692134
g800,Gap_8_9mps,open_gap,1,1000,100,14980,6.660657051282051,0.11724046709805093,0.052973045489518776,0.17505061449412143
g800,Gap_8_9mps,open_gap,1,1000,100,14980,6.7608173076923075,0.11872479443466588,0.049991657788171266,0.17343394689196398
g800,Gap_8_9mps,open_gap,1,1000,100,14980,6.860977564102564,0.12014945197769727,0.04571981627233387,0.17318121577925977
g800,Gap_8_9mps,open_gap,1,1000,100,14980,6.96113782051282,0.12110082181957266,0.04397488208364421,0.1700296870588731
g800,Gap_8_9mps,open_gap,1,1000,100,14980,7.061298076923077,0.12163147461732274,0.044448751165710676,0.1666573905859394
g800,Gap_8_9mps,open_gap,1,1000,100,14980,7.161458333333333,0.12187004651246043,0.048512845797881204,0.16624072523873967
g800,Gap_8_9mps,open_gap,1,1000,100,14980,7.261618589743589,0.12214566300084564,0.04604612549209993,0.16793878905252668
g800,Gap_8_9mps,open_gap,1,1000,100,14980,7.361778846153846,0.12267441920032848,0.04533569918566969,0.16870488354281074
g800,Gap_8_9mps,open_gap,1,1000,100,14980,7.461939102564102,0.12319689822641505,0.04446907806358856,0.16775344344966373
g800,Gap_8_9mps,open_gap,1,1000,100,14980,7.562099358974359,0.12374513037616344,0.042078622937255575,0.17155100775107698
g800,Gap_8_9mps,open_gap,1,1000,100,14980,7.662259615384615,0.12466152854129757,0.041571304809232365,0.1775760579728176
g800,Gap_8_9mps,open_gap,1,1000,100,14980,7.762419871794871,0.12587612312456176,0.03950758719824947,0.18517438850882395
g800,Gap_8_9mps,open_gap,1,1000,100,14980,7.862580128205129,0.12727359840612684,0.03819533778326812,0.1874747078582069
g800,Gap_8_9mps,open_gap,1,1000,100,14980,7.962740384615385,0.12848187321264987,0.038158638001866876,0.1887136644266887
g800,Gap_8_9mps,open_gap,1,1000,100,14980,8.06290064102564,0.1297204309495237,0.040295929936040836,0.19351875876839203
g800,Gap_8_9mps,open_gap,1,1000,100,14980,8.163060897435898,0.1310929192110748,0.04017178295479642,0.19651389543692263
g800,Gap_8_9mps,open_gap,1,1000,100,14980,8.263221153846153,0.1324365638382382,0.037734505803448906,0.20186164337081358
g800,Gap_8_9mps,open_gap,1,1000,100,14980,8.36338141025641,0.13333341498474635,0.03998714458896861,0.19994473313685604
g800,Gap_8_9mps,open_gap,1,1000,100,14980,8.463541666666666,0.13381490141945113,0.03839478829041689,0.19542244901760833
g800,Gap_8_9mps,open_gap,1,1000,100,14980,8.563701923076923,0.13426599064001374,0.03926200206148366,0.1944597646062468
g800,Gap_8_9mps,open_gap,1,1000,100,14980,8.663862179487179,0.1344799075929616,0.03961388304133422,0.1950249125860936
g800,Gap_8_9mps,open_gap,1,1000,100,14980,8.764022435897436,0.13464136336082333,0.039480604089460254,0.19678253612360613
g800,Gap_8_9mps,open_gap,1,1000,100,14980,8.864182692307692,0.13487401289928516,0.04122168131221238,0.19754125702815356
g800,Gap_8_9mps,open_gap,1,1000,100,14980,8.964342948717949,0.13489738319228542,0.041464058895564655,0.19998669103237485
g800,Gap_8_9mps,open_gap,1,1000,100,14980,9.064503205128204,0.1345736515180665,0.0427382123704876,0.20010581089666754
g800,Gap_8_9mps,open_gap,1,1000,100,14980,9.164663461538462,0.13392337158649087,0.043337532868767153,0.19883031305352636
g800,Gap_8_9mps,open_gap,1,1000,100,14980,9.264823717948717,0.13315241023171687,0.045431096330588415,0.1971258360756685
g800,Gap_8_9mps,open_gap,1,1000,100,14980,9.364983974358974,0.13275292932696042,0.046045754029227885,0.1957891587079355
g800,Gap_8_9mps,open_gap,1,1000,100,14980,9.46514423076923,0.13290177165831912,0.04721434941325906,0.193667342383884
g800,Gap_8_9mps,open_gap,1,1000,100,14980,9.565304487179487,0.13293276665171733,0.051081459199439634,0.1900385643249281
g800,Gap_8_9mps,open_gap,1,1000,100,14980,9.665464743589743,0.13264773018874865,0.050622630963585664,0.19052274307876002
g800,Gap_8_9mps,open_gap,1,1000,100,14980,9.765625,0.13229306919130215,0.05006747079114715,0.1904666299210544
g800,Gap_8_9mps,open_gap,1,1000,100,14980,9.865785256410257,0.1319776691876392,0.05140430019236862,0.18963510097481165
g800,Gap_8_9mps,open_gap,1,1000,100,14980,9.965945512820513,0.1318387911370402,0.051928583446220686,0.18770228560285357
g800,Gap_8_9mps,open_gap,10,1000,100,14980,0.05008012820512821,0.07134326403660549,0.028306567568283564,0.1036313847440769
g800,Gap_8_9mps,open_gap,10,1000,100,14980,0.1502403846153846,0.08823747316715959,0.03388213160055826,0.12341456031469772
g800,Gap_8_9mps,open_gap,10,1000,100,14980,0.250400641025641,0.10575718060808409,0.05041320962217172,0.14180092288241175
g800,Gap_8_9mps,open_gap,10,1000,100,14980,0.3505608974358974,0.11063476274737613,0.046722188898660956,0.15630659930299046
g800,Gap_8_9mps,open_gap,10,1000,100,14980,0.45072115384615385,0.11133045396367795,0.04136139071841187,0.1577684342977011
g800,Gap_8_9mps,open_gap,10,1000,100,14980,0.5508814102564102,0.11074442172208214,0.044701980843124114,0.15452792210880542
g800,Gap_8_9mps,open_gap,10,1000,100,14980,0.6510416666666666,0.10843293921667638,0.041051006765123216,0.14765316842485626
g800,Gap_8_9mps,open_gap,10,1000,100,14980,0.7512019230769231,0.10466533219788196,0.04474005007927859,0.1467874246106915
g800,Gap_8_9mps,open_gap,10,1000,100,14980,0.8513621794871795,0.09880049271037532,0.04523371878979138,0.14070497273885105
g800,Gap_8_9mps,open_gap,10,1000,100,14980,0.9515224358974359,0.09164776780748296,0.04366724400103294,0.12918573486077342
g800,Gap_8_9mps,open_gap,10,1000,100,14980,1.0516826923076923,0.08416086566502633,0.04062079118137547,0.11637911375001532
g800,Gap_8_9mps,open_gap,10,1000,100,14980,1.1518429487179487,0.0776833107130642,0.03775286502489599,0.1054940726964357
g800,Gap_8_9mps,open_gap,10,1000,100,14980,1.252003205128205,0.07176900692364185,0.028875728997419026,0.09618443717013428
g800,Gap_8_9mps,open_gap,10,1000,100,14980,1.3521634615384615,0.06630239007294084,0.028210659990594626,0.09158471905977106
g800,Gap_8_9mps,open_gap,10,1000,100,14980,1.4523237179487178,0.061309493686510265,0.02358142588833715,0.08607419616919423
g800,Gap_8_9mps,open_gap,10,1000,100,14980,1.5524839743589745,0.05726411267199206,0.02361858475891369,0.0804056064120636
g800,Gap_8_9mps,open_gap,10,1000,100,14980,1.6526442307692308,0.053854563568648234,0.02110783480962905,0.07382341757848213
g800,Gap_8_9mps,open_gap,10,1000,100,14980,1.7528044871794872,0.05067665013532932,0.0190811111690789,0.07157915322358238
g800,Gap_8_9mps,open_gap,10,1000,100,14980,1.8529647435897436,0.04800268265065072,0.020149787762333393,0.06790900080599002
g800,Gap_8_9mps,open_gap,10,1000,100,14980,1.953125,0.045527215697044605,0.019302949042779616,0.06254193720327592
g800,Gap_8_9mps,open_gap,10,1000,100,14980,2.0532852564102564,0.043143174796854734,0.015213501785326291,0.05678386975645574
g800,Gap_8_9mps,open_gap,10,1000,100,14980,2.1534455128205128,0.04099678201080579,0.015117864022117304,0.054973905156441974
g800,Gap_8_9mps,open_gap,10,1000,100,14980,2.253605769230769,0.03942751347192004,0.015284357626142813,0.053192720887816146
g800,Gap_8_9mps,open_gap,10,1000,100,14980,2.3537660256410255,0.03794620089453577,0.013726359087210456,0.05189330798818384
g800,Gap_8_9mps,open_gap,10,1000,100,14980,2.453926282051282,0.03701014254276553,0.014355791824735668,0.04966864302629167
g800,Gap_8_9mps,open_gap,10,1000,100,14980,2.5540865384615383,0.03621102538316919,0.014830350093894558,0.04832466374757219
g800,Gap_8_9mps,open_gap,10,1000,100,14980,2.6542467948717947,0.03564050069951061,0.013392703415037963,0.04949879845175334
g800,Gap_8_9mps,open_gap,10,1000,100,14980,2.754407051282051,0.03541056190955595,0.013372432907125899,0.05002493359224513
g800,Gap_8_9mps,open_gap,10,1000,100,14980,2.8545673076923075,0.03510332867551372,0.014957282292717502,0.0496491070534973
g800,Gap_8_9mps,open_gap,10,1000,100,14980,2.9547275641025643,0.035154396571670986,0.014544123877431616,0.04915952775380387
g800,Gap_8_9mps,open_gap,10,1000,100,14980,3.0548878205128207,0.03521510134743959,0.014452374524485317,0.04696636600256255
g800,Gap_8_9mps,open_gap,10,1000,100,14980,3.155048076923077,0.03526009369098178,0.015538291809336979,0.04588098538401177
g800,Gap_8_9mps,open_gap,10,1000,100,14980,3.2552083333333335,0.03517337668084944,0.01476837647329084,0.04644768804282824
g800,Gap_8_9mps,open_gap,10,1000,100,14980,3.35536858974359,0.03498597795781427,0.014347616615629773,0.04856474722529566
g800,Gap_8_9mps,open_gap,10,1000,100,14980,3.4555288461538463,0.034740712389051194,0.014432479502871694,0.04952078204476445
g800,Gap_8_9mps,open_gap,10,1000,100,14980,3.5556891025641026,0.0344418252076135,0.013631094227833136,0.048867879924332266
g800,Gap_8_9mps,open_gap,10,1000,100,14980,3.655849358974359,0.03422020422218225,0.012295658862463806,0.047848898690093386
g800,Gap_8_9mps,open_gap,10,1000,100,14980,3.7560096153846154,0.03422616600511384,0.013365493445481562,0.04645751389699407
g800,Gap_8_9mps,open_gap,10,1000,100,14980,3.856169871794872,0.0342714385335257,0.013100935024557486,0.04543190086116733
g800,Gap_8_9mps,open_gap,10,1000,100,14980,3.956330128205128,0.03431720830355375,0.013741902283751254,0.046801639634849415
g800,Gap_8_9mps,open_gap,10,1000,100,14980,4.056490384615385,0.034236084434661196,0.014099296554725464,0.04783673706347714
g800,Gap_8_9mps,open_gap,10,1000,100,14980,4.156650641025641,0.03407157062875685,0.014357499498717705,0.04700390786377956
g800,Gap_8_9mps,open_gap,10,1000,100,14980,4.256810897435898,0.03381014095198015,0.012886011480217226,0.046597854789118015
g800,Gap_8_9mps,open_gap,10,1000,100,14980,4.356971153846154,0.0336241749934148,0.01305381754835055,0.0447314637945097
g800,Gap_8_9mps,open_gap,10,1000,100,14980,4.457131410256411,0.03360788321324946,0.01344283940317701,0.043953387856033296
g800,Gap_8_9mps,open_gap,10,1000,100,14980,4.557291666666667,0.03365161342297379,0.012709037168602305,0.043186662901518034
g800,Gap_8_9mps,open_gap,10,1000,100,14980,4.657451923076923,0.03369690751473041,0.012675210714222333,0.04382152162951175
g800,Gap_8_9mps,open_gap,10,1000,100,14980,4.75761217948718,0.03382828520551079,0.01279120023251426,0.04389450285168314
g800,Gap_8_9mps,open_gap,10,1000,100,14980,4.857772435897436,0.03401407271293123,0.014699911504907869,0.04405250533133978
g800,Gap_8_9mps,open_gap,10,1000,100,14980,4.9579326923076925,0.034246922175964395,0.01600953578767697,0.04465835000892838
g800,Gap_8_9mps,open_gap,10,1000,100,14980,5.058092948717949,0.03464379353319609,0.017172977405845946,0.04548769357315353
g800,Gap_8_9mps,open_gap,10,1000,100,14980,5.158253205128205,0.03511873947405439,0.018269235787992322,0.04662173204664902
g800,Gap_8_9mps,open_gap,10,1000,100,14980,5.258413461538462,0.03551389815115453,0.017962503188210317,0.0477135400521533
g800,Gap_8_9mps,open_gap,10,1000,100,14980,5.358573717948718,0.03581371447181417,0.016464730742587447,0.04751117767991417
g800,Gap_8_9mps,open_gap,10,1000,100,14980,5.4587339743589745,0.0359742987786847,0.015887596263045912,0.04862943880190146
g800,Gap_8_9mps,open_gap,10,1000,100,14980,5.558894230769231,0.03600583350779145,0.015596067967495393,0.049277531431767246
g800,Gap_8_9mps,open_gap,10,1000,100,14980,5.659054487179487,0.036189749210229154,0.01605412998916704,0.04964604412284489
g800,Gap_8_9mps,open_gap,10,1000,100,14980,5.759214743589744,0.0365039293484762,0.016804608958855254,0.04900201881891919
g800,Gap_8_9mps,open_gap,10,1000,100,14980,5.859375,0.03684525437281271,0.018613497842530018,0.049092306212478655
g800,Gap_8_9mps,open_gap,10,1000,100,14980,5.959535256410256,0.03724036018706561,0.017510480246749234,0.05058173052218201
g800,Gap_8_9mps,open_gap,10,1000,100,14980,6.059695512820513,0.03761780100010013,0.017506711827731523,0.05254894207791232
g800,Gap_8_9mps,open_gap,10,1000,100,14980,6.159855769230769,0.037970905703109556,0.018127087050235375,0.053833851665429186
g800,Gap_8_9mps,open_gap,10,1000,100,14980,6.2600160256410255,0.03848492620649416,0.016829924320940416,0.055791478449625634
g800,Gap_8_9mps,open_gap,10,1000,100,14980,6.360176282051282,0.03901014142187858,0.016356508792149883,0.05542207249885229
g800,Gap_8_9mps,open_gap,10,1000,100,14980,6.460336538461538,0.03933919505904557,0.017318955604460257,0.05409494150181061
g800,Gap_8_9mps,open_gap,10,1000,100,14980,6.560496794871795,0.039383732315317034,0.018547640997348555,0.055496991462324854
g800,Gap_8_9mps,open_gap,10,1000,100,14980,6.660657051282051,0.039368463901761144,0.019012803837589184,0.05783826702104803
g800,Gap_8_9mps,open_gap,10,1000,100,14980,6.7608173076923075,0.03948680888262959,0.01810271627759054,0.057576845911661914
g800,Gap_8_9mps,open_gap,10,1000,100,14980,6.860977564102564,0.03972722035472073,0.018893184919126574,0.05890471485023095
g800,Gap_8_9mps,open_gap,10,1000,100,14980,6.96113782051282,0.04011768146770247,0.020622249537575386,0.05870256291222225
g800,Gap_8_9mps,open_gap,10,1000,100,14980,7.061298076923077,0.04066321028841833,0.020513243987878124,0.05925440486327596
g800,Gap_8_9mps,open_gap,10,1000,100,14980,7.161458333333333,0.041186266226378755,0.02017695683944272,0.06007125922431973
g800,Gap_8_9mps,open_gap,10,1000,100,14980,7.261618589743589,0.04160421332430002,0.022161913004019193,0.05905995241883234
g800,Gap_8_9mps,open_gap,10,1000,100,14980,7.361778846153846,0.04198329869184447,0.020047413174672936,0.05753198130009196
g800,Gap_8_9mps,open_gap,10,1000,100,14980,7.461939102564102,0.042521335165551497,0.02008613883202387,0.05769170687508795
g800,Gap_8_9mps,open_gap,10,1000,100,14980,7.562099358974359,0.04309680083372877,0.020672866334772454,0.05836699157247447
g800,Gap_8_9mps,open_gap,10,1000,100,14980,7.662259615384615,0.04373576362615931,0.02186733618705753,0.059633359365176775
g800,Gap_8_9mps,open_gap,10,1000,100,14980,7.762419871794871,0.04444271247727416,0.022325982817526388,0.060043313048155446
g800,Gap_8_9mps,open_gap,10,1000,100,14980,7.862580128205129,0.045181339063521314,0.02184205805409764,0.06094887736285677
g800,Gap_8_9mps,open_gap,10,1000,100,14980,7.962740384615385,0.04579854801888084,0.02197028668303697,0.06145599922151858
g800,Gap_8_9mps,open_gap,10,1000,100,14980,8.06290064102564,0.04624091019741217,0.022495332682263315,0.06382263087161116
g800,Gap_8_9mps,open_gap,10,1000,100,14980,8.163060897435898,0.04661557427256918,0.024075556859934,0.06570838659812667
g800,Gap_8_9mps,open_gap,10,1000,100,14980,8.263221153846153,0.046987396239784734,0.02401608138743468,0.06495936539912803
g800,Gap_8_9mps,open_gap,10,1000,100,14980,8.36338141025641,0.04740386348853559,0.02526955961624156,0.06372677145649677
g800,Gap_8_9mps,open_gap,10,1000,100,14980,8.463541666666666,0.04781758120199357,0.02639854276767556,0.06490559590169692
g800,Gap_8_9mps,open_gap,10,1000,100,14980,8.563701923076923,0.04811009496719869,0.026420801674944448,0.06577356209089985
g800,Gap_8_9mps,open_gap,10,1000,100,14980,8.663862179487179,0.04832046350704456,0.025787468194231798,0.06750618459218864
g800,Gap_8_9mps,open_gap,10,1000,100,14980,8.764022435897436,0.0484604013566802,0.02564878587898123,0.06989561052770923
g800,Gap_8_9mps,open_gap,10,1000,100,14980,8.864182692307692,0.04858194356129896,0.025023904799025123,0.07061322898561395
g800,Gap_8_9mps,open_gap,10,1000,100,14980,8.964342948717949,0.048593731799012226,0.02439535958868509,0.06888768079587675
g800,Gap_8_9mps,open_gap,10,1000,100,14980,9.064503205128204,0.04853288924391656,0.025440437376926184,0.06748480343117565
g800,Gap_8_9mps,open_gap,10,1000,100,14980,9.164663461538462,0.04841551549025671,0.02583180554741392,0.06667525375885394
g800,Gap_8_9mps,open_gap,10,1000,100,14980,9.264823717948717,0.04823554454339431,0.025212448506439437,0.06548505140892003
g800,Gap_8_9mps,open_gap,10,1000,100,14980,9.364983974358974,0.04796457688654103,0.025295598856472003,0.06522399043610687
g800,Gap_8_9mps,open_gap,10,1000,100,14980,9.46514423076923,0.04755222044354517,0.02375061419461785,0.06438367741423595
g800,Gap_8_9mps,open_gap,10,1000,100,14980,9.565304487179487,0.04709575504416353,0.022270606494266546,0.06250634444303968
g800,Gap_8_9mps,open_gap,10,1000,100,14980,9.665464743589743,0.04675275663606281,0.023832813602782773,0.06285775959897111
g800,Gap_8_9mps,open_gap,10,1000,100,14980,9.765625,0.04653067444822168,0.024009400639366206,0.06236567505107303
g800,Gap_8_9mps,open_gap,10,1000,100,14980,9.865785256410257,0.04639720307651654,0.022032583025391208,0.06202161468003015
g800,Gap_8_9mps,open_gap,10,1000,100,14980,9.965945512820513,0.04638553694991081,0.02158642019574196,0.06171701160655747
g800,Gap_8_9mps,open_gap,50,1000,100,14980,0.05008012820512821,0.03155652778709599,0.008658501059537891,0.05165948086673981
g800,Gap_8_9mps,open_gap,50,1000,100,14980,0.1502403846153846,0.039129495052690845,0.015894623669174542,0.05475977877359511
g800,Gap_8_9mps,open_gap,50,1000,100,14980,0.250400641025641,0.0472424728503171,0.02000568501493038,0.06459144014701115
g800,Gap_8_9mps,open_gap,50,1000,100,14980,0.3505608974358974,0.05036402569852298,0.020068678709806293,0.07293756789367187
g800,Gap_8_9mps,open_gap,50,1000,100,14980,0.45072115384615385,0.05112873658945226,0.020535881323368067,0.07453504199954886
g800,Gap_8_9mps,open_gap,50,1000,100,14980,0.5508814102564102,0.050738842859611694,0.02040134746337202,0.07044545572769641
g800,Gap_8_9mps,open_gap,50,1000,100,14980,0.6510416666666666,0.0500741685860868,0.02140177077475526,0.07197788260809174
g800,Gap_8_9mps,open_gap,50,1000,100,14980,0.7512019230769231,0.048356285199155045,0.019977119303812803,0.0674521867818581
g800,Gap_8_9mps,open_gap,50,1000,100,14980,0.8513621794871795,0.04527302459586388,0.020700314151851997,0.058748849248153566
g800,Gap_8_9mps,open_gap,50,1000,100,14980,0.9515224358974359,0.0409513206240607,0.01950263760807061,0.05222143530216415
g800,Gap_8_9mps,open_gap,50,1000,100,14980,1.0516826923076923,0.036799452641472184,0.01874768606598467,0.04650626467860817
g800,Gap_8_9mps,open_gap,50,1000,100,14980,1.1518429487179487,0.03328404191745594,0.01532244655698223,0.04252345186555716
g800,Gap_8_9mps,open_gap,50,1000,100,14980,1.252003205128205,0.03009191350032164,0.012995478820835621,0.039353848319914723
g800,Gap_8_9mps,open_gap,50,1000,100,14980,1.3521634615384615,0.0273548849189635,0.011314625140337774,0.03742351736106654
g800,Gap_8_9mps,open_gap,50,1000,100,14980,1.4523237179487178,0.024923456339796465,0.009081182487026251,0.0343813046993617
g800,Gap_8_9mps,open_gap,50,1000,100,14980,1.5524839743589745,0.023025824747421066,0.008560224213313573,0.03276834650613285
g800,Gap_8_9mps,open_gap,50,1000,100,14980,1.6526442307692308,0.021546683679845784,0.008916070840740399,0.03098556979523524
g800,Gap_8_9mps,open_gap,50,1000,100,14980,1.7528044871794872,0.020302243992132363,0.007633857952294482,0.02803503371465519
g800,Gap_8_9mps,open_gap,50,1000,100,14980,1.8529647435897436,0.01926638894574797,0.0072337302002756535,0.027529614143948167
g800,Gap_8_9mps,open_gap,50,1000,100,14980,1.953125,0.018408920332257828,0.007827266688164749,0.025997176630872126
g800,Gap_8_9mps,open_gap,50,1000,100,14980,2.0532852564102564,0.01788514404204581,0.008387345877309375,0.025746619387953997
g800,Gap_8_9mps,open_gap,50,1000,100,14980,2.1534455128205128,0.017482668768189203,0.00814999425531649,0.024609044516441886
g800,Gap_8_9mps,open_gap,50,1000,100,14980,2.253605769230769,0.017032186118883262,0.007516860328302524,0.024483823929864316
g800,Gap_8_9mps,open_gap,50,1000,100,14980,2.3537660256410255,0.016824145414117572,0.007557366067542328,0.02320637942188142
g800,Gap_8_9mps,open_gap,50,1000,100,14980,2.453926282051282,0.016848443288704357,0.007068791814505771,0.022631177726209296
g800,Gap_8_9mps,open_gap,50,1000,100,14980,2.5540865384615383,0.01698574463632226,0.007320296631781719,0.023530084841713258
g800,Gap_8_9mps,open_gap,50,1000,100,14980,2.6542467948717947,0.017065462529878457,0.007294254932864281,0.023983468418309832
g800,Gap_8_9mps,open_gap,50,1000,100,14980,2.754407051282051,0.01709809013037159,0.007285796660045603,0.024561973209827063
g800,Gap_8_9mps,open_gap,50,1000,100,14980,2.8545673076923075,0.017162073312612353,0.007469615770922031,0.024134064728005077
g800,Gap_8_9mps,open_gap,50,1000,100,14980,2.9547275641025643,0.017280848269461843,0.007333645470250528,0.02408035363881548
g800,Gap_8_9mps,open_gap,50,1000,100,14980,3.0548878205128207,0.017442214319344278,0.008369566986229897,0.024158916121662266
g800,Gap_8_9mps,open_gap,50,1000,100,14980,3.155048076923077,0.01759282765633777,0.00878886671747245,0.024804047507081903
g800,Gap_8_9mps,open_gap,50,1000,100,14980,3.2552083333333335,0.017737877539316625,0.009221442089118185,0.02403255442999291
g800,Gap_8_9mps,open_gap,50,1000,100,14980,3.35536858974359,0.01784270460052942,0.008622221942900313,0.02402153764885787
g800,Gap_8_9mps,open_gap,50,1000,100,14980,3.4555288461538463,0.01783971419670422,0.009107471600258179,0.023711977329441948
g800,Gap_8_9mps,open_gap,50,1000,100,14980,3.5556891025641026,0.017665592508721767,0.009171962085495528,0.024569614208652526
g800,Gap_8_9mps,open_gap,50,1000,100,14980,3.655849358974359,0.017346671006251046,0.008824666125634715,0.02433907567130896
g800,Gap_8_9mps,open_gap,50,1000,100,14980,3.7560096153846154,0.017109893387752727,0.00810015640864194,0.02425474540838339
g800,Gap_8_9mps,open_gap,50,1000,100,14980,3.856169871794872,0.01693783988903879,0.008065635752021544,0.024601509032093082
g800,Gap_8_9mps,open_gap,50,1000,100,14980,3.956330128205128,0.01675525116349623,0.007575622676782924,0.02435592677712403
g800,Gap_8_9mps,open_gap,50,1000,100,14980,4.056490384615385,0.016571879166631213,0.007032261245097413,0.02360561208910598
g800,Gap_8_9mps,open_gap,50,1000,100,14980,4.156650641025641,0.01651637821343114,0.007068376545922036,0.023013073985328585
g800,Gap_8_9mps,open_gap,50,1000,100,14980,4.256810897435898,0.01639834635617615,0.006889035459429085,0.02353956229740695
g800,Gap_8_9mps,open_gap,50,1000,100,14980,4.356971153846154,0.01620852224308241,0.006750966446066475,0.023147856468854425
g800,Gap_8_9mps,open_gap,50,1000,100,14980,4.457131410256411,0.016015949343363832,0.006718307655241656,0.02195231056587509
g800,Gap_8_9mps,open_gap,50,1000,100,14980,4.557291666666667,0.01580804056226123,0.007092983321187014,0.021537299945451872
g800,Gap_8_9mps,open_gap,50,1000,100,14980,4.657451923076923,0.01556176812166568,0.007597799721795478,0.0213092965299055
g800,Gap_8_9mps,open_gap,50,1000,100,14980,4.75761217948718,0.015225261663523481,0.006560793582966119,0.020899077161257048
g800,Gap_8_9mps,open_gap,50,1000,100,14980,4.857772435897436,0.01484627022079609,0.005930473373594271,0.02072174702236349
g800,Gap_8_9mps,open_gap,50,1000,100,14980,4.9579326923076925,0.01449879646288005,0.0060798583339364935,0.02054006593964236
g800,Gap_8_9mps,open_gap,50,1000,100,14980,5.058092948717949,0.014212568291657467,0.005962566137588358,0.019283882663740582
g800,Gap_8_9mps,open_gap,50,1000,100,14980,5.158253205128205,0.013952953591589587,0.005379524399928946,0.018598085835206037
g800,Gap_8_9mps,open_gap,50,1000,100,14980,5.258413461538462,0.013774210343618736,0.00554636176075906,0.01846423219527253
g800,Gap_8_9mps,open_gap,50,1000,100,14980,5.358573717948718,0.013715567562138452,0.005055794530614065,0.01794037080820752
g800,Gap_8_9mps,open_gap,50,1000,100,14980,5.4587339743589745,0.013636914686450811,0.004945071833852547,0.01788485983987968
g800,Gap_8_9mps,open_gap,50,1000,100,14980,5.558894230769231,0.013517299590964616,0.004770456533576413,0.0174856854722446
g800,Gap_8_9mps,open_gap,50,1000,100,14980,5.659054487179487,0.013488548634405555,0.005029889925286952,0.017660930342003712
g800,Gap_8_9mps,open_gap,50,1000,100,14980,5.759214743589744,0.013577770012975578,0.005126529654538154,0.017702446241126015
g800,Gap_8_9mps,open_gap,50,1000,100,14980,5.859375,0.013719840172243774,0.005736572339950708,0.01820443985848733
g800,Gap_8_9mps,open_gap,50,1000,100,14980,5.959535256410256,0.013860763895504917,0.006047588894099935,0.0192122749562509
g800,Gap_8_9mps,open_gap,50,1000,100,14980,6.059695512820513,0.014018047817654998,0.006165582593366425,0.01966076519542817
g800,Gap_8_9mps,open_gap,50,1000,100,14980,6.159855769230769,0.014113928538074078,0.00612928085469194,0.020048886547680455
g800,Gap_8_9mps,open_gap,50,1000,100,14980,6.2600160256410255,0.014160130803943632,0.005986695564040779,0.02034122383959499
g800,Gap_8_9mps,open_gap,50,1000,100,14980,6.360176282051282,0.014188717620038498,0.005876807391618312,0.020255390553402867
g800,Gap_8_9mps,open_gap,50,1000,100,14980,6.460336538461538,0.014188865395453816,0.005819199893990493,0.020906014840835162
g800,Gap_8_9mps,open_gap,50,1000,100,14980,6.560496794871795,0.0142310633299393,0.006074335048892763,0.0204753119959315
g800,Gap_8_9mps,open_gap,50,1000,100,14980,6.660657051282051,0.014361055426312557,0.00620347299614789,0.019866859436840686
g800,Gap_8_9mps,open_gap,50,1000,100,14980,6.7608173076923075,0.01457576519357477,0.006482445096129805,0.020223278813815478
g800,Gap_8_9mps,open_gap,50,1000,100,14980,6.860977564102564,0.01487734727056604,0.0069803501312023924,0.021004076072061076
g800,Gap_8_9mps,open_gap,50,1000,100,14980,6.96113782051282,0.01517483336709269,0.00724828274064755,0.021975682526644447
g800,Gap_8_9mps,open_gap,50,1000,100,14980,7.061298076923077,0.015411152750616847,0.007035181182949977,0.021424547518025246
g800,Gap_8_9mps,open_gap,50,1000,100,14980,7.161458333333333,0.015618140310895166,0.007196072896381643,0.020902093292157385
g800,Gap_8_9mps,open_gap,50,1000,100,14980,7.261618589743589,0.015844807274057546,0.007006959148298913,0.02164767561631541
g800,Gap_8_9mps,open_gap,50,1000,100,14980,7.361778846153846,0.016077868739802974,0.006896658338014762,0.022043277553686524
g800,Gap_8_9mps,open_gap,50,1000,100,14980,7.461939102564102,0.016242748852931168,0.006916957341513591,0.0233503322926319
g800,Gap_8_9mps,open_gap,50,1000,100,14980,7.562099358974359,0.016342020594217098,0.006753145305322244,0.024013173315057798
g800,Gap_8_9mps,open_gap,50,1000,100,14980,7.662259615384615,0.01638619628136987,0.006332698790850769,0.0226336559458933
g800,Gap_8_9mps,open_gap,50,1000,100,14980,7.762419871794871,0.01645116690392904,0.0064095067745638685,0.02271678569266678
g800,Gap_8_9mps,open_gap,50,1000,100,14980,7.862580128205129,0.01662456995483889,0.0065003230942521995,0.024144318153614574
g800,Gap_8_9mps,open_gap,50,1000,100,14980,7.962740384615385,0.01685346913268346,0.00707420814776429,0.024446228910130315
g800,Gap_8_9mps,open_gap,50,1000,100,14980,8.06290064102564,0.01709109477153709,0.007370945857370531,0.024439667298102125
g800,Gap_8_9mps,open_gap,50,1000,100,14980,8.163060897435898,0.017323381550916575,0.007710093320528333,0.025121921567545703
g800,Gap_8_9mps,open_gap,50,1000,100,14980,8.263221153846153,0.017473824583016287,0.007676123030595963,0.026031305571909906
g800,Gap_8_9mps,open_gap,50,1000,100,14980,8.36338141025641,0.017549166893776117,0.007690660042589513,0.02565886843813313
g800,Gap_8_9mps,open_gap,50,1000,100,14980,8.463541666666666,0.01756654066507849,0.007632624888345686,0.026018922473465142
g800,Gap_8_9mps,open_gap,50,1000,100,14980,8.563701923076923,0.017527718122646287,0.00789558519814895,0.025892328216225856
g800,Gap_8_9mps,open_gap,50,1000,100,14980,8.663862179487179,0.017459243819491124,0.008064032491133036,0.02512741670603629
g800,Gap_8_9mps,open_gap,50,1000,100,14980,8.764022435897436,0.017353524769076395,0.00828733411059957,0.02425985326258539
g800,Gap_8_9mps,open_gap,50,1000,100,14980,8.864182692307692,0.017217337787746097,0.008157092548145556,0.023663558337469796
g800,Gap_8_9mps,open_gap,50,1000,100,14980,8.964342948717949,0.017065373145196027,0.007766432521722413,0.023525169809943357
g800,Gap_8_9mps,open_gap,50,1000,100,14980,9.064503205128204,0.016947997037652353,0.007643216256656513,0.02339774708293092
g800,Gap_8_9mps,open_gap,50,1000,100,14980,9.164663461538462,0.016859612734548068,0.0074042879855743295,0.023569779085656557
g800,Gap_8_9mps,open_gap,50,1000,100,14980,9.264823717948717,0.01680231272026872,0.0074950830470264995,0.02289004669209446
g800,Gap_8_9mps,open_gap,50,1000,100,14980,9.364983974358974,0.016763264530639917,0.007615830081349957,0.023661801635785937
g800,Gap_8_9mps,open_gap,50,1000,100,14980,9.46514423076923,0.01672044408900436,0.006525117520443201,0.02356082218731777
g800,Gap_8_9mps,open_gap,50,1000,100,14980,9.565304487179487,0.016666404632915813,0.006361012904161533,0.024214731383746826
g800,Gap_8_9mps,open_gap,50,1000,100,14980,9.665464743589743,0.016639971787691672,0.005969431601833699,0.024032230740928605
g800,Gap_8_9mps,open_gap,50,1000,100,14980,9.765625,0.016649051325277688,0.005738389114823458,0.02322522154801222
g800,Gap_8_9mps,open_gap,50,1000,100,14980,9.865785256410257,0.016661923614900064,0.005812428091157489,0.02391517769975232
g800,Gap_8_9mps,open_gap,50,1000,100,14980,9.965945512820513,0.01677481745973224,0.006347631646952328,0.024267917713048228
g800,Gap_8_9mps,open_gap,100,1000,100,14980,0.05008012820512821,0.02365076537942382,0.010739541596362137,0.034392271911765776
g800,Gap_8_9mps,open_gap,100,1000,100,14980,0.1502403846153846,0.029017090751081043,0.01424026692514669,0.0405724270544332
g800,Gap_8_9mps,open_gap,100,1000,100,14980,0.250400641025641,0.0326534962321692,0.014839937936136253,0.04949095059866123
g800,Gap_8_9mps,open_gap,100,1000,100,14980,0.3505608974358974,0.033277336419464426,0.012872433325082755,0.04878146060523256
g800,Gap_8_9mps,open_gap,100,1000,100,14980,0.45072115384615385,0.033278629653675285,0.012786127847219603,0.049365666591776165
g800,Gap_8_9mps,open_gap,100,1000,100,14980,0.5508814102564102,0.03255794770534298,0.013106427070640046,0.04554547541433685
g800,Gap_8_9mps,open_gap,100,1000,100,14980,0.6510416666666666,0.03090953333152151,0.011996200072780027,0.0431299795186106
g800,Gap_8_9mps,open_gap,100,1000,100,14980,0.7512019230769231,0.028540478329791067,0.01063103729824725,0.03861939984869731
g800,Gap_8_9mps,open_gap,100,1000,100,14980,0.8513621794871795,0.02595728720598263,0.007873120584945202,0.03666073379737578
g800,Gap_8_9mps,open_gap,100,1000,100,14980,0.9515224358974359,0.023644626634290237,0.006107032453326212,0.03288361081087583
g800,Gap_8_9mps,open_gap,100,1000,100,14980,1.0516826923076923,0.021759368301709377,0.006580390308970311,0.031426203954497134
g800,Gap_8_9mps,open_gap,100,1000,100,14980,1.1518429487179487,0.01998731588901277,0.005855532776861608,0.02901347818766371
g800,Gap_8_9mps,open_gap,100,1000,100,14980,1.252003205128205,0.018437752421393547,0.005592149417251737,0.02656712462959762
g800,Gap_8_9mps,open_gap,100,1000,100,14980,1.3521634615384615,0.017012012531592943,0.005462966323695867,0.025269341494843327
g800,Gap_8_9mps,open_gap,100,1000,100,14980,1.4523237179487178,0.015846715853603824,0.005080104010209048,0.02375408962443745
g800,Gap_8_9mps,open_gap,100,1000,100,14980,1.5524839743589745,0.014862441432043625,0.005124088196604557,0.02140318712313226
g800,Gap_8_9mps,open_gap,100,1000,100,14980,1.6526442307692308,0.014011938460744206,0.005048426011011025,0.020066242701567517
g800,Gap_8_9mps,open_gap,100,1000,100,14980,1.7528044871794872,0.013238408663836347,0.005931282167444948,0.01830217381362155
g800,Gap_8_9mps,open_gap,100,1000,100,14980,1.8529647435897436,0.012544898687347459,0.005318810234780328,0.017604923318300842
g800,Gap_8_9mps,open_gap,100,1000,100,14980,1.953125,0.011943159924419047,0.004739767886018943,0.016945100438163652
g800,Gap_8_9mps,open_gap,100,1000,100,14980,2.0532852564102564,0.011425884067666797,0.0050594090508714155,0.01550380944931758
g800,Gap_8_9mps,open_gap,100,1000,100,14980,2.1534455128205128,0.010958210504726663,0.004536653216232112,0.015414810400601347
g800,Gap_8_9mps,open_gap,100,1000,100,14980,2.253605769230769,0.010552504073198047,0.004301686914361658,0.015007268277439288
g800,Gap_8_9mps,open_gap,100,1000,100,14980,2.3537660256410255,0.010299293681084303,0.00401687325874483,0.014791107503613836
g800,Gap_8_9mps,open_gap,100,1000,100,14980,2.453926282051282,0.010181887559881702,0.004044023912239365,0.0152676884364489
g800,Gap_8_9mps,open_gap,100,1000,100,14980,2.5540865384615383,0.010089461986799643,0.003874350546763579,0.014073153905808038
g800,Gap_8_9mps,open_gap,100,1000,100,14980,2.6542467948717947,0.010003230448961864,0.0034729331360014884,0.014345536151527952
g800,Gap_8_9mps,open_gap,100,1000,100,14980,2.754407051282051,0.010009760668937122,0.0035477544446926162,0.015245623806259245
g800,Gap_8_9mps,open_gap,100,1000,100,14980,2.8545673076923075,0.010126902951973818,0.0030844652857693663,0.015127471915635307
g800,Gap_8_9mps,open_gap,100,1000,100,14980,2.9547275641025643,0.010281869496341267,0.0031608261247181423,0.01540327928666699
g800,Gap_8_9mps,open_gap,100,1000,100,14980,3.0548878205128207,0.010459156665181537,0.0037785881400376658,0.015648620055471314
g800,Gap_8_9mps,open_gap,100,1000,100,14980,3.155048076923077,0.010607229913313962,0.0038908201241636383,0.015783288225200285
g800,Gap_8_9mps,open_gap,100,1000,100,14980,3.2552083333333335,0.01063861119093053,0.0040723264096536585,0.015639993296924306
g800,Gap_8_9mps,open_gap,100,1000,100,14980,3.35536858974359,0.01064402610562466,0.00405002094106312,0.01606404918202996
g800,Gap_8_9mps,open_gap,100,1000,100,14980,3.4555288461538463,0.010601370546544175,0.0038321254572249454,0.01633922902978649
g800,Gap_8_9mps,open_gap,100,1000,100,14980,3.5556891025641026,0.010582618908729566,0.004285081844599025,0.016033554031665943
g800,Gap_8_9mps,open_gap,100,1000,100,14980,3.655849358974359,0.010610265923867544,0.004163278143894,0.016761908018796415
g800,Gap_8_9mps,open_gap,100,1000,100,14980,3.7560096153846154,0.010589256077497413,0.003942433319150786,0.016229878460243416
g800,Gap_8_9mps,open_gap,100,1000,100,14980,3.856169871794872,0.010537054341633927,0.004055789235304732,0.016198726884194842
g800,Gap_8_9mps,open_gap,100,1000,100,14980,3.956330128205128,0.010510723277372314,0.004259212848092598,0.01600698367413966
g800,Gap_8_9mps,open_gap,100,1000,100,14980,4.056490384615385,0.010469645062244562,0.004591337285784049,0.015391074406051286
g800,Gap_8_9mps,open_gap,100,1000,100,14980,4.156650641025641,0.010395261535715315,0.0044655786127804865,0.015361297468614326
g800,Gap_8_9mps,open_gap,100,1000,100,14980,4.256810897435898,0.010376661295678841,0.004140787127946249,0.015905028343399404
g800,Gap_8_9mps,open_gap,100,1000,100,14980,4.356971153846154,0.010348662900603416,0.004133612078989072,0.015397482050331347
g800,Gap_8_9mps,open_gap,100,1000,100,14980,4.457131410256411,0.010350142644435645,0.004523933222000226,0.014578809688341516
g800,Gap_8_9mps,open_gap,100,1000,100,14980,4.557291666666667,0.01044382879714579,0.0044373315241073,0.014672187225012782
g800,Gap_8_9mps,open_gap,100,1000,100,14980,4.657451923076923,0.010538919794833063,0.0044185163894989625,0.014830316141015373
g800,Gap_8_9mps,open_gap,100,1000,100,14980,4.75761217948718,0.010630852240206283,0.004863107488256381,0.014689730263227488
g800,Gap_8_9mps,open_gap,100,1000,100,14980,4.857772435897436,0.010747059913882815,0.004699776216978613,0.014597091715168833
g800,Gap_8_9mps,open_gap,100,1000,100,14980,4.9579326923076925,0.010840782782748559,0.005032587594518783,0.01460724411551884
g800,Gap_8_9mps,open_gap,100,1000,100,14980,5.058092948717949,0.010895184542800043,0.005102078362658616,0.014420227407058438
g800,Gap_8_9mps,open_gap,100,1000,100,14980,5.158253205128205,0.010940698457423997,0.005309785554318229,0.013805660776715306
g800,Gap_8_9mps,open_gap,100,1000,100,14980,5.258413461538462,0.010955352036367594,0.004972635350716129,0.013705307405031251
g800,Gap_8_9mps,open_gap,100,1000,100,14980,5.358573717948718,0.010980432156859106,0.0049276888644966925,0.013886399609896913
g800,Gap_8_9mps,open_gap,100,1000,100,14980,5.4587339743589745,0.010977929522117206,0.004689558997019054,0.014391038950293412
g800,Gap_8_9mps,open_gap,100,1000,100,14980,5.558894230769231,0.010910474496418252,0.0046275750155772635,0.01497586276155067
g800,Gap_8_9mps,open_gap,100,1000,100,14980,5.659054487179487,0.010830839527757626,0.00457870165063305,0.015622155360074719
g800,Gap_8_9mps,open_gap,100,1000,100,14980,5.759214743589744,0.010773544381890814,0.0044613037833159935,0.015684949300806574
g800,Gap_8_9mps,open_gap,100,1000,100,14980,5.859375,0.010706244348329062,0.00458726024731288,0.015620550210531912
g800,Gap_8_9mps,open_gap,100,1000,100,14980,5.959535256410256,0.010615087839392003,0.004089825691884091,0.015543011735146117
g800,Gap_8_9mps,open_gap,100,1000,100,14980,6.059695512820513,0.01053410590517535,0.003986150495657057,0.015344132037489721
g800,Gap_8_9mps,open_gap,100,1000,100,14980,6.159855769230769,0.010493630808149705,0.004633747382128995,0.01490677899407578
g800,Gap_8_9mps,open_gap,100,1000,100,14980,6.2600160256410255,0.01047299404114233,0.004793594956001389,0.014917921648321973
g800,Gap_8_9mps,open_gap,100,1000,100,14980,6.360176282051282,0.01046345313041131,0.004668338470975069,0.014556559591125527
g800,Gap_8_9mps,open_gap,100,1000,100,14980,6.460336538461538,0.010493930560050239,0.004557626198599018,0.01434930387453661
g800,Gap_8_9mps,open_gap,100,1000,100,14980,6.560496794871795,0.010572665021441075,0.00464746386176412,0.014107442734592444
g800,Gap_8_9mps,open_gap,100,1000,100,14980,6.660657051282051,0.010690666228632793,0.004452021137849184,0.014456375082816768
g800,Gap_8_9mps,open_gap,100,1000,100,14980,6.7608173076923075,0.010829681761154238,0.004129215876929503,0.014957594842607292
g800,Gap_8_9mps,open_gap,100,1000,100,14980,6.860977564102564,0.010922064004304639,0.0041774013908982555,0.014733570495594034
g800,Gap_8_9mps,open_gap,100,1000,100,14980,6.96113782051282,0.010977235851246235,0.003961764620632313,0.01535457920995644
g800,Gap_8_9mps,open_gap,100,1000,100,14980,7.061298076923077,0.01102198803485152,0.004186976151943905,0.01536660229018856
g800,Gap_8_9mps,open_gap,100,1000,100,14980,7.161458333333333,0.01108402300309985,0.004448298087321348,0.014908432127658609
g800,Gap_8_9mps,open_gap,100,1000,100,14980,7.261618589743589,0.011166421146482529,0.0047066619108026364,0.015410305844832613
g800,Gap_8_9mps,open_gap,100,1000,100,14980,7.361778846153846,0.011222385379900059,0.004823054828867913,0.014941908733985484
g800,Gap_8_9mps,open_gap,100,1000,100,14980,7.461939102564102,0.011255454036721402,0.004098773828093238,0.015350199335065004
g800,Gap_8_9mps,open_gap,100,1000,100,14980,7.562099358974359,0.011280057737463253,0.0042964534556497545,0.015205918562926484
g800,Gap_8_9mps,open_gap,100,1000,100,14980,7.662259615384615,0.011348420614798444,0.004211556293134579,0.015257226388898702
g800,Gap_8_9mps,open_gap,100,1000,100,14980,7.762419871794871,0.01144303469009984,0.0041347694948213635,0.015805486010221536
g800,Gap_8_9mps,open_gap,100,1000,100,14980,7.862580128205129,0.011554668766908053,0.004950362650022197,0.015981170416701537
g800,Gap_8_9mps,open_gap,100,1000,100,14980,7.962740384615385,0.011680218536965152,0.004998852949221472,0.01594166204691482
g800,Gap_8_9mps,open_gap,100,1000,100,14980,8.06290064102564,0.011815624907580806,0.0047898781560591335,0.015679102623482374
g800,Gap_8_9mps,open_gap,100,1000,100,14980,8.163060897435898,0.0119019073713652,0.004868799517366013,0.0156450195771555
g800,Gap_8_9mps,open_gap,100,1000,100,14980,8.263221153846153,0.011955613611796558,0.0049560222720951164,0.015765207437690623
g800,Gap_8_9mps,open_gap,100,1000,100,14980,8.36338141025641,0.012005841673701141,0.004819854166087141,0.015861433569034467
g800,Gap_8_9mps,open_gap,100,1000,100,14980,8.463541666666666,0.012082239787622882,0.004661401302310276,0.01611202168226682
g800,Gap_8_9mps,open_gap,100,1000,100,14980,8.563701923076923,0.012151018624571614,0.004733686040236411,0.01672135632238983
g800,Gap_8_9mps,open_gap,100,1000,100,14980,8.663862179487179,0.012236745676108789,0.004990278916617923,0.016995064998084987
g800,Gap_8_9mps,open_gap,100,1000,100,14980,8.764022435897436,0.012330284692784167,0.005003912687472954,0.01708646872504842
g800,Gap_8_9mps,open_gap,100,1000,100,14980,8.864182692307692,0.012394669807418126,0.005308563314742278,0.01747888247169286
g800,Gap_8_9mps,open_gap,100,1000,100,14980,8.964342948717949,0.012412105909527136,0.005378457528747492,0.018027682734476524
g800,Gap_8_9mps,open_gap,100,1000,100,14980,9.064503205128204,0.012401056870702762,0.005537795855143849,0.01857199984510611
g800,Gap_8_9mps,open_gap,100,1000,100,14980,9.164663461538462,0.012397827442678705,0.005520673228739505,0.018761422176719635
g800,Gap_8_9mps,open_gap,100,1000,100,14980,9.264823717948717,0.012402851234922279,0.005336922722419352,0.018511273908113815
g800,Gap_8_9mps,open_gap,100,1000,100,14980,9.364983974358974,0.012372269422111375,0.005520346924661766,0.01801379586545359
g800,Gap_8_9mps,open_gap,100,1000,100,14980,9.46514423076923,0.012346454413002788,0.005107155277744829,0.017568027358433616
g800,Gap_8_9mps,open_gap,100,1000,100,14980,9.565304487179487,0.012350570170757701,0.004974103563551812,0.017274290503118434
g800,Gap_8_9mps,open_gap,100,1000,100,14980,9.665464743589743,0.012391146700861081,0.0047104886016598275,0.017484538404219374
g800,Gap_8_9mps,open_gap,100,1000,100,14980,9.765625,0.012462704912054656,0.004919294766758416,0.01778435541852618
g800,Gap_8_9mps,open_gap,100,1000,100,14980,9.865785256410257,0.012563722315758426,0.00501777789536289,0.017972324395492692
g800,Gap_8_9mps,open_gap,100,1000,100,14980,9.965945512820513,0.012685812195119448,0.0052255148130582775,0.01803597661826986
g800,Gap_8_9mps,open_gap,500,1000,100,14980,0.05008012820512821,0.010173152547867636,0.004997852555347087,0.014636765698920053
g800,Gap_8_9mps,open_gap,500,1000,100,14980,0.1502403846153846,0.012893383989403834,0.005833230888206549,0.01833827616847713
g800,Gap_8_9mps,open_gap,500,1000,100,14980,0.250400641025641,0.014829403711391576,0.005738534343838119,0.022762685490317736
g800,Gap_8_9mps,open_gap,500,1000,100,14980,0.3505608974358974,0.015665409831273614,0.00703264302445282,0.022715330720080727
g800,Gap_8_9mps,open_gap,500,1000,100,14980,0.45072115384615385,0.01624117612868657,0.008316654047956961,0.022363750423544347
g800,Gap_8_9mps,open_gap,500,1000,100,14980,0.5508814102564102,0.01643197264624693,0.007088577624921833,0.02302201542308547
g800,Gap_8_9mps,open_gap,500,1000,100,14980,0.6510416666666666,0.016376376219017906,0.006252041971255389,0.0238767996831437
g800,Gap_8_9mps,open_gap,500,1000,100,14980,0.7512019230769231,0.016031498471763567,0.00638988763717911,0.023841009849340504
g800,Gap_8_9mps,open_gap,500,1000,100,14980,0.8513621794871795,0.01524711400119092,0.006057603990465757,0.023117936230918457
g800,Gap_8_9mps,open_gap,500,1000,100,14980,0.9515224358974359,0.014271688698277087,0.005557955180437279,0.0205772520268085
g800,Gap_8_9mps,open_gap,500,1000,100,14980,1.0516826923076923,0.013371490920568769,0.005928999565648277,0.019835470618677947
g800,Gap_8_9mps,open_gap,500,1000,100,14980,1.1518429487179487,0.012414392277772423,0.0054150092317409955,0.018450980977693186
g800,Gap_8_9mps,open_gap,500,1000,100,14980,1.252003205128205,0.011400509415923108,0.003843574729985452,0.016837478499849654
g800,Gap_8_9mps,open_gap,500,1000,100,14980,1.3521634615384615,0.010453509554705264,0.004090368290942836,0.015195547060477257
g800,Gap_8_9mps,open_gap,500,1000,100,14980,1.4523237179487178,0.00962659702474211,0.004306060641714866,0.014749592595681637
g800,Gap_8_9mps,open_gap,500,1000,100,14980,1.5524839743589745,0.008940551812079972,0.003612527786995418,0.013894193040194193
g800,Gap_8_9mps,open_gap,500,1000,100,14980,1.6526442307692308,0.008343384921762403,0.0031688791374912496,0.012671887508481142
g800,Gap_8_9mps,open_gap,500,1000,100,14980,1.7528044871794872,0.007705868328287419,0.0029483164542118494,0.011823687776974408
g800,Gap_8_9mps,open_gap,500,1000,100,14980,1.8529647435897436,0.007082790932833645,0.0029384738265142373,0.010875597427384818
g800,Gap_8_9mps,open_gap,500,1000,100,14980,1.953125,0.0065535325493421386,0.0024134417418606256,0.009961132869653149
g800,Gap_8_9mps,open_gap,500,1000,100,14980,2.0532852564102564,0.006103625842670194,0.002371956939440726,0.009080719112672542
g800,Gap_8_9mps,open_gap,500,1000,100,14980,2.1534455128205128,0.005788404563984736,0.0023810682506135348,0.008783988157860634
g800,Gap_8_9mps,open_gap,500,1000,100,14980,2.253605769230769,0.0055806910275803655,0.002353603528517005,0.008263276900246714
g800,Gap_8_9mps,open_gap,500,1000,100,14980,2.3537660256410255,0.005387852302484241,0.002437031551701358,0.00794425362507211
g800,Gap_8_9mps,open_gap,500,1000,100,14980,2.453926282051282,0.005221001535490271,0.0023547401021644394,0.007259687421257951
g800,Gap_8_9mps,open_gap,500,1000,100,14980,2.5540865384615383,0.0051480612514767056,0.002237666202364532,0.007747127955312476
g800,Gap_8_9mps,open_gap,500,1000,100,14980,2.6542467948717947,0.005067156525869476,0.0019949642467191296,0.008011834712391204
g800,Gap_8_9mps,open_gap,500,1000,100,14980,2.754407051282051,0.004987009014106007,0.002037290809815634,0.007750603742210166
g800,Gap_8_9mps,open_gap,500,1000,100,14980,2.8545673076923075,0.004926771251849263,0.0020834269652012863,0.007405270300022684
g800,Gap_8_9mps,open_gap,500,1000,100,14980,2.9547275641025643,0.00491525187208548,0.0020405641469605166,0.007509924895041837
g800,Gap_8_9mps,open_gap,500,1000,100,14980,3.0548878205128207,0.004915422329963557,0.002164775359976357,0.007038961871778426
g800,Gap_8_9mps,open_gap,500,1000,100,14980,3.155048076923077,0.004942379223893304,0.0022747591805739077,0.0075818281943674844
g800,Gap_8_9mps,open_gap,500,1000,100,14980,3.2552083333333335,0.005001015158503049,0.0022016027340550273,0.007691041783087872
g800,Gap_8_9mps,open_gap,500,1000,100,14980,3.35536858974359,0.005044132328013916,0.0022624207422731555,0.0077588233181752056
g800,Gap_8_9mps,open_gap,500,1000,100,14980,3.4555288461538463,0.005056591789475107,0.002331888701009816,0.007785003599592321
g800,Gap_8_9mps,open_gap,500,1000,100,14980,3.5556891025641026,0.0051035197004230745,0.002364630084140974,0.007629489200085857
g800,Gap_8_9mps,open_gap,500,1000,100,14980,3.655849358974359,0.005166917090902234,0.002211909135115555,0.0074252611205721086
g800,Gap_8_9mps,open_gap,500,1000,100,14980,3.7560096153846154,0.0052291075975457015,0.0024099703294366446,0.007431952307170734
g800,Gap_8_9mps,open_gap,500,1000,100,14980,3.856169871794872,0.005286616655949228,0.002425647065191758,0.007589962951640414
g800,Gap_8_9mps,open_gap,500,1000,100,14980,3.956330128205128,0.005286670013563447,0.0023644803696971995,0.007502683000436106
g800,Gap_8_9mps,open_gap,500,1000,100,14980,4.056490384615385,0.005290430960365444,0.0021179557114803984,0.00715263530006971
g800,Gap_8_9mps,open_gap,500,1000,100,14980,4.156650641025641,0.005315533284546358,0.0018711369364959947,0.007072639769845926
g800,Gap_8_9mps,open_gap,500,1000,100,14980,4.256810897435898,0.005347600505637188,0.0017749776711615758,0.0073953416944162985
g800,Gap_8_9mps,open_gap,500,1000,100,14980,4.356971153846154,0.00540058298478083,0.0018111227105241622,0.007404166300956029
g800,Gap_8_9mps,open_gap,500,1000,100,14980,4.457131410256411,0.005459434459728254,0.0018708891907262288,0.007573048172225021
g800,Gap_8_9mps,open_gap,500,1000,100,14980,4.557291666666667,0.00548020651654673,0.0019688902561581434,0.0076270000768910405
g800,Gap_8_9mps,open_gap,500,1000,100,14980,4.657451923076923,0.005497066329345354,0.0020149737241496085,0.0077408819903321815
g800,Gap_8_9mps,open_gap,500,1000,100,14980,4.75761217948718,0.005521559048510758,0.0018952518179246357,0.008017956399753254
g800,Gap_8_9mps,open_gap,500,1000,100,14980,4.857772435897436,0.005548599933948224,0.002173931245963173,0.007957721704930395
g800,Gap_8_9mps,open_gap,500,1000,100,14980,4.9579326923076925,0.00554520739209871,0.0021603283763552655,0.00790227053086312
g800,Gap_8_9mps,open_gap,500,1000,100,14980,5.058092948717949,0.005516687163250098,0.0023983080503277455,0.007884458982860216
g800,Gap_8_9mps,open_gap,500,1000,100,14980,5.158253205128205,0.005464424687724369,0.00221890062578238,0.007723743342259823
g800,Gap_8_9mps,open_gap,500,1000,100,14980,5.258413461538462,0.005385186436177406,0.001960199998372055,0.007408582451776909
g800,Gap_8_9mps,open_gap,500,1000,100,14980,5.358573717948718,0.005309309144323062,0.002005841336159506,0.007590492336299967
g800,Gap_8_9mps,open_gap,500,1000,100,14980,5.4587339743589745,0.00524485413525635,0.002155985542901735,0.007898390334763378
g800,Gap_8_9mps,open_gap,500,1000,100,14980,5.558894230769231,0.005229620028169716,0.0021937239044664716,0.007941006185500782
g800,Gap_8_9mps,open_gap,500,1000,100,14980,5.659054487179487,0.00522885312617116,0.0021044674307943395,0.007652601503004046
g800,Gap_8_9mps,open_gap,500,1000,100,14980,5.759214743589744,0.005235091838381254,0.001994485466404591,0.007616364128305368
g800,Gap_8_9mps,open_gap,500,1000,100,14980,5.859375,0.005223428497668801,0.001774858011628625,0.007352039360758594
g800,Gap_8_9mps,open_gap,500,1000,100,14980,5.959535256410256,0.0051889759475782105,0.0019042763978715373,0.007537960485932013
g800,Gap_8_9mps,open_gap,500,1000,100,14980,6.059695512820513,0.005165585221189336,0.002008699268493871,0.007582438725773025
g800,Gap_8_9mps,open_gap,500,1000,100,14980,6.159855769230769,0.005170300685682931,0.002035043828872084,0.007850816325873654
g800,Gap_8_9mps,open_gap,500,1000,100,14980,6.2600160256410255,0.005175077119287493,0.0019580718939118426,0.008159590402644051
g800,Gap_8_9mps,open_gap,500,1000,100,14980,6.360176282051282,0.005185307453016033,0.002186572569467372,0.008117009469303157
g800,Gap_8_9mps,open_gap,500,1000,100,14980,6.460336538461538,0.005198297376618941,0.002230536540016438,0.008154240866578592
g800,Gap_8_9mps,open_gap,500,1000,100,14980,6.560496794871795,0.0052173449320947664,0.002185133367145574,0.00824772171405842
g800,Gap_8_9mps,open_gap,500,1000,100,14980,6.660657051282051,0.005265663060692144,0.001963183944095134,0.008257554678473809
g800,Gap_8_9mps,open_gap,500,1000,100,14980,6.7608173076923075,0.005338796006745389,0.0018747113115799954,0.008391834804537425
g800,Gap_8_9mps,open_gap,500,1000,100,14980,6.860977564102564,0.005417826766646217,0.0018342632837555456,0.00828448873826959
g800,Gap_8_9mps,open_gap,500,1000,100,14980,6.96113782051282,0.005492653500927747,0.0018648132842738951,0.007933525453918839
g800,Gap_8_9mps,open_gap,500,1000,100,14980,7.061298076923077,0.005586622913344786,0.0019867892004400375,0.00795182656022974
g800,Gap_8_9mps,open_gap,500,1000,100,14980,7.161458333333333,0.00568372028774183,0.0021467630290154145,0.008045193829954554
g800,Gap_8_9mps,open_gap,500,1000,100,14980,7.261618589743589,0.005780429472607954,0.0021726497292868254,0.008136160251280434
g800,Gap_8_9mps,open_gap,500,1000,100,14980,7.361778846153846,0.005889326963825979,0.0023283419609881994,0.008574379697575109
g800,Gap_8_9mps,open_gap,500,1000,100,14980,7.461939102564102,0.006002237587318899,0.0024737771645546103,0.008940422796580243
g800,Gap_8_9mps,open_gap,500,1000,100,14980,7.562099358974359,0.006114735659841092,0.002415392723024034,0.00924568868177322
g800,Gap_8_9mps,open_gap,500,1000,100,14980,7.662259615384615,0.006234168377970395,0.0023572897465310495,0.009374710272539876
g800,Gap_8_9mps,open_gap,500,1000,100,14980,7.762419871794871,0.006339392402850194,0.0024795937602708163,0.009629743329849689
g800,Gap_8_9mps,open_gap,500,1000,100,14980,7.862580128205129,0.006416323203043873,0.002586808602521835,0.009497464570084414
g800,Gap_8_9mps,open_gap,500,1000,100,14980,7.962740384615385,0.006474672075970831,0.0024809437417990525,0.00974290414751331
g800,Gap_8_9mps,open_gap,500,1000,100,14980,8.06290064102564,0.0065403054246309655,0.002569232034842512,0.010210469295453035
g800,Gap_8_9mps,open_gap,500,1000,100,14980,8.163060897435898,0.006627108987070923,0.0026712226685944806,0.011014578441318194
g800,Gap_8_9mps,open_gap,500,1000,100,14980,8.263221153846153,0.0067003855023964245,0.002281642820070364,0.011565152617757757
g800,Gap_8_9mps,open_gap,500,1000,100,14980,8.36338141025641,0.006767958213014489,0.0023959772964323757,0.011788450694011849
g800,Gap_8_9mps,open_gap,500,1000,100,14980,8.463541666666666,0.006862698916899295,0.0025216155891795936,0.011705257242821237
g800,Gap_8_9mps,open_gap,500,1000,100,14980,8.563701923076923,0.006968970022473019,0.0026201191957737945,0.011493095938123357
g800,Gap_8_9mps,open_gap,500,1000,100,14980,8.663862179487179,0.007035619955048685,0.002532706630476342,0.011455215785309551
g800,Gap_8_9mps,open_gap,500,1000,100,14980,8.764022435897436,0.007061848068848725,0.002385369557138916,0.011182824448474817
g800,Gap_8_9mps,open_gap,500,1000,100,14980,8.864182692307692,0.00704636149142176,0.0022965479658507786,0.010842651176246174
g800,Gap_8_9mps,open_gap,500,1000,100,14980,8.964342948717949,0.007021123532129271,0.002443446593285794,0.010819126821248382
g800,Gap_8_9mps,open_gap,500,1000,100,14980,9.064503205128204,0.007023304986422593,0.0024887493805766823,0.011151982419903058
g800,Gap_8_9mps,open_gap,500,1000,100,14980,9.164663461538462,0.007061388504847685,0.0022622942543245833,0.011319516220671549
g800,Gap_8_9mps,open_gap,500,1000,100,14980,9.264823717948717,0.007122193838718987,0.002386422857525834,0.011429376250418455
g800,Gap_8_9mps,open_gap,500,1000,100,14980,9.364983974358974,0.00718183663252599,0.0024621225075578354,0.011558230292946631
g800,Gap_8_9mps,open_gap,500,1000,100,14980,9.46514423076923,0.007235583655463884,0.0024429860970209753,0.011616921108362174
g800,Gap_8_9mps,open_gap,500,1000,100,14980,9.565304487179487,0.0072663437326181335,0.0024159496477212748,0.011609666221803736
g800,Gap_8_9mps,open_gap,500,1000,100,14980,9.665464743589743,0.007239366985451213,0.0025432550069397685,0.011558502312817309
g800,Gap_8_9mps,open_gap,500,1000,100,14980,9.765625,0.007183464295581757,0.002631670969291751,0.011541886560486922
g800,Gap_8_9mps,open_gap,500,1000,100,14980,9.865785256410257,0.007150295442645913,0.002251932144607771,0.011464397947873435
g800,Gap_8_9mps,open_gap,500,1000,100,14980,9.965945512820513,0.007178463649910972,0.002379194006687895,0.01149898850384797
g400,Gap_4_9mps,forested,1,1000,100,51730,0.05008012820512821,0.6334704048713309,0.2757206372436373,0.7539631023124862
g400,Gap_4_9mps,forested,1,1000,100,51730,0.1502403846153846,0.6087816206015996,0.27756096723522555,0.7477596574303946
g400,Gap_4_9mps,forested,1,1000,100,51730,0.250400641025641,0.7984286177632015,0.34754472804000625,0.7291992642852843
g400,Gap_4_9mps,forested,1,1000,100,51730,0.3505608974358974,0.7586756227971597,0.26153308071825027,0.7017617645110328
g400,Gap_4_9mps,forested,1,1000,100,51730,0.45072115384615385,0.3902824950849648,0.11721265261922251,0.4672925031333518
g400,Gap_4_9mps,forested,1,1000,100,51730,0.5508814102564102,0.25808333444687365,0.06236661455536945,0.3727765419695369
g400,Gap_4_9mps,forested,1,1000,100,51730,0.6510416666666666,0.2092080698854779,0.06721589727765487,0.31256444763068875
g400,Gap_4_9mps,forested,1,1000,100,51730,0.7512019230769231,0.1918091603341615,0.060366385140277035,0.29689665157906026
g400,Gap_4_9mps,forested,1,1000,100,51730,0.8513621794871795,0.1720250523516339,0.06600182721280112,0.24568391120257596
g400,Gap_4_9mps,forested,1,1000,100,51730,0.9515224358974359,0.1549905984554187,0.062102750920100314,0.2034101404780818
g400,Gap_4_9mps,forested,1,1000,100,51730,1.0516826923076923,0.1482618769760668,0.05171568302866539,0.1984599878847924
g400,Gap_4_9mps,forested,1,1000,100,51730,1.1518429487179487,0.14833554333067864,0.05327400914550785,0.19507215399534705
g400,Gap_4_9mps,forested,1,1000,100,51730,1.252003205128205,0.14915777062106989,0.05836299614720296,0.2023817826338722
g400,Gap_4_9mps,forested,1,1000,100,51730,1.3521634615384615,0.14764363259016366,0.05476709888784897,0.20135211716805904
g400,Gap_4_9mps,forested,1,1000,100,51730,1.4523237179487178,0.14379680016602736,0.05401329545662946,0.21348953415214145
g400,Gap_4_9mps,forested,1,1000,100,51730,1.5524839743589745,0.138103395974926,0.054317966366929094,0.20710161928390464
g400,Gap_4_9mps,forested,1,1000,100,51730,1.6526442307692308,0.13219240955873876,0.04882392248345904,0.18260609399665811
g400,Gap_4_9mps,forested,1,1000,100,51730,1.7528044871794872,0.12637571048089247,0.04311674428737976,0.17465412506614023
g400,Gap_4_9mps,forested,1,1000,100,51730,1.8529647435897436,0.12059873669191136,0.04593991964548236,0.17548401152737342
g400,Gap_4_9mps,forested,1,1000,100,51730,1.953125,0.11505506599481016,0.04181550998700101,0.16800714134743477
g400,Gap_4_9mps,forested,1,1000,100,51730,2.0532852564102564,0.11073722555448341,0.03941404915928151,0.16290569574873062
g400,Gap_4_9mps,forested,1,1000,100,51730,2.1534455128205128,0.10841101041726803,0.04441144073074619,0.15781991645084503
g400,Gap_4_9mps,forested,1,1000,100,51730,2.253605769230769,0.10718002626207587,0.04818983505986314,0.15637526064210008
g400,Gap_4_9mps,forested,1,1000,100,51730,2.3537660256410255,0.10611639340069284,0.05171414054095265,0.1466710050468846
g400,Gap_4_9mps,forested,1,1000,100,51730,2.453926282051282,0.1048043183396887,0.05155110511954285,0.13687073665579746
g400,Gap_4_9mps,forested,1,1000,100,51730,2.5540865384615383,0.10327135197171101,0.05280293187982866,0.14342406250064885
g400,Gap_4_9mps,forested,1,1000,100,51730,2.6542467948717947,0.10275713224206993,0.0524306918445846,0.1458266932498483
g400,Gap_4_9mps,forested,1,1000,100,51730,2.754407051282051,0.10231178683121435,0.05110646895989556,0.14586705476571302
g400,Gap_4_9mps,forested,1,1000,100,51730,2.8545673076923075,0.10197916757111589,0.05057478318248285,0.15108250999723566
g400,Gap_4_9mps,forested,1,1000,100,51730,2.9547275641025643,0.10091834380922361,0.049033217319863535,0.14953106770288807
g400,Gap_4_9mps,forested,1,1000,100,51730,3.0548878205128207,0.09999497775793287,0.04090450477199121,0.145068063848428
g400,Gap_4_9mps,forested,1,1000,100,51730,3.155048076923077,0.09979611325183674,0.03945737632321604,0.14272211139950686
g400,Gap_4_9mps,forested,1,1000,100,51730,3.2552083333333335,0.1001746393427513,0.036702777565494074,0.14415253424361363
g400,Gap_4_9mps,forested,1,1000,100,51730,3.35536858974359,0.10066942609775502,0.03951177791148232,0.14575811300963507
g400,Gap_4_9mps,forested,1,1000,100,51730,3.4555288461538463,0.10098428569886687,0.04191660669152695,0.14594047659507642
g400,Gap_4_9mps,forested,1,1000,100,51730,3.5556891025641026,0.10113337255602659,0.044035340309586994,0.1428891192405245
g400,Gap_4_9mps,forested,1,1000,100,51730,3.655849358974359,0.10241240257130904,0.03788536702907463,0.13731673356425927
g400,Gap_4_9mps,forested,1,1000,100,51730,3.7560096153846154,0.10446287391062548,0.04309804120000691,0.13788361416724715
g400,Gap_4_9mps,forested,1,1000,100,51730,3.856169871794872,0.1063768516147312,0.04849139405880785,0.14450765356352496
g400,Gap_4_9mps,forested,1,1000,100,51730,3.956330128205128,0.10765612244007577,0.05363633623985688,0.1571664836665262
g400,Gap_4_9mps,forested,1,1000,100,51730,4.056490384615385,0.10851644062105555,0.0566484885172069,0.15762972673218945
g400,Gap_4_9mps,forested,1,1000,100,51730,4.156650641025641,0.10906423972173193,0.054015608070302944,0.15209593508299024
g400,Gap_4_9mps,forested,1,1000,100,51730,4.256810897435898,0.10944103512724838,0.05218726570411343,0.15040400170363113
g400,Gap_4_9mps,forested,1,1000,100,51730,4.356971153846154,0.10954335689582445,0.050933809430140545,0.1509222566492941
g400,Gap_4_9mps,forested,1,1000,100,51730,4.457131410256411,0.10925516051157809,0.05095680100241957,0.15040337882675217
g400,Gap_4_9mps,forested,1,1000,100,51730,4.557291666666667,0.10907764632365588,0.054215811177149416,0.14530558434302104
g400,Gap_4_9mps,forested,1,1000,100,51730,4.657451923076923,0.10873048552614925,0.05387724658876679,0.1449805502933648
g400,Gap_4_9mps,forested,1,1000,100,51730,4.75761217948718,0.10879039453863454,0.055488847055369,0.14231543152936532
g400,Gap_4_9mps,forested,1,1000,100,51730,4.857772435897436,0.10937991335825543,0.053498534885099674,0.14339003199493416
g400,Gap_4_9mps,forested,1,1000,100,51730,4.9579326923076925,0.11007955755487,0.051634642244741354,0.1444493312884358
g400,Gap_4_9mps,forested,1,1000,100,51730,5.058092948717949,0.1106073918831025,0.05291163726693065,0.14787195484285381
g400,Gap_4_9mps,forested,1,1000,100,51730,5.158253205128205,0.11056119310607483,0.053385373220253954,0.14852504747976958
g400,Gap_4_9mps,forested,1,1000,100,51730,5.258413461538462,0.10994417840024251,0.05094321954353741,0.14707362402307597
g400,Gap_4_9mps,forested,1,1000,100,51730,5.358573717948718,0.10968180888919882,0.05213714850524388,0.14792419199444834
g400,Gap_4_9mps,forested,1,1000,100,51730,5.4587339743589745,0.11024787842684933,0.04817080359165207,0.15015091277057296
g400,Gap_4_9mps,forested,1,1000,100,51730,5.558894230769231,0.11100235129056521,0.05159905390953332,0.16063298461275166
g400,Gap_4_9mps,forested,1,1000,100,51730,5.659054487179487,0.11197475529120628,0.04640216039404234,0.16633601384146368
g400,Gap_4_9mps,forested,1,1000,100,51730,5.759214743589744,0.11316539945611134,0.04396094540989421,0.1685621170525901
g400,Gap_4_9mps,forested,1,1000,100,51730,5.859375,0.11464389940917152,0.04604592131885686,0.1678755997149312
g400,Gap_4_9mps,forested,1,1000,100,51730,5.959535256410256,0.11587548972457934,0.04963894976973535,0.16674925584532915
g400,Gap_4_9mps,forested,1,1000,100,51730,6.059695512820513,0.1168746280957955,0.04413353424288847,0.17110556806121427
g400,Gap_4_9mps,forested,1,1000,100,51730,6.159855769230769,0.1179950029343693,0.04339542133367022,0.17422126351426745
g400,Gap_4_9mps,forested,1,1000,100,51730,6.2600160256410255,0.11982663471442243,0.04876906867278369,0.16934939917144937
g400,Gap_4_9mps,forested,1,1000,100,51730,6.360176282051282,0.1217828039836764,0.054183071989245324,0.1671940273127089
g400,Gap_4_9mps,forested,1,1000,100,51730,6.460336538461538,0.12377045507273168,0.05369562317996871,0.1709767559759989
g400,Gap_4_9mps,forested,1,1000,100,51730,6.560496794871795,0.12550429867148993,0.05284515019243561,0.17069051512648192
g400,Gap_4_9mps,forested,1,1000,100,51730,6.660657051282051,0.12679678731737826,0.05317326453279497,0.17730375767024015
g400,Gap_4_9mps,forested,1,1000,100,51730,6.7608173076923075,0.12769510558199887,0.05192001689232723,0.18020073253988672
g400,Gap_4_9mps,forested,1,1000,100,51730,6.860977564102564,0.12848390387192102,0.0557659250588102,0.18606790654901184
g400,Gap_4_9mps,forested,1,1000,100,51730,6.96113782051282,0.12901447752875622,0.055854272894971156,0.18953669132171141
g400,Gap_4_9mps,forested,1,1000,100,51730,7.061298076923077,0.12908153585597426,0.05523219848976038,0.18998758222711748
g400,Gap_4_9mps,forested,1,1000,100,51730,7.161458333333333,0.12901195554503356,0.05486923291923052,0.18512285872044112
g400,Gap_4_9mps,forested,1,1000,100,51730,7.261618589743589,0.12900241884826316,0.0560097147924922,0.1883772556761525
g400,Gap_4_9mps,forested,1,1000,100,51730,7.361778846153846,0.12905930242040367,0.05783510289052516,0.1898522251509848
g400,Gap_4_9mps,forested,1,1000,100,51730,7.461939102564102,0.12904038236816054,0.057216981147070696,0.18722930451239528
g400,Gap_4_9mps,forested,1,1000,100,51730,7.562099358974359,0.12895896796079906,0.054439456322261014,0.18813223118299888
g400,Gap_4_9mps,forested,1,1000,100,51730,7.662259615384615,0.1287973274655514,0.052105601889613065,0.19322117670130926
g400,Gap_4_9mps,forested,1,1000,100,51730,7.762419871794871,0.1287001212030511,0.0494644947174451,0.19629897877832325
g400,Gap_4_9mps,forested,1,1000,100,51730,7.862580128205129,0.12878926181494021,0.0460008723567053,0.19763668124538886
g400,Gap_4_9mps,forested,1,1000,100,51730,7.962740384615385,0.12959051668070573,0.04663381730619012,0.2019728494035624
g400,Gap_4_9mps,forested,1,1000,100,51730,8.06290064102564,0.13075896369436532,0.047551725833661525,0.19873560069210516
g400,Gap_4_9mps,forested,1,1000,100,51730,8.163060897435898,0.13194230161186707,0.0483129332713724,0.1969499242748637
g400,Gap_4_9mps,forested,1,1000,100,51730,8.263221153846153,0.1330297387692202,0.04753679187597874,0.1960684509118426
g400,Gap_4_9mps,forested,1,1000,100,51730,8.36338141025641,0.13403146631840374,0.05084562008086595,0.1980592397708841
g400,Gap_4_9mps,forested,1,1000,100,51730,8.463541666666666,0.1350947598386344,0.048388974731567676,0.1980399814992605
g400,Gap_4_9mps,forested,1,1000,100,51730,8.563701923076923,0.13631890281333636,0.04512108123302529,0.19949107031429011
g400,Gap_4_9mps,forested,1,1000,100,51730,8.663862179487179,0.1377633415067364,0.047266790641693646,0.20034780549040615
g400,Gap_4_9mps,forested,1,1000,100,51730,8.764022435897436,0.13927291196500177,0.04422636377686761,0.19857970980402287
g400,Gap_4_9mps,forested,1,1000,100,51730,8.864182692307692,0.1404062427755459,0.04430323557444529,0.20213616593921085
g400,Gap_4_9mps,forested,1,1000,100,51730,8.964342948717949,0.14123344541008445,0.04618013007670089,0.2009082870248228
g400,Gap_4_9mps,forested,1,1000,100,51730,9.064503205128204,0.14179047880202833,0.04826188452603255,0.20416876915148874
g400,Gap_4_9mps,forested,1,1000,100,51730,9.164663461538462,0.1420584236425319,0.050542838770677286,0.20411194892001663
g400,Gap_4_9mps,forested,1,1000,100,51730,9.264823717948717,0.1424452475997816,0.05281611138921674,0.20984478698890516
g400,Gap_4_9mps,forested,1,1000,100,51730,9.364983974358974,0.14279297182124936,0.05164132665612441,0.2101341223472004
g400,Gap_4_9mps,forested,1,1000,100,51730,9.46514423076923,0.14348592421050166,0.05689196157106919,0.20989749134369504
g400,Gap_4_9mps,forested,1,1000,100,51730,9.565304487179487,0.14437751120579556,0.05925190102603762,0.2114594259548746
g400,Gap_4_9mps,forested,1,1000,100,51730,9.665464743589743,0.14488152857921172,0.05957543320349032,0.21575719085668738
g400,Gap_4_9mps,forested,1,1000,100,51730,9.765625,0.14501355718838416,0.05648481338739365,0.21235055491156146
g400,Gap_4_9mps,forested,1,1000,100,51730,9.865785256410257,0.1456141245192477,0.06378573903682475,0.20589033290453562
g400,Gap_4_9mps,forested,1,1000,100,51730,9.965945512820513,0.14691026807363694,0.06899605752175203,0.20702825452960247
g400,Gap_4_9mps,forested,10,1000,100,51730,0.05008012820512821,0.18059699657467693,0.05529166851103195,0.2495493423069038
g400,Gap_4_9mps,forested,10,1000,100,51730,0.1502403846153846,0.17031372755905644,0.058858445736093216,0.2282650940188644
g400,Gap_4_9mps,forested,10,1000,100,51730,0.250400641025641,0.3584955643745896,0.19213894380438934,0.45544369643119814
g400,Gap_4_9mps,forested,10,1000,100,51730,0.3505608974358974,0.3625610714265653,0.19179671542312346,0.4233497445542257
g400,Gap_4_9mps,forested,10,1000,100,51730,0.45072115384615385,0.1552787727548868,0.07441958213935117,0.19927460052057788
g400,Gap_4_9mps,forested,10,1000,100,51730,0.5508814102564102,0.08313918834148913,0.03480090022963664,0.114478002365629
g400,Gap_4_9mps,forested,10,1000,100,51730,0.6510416666666666,0.062278178699626485,0.023567888008135827,0.09015351577816594
g400,Gap_4_9mps,forested,10,1000,100,51730,0.7512019230769231,0.05825136794488467,0.026404096700796645,0.08023348674633778
g400,Gap_4_9mps,forested,10,1000,100,51730,0.8513621794871795,0.05591952646007339,0.025944464863476263,0.06907213846803158
g400,Gap_4_9mps,forested,10,1000,100,51730,0.9515224358974359,0.05370847004685625,0.026624544183584516,0.07696861172989894
g400,Gap_4_9mps,forested,10,1000,100,51730,1.0516826923076923,0.05311775084900759,0.025390359253783856,0.0730907224487904
g400,Gap_4_9mps,forested,10,1000,100,51730,1.1518429487179487,0.05237979777993122,0.02150684898071003,0.07529345832109655
g400,Gap_4_9mps,forested,10,1000,100,51730,1.252003205128205,0.05098593518929331,0.021715311300368384,0.07398696111922848
g400,Gap_4_9mps,forested,10,1000,100,51730,1.3521634615384615,0.04918643047790606,0.022693064376688436,0.07074585953278263
g400,Gap_4_9mps,forested,10,1000,100,51730,1.4523237179487178,0.047537221609831,0.020835833394967168,0.06725522762824614
g400,Gap_4_9mps,forested,10,1000,100,51730,1.5524839743589745,0.045861353533069985,0.019083994458653643,0.06844420485770694
g400,Gap_4_9mps,forested,10,1000,100,51730,1.6526442307692308,0.044662769857857,0.016514596511807873,0.06547052641913559
g400,Gap_4_9mps,forested,10,1000,100,51730,1.7528044871794872,0.043827056549227805,0.019705552829950526,0.0649010130925887
g400,Gap_4_9mps,forested,10,1000,100,51730,1.8529647435897436,0.04296502395510929,0.019193725353622237,0.06381084650662293
g400,Gap_4_9mps,forested,10,1000,100,51730,1.953125,0.04200018811276837,0.018666074503765756,0.059688081549282346
g400,Gap_4_9mps,forested,10,1000,100,51730,2.0532852564102564,0.040975327252021125,0.01357226969897882,0.05819027672060937
g400,Gap_4_9mps,forested,10,1000,100,51730,2.1534455128205128,0.03990741301141214,0.013270602620627623,0.058015288901221373
g400,Gap_4_9mps,forested,10,1000,100,51730,2.253605769230769,0.039117811767113285,0.013553126814103035,0.0573396820479931
g400,Gap_4_9mps,forested,10,1000,100,51730,2.3537660256410255,0.03862127654096867,0.015698445216800996,0.05593262512590338
g400,Gap_4_9mps,forested,10,1000,100,51730,2.453926282051282,0.038583752254506734,0.014242135460233164,0.05527078541055211
g400,Gap_4_9mps,forested,10,1000,100,51730,2.5540865384615383,0.03839441535470349,0.013761486453867919,0.05618048192170801
g400,Gap_4_9mps,forested,10,1000,100,51730,2.6542467948717947,0.03838591130887643,0.015070546205486673,0.057093804329192775
g400,Gap_4_9mps,forested,10,1000,100,51730,2.754407051282051,0.038327972297855464,0.015546353991257355,0.05716404878369642
g400,Gap_4_9mps,forested,10,1000,100,51730,2.8545673076923075,0.03810181820587478,0.015036616796139612,0.05702713858179254
g400,Gap_4_9mps,forested,10,1000,100,51730,2.9547275641025643,0.03785970221962652,0.013782777488284001,0.05577852898588966
g400,Gap_4_9mps,forested,10,1000,100,51730,3.0548878205128207,0.03802300075416223,0.013148688196676405,0.0555635959979958
g400,Gap_4_9mps,forested,10,1000,100,51730,3.155048076923077,0.038575105273332494,0.014846366759693187,0.055786327997134455
g400,Gap_4_9mps,forested,10,1000,100,51730,3.2552083333333335,0.03902656844780182,0.014638532646160773,0.0552805748269035
g400,Gap_4_9mps,forested,10,1000,100,51730,3.35536858974359,0.03928513357171281,0.014554642799448406,0.056082708311782956
g400,Gap_4_9mps,forested,10,1000,100,51730,3.4555288461538463,0.03967325578238381,0.014914290423644953,0.054679590373987536
g400,Gap_4_9mps,forested,10,1000,100,51730,3.5556891025641026,0.039987423220797666,0.01578904336393023,0.05615648504363248
g400,Gap_4_9mps,forested,10,1000,100,51730,3.655849358974359,0.040182417980457144,0.016282723744810372,0.05676719212228677
g400,Gap_4_9mps,forested,10,1000,100,51730,3.7560096153846154,0.04032101911160515,0.01835135889621545,0.05723781440662994
g400,Gap_4_9mps,forested,10,1000,100,51730,3.856169871794872,0.04050064018846797,0.017672642037251718,0.05660120809727601
g400,Gap_4_9mps,forested,10,1000,100,51730,3.956330128205128,0.04078614977983598,0.019296609641466768,0.056351966107803124
g400,Gap_4_9mps,forested,10,1000,100,51730,4.056490384615385,0.04101928602640872,0.01938341264192974,0.05665435010388575
g400,Gap_4_9mps,forested,10,1000,100,51730,4.156650641025641,0.041070467150422924,0.01869853487861279,0.056610493345888004
g400,Gap_4_9mps,forested,10,1000,100,51730,4.256810897435898,0.04098694708622612,0.018239998720569518,0.05711231330232047
g400,Gap_4_9mps,forested,10,1000,100,51730,4.356971153846154,0.040816488700434694,0.018550015078874306,0.059167992968197386
g400,Gap_4_9mps,forested,10,1000,100,51730,4.457131410256411,0.04062952806252637,0.018894866328156682,0.05971527086657563
g400,Gap_4_9mps,forested,10,1000,100,51730,4.557291666666667,0.04057612974758006,0.018562054006207116,0.05971399711361129
g400,Gap_4_9mps,forested,10,1000,100,51730,4.657451923076923,0.04067491586974497,0.018157236542207078,0.05877669369972159
g400,Gap_4_9mps,forested,10,1000,100,51730,4.75761217948718,0.04091249716791335,0.01643794118538786,0.059240233648206284
g400,Gap_4_9mps,forested,10,1000,100,51730,4.857772435897436,0.04124521337916811,0.016310777327585364,0.06047506129363469
g400,Gap_4_9mps,forested,10,1000,100,51730,4.9579326923076925,0.04146813980498142,0.014005763567004517,0.06082179088891237
g400,Gap_4_9mps,forested,10,1000,100,51730,5.058092948717949,0.041711028454132014,0.015084308231408775,0.061704392699719036
g400,Gap_4_9mps,forested,10,1000,100,51730,5.158253205128205,0.0418629532969976,0.015751914694226557,0.06309622478776675
g400,Gap_4_9mps,forested,10,1000,100,51730,5.258413461538462,0.041825609582872875,0.015315371704357364,0.06242755438572699
g400,Gap_4_9mps,forested,10,1000,100,51730,5.358573717948718,0.04176175810976573,0.01585618281929104,0.06330614741088589
g400,Gap_4_9mps,forested,10,1000,100,51730,5.4587339743589745,0.0418264772082276,0.014309613158126804,0.0637924071454202
g400,Gap_4_9mps,forested,10,1000,100,51730,5.558894230769231,0.0419566959539259,0.015646424072135817,0.06440956742927154
g400,Gap_4_9mps,forested,10,1000,100,51730,5.659054487179487,0.042294922830544396,0.014478070697307879,0.06532396177921405
g400,Gap_4_9mps,forested,10,1000,100,51730,5.759214743589744,0.0426786355541752,0.015456741724897851,0.06638556370299074
g400,Gap_4_9mps,forested,10,1000,100,51730,5.859375,0.04306903369848372,0.014395325585859948,0.06563139551048688
g400,Gap_4_9mps,forested,10,1000,100,51730,5.959535256410256,0.043446291573467084,0.01433879703835789,0.06703558418059037
g400,Gap_4_9mps,forested,10,1000,100,51730,6.059695512820513,0.04385954052323173,0.015648069585133078,0.06792670715080855
g400,Gap_4_9mps,forested,10,1000,100,51730,6.159855769230769,0.044628195325599196,0.01671898961214581,0.06901975352353756
g400,Gap_4_9mps,forested,10,1000,100,51730,6.2600160256410255,0.045453449574759774,0.017858200879363795,0.07044727476272408
g400,Gap_4_9mps,forested,10,1000,100,51730,6.360176282051282,0.04619762937866856,0.018758893795229947,0.07229663317433305
g400,Gap_4_9mps,forested,10,1000,100,51730,6.460336538461538,0.04684270136352422,0.01992440405594945,0.07321571208625394
g400,Gap_4_9mps,forested,10,1000,100,51730,6.560496794871795,0.04738164715752262,0.02161669785969325,0.07288835824259868
g400,Gap_4_9mps,forested,10,1000,100,51730,6.660657051282051,0.04783664525294922,0.021407984737819297,0.07424178314378062
g400,Gap_4_9mps,forested,10,1000,100,51730,6.7608173076923075,0.0483306244183265,0.021942390307145454,0.07359128065702641
g400,Gap_4_9mps,forested,10,1000,100,51730,6.860977564102564,0.04882059917123208,0.021815194680702484,0.07370857715614094
g400,Gap_4_9mps,forested,10,1000,100,51730,6.96113782051282,0.04926820417871039,0.0225438010705658,0.07286571052848655
g400,Gap_4_9mps,forested,10,1000,100,51730,7.061298076923077,0.04978531988352348,0.022969883188913447,0.07155543352597254
g400,Gap_4_9mps,forested,10,1000,100,51730,7.161458333333333,0.05033085047231164,0.02245265479813033,0.07106255598394393
g400,Gap_4_9mps,forested,10,1000,100,51730,7.261618589743589,0.050907562651076495,0.02272822249165915,0.07161172413382023
g400,Gap_4_9mps,forested,10,1000,100,51730,7.361778846153846,0.05143586503311722,0.024137854626051586,0.07429026336037198
g400,Gap_4_9mps,forested,10,1000,100,51730,7.461939102564102,0.051869150355247785,0.02360966778346562,0.07647026614890763
g400,Gap_4_9mps,forested,10,1000,100,51730,7.562099358974359,0.052179593989187374,0.025558362322914793,0.0771072864648881
g400,Gap_4_9mps,forested,10,1000,100,51730,7.662259615384615,0.052395195875390564,0.02571056373319293,0.0785403822074562
g400,Gap_4_9mps,forested,10,1000,100,51730,7.762419871794871,0.05255538066461509,0.024886952038340293,0.07945675300945187
g400,Gap_4_9mps,forested,10,1000,100,51730,7.862580128205129,0.05270608537462999,0.02436303132132132,0.07999076636611345
g400,Gap_4_9mps,forested,10,1000,100,51730,7.962740384615385,0.05278828082703588,0.022289307409604296,0.08001181322162965
g400,Gap_4_9mps,forested,10,1000,100,51730,8.06290064102564,0.05289064561596099,0.021790269542671895,0.08164027716316977
g400,Gap_4_9mps,forested,10,1000,100,51730,8.163060897435898,0.05296144722644178,0.02159589499944466,0.08217719624349776
g400,Gap_4_9mps,forested,10,1000,100,51730,8.263221153846153,0.05302276137285371,0.021036046562934375,0.08236533665005148
g400,Gap_4_9mps,forested,10,1000,100,51730,8.36338141025641,0.05316646165237241,0.01929764735065483,0.08311773210135477
g400,Gap_4_9mps,forested,10,1000,100,51730,8.463541666666666,0.0533779820110287,0.017919708268904787,0.08149878971324157
g400,Gap_4_9mps,forested,10,1000,100,51730,8.563701923076923,0.05364430861209457,0.01759335459750605,0.08206533356193514
g400,Gap_4_9mps,forested,10,1000,100,51730,8.663862179487179,0.054036671123697026,0.018202332348210337,0.08191677665384293
g400,Gap_4_9mps,forested,10,1000,100,51730,8.764022435897436,0.054444143433219745,0.018737347860105464,0.08299040071352429
g400,Gap_4_9mps,forested,10,1000,100,51730,8.864182692307692,0.054787631543388865,0.019233216292362233,0.08446488846124449
g400,Gap_4_9mps,forested,10,1000,100,51730,8.964342948717949,0.05504242311969157,0.019673516494184112,0.08494992147602407
g400,Gap_4_9mps,forested,10,1000,100,51730,9.064503205128204,0.05523580662228069,0.019944270400128056,0.08353698004090884
g400,Gap_4_9mps,forested,10,1000,100,51730,9.164663461538462,0.055470615785037945,0.01963921475187131,0.08451553092427466
g400,Gap_4_9mps,forested,10,1000,100,51730,9.264823717948717,0.055714085312672086,0.022106683029191828,0.08484014191020176
g400,Gap_4_9mps,forested,10,1000,100,51730,9.364983974358974,0.05596675440798136,0.02365326606147715,0.08468639138477224
g400,Gap_4_9mps,forested,10,1000,100,51730,9.46514423076923,0.0562367978368106,0.021594596617042744,0.08562876242691772
g400,Gap_4_9mps,forested,10,1000,100,51730,9.565304487179487,0.05650777304647697,0.019180182548751784,0.08781701196453673
g400,Gap_4_9mps,forested,10,1000,100,51730,9.665464743589743,0.05673574365727272,0.019642483516993534,0.08925536836876265
g400,Gap_4_9mps,forested,10,1000,100,51730,9.765625,0.05698662849527806,0.018794277249786277,0.08917941968649792
g400,Gap_4_9mps,forested,10,1000,100,51730,9.865785256410257,0.05719328168554812,0.01981577619282789,0.0892346142952704
g400,Gap_4_9mps,forested,10,1000,100,51730,9.965945512820513,0.05741072261351362,0.017962522036041595,0.08859733177334668
g400,Gap_4_9mps,forested,50,1000,100,51730,0.05008012820512821,0.11777506332816362,0.03433174936865975,0.17078892242091584
g400,Gap_4_9mps,forested,50,1000,100,51730,0.1502403846153846,0.1111927464440056,0.051132621452495204,0.14013763868802515
g400,Gap_4_9mps,forested,50,1000,100,51730,0.250400641025641,0.23667917802196844,0.09384401842576068,0.3395623013347285
g400,Gap_4_9mps,forested,50,1000,100,51730,0.3505608974358974,0.2299131677552453,0.08642481494962892,0.350488690879152
g400,Gap_4_9mps,forested,50,1000,100,51730,0.45072115384615385,0.09387841493483029,0.03725993882987508,0.1446143500646931
g400,Gap_4_9mps,forested,50,1000,100,51730,0.5508814102564102,0.047062971467753185,0.021719779350579588,0.06340554641159715
g400,Gap_4_9mps,forested,50,1000,100,51730,0.6510416666666666,0.03306028833218004,0.013636088642223708,0.043880645513720645
g400,Gap_4_9mps,forested,50,1000,100,51730,0.7512019230769231,0.030239997273447887,0.008772638330757995,0.046300451447280046
g400,Gap_4_9mps,forested,50,1000,100,51730,0.8513621794871795,0.030431518256433848,0.011454607723418699,0.04234465519290389
g400,Gap_4_9mps,forested,50,1000,100,51730,0.9515224358974359,0.030722291242888597,0.012234893555981816,0.04206422857501367
g400,Gap_4_9mps,forested,50,1000,100,51730,1.0516826923076923,0.030767504631474457,0.012743685416816936,0.042083673160184354
g400,Gap_4_9mps,forested,50,1000,100,51730,1.1518429487179487,0.030067973454931222,0.013035946534570889,0.04055004087930178
g400,Gap_4_9mps,forested,50,1000,100,51730,1.252003205128205,0.0286475797742152,0.013269848093039669,0.039821456086108764
g400,Gap_4_9mps,forested,50,1000,100,51730,1.3521634615384615,0.027090302402808727,0.013330489040748319,0.03844136696672999
g400,Gap_4_9mps,forested,50,1000,100,51730,1.4523237179487178,0.025734087354732985,0.011439925852630109,0.03573883414419847
g400,Gap_4_9mps,forested,50,1000,100,51730,1.5524839743589745,0.02470978149303479,0.009855680563245334,0.03475477312935603
g400,Gap_4_9mps,forested,50,1000,100,51730,1.6526442307692308,0.023689620114957656,0.009972346410135457,0.03317586798778257
g400,Gap_4_9mps,forested,50,1000,100,51730,1.7528044871794872,0.022433843046313164,0.00972723918813847,0.03266639325624079
g400,Gap_4_9mps,forested,50,1000,100,51730,1.8529647435897436,0.021179101979074508,0.010175860847660319,0.02858768628984549
g400,Gap_4_9mps,forested,50,1000,100,51730,1.953125,0.02030353116546056,0.009359804382175107,0.027720734917144958
g400,Gap_4_9mps,forested,50,1000,100,51730,2.0532852564102564,0.01995725279995138,0.009054720489786668,0.026841763363533465
g400,Gap_4_9mps,forested,50,1000,100,51730,2.1534455128205128,0.020077825287841303,0.008481967014932756,0.027187992390587588
g400,Gap_4_9mps,forested,50,1000,100,51730,2.253605769230769,0.02030395706190395,0.009066120394025497,0.0271599488674828
g400,Gap_4_9mps,forested,50,1000,100,51730,2.3537660256410255,0.020425349751670274,0.009305393132794637,0.027469234126357114
g400,Gap_4_9mps,forested,50,1000,100,51730,2.453926282051282,0.020516332676708656,0.010358111796002814,0.027924244285977177
g400,Gap_4_9mps,forested,50,1000,100,51730,2.5540865384615383,0.020650946393529653,0.009527964983872265,0.029473088679564538
g400,Gap_4_9mps,forested,50,1000,100,51730,2.6542467948717947,0.020832177248648023,0.011151294291639635,0.03072944376617172
g400,Gap_4_9mps,forested,50,1000,100,51730,2.754407051282051,0.021053541023161485,0.010869731100009312,0.030034695823682886
g400,Gap_4_9mps,forested,50,1000,100,51730,2.8545673076923075,0.021379606265375845,0.010296566046571124,0.03213581909625211
g400,Gap_4_9mps,forested,50,1000,100,51730,2.9547275641025643,0.021753889711794167,0.011138062349674533,0.03157790564926668
g400,Gap_4_9mps,forested,50,1000,100,51730,3.0548878205128207,0.022146444382045303,0.01181409979403366,0.030531341894669703
g400,Gap_4_9mps,forested,50,1000,100,51730,3.155048076923077,0.02248211841605135,0.012309165324684825,0.02990552120805429
g400,Gap_4_9mps,forested,50,1000,100,51730,3.2552083333333335,0.02274078088361166,0.013305468451467201,0.02974352015776158
g400,Gap_4_9mps,forested,50,1000,100,51730,3.35536858974359,0.02291819638881679,0.013610450934146768,0.031518238546835914
g400,Gap_4_9mps,forested,50,1000,100,51730,3.4555288461538463,0.022990289273037427,0.012771030612342242,0.033629841357395954
g400,Gap_4_9mps,forested,50,1000,100,51730,3.5556891025641026,0.023016190159283734,0.013463541567737035,0.031358523548792726
g400,Gap_4_9mps,forested,50,1000,100,51730,3.655849358974359,0.023080142352034864,0.013900828937329,0.03153631720146455
g400,Gap_4_9mps,forested,50,1000,100,51730,3.7560096153846154,0.02313711474294756,0.013085661752942462,0.03252264153267213
g400,Gap_4_9mps,forested,50,1000,100,51730,3.856169871794872,0.023104583742999615,0.011981815523045017,0.032388282381559635
g400,Gap_4_9mps,forested,50,1000,100,51730,3.956330128205128,0.022907549515536724,0.011016461818488763,0.032123238342261905
g400,Gap_4_9mps,forested,50,1000,100,51730,4.056490384615385,0.022629475509463308,0.011663400409244847,0.031539242077685055
g400,Gap_4_9mps,forested,50,1000,100,51730,4.156650641025641,0.02234226089406796,0.01076943752870848,0.03081271732441072
g400,Gap_4_9mps,forested,50,1000,100,51730,4.256810897435898,0.02208667221751743,0.009454024382260593,0.030931582481040325
g400,Gap_4_9mps,forested,50,1000,100,51730,4.356971153846154,0.021902231243400364,0.01036328716830152,0.030814104602503
g400,Gap_4_9mps,forested,50,1000,100,51730,4.457131410256411,0.02171186407707408,0.010210113966569439,0.030182233817031178
g400,Gap_4_9mps,forested,50,1000,100,51730,4.557291666666667,0.02152170666909853,0.009798391092391398,0.02989062614007639
g400,Gap_4_9mps,forested,50,1000,100,51730,4.657451923076923,0.021265456082525103,0.008975694183427687,0.030209877773142532
g400,Gap_4_9mps,forested,50,1000,100,51730,4.75761217948718,0.02090966137016527,0.009532493105627994,0.02980373143426235
g400,Gap_4_9mps,forested,50,1000,100,51730,4.857772435897436,0.02050926465059472,0.00955267633282065,0.029141544287576746
g400,Gap_4_9mps,forested,50,1000,100,51730,4.9579326923076925,0.020110097392220697,0.009494787280684749,0.028734299735904734
g400,Gap_4_9mps,forested,50,1000,100,51730,5.058092948717949,0.01986780290172553,0.00961042313566095,0.028344228949223456
g400,Gap_4_9mps,forested,50,1000,100,51730,5.158253205128205,0.019779842589181834,0.010240427095940249,0.028573345216373183
g400,Gap_4_9mps,forested,50,1000,100,51730,5.258413461538462,0.0197866372381354,0.0094948353823575,0.028364450725063953
g400,Gap_4_9mps,forested,50,1000,100,51730,5.358573717948718,0.019782920711124155,0.008915796713356338,0.029094479185729806
g400,Gap_4_9mps,forested,50,1000,100,51730,5.4587339743589745,0.01979265149040175,0.008867873020340197,0.02859318594508667
g400,Gap_4_9mps,forested,50,1000,100,51730,5.558894230769231,0.019921180125005836,0.009532622785495893,0.02933383025376112
g400,Gap_4_9mps,forested,50,1000,100,51730,5.659054487179487,0.02004723446383171,0.009715305052757136,0.029771780976610734
g400,Gap_4_9mps,forested,50,1000,100,51730,5.759214743589744,0.02012357983006499,0.01028825892439961,0.02905157638693475
g400,Gap_4_9mps,forested,50,1000,100,51730,5.859375,0.020196942736436335,0.011311329544333698,0.028612235747986832
g400,Gap_4_9mps,forested,50,1000,100,51730,5.959535256410256,0.02025400783958209,0.011370468773876508,0.02873866086934092
g400,Gap_4_9mps,forested,50,1000,100,51730,6.059695512820513,0.02035192528452709,0.01117136415378349,0.02853897888148027
g400,Gap_4_9mps,forested,50,1000,100,51730,6.159855769230769,0.020502302465260826,0.011593157367372025,0.02794201114043046
g400,Gap_4_9mps,forested,50,1000,100,51730,6.2600160256410255,0.0207007079134981,0.011303768327968138,0.028249106301526446
g400,Gap_4_9mps,forested,50,1000,100,51730,6.360176282051282,0.020896132807042393,0.011318095959249453,0.029485530546174133
g400,Gap_4_9mps,forested,50,1000,100,51730,6.460336538461538,0.021079008991776775,0.011080125756621201,0.03044652683186751
g400,Gap_4_9mps,forested,50,1000,100,51730,6.560496794871795,0.02128232794574531,0.011023832769542342,0.030584141191107608
g400,Gap_4_9mps,forested,50,1000,100,51730,6.660657051282051,0.02147370991736589,0.011300394820114714,0.031160958516013512
g400,Gap_4_9mps,forested,50,1000,100,51730,6.7608173076923075,0.021673641152646726,0.011806860919524285,0.03182352100578981
g400,Gap_4_9mps,forested,50,1000,100,51730,6.860977564102564,0.02188985444240269,0.012070230207538108,0.03229168223783263
g400,Gap_4_9mps,forested,50,1000,100,51730,6.96113782051282,0.022153986049172292,0.011742536241581654,0.03287888219211838
g400,Gap_4_9mps,forested,50,1000,100,51730,7.061298076923077,0.022458383371517617,0.010681894325787443,0.033136806802523025
g400,Gap_4_9mps,forested,50,1000,100,51730,7.161458333333333,0.02271807867307385,0.010968726997683129,0.03293371396998156
g400,Gap_4_9mps,forested,50,1000,100,51730,7.261618589743589,0.022956667762332173,0.01110720908832211,0.032739311654806064
g400,Gap_4_9mps,forested,50,1000,100,51730,7.361778846153846,0.023211508918235736,0.01093916850639819,0.03322250636870246
g400,Gap_4_9mps,forested,50,1000,100,51730,7.461939102564102,0.023495902677265135,0.012007834619910934,0.03376823935108904
g400,Gap_4_9mps,forested,50,1000,100,51730,7.562099358974359,0.02379632623379989,0.011598496748417302,0.03413744311374899
g400,Gap_4_9mps,forested,50,1000,100,51730,7.662259615384615,0.024103515624560527,0.011137499017925004,0.03449597790275685
g400,Gap_4_9mps,forested,50,1000,100,51730,7.762419871794871,0.02438381904924315,0.010884338456113953,0.03452798078434775
g400,Gap_4_9mps,forested,50,1000,100,51730,7.862580128205129,0.02462566883048882,0.011050756669410515,0.03499323632131549
g400,Gap_4_9mps,forested,50,1000,100,51730,7.962740384615385,0.024818558720503026,0.010733015438216795,0.03520962546824196
g400,Gap_4_9mps,forested,50,1000,100,51730,8.06290064102564,0.024964441217631708,0.011163721871599273,0.03580397351630408
g400,Gap_4_9mps,forested,50,1000,100,51730,8.163060897435898,0.025068160666082924,0.011268338335247891,0.036265767319091397
g400,Gap_4_9mps,forested,50,1000,100,51730,8.263221153846153,0.025144256758832542,0.010639722917321105,0.03636979858852727
g400,Gap_4_9mps,forested,50,1000,100,51730,8.36338141025641,0.025205072818425715,0.01012906386542661,0.036791608674568294
g400,Gap_4_9mps,forested,50,1000,100,51730,8.463541666666666,0.025290800809510173,0.01031925636562363,0.036687017467188394
g400,Gap_4_9mps,forested,50,1000,100,51730,8.563701923076923,0.02540885166264417,0.010080115413407208,0.03675538375960795
g400,Gap_4_9mps,forested,50,1000,100,51730,8.663862179487179,0.025568698563253986,0.0098113461173031,0.03688960026130057
g400,Gap_4_9mps,forested,50,1000,100,51730,8.764022435897436,0.025746760103944194,0.010722892228751021,0.03728398492146946
g400,Gap_4_9mps,forested,50,1000,100,51730,8.864182692307692,0.025851586293392806,0.011515522620375012,0.03746968138894782
g400,Gap_4_9mps,forested,50,1000,100,51730,8.964342948717949,0.02585944386332887,0.011549375461403772,0.03836276141816911
g400,Gap_4_9mps,forested,50,1000,100,51730,9.064503205128204,0.025834161310875747,0.011810792413415979,0.038097661210124006
g400,Gap_4_9mps,forested,50,1000,100,51730,9.164663461538462,0.025848823402262036,0.012221238015717176,0.038355101549865545
g400,Gap_4_9mps,forested,50,1000,100,51730,9.264823717948717,0.025911064712193208,0.011769142119106029,0.0389545900989744
g400,Gap_4_9mps,forested,50,1000,100,51730,9.364983974358974,0.026047666886547357,0.011407954618016265,0.04034104214832056
g400,Gap_4_9mps,forested,50,1000,100,51730,9.46514423076923,0.02626903075027811,0.011274988825785117,0.04057352861236402
g400,Gap_4_9mps,forested,50,1000,100,51730,9.565304487179487,0.026499629189786572,0.01146687471065439,0.03943422833179658
g400,Gap_4_9mps,forested,50,1000,100,51730,9.665464743589743,0.026658274349482453,0.010917365517024673,0.039469547102249716
g400,Gap_4_9mps,forested,50,1000,100,51730,9.765625,0.026730377886267684,0.010940469170104428,0.03961265121340249
g400,Gap_4_9mps,forested,50,1000,100,51730,9.865785256410257,0.0267438648372243,0.01148087021362227,0.03892518848075772
g400,Gap_4_9mps,forested,50,1000,100,51730,9.965945512820513,0.026775580025627563,0.011089467369906611,0.03868067258015019
g400,Gap_4_9mps,forested,100,1000,100,51730,0.05008012820512821,0.08612537059958142,0.039528527322538656,0.11567875973340398
g400,Gap_4_9mps,forested,100,1000,100,51730,0.1502403846153846,0.08601373699697737,0.04113405434728391,0.11950572434047323
g400,Gap_4_9mps,forested,100,1000,100,51730,0.250400641025641,0.17321398464080576,0.05577449691864505,0.24927456276367432
g400,Gap_4_9mps,forested,100,1000,100,51730,0.3505608974358974,0.18281244225521795,0.07854296207859311,0.24875342065406925
g400,Gap_4_9mps,forested,100,1000,100,51730,0.45072115384615385,0.06842948788380981,0.024402964281735953,0.09663314891569014
g400,Gap_4_9mps,forested,100,1000,100,51730,0.5508814102564102,0.029590121641198345,0.011054027725851982,0.04187408900153994
g400,Gap_4_9mps,forested,100,1000,100,51730,0.6510416666666666,0.018808879276095872,0.007785487442575965,0.026747508503701327
g400,Gap_4_9mps,forested,100,1000,100,51730,0.7512019230769231,0.018152010696779613,0.008170590834553687,0.024727586080700463
g400,Gap_4_9mps,forested,100,1000,100,51730,0.8513621794871795,0.019056312102220044,0.0074331834705192775,0.02691956742390154
g400,Gap_4_9mps,forested,100,1000,100,51730,0.9515224358974359,0.0195525693935861,0.007752194113110812,0.02822569446526323
g400,Gap_4_9mps,forested,100,1000,100,51730,1.0516826923076923,0.019309938763021214,0.007321407424012757,0.029236875484856095
g400,Gap_4_9mps,forested,100,1000,100,51730,1.1518429487179487,0.018479703043650052,0.006411115401247537,0.02832063437372384
g400,Gap_4_9mps,forested,100,1000,100,51730,1.252003205128205,0.017254989048006698,0.00611211404085097,0.02577784533151862
g400,Gap_4_9mps,forested,100,1000,100,51730,1.3521634615384615,0.016022471018904763,0.005900064180217277,0.023735644525023573
g400,Gap_4_9mps,forested,100,1000,100,51730,1.4523237179487178,0.01487172201198158,0.005855720608053603,0.022517907701095716
g400,Gap_4_9mps,forested,100,1000,100,51730,1.5524839743589745,0.013894300874031477,0.005778372551833463,0.020597488955955343
g400,Gap_4_9mps,forested,100,1000,100,51730,1.6526442307692308,0.012891896205515618,0.005886368875344476,0.01891493136777179
g400,Gap_4_9mps,forested,100,1000,100,51730,1.7528044871794872,0.012106959298953574,0.005686098559116242,0.016085294688641342
g400,Gap_4_9mps,forested,100,1000,100,51730,1.8529647435897436,0.011576540932108352,0.004883524199355973,0.015993026650269842
g400,Gap_4_9mps,forested,100,1000,100,51730,1.953125,0.01126400644415144,0.004879567468629786,0.01568049393204865
g400,Gap_4_9mps,forested,100,1000,100,51730,2.0532852564102564,0.011270908186729994,0.0050952766475342495,0.015767604295278292
g400,Gap_4_9mps,forested,100,1000,100,51730,2.1534455128205128,0.011453480293522698,0.004863753350533753,0.015898714287102867
g400,Gap_4_9mps,forested,100,1000,100,51730,2.253605769230769,0.011781153857627014,0.005389546113514908,0.01623938955028513
g400,Gap_4_9mps,forested,100,1000,100,51730,2.3537660256410255,0.011998745549317078,0.005397245299276951,0.016132115496775207
g400,Gap_4_9mps,forested,100,1000,100,51730,2.453926282051282,0.012192066109331696,0.005943142350865755,0.016845464311309264
g400,Gap_4_9mps,forested,100,1000,100,51730,2.5540865384615383,0.012432820195638829,0.005481720045033405,0.01721514475977571
g400,Gap_4_9mps,forested,100,1000,100,51730,2.6542467948717947,0.01276547117998621,0.005258042758403857,0.018785235006819057
g400,Gap_4_9mps,forested,100,1000,100,51730,2.754407051282051,0.013178398137349698,0.004770251045963905,0.019825985393170344
g400,Gap_4_9mps,forested,100,1000,100,51730,2.8545673076923075,0.013693941201896803,0.004736590021187582,0.02145934456722597
g400,Gap_4_9mps,forested,100,1000,100,51730,2.9547275641025643,0.014334961272097912,0.005064321751103938,0.022243556616853323
g400,Gap_4_9mps,forested,100,1000,100,51730,3.0548878205128207,0.014943163110167117,0.0045440339616228675,0.022468757695235746
g400,Gap_4_9mps,forested,100,1000,100,51730,3.155048076923077,0.015322215339384286,0.004848652875798917,0.023246761201987567
g400,Gap_4_9mps,forested,100,1000,100,51730,3.2552083333333335,0.01556548356616512,0.004324094540923299,0.02443921317863368
g400,Gap_4_9mps,forested,100,1000,100,51730,3.35536858974359,0.01576627309268876,0.004829745453020359,0.025759751299346684
g400,Gap_4_9mps,forested,100,1000,100,51730,3.4555288461538463,0.015957373360065922,0.004459735473049975,0.026101456457059247
g400,Gap_4_9mps,forested,100,1000,100,51730,3.5556891025641026,0.016111874796818235,0.004363920885989047,0.02632320050323798
g400,Gap_4_9mps,forested,100,1000,100,51730,3.655849358974359,0.01633153237768754,0.0052691389041244355,0.026366172600754658
g400,Gap_4_9mps,forested,100,1000,100,51730,3.7560096153846154,0.016510563172566228,0.0060885977420476745,0.027733595810745887
g400,Gap_4_9mps,forested,100,1000,100,51730,3.856169871794872,0.01655692439100357,0.006159096565448188,0.02733715785703053
g400,Gap_4_9mps,forested,100,1000,100,51730,3.956330128205128,0.01647835243033899,0.006413373788817588,0.026517552805083888
g400,Gap_4_9mps,forested,100,1000,100,51730,4.056490384615385,0.016317537576895594,0.006504143454206493,0.025739132463382334
g400,Gap_4_9mps,forested,100,1000,100,51730,4.156650641025641,0.01612768688369396,0.006642980469682155,0.02610250926218889
g400,Gap_4_9mps,forested,100,1000,100,51730,4.256810897435898,0.01600197899916432,0.006517262992971829,0.025528115666641836
g400,Gap_4_9mps,forested,100,1000,100,51730,4.356971153846154,0.015953240538561,0.006706288042508267,0.025526153031862214
g400,Gap_4_9mps,forested,100,1000,100,51730,4.457131410256411,0.015922078093810122,0.007007401197685661,0.025279041530998417
g400,Gap_4_9mps,forested,100,1000,100,51730,4.557291666666667,0.015852593686098936,0.007721810115343121,0.02515760987435904
g400,Gap_4_9mps,forested,100,1000,100,51730,4.657451923076923,0.015753176087024656,0.007875674904814509,0.02451098625729315
g400,Gap_4_9mps,forested,100,1000,100,51730,4.75761217948718,0.01563792882441033,0.0082981846788788,0.023819161735522218
g400,Gap_4_9mps,forested,100,1000,100,51730,4.857772435897436,0.015482127131425263,0.008524878334371096,0.023125357506424388
g400,Gap_4_9mps,forested,100,1000,100,51730,4.9579326923076925,0.015292030605286245,0.008048205991106071,0.0225044746276276
g400,Gap_4_9mps,forested,100,1000,100,51730,5.058092948717949,0.015132409304384895,0.007855540756418665,0.02191711857563025
g400,Gap_4_9mps,forested,100,1000,100,51730,5.158253205128205,0.015048136269162193,0.007696368626233612,0.0213634714901497
g400,Gap_4_9mps,forested,100,1000,100,51730,5.258413461538462,0.014954304902523103,0.007203443737734133,0.02147960638151896
g400,Gap_4_9mps,forested,100,1000,100,51730,5.358573717948718,0.014777129803228086,0.006831270301941714,0.021029293227729104
g400,Gap_4_9mps,forested,100,1000,100,51730,5.4587339743589745,0.01462042286840618,0.006875392554518104,0.021051122844007123
g400,Gap_4_9mps,forested,100,1000,100,51730,5.558894230769231,0.01455320240442824,0.006584974285527224,0.02063507506218915
g400,Gap_4_9mps,forested,100,1000,100,51730,5.659054487179487,0.014473442818783298,0.006455372211651297,0.02098487166118515
g400,Gap_4_9mps,forested,100,1000,100,51730,5.759214743589744,0.014331807052987845,0.0064529943163804315,0.02084595131495807
g400,Gap_4_9mps,forested,100,1000,100,51730,5.859375,0.0141853262259994,0.006433437423790849,0.020455020617223308
g400,Gap_4_9mps,forested,100,1000,100,51730,5.959535256410256,0.014101062438602721,0.0065081225324955215,0.019859731500156887
g400,Gap_4_9mps,forested,100,1000,100,51730,6.059695512820513,0.014051378810107156,0.006575229383865948,0.02025723282922104
g400,Gap_4_9mps,forested,100,1000,100,51730,6.159855769230769,0.014069087375637512,0.0062658750442856044,0.01977279107741098
g400,Gap_4_9mps,forested,100,1000,100,51730,6.2600160256410255,0.014124675664205706,0.006373607974689983,0.019656801024424457
g400,Gap_4_9mps,forested,100,1000,100,51730,6.360176282051282,0.014216314910275665,0.00632882034303724,0.01988488788179945
g400,Gap_4_9mps,forested,100,1000,100,51730,6.460336538461538,0.014313816949851206,0.006398270869578126,0.019840574388051802
g400,Gap_4_9mps,forested,100,1000,100,51730,6.560496794871795,0.014419944610852022,0.006571371200365111,0.020283204058164035
g400,Gap_4_9mps,forested,100,1000,100,51730,6.660657051282051,0.0144810650749252,0.006684257361494752,0.020891195042561622
g400,Gap_4_9mps,forested,100,1000,100,51730,6.7608173076923075,0.014469320041532577,0.006365711420251101,0.020908176428332224
g400,Gap_4_9mps,forested,100,1000,100,51730,6.860977564102564,0.01447864780900502,0.006277793784028485,0.02075791598120637
g400,Gap_4_9mps,forested,100,1000,100,51730,6.96113782051282,0.014541955822422029,0.00651471289386745,0.021101600406601254
g400,Gap_4_9mps,forested,100,1000,100,51730,7.061298076923077,0.014589167663471516,0.00678574116881382,0.022457608744896957
g400,Gap_4_9mps,forested,100,1000,100,51730,7.161458333333333,0.01455902056211555,0.006232344454614508,0.023114792029402857
g400,Gap_4_9mps,forested,100,1000,100,51730,7.261618589743589,0.014535287036507664,0.00580376979551823,0.02375650879491368
g400,Gap_4_9mps,forested,100,1000,100,51730,7.361778846153846,0.014565816889591994,0.005335709175477566,0.02407829930029024
g400,Gap_4_9mps,forested,100,1000,100,51730,7.461939102564102,0.014620137837532594,0.005401770467254662,0.02431658534234784
g400,Gap_4_9mps,forested,100,1000,100,51730,7.562099358974359,0.01468910393920659,0.005523482104802583,0.024509918652410968
g400,Gap_4_9mps,forested,100,1000,100,51730,7.662259615384615,0.014784579465558348,0.005698526707358074,0.024580077045067726
g400,Gap_4_9mps,forested,100,1000,100,51730,7.762419871794871,0.014974039490917494,0.0062867612955195065,0.024525445591535255
g400,Gap_4_9mps,forested,100,1000,100,51730,7.862580128205129,0.015193028977936037,0.006213644465780036,0.024839496102151956
g400,Gap_4_9mps,forested,100,1000,100,51730,7.962740384615385,0.0153962854652785,0.006272548207168209,0.024650493054819218
g400,Gap_4_9mps,forested,100,1000,100,51730,8.06290064102564,0.015555914248943476,0.006701131407792875,0.023880666336401186
g400,Gap_4_9mps,forested,100,1000,100,51730,8.163060897435898,0.01568103959422695,0.0070175968423716525,0.023691843076787657
g400,Gap_4_9mps,forested,100,1000,100,51730,8.263221153846153,0.01586161196142536,0.007044723147923053,0.023294291372191696
g400,Gap_4_9mps,forested,100,1000,100,51730,8.36338141025641,0.016056151894684977,0.007005289566585358,0.02378880806463987
g400,Gap_4_9mps,forested,100,1000,100,51730,8.463541666666666,0.016240943670886222,0.0074367690799502185,0.024080100060549323
g400,Gap_4_9mps,forested,100,1000,100,51730,8.563701923076923,0.016385813040847526,0.007354184000487108,0.024211450266212825
g400,Gap_4_9mps,forested,100,1000,100,51730,8.663862179487179,0.016495660467241505,0.007701886434205586,0.024795670532302333
g400,Gap_4_9mps,forested,100,1000,100,51730,8.764022435897436,0.016569972120599984,0.007836829386065797,0.025158227123520872
g400,Gap_4_9mps,forested,100,1000,100,51730,8.864182692307692,0.01660749850374233,0.00811011423019788,0.025136276044309264
g400,Gap_4_9mps,forested,100,1000,100,51730,8.964342948717949,0.01660472003744855,0.008470919413615101,0.024912269079424516
g400,Gap_4_9mps,forested,100,1000,100,51730,9.064503205128204,0.016563580772831467,0.008449969028884684,0.02437831497971176
g400,Gap_4_9mps,forested,100,1000,100,51730,9.164663461538462,0.016521785741263447,0.008633559565097731,0.02416150943084682
g400,Gap_4_9mps,forested,100,1000,100,51730,9.264823717948717,0.016521137727528414,0.008500507617279881,0.024302664072053295
g400,Gap_4_9mps,forested,100,1000,100,51730,9.364983974358974,0.016556560407601898,0.008113833093800248,0.024482998096818052
g400,Gap_4_9mps,forested,100,1000,100,51730,9.46514423076923,0.016642610862539355,0.00782894183089879,0.024594805065694156
g400,Gap_4_9mps,forested,100,1000,100,51730,9.565304487179487,0.01677460770975511,0.007447794871544639,0.02451168591751461
g400,Gap_4_9mps,forested,100,1000,100,51730,9.665464743589743,0.016876812091322132,0.0070202546967422196,0.024451813024490513
g400,Gap_4_9mps,forested,100,1000,100,51730,9.765625,0.016952630019125857,0.0072277672400118615,0.02426064517947446
g400,Gap_4_9mps,forested,100,1000,100,51730,9.865785256410257,0.016994312228460717,0.0076584028697086306,0.02397139977026564
g400,Gap_4_9mps,forested,100,1000,100,51730,9.965945512820513,0.01702153893349804,0.007893009796498832,0.02375729327490603
g400,Gap_4_9mps,forested,500,1000,100,51730,0.05008012820512821,0.04421130704397593,0.019464609848098908,0.0586691704793197
g400,Gap_4_9mps,forested,500,1000,100,51730,0.1502403846153846,0.04743207459551565,0.02283998507714751,0.06257992546655186
g400,Gap_4_9mps,forested,500,1000,100,51730,0.250400641025641,0.10515386245954135,0.03978648339501388,0.1501022735466863
g400,Gap_4_9mps,forested,500,1000,100,51730,0.3505608974358974,0.11697151980086097,0.04529846575127855,0.17689449846999478
g400,Gap_4_9mps,forested,500,1000,100,51730,0.45072115384615385,0.04352330306032834,0.021101454640448568,0.062224042120668295
g400,Gap_4_9mps,forested,500,1000,100,51730,0.5508814102564102,0.017595378641359447,0.007842899092427755,0.026611947128278964
g400,Gap_4_9mps,forested,500,1000,100,51730,0.6510416666666666,0.010242021040088778,0.0037893367512681067,0.013307886787694578
g400,Gap_4_9mps,forested,500,1000,100,51730,0.7512019230769231,0.010843048647438857,0.004713372785183268,0.014287885254281025
g400,Gap_4_9mps,forested,500,1000,100,51730,0.8513621794871795,0.012269211434576165,0.00546604164784938,0.016669439854283808
g400,Gap_4_9mps,forested,500,1000,100,51730,0.9515224358974359,0.013091205756758935,0.0063900200684957505,0.018160162783538773
g400,Gap_4_9mps,forested,500,1000,100,51730,1.0516826923076923,0.013073035763956404,0.006246598638649142,0.018994794722085193
g400,Gap_4_9mps,forested,500,1000,100,51730,1.1518429487179487,0.012228050881610946,0.00531196749892858,0.017555951403267732
g400,Gap_4_9mps,forested,500,1000,100,51730,1.252003205128205,0.01111660126046367,0.004749693883470166,0.016325412942398906
g400,Gap_4_9mps,forested,500,1000,100,51730,1.3521634615384615,0.010079700728800847,0.004828502518722243,0.014548563874054591
g400,Gap_4_9mps,forested,500,1000,100,51730,1.4523237179487178,0.009186770284019817,0.0044991110567729805,0.013392546873586469
g400,Gap_4_9mps,forested,500,1000,100,51730,1.5524839743589745,0.008401065493273949,0.003983053509818712,0.012186304107182582
g400,Gap_4_9mps,forested,500,1000,100,51730,1.6526442307692308,0.0076531777045021,0.003461461797353684,0.01060658037592524
g400,Gap_4_9mps,forested,500,1000,100,51730,1.7528044871794872,0.007080502751514565,0.0026083211003162885,0.01036604666806686
g400,Gap_4_9mps,forested,500,1000,100,51730,1.8529647435897436,0.0067311798259806765,0.0023817333940722336,0.00995349281482023
g400,Gap_4_9mps,forested,500,1000,100,51730,1.953125,0.00651771980194998,0.0022353214479586226,0.009353584528463538
g400,Gap_4_9mps,forested,500,1000,100,51730,2.0532852564102564,0.006384373400070756,0.0018659448217242017,0.009813453992177616
g400,Gap_4_9mps,forested,500,1000,100,51730,2.1534455128205128,0.006431347632895298,0.0019025713560391997,0.00946669696680065
g400,Gap_4_9mps,forested,500,1000,100,51730,2.253605769230769,0.006735204251662312,0.0023139518453603506,0.010070245041986439
g400,Gap_4_9mps,forested,500,1000,100,51730,2.3537660256410255,0.0071332372260053635,0.002804228390212542,0.00995727267828653
g400,Gap_4_9mps,forested,500,1000,100,51730,2.453926282051282,0.007495580455001867,0.002955881197170495,0.01089034390579417
g400,Gap_4_9mps,forested,500,1000,100,51730,2.5540865384615383,0.007836775961992653,0.003296545509503574,0.011519388056167902
g400,Gap_4_9mps,forested,500,1000,100,51730,2.6542467948717947,0.00831303542671745,0.003392432653071442,0.011733288371478525
g400,Gap_4_9mps,forested,500,1000,100,51730,2.754407051282051,0.009002077990135379,0.004049779910281938,0.012939954908834244
g400,Gap_4_9mps,forested,500,1000,100,51730,2.8545673076923075,0.009805214047210256,0.004668738948882344,0.0137361360752658
g400,Gap_4_9mps,forested,500,1000,100,51730,2.9547275641025643,0.010631159873137555,0.00579874272151942,0.014518726590785836
g400,Gap_4_9mps,forested,500,1000,100,51730,3.0548878205128207,0.011326916533639146,0.006301911251160291,0.015178774944363607
g400,Gap_4_9mps,forested,500,1000,100,51730,3.155048076923077,0.011788064198776527,0.006669346743059185,0.015843280818959908
g400,Gap_4_9mps,forested,500,1000,100,51730,3.2552083333333335,0.012102676501489383,0.006896758476359188,0.01653185980195373
g400,Gap_4_9mps,forested,500,1000,100,51730,3.35536858974359,0.012330618771026756,0.007204238798126851,0.01659811602715413
g400,Gap_4_9mps,forested,500,1000,100,51730,3.4555288461538463,0.012464941947734462,0.0073475218423592874,0.01681731337920976
g400,Gap_4_9mps,forested,500,1000,100,51730,3.5556891025641026,0.012615984693195833,0.007772019819766009,0.016795591572769886
g400,Gap_4_9mps,forested,500,1000,100,51730,3.655849358974359,0.012846848157406362,0.008082565234668153,0.017069000502969257
g400,Gap_4_9mps,forested,500,1000,100,51730,3.7560096153846154,0.013048001702484813,0.008354300537195294,0.017512941904300364
g400,Gap_4_9mps,forested,500,1000,100,51730,3.856169871794872,0.013096058204089989,0.008389463254926618,0.017451116372267848
g400,Gap_4_9mps,forested,500,1000,100,51730,3.956330128205128,0.01298335623082808,0.00840435695915237,0.01728507391386893
g400,Gap_4_9mps,forested,500,1000,100,51730,4.056490384615385,0.01273220219276429,0.008384238463773836,0.017255436472108795
g400,Gap_4_9mps,forested,500,1000,100,51730,4.156650641025641,0.012406028637703076,0.008090399148497816,0.016551497647700288
g400,Gap_4_9mps,forested,500,1000,100,51730,4.256810897435898,0.012159463053664433,0.00809420344096361,0.01611677772831268
g400,Gap_4_9mps,forested,500,1000,100,51730,4.356971153846154,0.012033456566867011,0.007680879497471582,0.015818538101077566
g400,Gap_4_9mps,forested,500,1000,100,51730,4.457131410256411,0.011930707944047516,0.007674399857695132,0.016267986533267102
g400,Gap_4_9mps,forested,500,1000,100,51730,4.557291666666667,0.011787248545934065,0.007723999434268479,0.01645454021382587
g400,Gap_4_9mps,forested,500,1000,100,51730,4.657451923076923,0.0116076842778401,0.007515458398919893,0.01643100134837062
g400,Gap_4_9mps,forested,500,1000,100,51730,4.75761217948718,0.011375653298913246,0.007170297709430478,0.016247585138884364
g400,Gap_4_9mps,forested,500,1000,100,51730,4.857772435897436,0.01109228189674416,0.0067255352015737815,0.015731592148262752
g400,Gap_4_9mps,forested,500,1000,100,51730,4.9579326923076925,0.010806561356550845,0.006167551751214979,0.015275522609741302
g400,Gap_4_9mps,forested,500,1000,100,51730,5.058092948717949,0.01057406071389636,0.0056497644088688145,0.015016410487617699
g400,Gap_4_9mps,forested,500,1000,100,51730,5.158253205128205,0.010460263100233172,0.005336519798141603,0.014463645310159387
g400,Gap_4_9mps,forested,500,1000,100,51730,5.258413461538462,0.01037427718058676,0.005012978957811857,0.014069371596986381
g400,Gap_4_9mps,forested,500,1000,100,51730,5.358573717948718,0.01021203013713129,0.004780444796537501,0.013781094080187928
g400,Gap_4_9mps,forested,500,1000,100,51730,5.4587339743589745,0.01008111566350916,0.004927156637013247,0.013828548855691828
g400,Gap_4_9mps,forested,500,1000,100,51730,5.558894230769231,0.010080347213432017,0.005129683739435861,0.013879240518924774
g400,Gap_4_9mps,forested,500,1000,100,51730,5.659054487179487,0.010112318903044227,0.005117560899723873,0.013697294669805715
g400,Gap_4_9mps,forested,500,1000,100,51730,5.759214743589744,0.010086609551936234,0.005113742345801499,0.013765535496908772
g400,Gap_4_9mps,forested,500,1000,100,51730,5.859375,0.010075335226188696,0.0050720873184364815,0.013516317091808453
g400,Gap_4_9mps,forested,500,1000,100,51730,5.959535256410256,0.010119458174680889,0.005273100866120355,0.01352160955773763
g400,Gap_4_9mps,forested,500,1000,100,51730,6.059695512820513,0.010173246049476115,0.005466971978898249,0.013605641837357959
g400,Gap_4_9mps,forested,500,1000,100,51730,6.159855769230769,0.010243341857928185,0.00549582151240702,0.01351993748824364
g400,Gap_4_9mps,forested,500,1000,100,51730,6.2600160256410255,0.01033035315767953,0.005637205346385789,0.013609647138873701
g400,Gap_4_9mps,forested,500,1000,100,51730,6.360176282051282,0.010402253917835613,0.005841948659550255,0.013739642842399312
g400,Gap_4_9mps,forested,500,1000,100,51730,6.460336538461538,0.010475498198466562,0.006113003127080817,0.013986102262246607
g400,Gap_4_9mps,forested,500,1000,100,51730,6.560496794871795,0.010521397532863274,0.006110317264419533,0.014305698311333891
g400,Gap_4_9mps,forested,500,1000,100,51730,6.660657051282051,0.010463601028974345,0.006160797573045208,0.014119012100416191
g400,Gap_4_9mps,forested,500,1000,100,51730,6.7608173076923075,0.010335950437424779,0.005958699839794246,0.014060921588095174
g400,Gap_4_9mps,forested,500,1000,100,51730,6.860977564102564,0.01026298615223566,0.006076984500863923,0.013880228474314523
g400,Gap_4_9mps,forested,500,1000,100,51730,6.96113782051282,0.010347273427591341,0.00613995688000312,0.013740971071366338
g400,Gap_4_9mps,forested,500,1000,100,51730,7.061298076923077,0.010513850556692142,0.0061761523564914265,0.01395289398090057
g400,Gap_4_9mps,forested,500,1000,100,51730,7.161458333333333,0.010656326052221533,0.0060588391544444615,0.014370695372427886
g400,Gap_4_9mps,forested,500,1000,100,51730,7.261618589743589,0.010804831457285861,0.005982033739766175,0.01476872685681501
g400,Gap_4_9mps,forested,500,1000,100,51730,7.361778846153846,0.010994225983549745,0.006357949589774545,0.015178995552686777
g400,Gap_4_9mps,forested,500,1000,100,51730,7.461939102564102,0.011214478681836218,0.006622360288663151,0.015778940826671976
g400,Gap_4_9mps,forested,500,1000,100,51730,7.562099358974359,0.011451674310359976,0.0068586935854048035,0.016557423089072418
g400,Gap_4_9mps,forested,500,1000,100,51730,7.662259615384615,0.011706884079175526,0.007033390280332015,0.016922005559814428
g400,Gap_4_9mps,forested,500,1000,100,51730,7.762419871794871,0.011971882380522039,0.007037807642373772,0.017395765779669566
g400,Gap_4_9mps,forested,500,1000,100,51730,7.862580128205129,0.012213039185422237,0.007016050851520404,0.017617201193067394
g400,Gap_4_9mps,forested,500,1000,100,51730,7.962740384615385,0.012381460473697039,0.006950395093439877,0.017553031819670887
g400,Gap_4_9mps,forested,500,1000,100,51730,8.06290064102564,0.012465656040584026,0.0068889097669156,0.017418939939256677
g400,Gap_4_9mps,forested,500,1000,100,51730,8.163060897435898,0.012511982865322225,0.006779819990676452,0.017349413612135496
g400,Gap_4_9mps,forested,500,1000,100,51730,8.263221153846153,0.012583229104383404,0.0066363174270903155,0.017437768915214227
g400,Gap_4_9mps,forested,500,1000,100,51730,8.36338141025641,0.012692574561290963,0.006701450674672767,0.017775012130219876
g400,Gap_4_9mps,forested,500,1000,100,51730,8.463541666666666,0.012793460539447608,0.007098582501099255,0.01786715444696991
g400,Gap_4_9mps,forested,500,1000,100,51730,8.563701923076923,0.012868898552047457,0.0071466808934681995,0.017918215194315818
g400,Gap_4_9mps,forested,500,1000,100,51730,8.663862179487179,0.012940738388083158,0.007155170239877235,0.017744012593971098
g400,Gap_4_9mps,forested,500,1000,100,51730,8.764022435897436,0.01299812748377112,0.007207826770608218,0.017759970668030922
g400,Gap_4_9mps,forested,500,1000,100,51730,8.864182692307692,0.012985217505687843,0.00750296540924404,0.017842914816422712
g400,Gap_4_9mps,forested,500,1000,100,51730,8.964342948717949,0.012894962261178809,0.00785601846015928,0.017852148309133394
g400,Gap_4_9mps,forested,500,1000,100,51730,9.064503205128204,0.012802656112506946,0.007987113326959852,0.01777940766295112
g400,Gap_4_9mps,forested,500,1000,100,51730,9.164663461538462,0.01275105608479409,0.008146577029943624,0.017595403671849513
g400,Gap_4_9mps,forested,500,1000,100,51730,9.264823717948717,0.012779519000745929,0.008146339412830009,0.017459421631020905
g400,Gap_4_9mps,forested,500,1000,100,51730,9.364983974358974,0.012900906971297678,0.0077743988019349465,0.01765628505799695
g400,Gap_4_9mps,forested,500,1000,100,51730,9.46514423076923,0.013104751461826412,0.007765922412596601,0.01810477817782445
g400,Gap_4_9mps,forested,500,1000,100,51730,9.565304487179487,0.013324928557060235,0.007574736627069614,0.018634067086560385
g400,Gap_4_9mps,forested,500,1000,100,51730,9.665464743589743,0.013472099333707186,0.007764292343743195,0.019041240957876734
g400,Gap_4_9mps,forested,500,1000,100,51730,9.765625,0.013507431729197203,0.007801827185838126,0.019165031396050882
g400,Gap_4_9mps,forested,500,1000,100,51730,9.865785256410257,0.013468993203186294,0.00769105703903228,0.01913237869218148
g400,Gap_4_9mps,forested,500,1000,100,51730,9.965945512820513,0.013411606524850761,0.007307330936836373,0.01880153154852517
g400,Gap_4_9mps,open_gap,1,1000,100,13806,0.05008012820512821,0.33314851927281075,0.08968220879516157,0.5403241019413966
g400,Gap_4_9mps,open_gap,1,1000,100,13806,0.1502403846153846,0.3426788269328641,0.09970712620041061,0.5559573108489886
g400,Gap_4_9mps,open_gap,1,1000,100,13806,0.250400641025641,0.35012963292965665,0.1583323220846241,0.5052183378105841
g400,Gap_4_9mps,open_gap,1,1000,100,13806,0.3505608974358974,0.33974513507586657,0.17245846445165,0.46428169590968377
g400,Gap_4_9mps,open_gap,1,1000,100,13806,0.45072115384615385,0.31356329559653273,0.17527755690721816,0.4111798093427713
g400,Gap_4_9mps,open_gap,1,1000,100,13806,0.5508814102564102,0.27804367551109205,0.16262344431629228,0.3821476874623656
g400,Gap_4_9mps,open_gap,1,1000,100,13806,0.6510416666666666,0.2377707793064804,0.12050982210394873,0.3384055860130166
g400,Gap_4_9mps,open_gap,1,1000,100,13806,0.7512019230769231,0.2129715503365066,0.11020040186170171,0.30036865730511
g400,Gap_4_9mps,open_gap,1,1000,100,13806,0.8513621794871795,0.20385242726316297,0.08996195404041399,0.2814420079539599
g400,Gap_4_9mps,open_gap,1,1000,100,13806,0.9515224358974359,0.1882624742684117,0.08147915317684602,0.27298507005555867
g400,Gap_4_9mps,open_gap,1,1000,100,13806,1.0516826923076923,0.16955813513729232,0.06021267711179225,0.24490491198258296
g400,Gap_4_9mps,open_gap,1,1000,100,13806,1.1518429487179487,0.1573340079320584,0.05682453158614881,0.23349928957450378
g400,Gap_4_9mps,open_gap,1,1000,100,13806,1.252003205128205,0.14959112409616845,0.06670121727256605,0.21480322914226857
g400,Gap_4_9mps,open_gap,1,1000,100,13806,1.3521634615384615,0.14505043196302358,0.058243142682164496,0.20924814423715482
g400,Gap_4_9mps,open_gap,1,1000,100,13806,1.4523237179487178,0.14219776801685108,0.06222389026066293,0.20205907991981623
g400,Gap_4_9mps,open_gap,1,1000,100,13806,1.5524839743589745,0.1403685483326173,0.056196439087982816,0.20472733242296326
g400,Gap_4_9mps,open_gap,1,1000,100,13806,1.6526442307692308,0.13865142172966868,0.051851128516315764,0.203963507893546
g400,Gap_4_9mps,open_gap,1,1000,100,13806,1.7528044871794872,0.13786795630051363,0.051187934657135004,0.20169678518718845
g400,Gap_4_9mps,open_gap,1,1000,100,13806,1.8529647435897436,0.13764242539523266,0.04686877905235225,0.20266069002119677
g400,Gap_4_9mps,open_gap,1,1000,100,13806,1.953125,0.13778071903148012,0.050461789519798544,0.20129218126817255
g400,Gap_4_9mps,open_gap,1,1000,100,13806,2.0532852564102564,0.13791015838985463,0.054685653660258675,0.19726674183157353
g400,Gap_4_9mps,open_gap,1,1000,100,13806,2.1534455128205128,0.1393584970964548,0.055247098123981035,0.19427131916914048
g400,Gap_4_9mps,open_gap,1,1000,100,13806,2.253605769230769,0.14008211893295583,0.055629004474782584,0.20293301706536435
g400,Gap_4_9mps,open_gap,1,1000,100,13806,2.3537660256410255,0.14086868803777602,0.061456384074861356,0.19527519552656258
g400,Gap_4_9mps,open_gap,1,1000,100,13806,2.453926282051282,0.14188665642970374,0.06310401661865865,0.1940594899870678
g400,Gap_4_9mps,open_gap,1,1000,100,13806,2.5540865384615383,0.1433915371099181,0.06541740525517645,0.18984747508998298
g400,Gap_4_9mps,open_gap,1,1000,100,13806,2.6542467948717947,0.14479112438467204,0.06901419780746003,0.1916047775276474
g400,Gap_4_9mps,open_gap,1,1000,100,13806,2.754407051282051,0.145688015578989,0.06607562079610664,0.19272094148294355
g400,Gap_4_9mps,open_gap,1,1000,100,13806,2.8545673076923075,0.14608549268478258,0.06858756514480267,0.1949005674906219
g400,Gap_4_9mps,open_gap,1,1000,100,13806,2.9547275641025643,0.14594076269463044,0.07328074711556791,0.2032823591218592
g400,Gap_4_9mps,open_gap,1,1000,100,13806,3.0548878205128207,0.14524047660734019,0.0704946701572806,0.19884611269222213
g400,Gap_4_9mps,open_gap,1,1000,100,13806,3.155048076923077,0.14409705911088064,0.07010708717733574,0.20658732054055864
g400,Gap_4_9mps,open_gap,1,1000,100,13806,3.2552083333333335,0.14228659811977218,0.06531718988971141,0.2080273825292095
g400,Gap_4_9mps,open_gap,1,1000,100,13806,3.35536858974359,0.13985837667179793,0.060225037474416966,0.2016064467067099
g400,Gap_4_9mps,open_gap,1,1000,100,13806,3.4555288461538463,0.13739682444589188,0.05897644257178715,0.20056944045705605
g400,Gap_4_9mps,open_gap,1,1000,100,13806,3.5556891025641026,0.13501728705285607,0.05692849905148454,0.19564398737676758
g400,Gap_4_9mps,open_gap,1,1000,100,13806,3.655849358974359,0.13277520510829877,0.05212108492473493,0.19374256708473134
g400,Gap_4_9mps,open_gap,1,1000,100,13806,3.7560096153846154,0.13063222567587757,0.04589238335456605,0.19404312682063346
g400,Gap_4_9mps,open_gap,1,1000,100,13806,3.856169871794872,0.12903117184622057,0.04226686263076046,0.1873629465941229
g400,Gap_4_9mps,open_gap,1,1000,100,13806,3.956330128205128,0.12733962601487506,0.04108392839795223,0.18984164081286015
g400,Gap_4_9mps,open_gap,1,1000,100,13806,4.056490384615385,0.1255116720200352,0.04270953837332256,0.1839564226082262
g400,Gap_4_9mps,open_gap,1,1000,100,13806,4.156650641025641,0.12406361321388218,0.04423628214875825,0.17856318839600166
g400,Gap_4_9mps,open_gap,1,1000,100,13806,4.256810897435898,0.12257820101106055,0.04492760493253485,0.16967421609113115
g400,Gap_4_9mps,open_gap,1,1000,100,13806,4.356971153846154,0.12104404645212272,0.046405045186282794,0.16488550392573376
g400,Gap_4_9mps,open_gap,1,1000,100,13806,4.457131410256411,0.1200566702273696,0.0454557976103967,0.15980092752870642
g400,Gap_4_9mps,open_gap,1,1000,100,13806,4.557291666666667,0.11949443045124643,0.041851332653654004,0.1507300551491072
g400,Gap_4_9mps,open_gap,1,1000,100,13806,4.657451923076923,0.11941067900219834,0.03919496860193784,0.15557481728274433
g400,Gap_4_9mps,open_gap,1,1000,100,13806,4.75761217948718,0.11990764308515964,0.038487600409255925,0.16256668365783075
g400,Gap_4_9mps,open_gap,1,1000,100,13806,4.857772435897436,0.12043294304702687,0.0378381031603791,0.17382365625199342
g400,Gap_4_9mps,open_gap,1,1000,100,13806,4.9579326923076925,0.12090999601889013,0.03638716686208828,0.16879863073692256
g400,Gap_4_9mps,open_gap,1,1000,100,13806,5.058092948717949,0.12135853948695548,0.041236206446596105,0.17151606343801817
g400,Gap_4_9mps,open_gap,1,1000,100,13806,5.158253205128205,0.12203995572378958,0.04041516640234292,0.1716548876600273
g400,Gap_4_9mps,open_gap,1,1000,100,13806,5.258413461538462,0.12285448035550074,0.04634072092980511,0.17365061321700392
g400,Gap_4_9mps,open_gap,1,1000,100,13806,5.358573717948718,0.12348686608794175,0.04630565528078767,0.1712828044590523
g400,Gap_4_9mps,open_gap,1,1000,100,13806,5.4587339743589745,0.12404900895134581,0.05020103121885992,0.17149798866166016
g400,Gap_4_9mps,open_gap,1,1000,100,13806,5.558894230769231,0.12543879419455534,0.052547650336145585,0.17191468102698332
g400,Gap_4_9mps,open_gap,1,1000,100,13806,5.659054487179487,0.12725075253433887,0.051108558094905894,0.17217982156082576
g400,Gap_4_9mps,open_gap,1,1000,100,13806,5.759214743589744,0.12905667024782144,0.05106476914472675,0.17691594414807985
g400,Gap_4_9mps,open_gap,1,1000,100,13806,5.859375,0.13079901132035274,0.04795321547065595,0.178752324585717
g400,Gap_4_9mps,open_gap,1,1000,100,13806,5.959535256410256,0.13242324757892698,0.05075961292656581,0.18053532963140279
g400,Gap_4_9mps,open_gap,1,1000,100,13806,6.059695512820513,0.13414011590336578,0.05031822226129158,0.1841549837260918
g400,Gap_4_9mps,open_gap,1,1000,100,13806,6.159855769230769,0.1359968465122357,0.04928374143697055,0.1860278419655117
g400,Gap_4_9mps,open_gap,1,1000,100,13806,6.2600160256410255,0.13789614799995223,0.047733867477368484,0.19153829764872493
g400,Gap_4_9mps,open_gap,1,1000,100,13806,6.360176282051282,0.13965067558992444,0.045595071055620696,0.19106862894998256
g400,Gap_4_9mps,open_gap,1,1000,100,13806,6.460336538461538,0.14162962526537082,0.05060421547182435,0.19592026235183113
g400,Gap_4_9mps,open_gap,1,1000,100,13806,6.560496794871795,0.14318825994514664,0.05052375717242154,0.19977134325836685
g400,Gap_4_9mps,open_gap,1,1000,100,13806,6.660657051282051,0.14438659595256575,0.047917449857714255,0.20131394513173684
g400,Gap_4_9mps,open_gap,1,1000,100,13806,6.7608173076923075,0.14535041842438978,0.04964392412900718,0.20493760695399493
g400,Gap_4_9mps,open_gap,1,1000,100,13806,6.860977564102564,0.14596666847074463,0.054439856647822304,0.20355779664120305
g400,Gap_4_9mps,open_gap,1,1000,100,13806,6.96113782051282,0.14649763360377765,0.04953943641196312,0.19907553667657063
g400,Gap_4_9mps,open_gap,1,1000,100,13806,7.061298076923077,0.14715419110312872,0.04627103415331581,0.20148829509719887
g400,Gap_4_9mps,open_gap,1,1000,100,13806,7.161458333333333,0.14760361647747128,0.0418962210781816,0.2006144161448338
g400,Gap_4_9mps,open_gap,1,1000,100,13806,7.261618589743589,0.1479369523888524,0.042834819502745286,0.19816308113370115
g400,Gap_4_9mps,open_gap,1,1000,100,13806,7.361778846153846,0.1479064478695035,0.04566811504915604,0.1973000138780136
g400,Gap_4_9mps,open_gap,1,1000,100,13806,7.461939102564102,0.14792524081740713,0.04736131995981536,0.20020998043125146
g400,Gap_4_9mps,open_gap,1,1000,100,13806,7.562099358974359,0.1479917392658267,0.05073649553560594,0.19681172094788185
g400,Gap_4_9mps,open_gap,1,1000,100,13806,7.662259615384615,0.1485122264336248,0.05659546305164429,0.1962276457708161
g400,Gap_4_9mps,open_gap,1,1000,100,13806,7.762419871794871,0.14927190116198297,0.05792042089682516,0.19704257990216018
g400,Gap_4_9mps,open_gap,1,1000,100,13806,7.862580128205129,0.14997847119164107,0.05188720452126927,0.20395532090111534
g400,Gap_4_9mps,open_gap,1,1000,100,13806,7.962740384615385,0.15056273400295472,0.05492726088376179,0.20806714468976786
g400,Gap_4_9mps,open_gap,1,1000,100,13806,8.06290064102564,0.15080651095671563,0.054524614178247915,0.20657733248667484
g400,Gap_4_9mps,open_gap,1,1000,100,13806,8.163060897435898,0.15083304760955277,0.05637177197370817,0.19974190167653186
g400,Gap_4_9mps,open_gap,1,1000,100,13806,8.263221153846153,0.15109170510033199,0.05538302645495249,0.19448988365412706
g400,Gap_4_9mps,open_gap,1,1000,100,13806,8.36338141025641,0.15162346504536628,0.05426575485811992,0.194539922588367
g400,Gap_4_9mps,open_gap,1,1000,100,13806,8.463541666666666,0.1521114169315026,0.050945530462609925,0.19552299218247954
g400,Gap_4_9mps,open_gap,1,1000,100,13806,8.563701923076923,0.15240027387513075,0.05314750609790048,0.1971198267425709
g400,Gap_4_9mps,open_gap,1,1000,100,13806,8.663862179487179,0.15257539371430365,0.054773133987035844,0.19784051742937792
g400,Gap_4_9mps,open_gap,1,1000,100,13806,8.764022435897436,0.15250824445299574,0.054035065145027907,0.19903478195718788
g400,Gap_4_9mps,open_gap,1,1000,100,13806,8.864182692307692,0.152348194488569,0.05413361260290712,0.19993932810479834
g400,Gap_4_9mps,open_gap,1,1000,100,13806,8.964342948717949,0.15267376146640205,0.05676494923815384,0.20017630084712656
g400,Gap_4_9mps,open_gap,1,1000,100,13806,9.064503205128204,0.15362623334085387,0.054197493303045435,0.19882993681692096
g400,Gap_4_9mps,open_gap,1,1000,100,13806,9.164663461538462,0.15491972315594224,0.05265346951212405,0.19639641766389568
g400,Gap_4_9mps,open_gap,1,1000,100,13806,9.264823717948717,0.15611580836809746,0.048943551023437615,0.19501951115252825
g400,Gap_4_9mps,open_gap,1,1000,100,13806,9.364983974358974,0.15706516413935903,0.051797601245999525,0.19747199918681244
g400,Gap_4_9mps,open_gap,1,1000,100,13806,9.46514423076923,0.15812391877022094,0.05648844993018054,0.19742019282556067
g400,Gap_4_9mps,open_gap,1,1000,100,13806,9.565304487179487,0.15945930016023932,0.05983090808552674,0.19964377847309206
g400,Gap_4_9mps,open_gap,1,1000,100,13806,9.665464743589743,0.16078783973921013,0.06427138231607617,0.19749479407066914
g400,Gap_4_9mps,open_gap,1,1000,100,13806,9.765625,0.1616086274651397,0.06855003652905683,0.19222880129944447
g400,Gap_4_9mps,open_gap,1,1000,100,13806,9.865785256410257,0.16201052253591972,0.0708503416822685,0.18875552892195932
g400,Gap_4_9mps,open_gap,1,1000,100,13806,9.965945512820513,0.16209012991296853,0.07297868625593801,0.18251680389875416
g400,Gap_4_9mps,open_gap,10,1000,100,13806,0.05008012820512821,0.11628203859952956,0.053852823918084644,0.17166644775643758
g400,Gap_4_9mps,open_gap,10,1000,100,13806,0.1502403846153846,0.11480742035876411,0.04971215689784812,0.1696616255093419
g400,Gap_4_9mps,open_gap,10,1000,100,13806,0.250400641025641,0.10764037910001863,0.04610485575541108,0.15340438910930307
g400,Gap_4_9mps,open_gap,10,1000,100,13806,0.3505608974358974,0.09544366276327203,0.03923031205519298,0.1440780808217823
g400,Gap_4_9mps,open_gap,10,1000,100,13806,0.45072115384615385,0.08229066648201513,0.0269464980402212,0.12504888379573958
g400,Gap_4_9mps,open_gap,10,1000,100,13806,0.5508814102564102,0.07005766684200085,0.02766614487194231,0.10022613292447055
g400,Gap_4_9mps,open_gap,10,1000,100,13806,0.6510416666666666,0.060560180935454816,0.0222865859422273,0.08645125533437087
g400,Gap_4_9mps,open_gap,10,1000,100,13806,0.7512019230769231,0.05608732336644179,0.021116082650817894,0.0769548427678223
g400,Gap_4_9mps,open_gap,10,1000,100,13806,0.8513621794871795,0.05425381018445465,0.016009530758601648,0.07336029695690185
g400,Gap_4_9mps,open_gap,10,1000,100,13806,0.9515224358974359,0.05230156796867392,0.01696230879712194,0.07387377237785328
g400,Gap_4_9mps,open_gap,10,1000,100,13806,1.0516826923076923,0.05072366754725797,0.019994529542534552,0.07416849019889632
g400,Gap_4_9mps,open_gap,10,1000,100,13806,1.1518429487179487,0.049396948552853114,0.02057230144412258,0.07007826948703247
g400,Gap_4_9mps,open_gap,10,1000,100,13806,1.252003205128205,0.04796471065999101,0.019949433039012844,0.06408223003039906
g400,Gap_4_9mps,open_gap,10,1000,100,13806,1.3521634615384615,0.04701689162883037,0.018873971249400802,0.06752207564517275
g400,Gap_4_9mps,open_gap,10,1000,100,13806,1.4523237179487178,0.04598867062642282,0.019473293755548814,0.0672824958054508
g400,Gap_4_9mps,open_gap,10,1000,100,13806,1.5524839743589745,0.04503012404741594,0.018380541434518994,0.06168876477683542
g400,Gap_4_9mps,open_gap,10,1000,100,13806,1.6526442307692308,0.04426986787433109,0.019062357165954336,0.061314581568353656
g400,Gap_4_9mps,open_gap,10,1000,100,13806,1.7528044871794872,0.04379275257363024,0.02201484068983428,0.061562587747623895
g400,Gap_4_9mps,open_gap,10,1000,100,13806,1.8529647435897436,0.0434287770573916,0.02106603983553404,0.05960486343814787
g400,Gap_4_9mps,open_gap,10,1000,100,13806,1.953125,0.04292121846698468,0.023367193819175937,0.0569820146945052
g400,Gap_4_9mps,open_gap,10,1000,100,13806,2.0532852564102564,0.042181862764402195,0.023107263677756423,0.05749915213712022
g400,Gap_4_9mps,open_gap,10,1000,100,13806,2.1534455128205128,0.041425666926041806,0.021977743481100737,0.05732906229675146
g400,Gap_4_9mps,open_gap,10,1000,100,13806,2.253605769230769,0.04083733195308558,0.020269583211365964,0.05697472736367326
g400,Gap_4_9mps,open_gap,10,1000,100,13806,2.3537660256410255,0.040291933749968686,0.019559329511262786,0.058148943332093535
g400,Gap_4_9mps,open_gap,10,1000,100,13806,2.453926282051282,0.03975686229318512,0.01647471967131432,0.05726265585734263
g400,Gap_4_9mps,open_gap,10,1000,100,13806,2.5540865384615383,0.03930067458075017,0.01617737623068584,0.058964448605447924
g400,Gap_4_9mps,open_gap,10,1000,100,13806,2.6542467948717947,0.03894550199376711,0.015302582317979348,0.057180883103044464
g400,Gap_4_9mps,open_gap,10,1000,100,13806,2.754407051282051,0.03877337690837513,0.01499303862052556,0.05765993871454606
g400,Gap_4_9mps,open_gap,10,1000,100,13806,2.8545673076923075,0.03873594212964709,0.015141259916483303,0.06056810062860358
g400,Gap_4_9mps,open_gap,10,1000,100,13806,2.9547275641025643,0.038949708441665405,0.01662070146157799,0.06009552390796738
g400,Gap_4_9mps,open_gap,10,1000,100,13806,3.0548878205128207,0.039216281473240605,0.015488725249547856,0.05729584711207846
g400,Gap_4_9mps,open_gap,10,1000,100,13806,3.155048076923077,0.03928955769912557,0.015102168352112049,0.05622422639635154
g400,Gap_4_9mps,open_gap,10,1000,100,13806,3.2552083333333335,0.03930291356352344,0.016498365428574524,0.05710390593277591
g400,Gap_4_9mps,open_gap,10,1000,100,13806,3.35536858974359,0.039231913583918775,0.01612432622770454,0.0597740190885257
g400,Gap_4_9mps,open_gap,10,1000,100,13806,3.4555288461538463,0.039042748396846814,0.014383861301234962,0.05769736323846463
g400,Gap_4_9mps,open_gap,10,1000,100,13806,3.5556891025641026,0.03881308909494611,0.013742113314474459,0.05520328024309272
g400,Gap_4_9mps,open_gap,10,1000,100,13806,3.655849358974359,0.03868859305824075,0.013931727908440536,0.05308957543205245
g400,Gap_4_9mps,open_gap,10,1000,100,13806,3.7560096153846154,0.03874587511629792,0.016045019292092687,0.05191049464430833
g400,Gap_4_9mps,open_gap,10,1000,100,13806,3.856169871794872,0.03881443299199039,0.016743518702587255,0.0516529646270269
g400,Gap_4_9mps,open_gap,10,1000,100,13806,3.956330128205128,0.038779928530760524,0.019028250538656914,0.05125646190727494
g400,Gap_4_9mps,open_gap,10,1000,100,13806,4.056490384615385,0.03866748242159332,0.020568583335038304,0.05152108044409577
g400,Gap_4_9mps,open_gap,10,1000,100,13806,4.156650641025641,0.03854839705189606,0.019998247455025868,0.05173457555440252
g400,Gap_4_9mps,open_gap,10,1000,100,13806,4.256810897435898,0.038575352715602494,0.021103208562399067,0.05251058683341189
g400,Gap_4_9mps,open_gap,10,1000,100,13806,4.356971153846154,0.038768605686604334,0.018889332473301674,0.05485628550326444
g400,Gap_4_9mps,open_gap,10,1000,100,13806,4.457131410256411,0.03901517163720732,0.01744502514100499,0.05522282270773188
g400,Gap_4_9mps,open_gap,10,1000,100,13806,4.557291666666667,0.03913583133217504,0.017531481403750535,0.05598848360570048
g400,Gap_4_9mps,open_gap,10,1000,100,13806,4.657451923076923,0.039039396692000405,0.015616382753287236,0.05492993255526307
g400,Gap_4_9mps,open_gap,10,1000,100,13806,4.75761217948718,0.03879908964398618,0.015899086432470323,0.05554409155805824
g400,Gap_4_9mps,open_gap,10,1000,100,13806,4.857772435897436,0.03857805948301447,0.01742613277402011,0.056112269235538664
g400,Gap_4_9mps,open_gap,10,1000,100,13806,4.9579326923076925,0.038596881106539284,0.01706058590315252,0.05387315936827637
g400,Gap_4_9mps,open_gap,10,1000,100,13806,5.058092948717949,0.03863911145174628,0.016583011521195352,0.05423149295854904
g400,Gap_4_9mps,open_gap,10,1000,100,13806,5.158253205128205,0.038725736576936495,0.017438654829824624,0.05397021922561257
g400,Gap_4_9mps,open_gap,10,1000,100,13806,5.258413461538462,0.038926200396120894,0.01798273311312016,0.05592543488413152
g400,Gap_4_9mps,open_gap,10,1000,100,13806,5.358573717948718,0.03917203299841989,0.01953700272167231,0.054444725601288414
g400,Gap_4_9mps,open_gap,10,1000,100,13806,5.4587339743589745,0.03935795878001862,0.020720321459324974,0.053702211107602274
g400,Gap_4_9mps,open_gap,10,1000,100,13806,5.558894230769231,0.03943552046399981,0.019856772876874807,0.052871506709238
g400,Gap_4_9mps,open_gap,10,1000,100,13806,5.659054487179487,0.039492048016106195,0.019248894248736895,0.05180179045940514
g400,Gap_4_9mps,open_gap,10,1000,100,13806,5.759214743589744,0.03968724065789459,0.01775534790164418,0.05254687504099406
g400,Gap_4_9mps,open_gap,10,1000,100,13806,5.859375,0.04013440890705546,0.015789093391998753,0.05433598044842681
g400,Gap_4_9mps,open_gap,10,1000,100,13806,5.959535256410256,0.04072698458534922,0.014574203813276235,0.055909705210839454
g400,Gap_4_9mps,open_gap,10,1000,100,13806,6.059695512820513,0.041270327371008275,0.015450600856937995,0.05778628746875379
g400,Gap_4_9mps,open_gap,10,1000,100,13806,6.159855769230769,0.04172301592612302,0.01677381110847006,0.05898899074512892
g400,Gap_4_9mps,open_gap,10,1000,100,13806,6.2600160256410255,0.0421039486364721,0.018756536049575334,0.06019339013049163
g400,Gap_4_9mps,open_gap,10,1000,100,13806,6.360176282051282,0.042578548553488235,0.018173027685593465,0.060849649429955896
g400,Gap_4_9mps,open_gap,10,1000,100,13806,6.460336538461538,0.04306302802679407,0.018672078209965123,0.06220309650000563
g400,Gap_4_9mps,open_gap,10,1000,100,13806,6.560496794871795,0.04340490689477913,0.01872506417725892,0.06325642399311893
g400,Gap_4_9mps,open_gap,10,1000,100,13806,6.660657051282051,0.04364843807584348,0.021358668146654426,0.0641697246612456
g400,Gap_4_9mps,open_gap,10,1000,100,13806,6.7608173076923075,0.04393137545393893,0.022965249827094872,0.0658525389220427
g400,Gap_4_9mps,open_gap,10,1000,100,13806,6.860977564102564,0.044247575118933694,0.02439449535697163,0.0663549171688064
g400,Gap_4_9mps,open_gap,10,1000,100,13806,6.96113782051282,0.044729505874502085,0.02432058460884456,0.06612085987664863
g400,Gap_4_9mps,open_gap,10,1000,100,13806,7.061298076923077,0.04536760290456387,0.023943185840459368,0.06611086631465384
g400,Gap_4_9mps,open_gap,10,1000,100,13806,7.161458333333333,0.0461037634981402,0.02347328364353657,0.06624395397640759
g400,Gap_4_9mps,open_gap,10,1000,100,13806,7.261618589743589,0.04676116238098631,0.024836618965195956,0.06622301267337188
g400,Gap_4_9mps,open_gap,10,1000,100,13806,7.361778846153846,0.0473002456958096,0.024824303148803493,0.06741456764357462
g400,Gap_4_9mps,open_gap,10,1000,100,13806,7.461939102564102,0.04784868263596086,0.025806626192512866,0.06756341761408205
g400,Gap_4_9mps,open_gap,10,1000,100,13806,7.562099358974359,0.04849313061411861,0.026083322557034452,0.06738163032299907
g400,Gap_4_9mps,open_gap,10,1000,100,13806,7.662259615384615,0.04914674735817828,0.02659402385446832,0.06613488383785743
g400,Gap_4_9mps,open_gap,10,1000,100,13806,7.762419871794871,0.04981266470159593,0.027528588553293442,0.06717445436977112
g400,Gap_4_9mps,open_gap,10,1000,100,13806,7.862580128205129,0.05043630133425385,0.028646400136885578,0.06804197481926147
g400,Gap_4_9mps,open_gap,10,1000,100,13806,7.962740384615385,0.05104786819304066,0.027740426500320874,0.0673707404888642
g400,Gap_4_9mps,open_gap,10,1000,100,13806,8.06290064102564,0.05158071050692021,0.028009333918413235,0.06709306088799023
g400,Gap_4_9mps,open_gap,10,1000,100,13806,8.163060897435898,0.05197690359628134,0.02946747360976257,0.0684074203672167
g400,Gap_4_9mps,open_gap,10,1000,100,13806,8.263221153846153,0.05236209196336224,0.03045267281726701,0.06960103375366794
g400,Gap_4_9mps,open_gap,10,1000,100,13806,8.36338141025641,0.052755843155469336,0.03174543774942964,0.07294836634229869
g400,Gap_4_9mps,open_gap,10,1000,100,13806,8.463541666666666,0.05315289014574583,0.03032665233112621,0.07334332283144111
g400,Gap_4_9mps,open_gap,10,1000,100,13806,8.563701923076923,0.05353441658713004,0.029237322598481354,0.07434390838120031
g400,Gap_4_9mps,open_gap,10,1000,100,13806,8.663862179487179,0.05379884613601583,0.029894277344151652,0.0740471410549692
g400,Gap_4_9mps,open_gap,10,1000,100,13806,8.764022435897436,0.054010115524040156,0.02951492283077839,0.07562163847457101
g400,Gap_4_9mps,open_gap,10,1000,100,13806,8.864182692307692,0.054114259655924674,0.027656222508832394,0.07654608362643178
g400,Gap_4_9mps,open_gap,10,1000,100,13806,8.964342948717949,0.05415861483912618,0.026701682054126288,0.07728677926228986
g400,Gap_4_9mps,open_gap,10,1000,100,13806,9.064503205128204,0.05418532204123663,0.025246897138087053,0.07797909039053377
g400,Gap_4_9mps,open_gap,10,1000,100,13806,9.164663461538462,0.054202871069631876,0.025825819794255356,0.07866336284449599
g400,Gap_4_9mps,open_gap,10,1000,100,13806,9.264823717948717,0.05421686555307816,0.026668364732734214,0.0791943304312667
g400,Gap_4_9mps,open_gap,10,1000,100,13806,9.364983974358974,0.05412842159246454,0.028631799223250664,0.07943803461958635
g400,Gap_4_9mps,open_gap,10,1000,100,13806,9.46514423076923,0.05391649423374067,0.02924480957642454,0.0775538879265603
g400,Gap_4_9mps,open_gap,10,1000,100,13806,9.565304487179487,0.053672684557429455,0.027614240296343538,0.07587452427685436
g400,Gap_4_9mps,open_gap,10,1000,100,13806,9.665464743589743,0.053484770354683,0.026429801006557396,0.07633580136088834
g400,Gap_4_9mps,open_gap,10,1000,100,13806,9.765625,0.05339220065767069,0.025446569496106623,0.07348199098038516
g400,Gap_4_9mps,open_gap,10,1000,100,13806,9.865785256410257,0.05338320090099544,0.024472880810296006,0.07449188572152816
g400,Gap_4_9mps,open_gap,10,1000,100,13806,9.965945512820513,0.05349951254745198,0.02336080455994685,0.07575402297541489
g400,Gap_4_9mps,open_gap,50,1000,100,13806,0.05008012820512821,0.04360715848821908,0.018453359483009413,0.05935086004054642
g400,Gap_4_9mps,open_gap,50,1000,100,13806,0.1502403846153846,0.044659873681975354,0.019352341245548757,0.06777265854840128
g400,Gap_4_9mps,open_gap,50,1000,100,13806,0.250400641025641,0.04368239069775839,0.014631750281464826,0.06705870774399325
g400,Gap_4_9mps,open_gap,50,1000,100,13806,0.3505608974358974,0.041343617976353796,0.016493709879982006,0.06445811772821994
g400,Gap_4_9mps,open_gap,50,1000,100,13806,0.45072115384615385,0.03794264917704946,0.01650923476953035,0.056372884756258804
g400,Gap_4_9mps,open_gap,50,1000,100,13806,0.5508814102564102,0.034350016486287466,0.014190856906642587,0.0525290803039216
g400,Gap_4_9mps,open_gap,50,1000,100,13806,0.6510416666666666,0.03157699798394777,0.012624678267355624,0.04690683584797403
g400,Gap_4_9mps,open_gap,50,1000,100,13806,0.7512019230769231,0.030055796182984356,0.013939764346398695,0.04167085725162581
g400,Gap_4_9mps,open_gap,50,1000,100,13806,0.8513621794871795,0.028783410737992107,0.01357137564518735,0.04208990759487052
g400,Gap_4_9mps,open_gap,50,1000,100,13806,0.9515224358974359,0.02715961303596447,0.014009469939908394,0.03876158960035288
g400,Gap_4_9mps,open_gap,50,1000,100,13806,1.0516826923076923,0.025399710380112323,0.011253777967451854,0.036806721691548104
g400,Gap_4_9mps,open_gap,50,1000,100,13806,1.1518429487179487,0.023678631420470955,0.01219405824909947,0.03317386741901855
g400,Gap_4_9mps,open_gap,50,1000,100,13806,1.252003205128205,0.022066554743198134,0.01015596464202223,0.029941803534499496
g400,Gap_4_9mps,open_gap,50,1000,100,13806,1.3521634615384615,0.020776650493137483,0.00884642247229277,0.028760183675588812
g400,Gap_4_9mps,open_gap,50,1000,100,13806,1.4523237179487178,0.01983490600771061,0.008619999566399706,0.0284870240395676
g400,Gap_4_9mps,open_gap,50,1000,100,13806,1.5524839743589745,0.019218261493504918,0.008316370410909343,0.027607202398295186
g400,Gap_4_9mps,open_gap,50,1000,100,13806,1.6526442307692308,0.018869566811038452,0.008813595879488123,0.026727736163174014
g400,Gap_4_9mps,open_gap,50,1000,100,13806,1.7528044871794872,0.018773945249107072,0.007725970204868083,0.02757582532664352
g400,Gap_4_9mps,open_gap,50,1000,100,13806,1.8529647435897436,0.018662842860942205,0.007825114371612539,0.02591235230319927
g400,Gap_4_9mps,open_gap,50,1000,100,13806,1.953125,0.01857085031470039,0.007505238709271139,0.026041224592630155
g400,Gap_4_9mps,open_gap,50,1000,100,13806,2.0532852564102564,0.01843810119512772,0.007303793910649866,0.02568626218277132
g400,Gap_4_9mps,open_gap,50,1000,100,13806,2.1534455128205128,0.018243761281880357,0.007130514030128261,0.025484809010321047
g400,Gap_4_9mps,open_gap,50,1000,100,13806,2.253605769230769,0.017993356283253423,0.007026799010052291,0.025825755823323034
g400,Gap_4_9mps,open_gap,50,1000,100,13806,2.3537660256410255,0.0178362342007047,0.006385208294333814,0.025645070730583898
g400,Gap_4_9mps,open_gap,50,1000,100,13806,2.453926282051282,0.017797098047835646,0.0056982899088719,0.025361508732974353
g400,Gap_4_9mps,open_gap,50,1000,100,13806,2.5540865384615383,0.017788652734883333,0.006268125062987218,0.025790381899147487
g400,Gap_4_9mps,open_gap,50,1000,100,13806,2.6542467948717947,0.01781959299904431,0.006590320089103851,0.026462289275792424
g400,Gap_4_9mps,open_gap,50,1000,100,13806,2.754407051282051,0.01787150971374268,0.007199304757273074,0.02642035923841951
g400,Gap_4_9mps,open_gap,50,1000,100,13806,2.8545673076923075,0.01798736085753748,0.006971970393087018,0.026525744055094776
g400,Gap_4_9mps,open_gap,50,1000,100,13806,2.9547275641025643,0.018053242144372816,0.007115639191279787,0.026772017544979723
g400,Gap_4_9mps,open_gap,50,1000,100,13806,3.0548878205128207,0.018124806920966005,0.008090003154928907,0.02739131919379787
g400,Gap_4_9mps,open_gap,50,1000,100,13806,3.155048076923077,0.018058663221729318,0.007260259928413752,0.02727125133250358
g400,Gap_4_9mps,open_gap,50,1000,100,13806,3.2552083333333335,0.01786562900661948,0.0076293972071643235,0.02735336619381366
g400,Gap_4_9mps,open_gap,50,1000,100,13806,3.35536858974359,0.017670531983557877,0.007984970126327545,0.025713501898197506
g400,Gap_4_9mps,open_gap,50,1000,100,13806,3.4555288461538463,0.017564855352623598,0.007242958105495048,0.0260860183881319
g400,Gap_4_9mps,open_gap,50,1000,100,13806,3.5556891025641026,0.0175471101651604,0.007592032495065515,0.026158736816594048
g400,Gap_4_9mps,open_gap,50,1000,100,13806,3.655849358974359,0.01762277843368153,0.007407066632840821,0.025464696560804835
g400,Gap_4_9mps,open_gap,50,1000,100,13806,3.7560096153846154,0.017732924594234017,0.008145086145652989,0.02469886095573489
g400,Gap_4_9mps,open_gap,50,1000,100,13806,3.856169871794872,0.017806845233041504,0.007866386607695985,0.0249750260285794
g400,Gap_4_9mps,open_gap,50,1000,100,13806,3.956330128205128,0.017840437598313285,0.008107959255300392,0.026487506375228356
g400,Gap_4_9mps,open_gap,50,1000,100,13806,4.056490384615385,0.0178938560306976,0.00756185496660689,0.025012098741404226
g400,Gap_4_9mps,open_gap,50,1000,100,13806,4.156650641025641,0.01790497409150398,0.007983496434524763,0.024548363267175546
g400,Gap_4_9mps,open_gap,50,1000,100,13806,4.256810897435898,0.017913513138654885,0.00890127780288525,0.02428643530207411
g400,Gap_4_9mps,open_gap,50,1000,100,13806,4.356971153846154,0.017958648458262175,0.008835152495799144,0.024942477813386328
g400,Gap_4_9mps,open_gap,50,1000,100,13806,4.457131410256411,0.017997988769762302,0.009081937916577803,0.025339518595196668
g400,Gap_4_9mps,open_gap,50,1000,100,13806,4.557291666666667,0.0180489273909112,0.008763157503923348,0.026361424516370285
g400,Gap_4_9mps,open_gap,50,1000,100,13806,4.657451923076923,0.018101629295710464,0.008852341107108003,0.027062181171749064
g400,Gap_4_9mps,open_gap,50,1000,100,13806,4.75761217948718,0.018158190832347917,0.009312101262247843,0.026991460558184813
g400,Gap_4_9mps,open_gap,50,1000,100,13806,4.857772435897436,0.01820333876150715,0.009000701694802302,0.026733093325553643
g400,Gap_4_9mps,open_gap,50,1000,100,13806,4.9579326923076925,0.018220645362210817,0.008290807020515423,0.02641810541657567
g400,Gap_4_9mps,open_gap,50,1000,100,13806,5.058092948717949,0.01817338182452478,0.008743818297729793,0.0261881110603862
g400,Gap_4_9mps,open_gap,50,1000,100,13806,5.158253205128205,0.018125703941521812,0.008409939258064108,0.02672001260535398
g400,Gap_4_9mps,open_gap,50,1000,100,13806,5.258413461538462,0.018132655644673933,0.008651710671336835,0.027106153062699888
g400,Gap_4_9mps,open_gap,50,1000,100,13806,5.358573717948718,0.018125826259103583,0.0077638104780584204,0.02718509557993835
g400,Gap_4_9mps,open_gap,50,1000,100,13806,5.4587339743589745,0.01812988337376513,0.007408512788912983,0.02723724565023063
g400,Gap_4_9mps,open_gap,50,1000,100,13806,5.558894230769231,0.018150298895257207,0.007427537606111316,0.027825846057442004
g400,Gap_4_9mps,open_gap,50,1000,100,13806,5.659054487179487,0.018061447054824015,0.007994978563379624,0.02743269105831047
g400,Gap_4_9mps,open_gap,50,1000,100,13806,5.759214743589744,0.01784744745295468,0.007888803520072478,0.026840885842257436
g400,Gap_4_9mps,open_gap,50,1000,100,13806,5.859375,0.017655460316243106,0.007596209506314113,0.026600004688153402
g400,Gap_4_9mps,open_gap,50,1000,100,13806,5.959535256410256,0.017573577840774356,0.007460150975238723,0.026630549043378766
g400,Gap_4_9mps,open_gap,50,1000,100,13806,6.059695512820513,0.017580651997461026,0.007469936852159181,0.02680698370713336
g400,Gap_4_9mps,open_gap,50,1000,100,13806,6.159855769230769,0.01754829691110986,0.007277750836667955,0.026649080335204817
g400,Gap_4_9mps,open_gap,50,1000,100,13806,6.2600160256410255,0.01743228690288782,0.006200544568114935,0.02643021435206791
g400,Gap_4_9mps,open_gap,50,1000,100,13806,6.360176282051282,0.017299449505583077,0.006014531749448218,0.025990112365848812
g400,Gap_4_9mps,open_gap,50,1000,100,13806,6.460336538461538,0.017177979027254694,0.006647862345599287,0.02484926010473401
g400,Gap_4_9mps,open_gap,50,1000,100,13806,6.560496794871795,0.01708647728180528,0.0066837554337777945,0.024400729445554926
g400,Gap_4_9mps,open_gap,50,1000,100,13806,6.660657051282051,0.017000393391140473,0.006896581786038585,0.024709910852999426
g400,Gap_4_9mps,open_gap,50,1000,100,13806,6.7608173076923075,0.016894375524510296,0.006717394798798699,0.02439568797621769
g400,Gap_4_9mps,open_gap,50,1000,100,13806,6.860977564102564,0.016805515629984353,0.006340998895267015,0.02311217163172247
g400,Gap_4_9mps,open_gap,50,1000,100,13806,6.96113782051282,0.016847491554527645,0.006629522609657584,0.023496700791570315
g400,Gap_4_9mps,open_gap,50,1000,100,13806,7.061298076923077,0.01694527548421248,0.006355463270324379,0.024480841429409733
g400,Gap_4_9mps,open_gap,50,1000,100,13806,7.161458333333333,0.017090076890909096,0.007313281750675916,0.02526518130576333
g400,Gap_4_9mps,open_gap,50,1000,100,13806,7.261618589743589,0.017365180359526385,0.007067102958401148,0.02549637360498942
g400,Gap_4_9mps,open_gap,50,1000,100,13806,7.361778846153846,0.017756153983469337,0.0072410342082628015,0.02515967988373343
g400,Gap_4_9mps,open_gap,50,1000,100,13806,7.461939102564102,0.018170708351197905,0.007967329995698076,0.02502698316992395
g400,Gap_4_9mps,open_gap,50,1000,100,13806,7.562099358974359,0.018553079013391306,0.008355613015106171,0.02538587583159953
g400,Gap_4_9mps,open_gap,50,1000,100,13806,7.662259615384615,0.018899531810581932,0.008719447157844173,0.025102621028053877
g400,Gap_4_9mps,open_gap,50,1000,100,13806,7.762419871794871,0.01921512977920713,0.009047076891954314,0.02502514203957141
g400,Gap_4_9mps,open_gap,50,1000,100,13806,7.862580128205129,0.019477972434834522,0.008957622805126679,0.025260529640230553
g400,Gap_4_9mps,open_gap,50,1000,100,13806,7.962740384615385,0.019715868200002342,0.009247040172934703,0.02593267731840517
g400,Gap_4_9mps,open_gap,50,1000,100,13806,8.06290064102564,0.01996881257392311,0.008878626296459658,0.026391767136586135
g400,Gap_4_9mps,open_gap,50,1000,100,13806,8.163060897435898,0.02023424158484523,0.009410298024011842,0.02714690632293009
g400,Gap_4_9mps,open_gap,50,1000,100,13806,8.263221153846153,0.020501552619692432,0.009522083216247467,0.028565712062724517
g400,Gap_4_9mps,open_gap,50,1000,100,13806,8.36338141025641,0.02082820504833101,0.009150287796497604,0.03014121233446432
g400,Gap_4_9mps,open_gap,50,1000,100,13806,8.463541666666666,0.021202176988602144,0.008650114421474215,0.0313307901125151
g400,Gap_4_9mps,open_gap,50,1000,100,13806,8.563701923076923,0.021556882100322375,0.008769392566489363,0.03163787202995077
g400,Gap_4_9mps,open_gap,50,1000,100,13806,8.663862179487179,0.02187730688553889,0.009237592610219733,0.031822388182838904
g400,Gap_4_9mps,open_gap,50,1000,100,13806,8.764022435897436,0.022130425864078606,0.009908905475209766,0.031844826128598715
g400,Gap_4_9mps,open_gap,50,1000,100,13806,8.864182692307692,0.02237571157989955,0.009516937205266777,0.03280300333255563
g400,Gap_4_9mps,open_gap,50,1000,100,13806,8.964342948717949,0.022681928399361756,0.009841137649287717,0.03378123316516486
g400,Gap_4_9mps,open_gap,50,1000,100,13806,9.064503205128204,0.02297656306728045,0.009437028762796194,0.03428825174221327
g400,Gap_4_9mps,open_gap,50,1000,100,13806,9.164663461538462,0.023233832656342795,0.009566285512585647,0.036241218304244524
g400,Gap_4_9mps,open_gap,50,1000,100,13806,9.264823717948717,0.023435476465198057,0.00953117227882119,0.03744513851862653
g400,Gap_4_9mps,open_gap,50,1000,100,13806,9.364983974358974,0.023639340417353272,0.008551740501952225,0.03734465400624668
g400,Gap_4_9mps,open_gap,50,1000,100,13806,9.46514423076923,0.023862907322926192,0.00792122219649032,0.038553863472744164
g400,Gap_4_9mps,open_gap,50,1000,100,13806,9.565304487179487,0.024099140634403618,0.008175431529263482,0.04020295132992649
g400,Gap_4_9mps,open_gap,50,1000,100,13806,9.665464743589743,0.02429277668729319,0.008470336526411163,0.03997265983208664
g400,Gap_4_9mps,open_gap,50,1000,100,13806,9.765625,0.02445373517936271,0.008083728142662946,0.04124855250143472
g400,Gap_4_9mps,open_gap,50,1000,100,13806,9.865785256410257,0.024607875352021674,0.008002628773842127,0.0416011669316153
g400,Gap_4_9mps,open_gap,50,1000,100,13806,9.965945512820513,0.02478166029715536,0.007468577656536477,0.04179191228117155
g400,Gap_4_9mps,open_gap,100,1000,100,13806,0.05008012820512821,0.033528248861798095,0.014098215493157897,0.05169386657193958
g400,Gap_4_9mps,open_gap,100,1000,100,13806,0.1502403846153846,0.03226660201880514,0.012363083244886273,0.04932555705394123
g400,Gap_4_9mps,open_gap,100,1000,100,13806,0.250400641025641,0.031201619847882073,0.008597071218183188,0.04629866592553435
g400,Gap_4_9mps,open_gap,100,1000,100,13806,0.3505608974358974,0.029649748817688382,0.015326660314224532,0.043648973491190166
g400,Gap_4_9mps,open_gap,100,1000,100,13806,0.45072115384615385,0.026553610895599978,0.01373292314295791,0.03807072269478452
g400,Gap_4_9mps,open_gap,100,1000,100,13806,0.5508814102564102,0.022752369069756497,0.008815555686644655,0.0358634921633649
g400,Gap_4_9mps,open_gap,100,1000,100,13806,0.6510416666666666,0.020327967394121935,0.009575206934102106,0.030683739215578973
g400,Gap_4_9mps,open_gap,100,1000,100,13806,0.7512019230769231,0.018880307558520763,0.006416671821237091,0.026473696558386984
g400,Gap_4_9mps,open_gap,100,1000,100,13806,0.8513621794871795,0.01795100854842728,0.005786465554215854,0.026269096126622222
g400,Gap_4_9mps,open_gap,100,1000,100,13806,0.9515224358974359,0.016829795033532036,0.005730043925839564,0.024419047455188272
g400,Gap_4_9mps,open_gap,100,1000,100,13806,1.0516826923076923,0.015553365131249696,0.005136239270689087,0.02314514192277189
g400,Gap_4_9mps,open_gap,100,1000,100,13806,1.1518429487179487,0.014464925722324875,0.005015122907944376,0.022165181335799464
g400,Gap_4_9mps,open_gap,100,1000,100,13806,1.252003205128205,0.013639375718640556,0.004972773040068016,0.018973463155903057
g400,Gap_4_9mps,open_gap,100,1000,100,13806,1.3521634615384615,0.013185199188429485,0.0054027891241113435,0.018383713192996573
g400,Gap_4_9mps,open_gap,100,1000,100,13806,1.4523237179487178,0.01281517364497576,0.00512934360223039,0.017851028056984346
g400,Gap_4_9mps,open_gap,100,1000,100,13806,1.5524839743589745,0.012510728647183571,0.005310206034395588,0.018034347715215136
g400,Gap_4_9mps,open_gap,100,1000,100,13806,1.6526442307692308,0.01226416645289012,0.005002825821736285,0.017646096863753076
g400,Gap_4_9mps,open_gap,100,1000,100,13806,1.7528044871794872,0.012125336731911747,0.0050034909636424785,0.01802644099652481
g400,Gap_4_9mps,open_gap,100,1000,100,13806,1.8529647435897436,0.012105534504816716,0.005291005541573268,0.0176202503645429
g400,Gap_4_9mps,open_gap,100,1000,100,13806,1.953125,0.012278594400955932,0.0054603836093755995,0.018768860052300967
g400,Gap_4_9mps,open_gap,100,1000,100,13806,2.0532852564102564,0.012446729154968458,0.005613019043915799,0.018873765701679174
g400,Gap_4_9mps,open_gap,100,1000,100,13806,2.1534455128205128,0.012585011076490724,0.005210090189665524,0.0192971509399677
g400,Gap_4_9mps,open_gap,100,1000,100,13806,2.253605769230769,0.012743543015352443,0.00520796083883833,0.019854795376826776
g400,Gap_4_9mps,open_gap,100,1000,100,13806,2.3537660256410255,0.012881298397751411,0.004897436365642904,0.019658183402294586
g400,Gap_4_9mps,open_gap,100,1000,100,13806,2.453926282051282,0.012946185572229187,0.004959809949241389,0.018651293552424474
g400,Gap_4_9mps,open_gap,100,1000,100,13806,2.5540865384615383,0.013019707692440673,0.004719226584149292,0.019478318628791846
g400,Gap_4_9mps,open_gap,100,1000,100,13806,2.6542467948717947,0.013067567319798466,0.005120565769836043,0.0191398431121638
g400,Gap_4_9mps,open_gap,100,1000,100,13806,2.754407051282051,0.013079913243369212,0.005404101406842496,0.019088971642323108
g400,Gap_4_9mps,open_gap,100,1000,100,13806,2.8545673076923075,0.01308162424844545,0.005703260324377113,0.018954160919240893
g400,Gap_4_9mps,open_gap,100,1000,100,13806,2.9547275641025643,0.013125141984438381,0.0055856404011777475,0.018756792608565713
g400,Gap_4_9mps,open_gap,100,1000,100,13806,3.0548878205128207,0.013233847679633075,0.005791215511079605,0.018783112936861374
g400,Gap_4_9mps,open_gap,100,1000,100,13806,3.155048076923077,0.013315201551420512,0.006626158698601807,0.019152735134225145
g400,Gap_4_9mps,open_gap,100,1000,100,13806,3.2552083333333335,0.013392261046984419,0.006503853092439393,0.019777388190292712
g400,Gap_4_9mps,open_gap,100,1000,100,13806,3.35536858974359,0.013506569112934656,0.00538359064380706,0.019856086161574436
g400,Gap_4_9mps,open_gap,100,1000,100,13806,3.4555288461538463,0.013525919122869072,0.005766314128525851,0.019705054101734884
g400,Gap_4_9mps,open_gap,100,1000,100,13806,3.5556891025641026,0.013484958813555416,0.005621746204976916,0.02027750495388578
g400,Gap_4_9mps,open_gap,100,1000,100,13806,3.655849358974359,0.013520477894800742,0.005160303031558662,0.020766109833297856
g400,Gap_4_9mps,open_gap,100,1000,100,13806,3.7560096153846154,0.013551958577945483,0.004939786513127246,0.02003734497070485
g400,Gap_4_9mps,open_gap,100,1000,100,13806,3.856169871794872,0.013490064657446723,0.004319855978432811,0.01936398220618415
g400,Gap_4_9mps,open_gap,100,1000,100,13806,3.956330128205128,0.013386421237254193,0.004155483884235346,0.018933881379776384
g400,Gap_4_9mps,open_gap,100,1000,100,13806,4.056490384615385,0.013313039605904653,0.00410691740458659,0.019003891912888496
g400,Gap_4_9mps,open_gap,100,1000,100,13806,4.156650641025641,0.013312207964263445,0.004053117131291265,0.018456528470017962
g400,Gap_4_9mps,open_gap,100,1000,100,13806,4.256810897435898,0.013299767490678342,0.004159337409441822,0.01883985277783177
g400,Gap_4_9mps,open_gap,100,1000,100,13806,4.356971153846154,0.013267318569243833,0.004579731543437372,0.01917068648341097
g400,Gap_4_9mps,open_gap,100,1000,100,13806,4.457131410256411,0.013212610486621125,0.004329985907254736,0.019363283345457585
g400,Gap_4_9mps,open_gap,100,1000,100,13806,4.557291666666667,0.013226067419622232,0.0042911263418307696,0.01980170698544569
g400,Gap_4_9mps,open_gap,100,1000,100,13806,4.657451923076923,0.013367948422507978,0.004887724161324056,0.020000137482115054
g400,Gap_4_9mps,open_gap,100,1000,100,13806,4.75761217948718,0.013473990313823936,0.004161432249492308,0.020524197774967574
g400,Gap_4_9mps,open_gap,100,1000,100,13806,4.857772435897436,0.013459920410907373,0.004684133576202364,0.019412701603034613
g400,Gap_4_9mps,open_gap,100,1000,100,13806,4.9579326923076925,0.01336481562678753,0.004698935023340087,0.01971143324888631
g400,Gap_4_9mps,open_gap,100,1000,100,13806,5.058092948717949,0.013214634526659254,0.004750432602713791,0.01894887476281284
g400,Gap_4_9mps,open_gap,100,1000,100,13806,5.158253205128205,0.013087514447311816,0.00465548567228191,0.01777013997287464
g400,Gap_4_9mps,open_gap,100,1000,100,13806,5.258413461538462,0.012979290800102792,0.00410401671274181,0.017404215930126452
g400,Gap_4_9mps,open_gap,100,1000,100,13806,5.358573717948718,0.012843836214650713,0.003961383978162545,0.017466426328411465
g400,Gap_4_9mps,open_gap,100,1000,100,13806,5.4587339743589745,0.012697338630276217,0.004285978352010784,0.017718514677373932
g400,Gap_4_9mps,open_gap,100,1000,100,13806,5.558894230769231,0.012549768086129018,0.004723613264265248,0.018276406760675254
g400,Gap_4_9mps,open_gap,100,1000,100,13806,5.659054487179487,0.012425736038795251,0.00529315886366647,0.017975377895399946
g400,Gap_4_9mps,open_gap,100,1000,100,13806,5.759214743589744,0.012249932036426816,0.004379769620119878,0.017979520700601083
g400,Gap_4_9mps,open_gap,100,1000,100,13806,5.859375,0.012106061007152833,0.004176428621587161,0.017708667646730254
g400,Gap_4_9mps,open_gap,100,1000,100,13806,5.959535256410256,0.012081000190490293,0.004331145928805995,0.018733444802470082
g400,Gap_4_9mps,open_gap,100,1000,100,13806,6.059695512820513,0.01216023023792031,0.00428330418240897,0.018142713929690506
g400,Gap_4_9mps,open_gap,100,1000,100,13806,6.159855769230769,0.012209607071808633,0.0041566699821414125,0.017608818220906326
g400,Gap_4_9mps,open_gap,100,1000,100,13806,6.2600160256410255,0.012196654522401967,0.004704013533918987,0.01721525976772359
g400,Gap_4_9mps,open_gap,100,1000,100,13806,6.360176282051282,0.012161897474804435,0.004907660923121915,0.016884352659441184
g400,Gap_4_9mps,open_gap,100,1000,100,13806,6.460336538461538,0.012120301099570246,0.004928766933376973,0.016151582340907803
g400,Gap_4_9mps,open_gap,100,1000,100,13806,6.560496794871795,0.012104615236516614,0.005446390597009329,0.015673175816819526
g400,Gap_4_9mps,open_gap,100,1000,100,13806,6.660657051282051,0.012111506173996738,0.005124328869931271,0.0153948328268265
g400,Gap_4_9mps,open_gap,100,1000,100,13806,6.7608173076923075,0.012144635829247881,0.0051703058346369325,0.016134818057997335
g400,Gap_4_9mps,open_gap,100,1000,100,13806,6.860977564102564,0.012198134478119772,0.004895831431687457,0.01607808795879273
g400,Gap_4_9mps,open_gap,100,1000,100,13806,6.96113782051282,0.012249423482052489,0.005105060798884665,0.016567078791442095
g400,Gap_4_9mps,open_gap,100,1000,100,13806,7.061298076923077,0.012306198228332644,0.004946107760970741,0.017177719991191734
g400,Gap_4_9mps,open_gap,100,1000,100,13806,7.161458333333333,0.01240263367190856,0.005224293892876262,0.017137825239710712
g400,Gap_4_9mps,open_gap,100,1000,100,13806,7.261618589743589,0.012529070820406102,0.0051679822122288905,0.01753771024506493
g400,Gap_4_9mps,open_gap,100,1000,100,13806,7.361778846153846,0.01266482714348,0.00549583663772442,0.01764527589177641
g400,Gap_4_9mps,open_gap,100,1000,100,13806,7.461939102564102,0.01279623060032144,0.005645501260276801,0.01793551588249015
g400,Gap_4_9mps,open_gap,100,1000,100,13806,7.562099358974359,0.01291295358673802,0.005507293801455771,0.018400340898882442
g400,Gap_4_9mps,open_gap,100,1000,100,13806,7.662259615384615,0.013009092426839059,0.005553427142386019,0.018648142210643825
g400,Gap_4_9mps,open_gap,100,1000,100,13806,7.762419871794871,0.013117264638082039,0.005176562738676465,0.01922767048324958
g400,Gap_4_9mps,open_gap,100,1000,100,13806,7.862580128205129,0.013220199629734546,0.005521186474012294,0.019664306380172792
g400,Gap_4_9mps,open_gap,100,1000,100,13806,7.962740384615385,0.013315777630012914,0.005583946899276332,0.019872741788009733
g400,Gap_4_9mps,open_gap,100,1000,100,13806,8.06290064102564,0.01339214042880184,0.005680629753142072,0.0197958663404647
g400,Gap_4_9mps,open_gap,100,1000,100,13806,8.163060897435898,0.013469647828185738,0.005554257981785802,0.01985491976177347
g400,Gap_4_9mps,open_gap,100,1000,100,13806,8.263221153846153,0.013564507938558979,0.00580120580065495,0.01997843716794519
g400,Gap_4_9mps,open_gap,100,1000,100,13806,8.36338141025641,0.013678119586761094,0.005962366452949423,0.020181684953113052
g400,Gap_4_9mps,open_gap,100,1000,100,13806,8.463541666666666,0.013813949795496012,0.005903198545086795,0.020289657736486267
g400,Gap_4_9mps,open_gap,100,1000,100,13806,8.563701923076923,0.013978183833294609,0.006092417894106851,0.02051441490175965
g400,Gap_4_9mps,open_gap,100,1000,100,13806,8.663862179487179,0.014139610231650558,0.005839436375433153,0.02078571683777913
g400,Gap_4_9mps,open_gap,100,1000,100,13806,8.764022435897436,0.014282397161000143,0.006200260018415244,0.021073474065743
g400,Gap_4_9mps,open_gap,100,1000,100,13806,8.864182692307692,0.014447961423457818,0.006134527028401713,0.021137526338355053
g400,Gap_4_9mps,open_gap,100,1000,100,13806,8.964342948717949,0.014660811916725212,0.006650899499812136,0.02151388790966853
g400,Gap_4_9mps,open_gap,100,1000,100,13806,9.064503205128204,0.014912394865314912,0.006651306711721377,0.0219518259736442
g400,Gap_4_9mps,open_gap,100,1000,100,13806,9.164663461538462,0.01518690931552073,0.006539771263630136,0.02258916965324026
g400,Gap_4_9mps,open_gap,100,1000,100,13806,9.264823717948717,0.015504767774712304,0.006345877297668194,0.023180096698464735
g400,Gap_4_9mps,open_gap,100,1000,100,13806,9.364983974358974,0.015875988989435343,0.006035753260536156,0.023756076061031053
g400,Gap_4_9mps,open_gap,100,1000,100,13806,9.46514423076923,0.01628843756122287,0.0055431992122900765,0.02428754283895978
g400,Gap_4_9mps,open_gap,100,1000,100,13806,9.565304487179487,0.016675588623536894,0.005917414885423293,0.0245493715266747
g400,Gap_4_9mps,open_gap,100,1000,100,13806,9.665464743589743,0.016979483182435622,0.005882617903368736,0.02478804658386905
g400,Gap_4_9mps,open_gap,100,1000,100,13806,9.765625,0.01719237316486965,0.006077875358017862,0.02500104731542934
g400,Gap_4_9mps,open_gap,100,1000,100,13806,9.865785256410257,0.017316485523748676,0.006321326232831569,0.0254834197622614
g400,Gap_4_9mps,open_gap,100,1000,100,13806,9.965945512820513,0.01741417332283174,0.006231394332767366,0.02651766426548332
g400,Gap_4_9mps,open_gap,500,1000,100,13806,0.05008012820512821,0.01558405407097352,0.0051324746070434074,0.02339179602219992
g400,Gap_4_9mps,open_gap,500,1000,100,13806,0.1502403846153846,0.015243002441943957,0.005631654522637969,0.022539379939047508
g400,Gap_4_9mps,open_gap,500,1000,100,13806,0.250400641025641,0.014768420992328729,0.005772355823279316,0.021601383665686157
g400,Gap_4_9mps,open_gap,500,1000,100,13806,0.3505608974358974,0.012828070196335533,0.004865501438804452,0.018363202110035552
g400,Gap_4_9mps,open_gap,500,1000,100,13806,0.45072115384615385,0.010221222651663663,0.0028426155070055427,0.01544266514822334
g400,Gap_4_9mps,open_gap,500,1000,100,13806,0.5508814102564102,0.009060528514302297,0.003055158239651812,0.012518358819594913
g400,Gap_4_9mps,open_gap,500,1000,100,13806,0.6510416666666666,0.009095884262899208,0.003651663175595429,0.011442625400315562
g400,Gap_4_9mps,open_gap,500,1000,100,13806,0.7512019230769231,0.009302357217957514,0.0022962465812745984,0.013853834720708039
g400,Gap_4_9mps,open_gap,500,1000,100,13806,0.8513621794871795,0.009228147580466676,0.0026929985322494284,0.014033558713754574
g400,Gap_4_9mps,open_gap,500,1000,100,13806,0.9515224358974359,0.008511446509968604,0.0023604726609600295,0.012318976262308674
g400,Gap_4_9mps,open_gap,500,1000,100,13806,1.0516826923076923,0.007688154469677966,0.002467878003816811,0.01062590346885461
g400,Gap_4_9mps,open_gap,500,1000,100,13806,1.1518429487179487,0.006992544694045018,0.0027538304761409007,0.010047955583498011
g400,Gap_4_9mps,open_gap,500,1000,100,13806,1.252003205128205,0.006476010654428122,0.0026589220455468304,0.009331896543500924
g400,Gap_4_9mps,open_gap,500,1000,100,13806,1.3521634615384615,0.0061770550195117,0.0025073188195498903,0.008810234806564853
g400,Gap_4_9mps,open_gap,500,1000,100,13806,1.4523237179487178,0.006005206988272743,0.002307816322730787,0.009050741941042063
g400,Gap_4_9mps,open_gap,500,1000,100,13806,1.5524839743589745,0.005851607946084279,0.0020962578218480694,0.009152440866675316
g400,Gap_4_9mps,open_gap,500,1000,100,13806,1.6526442307692308,0.0057681670650320226,0.0021613679972295585,0.008588078725623293
g400,Gap_4_9mps,open_gap,500,1000,100,13806,1.7528044871794872,0.005800369996323834,0.0022079561362626085,0.008653794044651596
g400,Gap_4_9mps,open_gap,500,1000,100,13806,1.8529647435897436,0.00584997278557385,0.0025651253176740166,0.0085385636807553
g400,Gap_4_9mps,open_gap,500,1000,100,13806,1.953125,0.006018861152662282,0.0029103003127914744,0.008578553650025437
g400,Gap_4_9mps,open_gap,500,1000,100,13806,2.0532852564102564,0.006400163486232208,0.003030428379991443,0.009022675329755543
g400,Gap_4_9mps,open_gap,500,1000,100,13806,2.1534455128205128,0.006894151531386875,0.0028454070870149433,0.00919535280775308
g400,Gap_4_9mps,open_gap,500,1000,100,13806,2.253605769230769,0.007465202047677014,0.0037754343181763536,0.010312822709760342
g400,Gap_4_9mps,open_gap,500,1000,100,13806,2.3537660256410255,0.0081550845853354,0.004211740110168182,0.011298088337206824
g400,Gap_4_9mps,open_gap,500,1000,100,13806,2.453926282051282,0.008737290699397623,0.004425827080743366,0.012594397295770693
g400,Gap_4_9mps,open_gap,500,1000,100,13806,2.5540865384615383,0.009132949019083946,0.0048346856374235836,0.012711711130157833
g400,Gap_4_9mps,open_gap,500,1000,100,13806,2.6542467948717947,0.009344517205437376,0.004992076281774513,0.013023640229591675
g400,Gap_4_9mps,open_gap,500,1000,100,13806,2.754407051282051,0.009409099405361275,0.004989552601035882,0.012762259826282771
g400,Gap_4_9mps,open_gap,500,1000,100,13806,2.8545673076923075,0.009461338700963827,0.004855598262040827,0.012935333369458839
g400,Gap_4_9mps,open_gap,500,1000,100,13806,2.9547275641025643,0.009571597607075197,0.004851222916050285,0.013355134251467164
g400,Gap_4_9mps,open_gap,500,1000,100,13806,3.0548878205128207,0.009661080405040039,0.004722571171577126,0.013385443124523142
g400,Gap_4_9mps,open_gap,500,1000,100,13806,3.155048076923077,0.009705584332025485,0.005110190285352045,0.013848825624764216
g400,Gap_4_9mps,open_gap,500,1000,100,13806,3.2552083333333335,0.009824399558593131,0.005154643481609019,0.014074113647222974
g400,Gap_4_9mps,open_gap,500,1000,100,13806,3.35536858974359,0.010031584647308835,0.005307574493879982,0.014449149036850264
g400,Gap_4_9mps,open_gap,500,1000,100,13806,3.4555288461538463,0.010188260500130449,0.005397390435048618,0.014852478294122215
g400,Gap_4_9mps,open_gap,500,1000,100,13806,3.5556891025641026,0.010261463345300101,0.005561705399610675,0.014745329438555225
g400,Gap_4_9mps,open_gap,500,1000,100,13806,3.655849358974359,0.010349050280700007,0.005779436750298057,0.01489782410006612
g400,Gap_4_9mps,open_gap,500,1000,100,13806,3.7560096153846154,0.01051171690804797,0.0063157965374241,0.01479159489562764
g400,Gap_4_9mps,open_gap,500,1000,100,13806,3.856169871794872,0.010694831071024343,0.0066572181074424225,0.014906501274867853
g400,Gap_4_9mps,open_gap,500,1000,100,13806,3.956330128205128,0.01083196821350923,0.006865533792631329,0.015531555643784794
g400,Gap_4_9mps,open_gap,500,1000,100,13806,4.056490384615385,0.010960875456350418,0.006893325273080289,0.016135183328911434
g400,Gap_4_9mps,open_gap,500,1000,100,13806,4.156650641025641,0.01111187677616464,0.006939958638420853,0.016121308800933466
g400,Gap_4_9mps,open_gap,500,1000,100,13806,4.256810897435898,0.011328209465321204,0.006935256341166438,0.01652380631685542
g400,Gap_4_9mps,open_gap,500,1000,100,13806,4.356971153846154,0.011587208218460985,0.007010480142074902,0.01675337757027521
g400,Gap_4_9mps,open_gap,500,1000,100,13806,4.457131410256411,0.011803395219097538,0.007121512935999349,0.016942184316850174
g400,Gap_4_9mps,open_gap,500,1000,100,13806,4.557291666666667,0.01208536528718897,0.0074394865854312524,0.01704359681647868
g400,Gap_4_9mps,open_gap,500,1000,100,13806,4.657451923076923,0.012391676228467407,0.007901758853547004,0.01710596111286209
g400,Gap_4_9mps,open_gap,500,1000,100,13806,4.75761217948718,0.012547716495055306,0.008206173830382881,0.01709397249689516
g400,Gap_4_9mps,open_gap,500,1000,100,13806,4.857772435897436,0.012558365870615063,0.00836733162280422,0.01693338840541208
g400,Gap_4_9mps,open_gap,500,1000,100,13806,4.9579326923076925,0.012472743500154197,0.00834917437684362,0.016709034044481996
g400,Gap_4_9mps,open_gap,500,1000,100,13806,5.058092948717949,0.01228481448265038,0.008197403828616239,0.016460903955248296
g400,Gap_4_9mps,open_gap,500,1000,100,13806,5.158253205128205,0.012089554767926775,0.007909431079164001,0.016152299323881483
g400,Gap_4_9mps,open_gap,500,1000,100,13806,5.258413461538462,0.011970777543966124,0.008090080176923102,0.016064624075860918
g400,Gap_4_9mps,open_gap,500,1000,100,13806,5.358573717948718,0.011850276836959137,0.007825993897303917,0.015965738103748364
g400,Gap_4_9mps,open_gap,500,1000,100,13806,5.4587339743589745,0.01168464364555571,0.007668183120257209,0.015846687863926824
g400,Gap_4_9mps,open_gap,500,1000,100,13806,5.558894230769231,0.011474998987444536,0.007482111052432735,0.015557136635349848
g400,Gap_4_9mps,open_gap,500,1000,100,13806,5.659054487179487,0.011191565580689839,0.007213701819490689,0.015230155750595826
g400,Gap_4_9mps,open_gap,500,1000,100,13806,5.759214743589744,0.010834924148326586,0.006576607415269234,0.014955449844453812
g400,Gap_4_9mps,open_gap,500,1000,100,13806,5.859375,0.010532331708515166,0.0060006908772677284,0.014719718690393568
g400,Gap_4_9mps,open_gap,500,1000,100,13806,5.959535256410256,0.010359481298435058,0.005943707747486366,0.01484726683312345
g400,Gap_4_9mps,open_gap,500,1000,100,13806,6.059695512820513,0.010239611094458468,0.005971375966000523,0.014703408319607023
g400,Gap_4_9mps,open_gap,500,1000,100,13806,6.159855769230769,0.010058041757311063,0.0058788645605796965,0.014377376422665454
g400,Gap_4_9mps,open_gap,500,1000,100,13806,6.2600160256410255,0.009810186147047421,0.005668928325608811,0.014037939186831175
g400,Gap_4_9mps,open_gap,500,1000,100,13806,6.360176282051282,0.009560020711552526,0.005501298905220964,0.013758248978364234
g400,Gap_4_9mps,open_gap,500,1000,100,13806,6.460336538461538,0.009331647964123486,0.005319947026636462,0.013505458410209423
g400,Gap_4_9mps,open_gap,500,1000,100,13806,6.560496794871795,0.009097937930728271,0.005008958946576003,0.01321349677152956
g400,Gap_4_9mps,open_gap,500,1000,100,13806,6.660657051282051,0.008859665459524567,0.005147843219316676,0.01296714428258853
g400,Gap_4_9mps,open_gap,500,1000,100,13806,6.7608173076923075,0.008634146353775091,0.00481255935529794,0.012746929024051458
g400,Gap_4_9mps,open_gap,500,1000,100,13806,6.860977564102564,0.008488905419258758,0.004441986758440783,0.012591294138437787
g400,Gap_4_9mps,open_gap,500,1000,100,13806,6.96113782051282,0.008466516663982758,0.004301482930669184,0.012683807852065342
g400,Gap_4_9mps,open_gap,500,1000,100,13806,7.061298076923077,0.008479372138020573,0.004256130464924406,0.01278451750740717
g400,Gap_4_9mps,open_gap,500,1000,100,13806,7.161458333333333,0.008452979934231492,0.004131827450837259,0.012709862791015799
g400,Gap_4_9mps,open_gap,500,1000,100,13806,7.261618589743589,0.008423854043323156,0.00409585901974059,0.012478235787651972
g400,Gap_4_9mps,open_gap,500,1000,100,13806,7.361778846153846,0.00840359419693051,0.004213182153982883,0.012479313565971255
g400,Gap_4_9mps,open_gap,500,1000,100,13806,7.461939102564102,0.008376742416711287,0.004227810731158319,0.0125660115347424
g400,Gap_4_9mps,open_gap,500,1000,100,13806,7.562099358974359,0.0083223047872437,0.004186892856380574,0.012592702959944746
g400,Gap_4_9mps,open_gap,500,1000,100,13806,7.662259615384615,0.00824277232333847,0.004051158333095908,0.012797070877165313
g400,Gap_4_9mps,open_gap,500,1000,100,13806,7.762419871794871,0.008199004472753369,0.0038790408910052256,0.012518722846513345
g400,Gap_4_9mps,open_gap,500,1000,100,13806,7.862580128205129,0.008215967534240176,0.003928891620015005,0.012219842223314915
g400,Gap_4_9mps,open_gap,500,1000,100,13806,7.962740384615385,0.008254290630231247,0.00394222535493703,0.012181522563078721
g400,Gap_4_9mps,open_gap,500,1000,100,13806,8.06290064102564,0.008298541860303363,0.0040537693023913616,0.012279013026259852
g400,Gap_4_9mps,open_gap,500,1000,100,13806,8.163060897435898,0.008370161161059512,0.00420025834003584,0.012360759366307194
g400,Gap_4_9mps,open_gap,500,1000,100,13806,8.263221153846153,0.00850270646284133,0.004308057671651244,0.012386129321245937
g400,Gap_4_9mps,open_gap,500,1000,100,13806,8.36338141025641,0.008727550996957899,0.004313723614026203,0.012705817301540172
g400,Gap_4_9mps,open_gap,500,1000,100,13806,8.463541666666666,0.009064604198410098,0.004511649531105843,0.013110855454776499
g400,Gap_4_9mps,open_gap,500,1000,100,13806,8.563701923076923,0.009469909324621682,0.004856886800771353,0.01352951307426999
g400,Gap_4_9mps,open_gap,500,1000,100,13806,8.663862179487179,0.00984311399835283,0.005151027227637202,0.013791592383814886
g400,Gap_4_9mps,open_gap,500,1000,100,13806,8.764022435897436,0.010103942606674722,0.00535961031123653,0.01419115335620301
g400,Gap_4_9mps,open_gap,500,1000,100,13806,8.864182692307692,0.010313063890315284,0.005631904405085791,0.01445474088422556
g400,Gap_4_9mps,open_gap,500,1000,100,13806,8.964342948717949,0.010596594080829585,0.005722154282394105,0.014994504620179776
g400,Gap_4_9mps,open_gap,500,1000,100,13806,9.064503205128204,0.01099433248982486,0.005737536807622684,0.015735218476837228
g400,Gap_4_9mps,open_gap,500,1000,100,13806,9.164663461538462,0.011422329931845715,0.00619132387113877,0.01635374845102519
g400,Gap_4_9mps,open_gap,500,1000,100,13806,9.264823717948717,0.011832249795006092,0.006646854520545798,0.01679606161604566
g400,Gap_4_9mps,open_gap,500,1000,100,13806,9.364983974358974,0.012259386501560892,0.007020387124550587,0.01691688361717309
g400,Gap_4_9mps,open_gap,500,1000,100,13806,9.46514423076923,0.012711150459213555,0.006939538188203594,0.017467609994475622
g400,Gap_4_9mps,open_gap,500,1000,100,13806,9.565304487179487,0.013141733090084382,0.007114216403608244,0.01786135034650605
g400,Gap_4_9mps,open_gap,500,1000,100,13806,9.665464743589743,0.01348168852776481,0.007458219578131649,0.018248016246053378
g400,Gap_4_9mps,open_gap,500,1000,100,13806,9.765625,0.013692674815163225,0.007819692715725293,0.018656713190835
g400,Gap_4_9mps,open_gap,500,1000,100,13806,9.865785256410257,0.013820309061583054,0.008128559084028533,0.018947940216336667
g400,Gap_4_9mps,open_gap,500,1000,100,13806,9.965945512820513,0.013912544255855513,0.008321555577047992,0.019083822068585308
i1200,Patch_12_9mps,forested,1,1000,100,19593,0.05008012820512821,0.8225365375754119,0.4582198925883294,0.917628164315636
i1200,Patch_12_9mps,forested,1,1000,100,19593,0.1502403846153846,0.7420392517472851,0.4402589415936652,0.9017109827807481
i1200,Patch_12_9mps,forested,1,1000,100,19593,0.250400641025641,0.6205832332135031,0.31800389009669083,0.8359548741012
i1200,Patch_12_9mps,forested,1,1000,100,19593,0.3505608974358974,0.5879466309232937,0.2937485392200216,0.7539754133984533
i1200,Patch_12_9mps,forested,1,1000,100,19593,0.45072115384615385,0.48334927447559584,0.20108495386335007,0.6851839557582841
i1200,Patch_12_9mps,forested,1,1000,100,19593,0.5508814102564102,0.4278152154427471,0.15673068132122736,0.6350984461266699
i1200,Patch_12_9mps,forested,1,1000,100,19593,0.6510416666666666,0.3928446899159357,0.1325183537742914,0.5790690591253601
i1200,Patch_12_9mps,forested,1,1000,100,19593,0.7512019230769231,0.37924307216809017,0.12296825623832107,0.5278426131576558
i1200,Patch_12_9mps,forested,1,1000,100,19593,0.8513621794871795,0.37171811520818565,0.13343512052093195,0.5002505011347108
i1200,Patch_12_9mps,forested,1,1000,100,19593,0.9515224358974359,0.36221786351250757,0.1366453927408296,0.5191807781282242
i1200,Patch_12_9mps,forested,1,1000,100,19593,1.0516826923076923,0.3616163503698594,0.1525853970441382,0.5133220427406497
i1200,Patch_12_9mps,forested,1,1000,100,19593,1.1518429487179487,0.3682339659893201,0.17292852668365272,0.5272896520679977
i1200,Patch_12_9mps,forested,1,1000,100,19593,1.252003205128205,0.37926613026511974,0.182203231437073,0.5381654851833659
i1200,Patch_12_9mps,forested,1,1000,100,19593,1.3521634615384615,0.39045795347741885,0.2022208168753836,0.5369192586394922
i1200,Patch_12_9mps,forested,1,1000,100,19593,1.4523237179487178,0.3984131647147035,0.22007480633930582,0.5342413738255972
i1200,Patch_12_9mps,forested,1,1000,100,19593,1.5524839743589745,0.40178074107305156,0.22051262999373022,0.5487856733413528
i1200,Patch_12_9mps,forested,1,1000,100,19593,1.6526442307692308,0.4003912271510568,0.17748045523313188,0.5280041445993647
i1200,Patch_12_9mps,forested,1,1000,100,19593,1.7528044871794872,0.3980591682094747,0.18906217314305898,0.5167048943461566
i1200,Patch_12_9mps,forested,1,1000,100,19593,1.8529647435897436,0.39172658104192953,0.1777999137439546,0.5170202659142061
i1200,Patch_12_9mps,forested,1,1000,100,19593,1.953125,0.3827786159053824,0.15827644313374073,0.5123198536833469
i1200,Patch_12_9mps,forested,1,1000,100,19593,2.0532852564102564,0.3753964810088615,0.15131145377565916,0.49431061462626313
i1200,Patch_12_9mps,forested,1,1000,100,19593,2.1534455128205128,0.3679796453444027,0.14117214404453404,0.5168586858514841
i1200,Patch_12_9mps,forested,1,1000,100,19593,2.253605769230769,0.35558323658186525,0.14053138964273243,0.49330474764656845
i1200,Patch_12_9mps,forested,1,1000,100,19593,2.3537660256410255,0.3389490732761578,0.13548048994874723,0.4658900392833049
i1200,Patch_12_9mps,forested,1,1000,100,19593,2.453926282051282,0.3212414032268038,0.1442809840419443,0.421735028595657
i1200,Patch_12_9mps,forested,1,1000,100,19593,2.5540865384615383,0.3053290875637076,0.13403316014971797,0.39544750328612616
i1200,Patch_12_9mps,forested,1,1000,100,19593,2.6542467948717947,0.28917291060871003,0.11738655332823289,0.38461747215276204
i1200,Patch_12_9mps,forested,1,1000,100,19593,2.754407051282051,0.2754186161389809,0.10592235474043715,0.384706784584481
i1200,Patch_12_9mps,forested,1,1000,100,19593,2.8545673076923075,0.26386233613570365,0.09524515118993038,0.36568066924379594
i1200,Patch_12_9mps,forested,1,1000,100,19593,2.9547275641025643,0.25381292546727807,0.09741390371686183,0.3653461775021992
i1200,Patch_12_9mps,forested,1,1000,100,19593,3.0548878205128207,0.24501985202297097,0.09240951089904548,0.34599756079626953
i1200,Patch_12_9mps,forested,1,1000,100,19593,3.155048076923077,0.23739477505703255,0.0919737493786945,0.34117638414277196
i1200,Patch_12_9mps,forested,1,1000,100,19593,3.2552083333333335,0.22865457004128167,0.08877934193673938,0.3218560616443501
i1200,Patch_12_9mps,forested,1,1000,100,19593,3.35536858974359,0.21976560398966402,0.09026366355127086,0.3152506565787244
i1200,Patch_12_9mps,forested,1,1000,100,19593,3.4555288461538463,0.21112505921047894,0.07359552701561002,0.3245532035466402
i1200,Patch_12_9mps,forested,1,1000,100,19593,3.5556891025641026,0.20313692900336572,0.07758422900114632,0.30168259351583726
i1200,Patch_12_9mps,forested,1,1000,100,19593,3.655849358974359,0.1964072324563803,0.07827050378607248,0.2944077312530534
i1200,Patch_12_9mps,forested,1,1000,100,19593,3.7560096153846154,0.1894100972142397,0.06922530471579766,0.29342951526469
i1200,Patch_12_9mps,forested,1,1000,100,19593,3.856169871794872,0.18316444324852746,0.07619142184912638,0.27158799550646207
i1200,Patch_12_9mps,forested,1,1000,100,19593,3.956330128205128,0.17699831384683848,0.0686620516045778,0.27116029012896614
i1200,Patch_12_9mps,forested,1,1000,100,19593,4.056490384615385,0.17263405423877337,0.062160737394608215,0.2671658450575599
i1200,Patch_12_9mps,forested,1,1000,100,19593,4.156650641025641,0.16946680368835648,0.05918870991457996,0.253634529589873
i1200,Patch_12_9mps,forested,1,1000,100,19593,4.256810897435898,0.16608044290307777,0.06282334176569716,0.24905095234618155
i1200,Patch_12_9mps,forested,1,1000,100,19593,4.356971153846154,0.1627059411937957,0.06616477349972645,0.24779768562991739
i1200,Patch_12_9mps,forested,1,1000,100,19593,4.457131410256411,0.15989316029390946,0.0550833441035751,0.24930833484394607
i1200,Patch_12_9mps,forested,1,1000,100,19593,4.557291666666667,0.1580450167537068,0.05468273867458186,0.23579024750817573
i1200,Patch_12_9mps,forested,1,1000,100,19593,4.657451923076923,0.15788101239749822,0.062295526643028086,0.22998107862787046
i1200,Patch_12_9mps,forested,1,1000,100,19593,4.75761217948718,0.15863983776756296,0.06616347282471192,0.24119519747543558
i1200,Patch_12_9mps,forested,1,1000,100,19593,4.857772435897436,0.15976721912822037,0.06950944379382326,0.23597442612211283
i1200,Patch_12_9mps,forested,1,1000,100,19593,4.9579326923076925,0.16168475293032247,0.0670642027256709,0.23401096692121764
i1200,Patch_12_9mps,forested,1,1000,100,19593,5.058092948717949,0.16550039835096456,0.05539287984710921,0.24304161775011948
i1200,Patch_12_9mps,forested,1,1000,100,19593,5.158253205128205,0.16978852676604486,0.06126330737785989,0.2452886273226231
i1200,Patch_12_9mps,forested,1,1000,100,19593,5.258413461538462,0.17447462719100928,0.0611439604642171,0.2554990471098193
i1200,Patch_12_9mps,forested,1,1000,100,19593,5.358573717948718,0.17930774434029306,0.06157875547321283,0.2736054759960617
i1200,Patch_12_9mps,forested,1,1000,100,19593,5.4587339743589745,0.1840654478158574,0.06648882657797985,0.29277341432401277
i1200,Patch_12_9mps,forested,1,1000,100,19593,5.558894230769231,0.1890089642888855,0.062308713344327,0.30708208220176414
i1200,Patch_12_9mps,forested,1,1000,100,19593,5.659054487179487,0.1946186582139258,0.060931292975042926,0.32028694165969007
i1200,Patch_12_9mps,forested,1,1000,100,19593,5.759214743589744,0.20069405985312863,0.07122583270472292,0.32782711065514447
i1200,Patch_12_9mps,forested,1,1000,100,19593,5.859375,0.20705365271586107,0.07688149297292585,0.3383506275702476
i1200,Patch_12_9mps,forested,1,1000,100,19593,5.959535256410256,0.21377858014591797,0.08103332914655789,0.34503928340937223
i1200,Patch_12_9mps,forested,1,1000,100,19593,6.059695512820513,0.2203613896920607,0.08080057136465835,0.3498455121290901
i1200,Patch_12_9mps,forested,1,1000,100,19593,6.159855769230769,0.22698282429891287,0.08218452691699818,0.3541833682840491
i1200,Patch_12_9mps,forested,1,1000,100,19593,6.2600160256410255,0.2335340032675462,0.09559222554193704,0.3704515335014519
i1200,Patch_12_9mps,forested,1,1000,100,19593,6.360176282051282,0.2399126985603002,0.10348856122929062,0.3868810337446091
i1200,Patch_12_9mps,forested,1,1000,100,19593,6.460336538461538,0.24655326184755605,0.10749345513008135,0.3898361093494465
i1200,Patch_12_9mps,forested,1,1000,100,19593,6.560496794871795,0.25332529978036283,0.11933936037923205,0.4012727703452755
i1200,Patch_12_9mps,forested,1,1000,100,19593,6.660657051282051,0.2599177958729073,0.11520677758675026,0.41160241167867967
i1200,Patch_12_9mps,forested,1,1000,100,19593,6.7608173076923075,0.2661321598928528,0.11115418273529776,0.42089970693619616
i1200,Patch_12_9mps,forested,1,1000,100,19593,6.860977564102564,0.27202569860798237,0.1126376747048928,0.43007646179549386
i1200,Patch_12_9mps,forested,1,1000,100,19593,6.96113782051282,0.27744127449029754,0.1140556901193274,0.4341429616366966
i1200,Patch_12_9mps,forested,1,1000,100,19593,7.061298076923077,0.2822246384635857,0.11351617300501622,0.43748773376355354
i1200,Patch_12_9mps,forested,1,1000,100,19593,7.161458333333333,0.2863294860145034,0.1109565534740294,0.44084578166813015
i1200,Patch_12_9mps,forested,1,1000,100,19593,7.261618589743589,0.28994025965930653,0.11221213290126025,0.44339745263339986
i1200,Patch_12_9mps,forested,1,1000,100,19593,7.361778846153846,0.2931479295845807,0.11324636784486837,0.44804918646506536
i1200,Patch_12_9mps,forested,1,1000,100,19593,7.461939102564102,0.29607071643127936,0.11727941460843781,0.45216347014732194
i1200,Patch_12_9mps,forested,1,1000,100,19593,7.562099358974359,0.2987565836079136,0.12821571403477874,0.4537697294326866
i1200,Patch_12_9mps,forested,1,1000,100,19593,7.662259615384615,0.30148652084947414,0.1372167834587848,0.4562260963466257
i1200,Patch_12_9mps,forested,1,1000,100,19593,7.762419871794871,0.3046024379515201,0.14662912069088482,0.4581751011664014
i1200,Patch_12_9mps,forested,1,1000,100,19593,7.862580128205129,0.30774277826505925,0.1521594871855668,0.45639835516051763
i1200,Patch_12_9mps,forested,1,1000,100,19593,7.962740384615385,0.310891122501912,0.15439032221455926,0.454819343946137
i1200,Patch_12_9mps,forested,1,1000,100,19593,8.06290064102564,0.3139814036564133,0.15449623136632767,0.45783100845897723
i1200,Patch_12_9mps,forested,1,1000,100,19593,8.163060897435898,0.3173350092770277,0.15907225795918262,0.4582507961716773
i1200,Patch_12_9mps,forested,1,1000,100,19593,8.263221153846153,0.32067904460597096,0.16293720931276007,0.4609294654652747
i1200,Patch_12_9mps,forested,1,1000,100,19593,8.36338141025641,0.32375805797472607,0.1684079200421017,0.4645613699556317
i1200,Patch_12_9mps,forested,1,1000,100,19593,8.463541666666666,0.32632176705792026,0.17286084131711105,0.4699226131076728
i1200,Patch_12_9mps,forested,1,1000,100,19593,8.563701923076923,0.32835261065410193,0.16481015207951064,0.4719676468244313
i1200,Patch_12_9mps,forested,1,1000,100,19593,8.663862179487179,0.32994984036961805,0.15677108633486858,0.4771065200472406
i1200,Patch_12_9mps,forested,1,1000,100,19593,8.764022435897436,0.3308446370423638,0.15064338758352103,0.4789044169318457
i1200,Patch_12_9mps,forested,1,1000,100,19593,8.864182692307692,0.3312787434697465,0.14616619037444872,0.4797317893314362
i1200,Patch_12_9mps,forested,1,1000,100,19593,8.964342948717949,0.33163418865154554,0.146600197862105,0.4752373150150683
i1200,Patch_12_9mps,forested,1,1000,100,19593,9.064503205128204,0.33179255111882355,0.15073610551866606,0.47772173963220266
i1200,Patch_12_9mps,forested,1,1000,100,19593,9.164663461538462,0.33155738058910045,0.15119527478357178,0.4791243790717054
i1200,Patch_12_9mps,forested,1,1000,100,19593,9.264823717948717,0.33103722248637624,0.1515343682971432,0.47733489500402193
i1200,Patch_12_9mps,forested,1,1000,100,19593,9.364983974358974,0.33053123011870583,0.15055579903958416,0.4716938519126878
i1200,Patch_12_9mps,forested,1,1000,100,19593,9.46514423076923,0.33000133294284245,0.14815853353663216,0.46594060293454564
i1200,Patch_12_9mps,forested,1,1000,100,19593,9.565304487179487,0.3292051645237265,0.14506147253671559,0.46613003389401186
i1200,Patch_12_9mps,forested,1,1000,100,19593,9.665464743589743,0.3281183795783724,0.14177656241443554,0.4710547057309612
i1200,Patch_12_9mps,forested,1,1000,100,19593,9.765625,0.3270231861707283,0.14550509540261172,0.47075900434942425
i1200,Patch_12_9mps,forested,1,1000,100,19593,9.865785256410257,0.32605740152466006,0.14454190204077919,0.46964951554834344
i1200,Patch_12_9mps,forested,1,1000,100,19593,9.965945512820513,0.3253351551540568,0.1459350527149618,0.47039516749638405
i1200,Patch_12_9mps,forested,10,1000,100,19593,0.05008012820512821,0.3104832194361794,0.12554130098053087,0.46905949028632193
i1200,Patch_12_9mps,forested,10,1000,100,19593,0.1502403846153846,0.27187703228630755,0.12206671760481395,0.3930336544134634
i1200,Patch_12_9mps,forested,10,1000,100,19593,0.250400641025641,0.3096907368672053,0.1414356241575846,0.42895455305600283
i1200,Patch_12_9mps,forested,10,1000,100,19593,0.3505608974358974,0.2687525996492795,0.1276659091564713,0.3594002235957253
i1200,Patch_12_9mps,forested,10,1000,100,19593,0.45072115384615385,0.19749788613797162,0.07135150938689332,0.2848862835466439
i1200,Patch_12_9mps,forested,10,1000,100,19593,0.5508814102564102,0.16297189215968275,0.07687271818987998,0.24782603565210706
i1200,Patch_12_9mps,forested,10,1000,100,19593,0.6510416666666666,0.1414903318350992,0.049765637903312725,0.2192635914544822
i1200,Patch_12_9mps,forested,10,1000,100,19593,0.7512019230769231,0.1342125489678923,0.04939634578672092,0.21074322759465014
i1200,Patch_12_9mps,forested,10,1000,100,19593,0.8513621794871795,0.1332688136639875,0.059616496993010915,0.20046761491979817
i1200,Patch_12_9mps,forested,10,1000,100,19593,0.9515224358974359,0.13279664579183748,0.05821677732100287,0.19813120411186283
i1200,Patch_12_9mps,forested,10,1000,100,19593,1.0516826923076923,0.13360565369722788,0.052907367449943066,0.19382198898036263
i1200,Patch_12_9mps,forested,10,1000,100,19593,1.1518429487179487,0.13546751928343156,0.05969675999237117,0.19775377649807024
i1200,Patch_12_9mps,forested,10,1000,100,19593,1.252003205128205,0.13738823103082903,0.05608957402401677,0.1989498455385621
i1200,Patch_12_9mps,forested,10,1000,100,19593,1.3521634615384615,0.13990578749148688,0.04939368941508135,0.20092191577951166
i1200,Patch_12_9mps,forested,10,1000,100,19593,1.4523237179487178,0.14202098622371945,0.05468176516434571,0.19983278293138843
i1200,Patch_12_9mps,forested,10,1000,100,19593,1.5524839743589745,0.14362053167055608,0.05199003005025809,0.19895284624651996
i1200,Patch_12_9mps,forested,10,1000,100,19593,1.6526442307692308,0.1452714015702218,0.05268420333757992,0.206410589998507
i1200,Patch_12_9mps,forested,10,1000,100,19593,1.7528044871794872,0.14661328832993703,0.04332210084010556,0.20843968813352287
i1200,Patch_12_9mps,forested,10,1000,100,19593,1.8529647435897436,0.147360882023647,0.050867376097097836,0.20627682913541534
i1200,Patch_12_9mps,forested,10,1000,100,19593,1.953125,0.14725987101945967,0.05091324495368088,0.20631121992564158
i1200,Patch_12_9mps,forested,10,1000,100,19593,2.0532852564102564,0.1468243874133113,0.05352837895153867,0.20370005574356415
i1200,Patch_12_9mps,forested,10,1000,100,19593,2.1534455128205128,0.14629782084407433,0.05217812631104571,0.2003757099369044
i1200,Patch_12_9mps,forested,10,1000,100,19593,2.253605769230769,0.14415715123726142,0.05071572882066164,0.19685746728656378
i1200,Patch_12_9mps,forested,10,1000,100,19593,2.3537660256410255,0.14058752182675519,0.05678712830049624,0.19049849113349868
i1200,Patch_12_9mps,forested,10,1000,100,19593,2.453926282051282,0.13675168968912613,0.057781378257686145,0.18991780674482395
i1200,Patch_12_9mps,forested,10,1000,100,19593,2.5540865384615383,0.13169379798921996,0.05216803135713173,0.18061688823731625
i1200,Patch_12_9mps,forested,10,1000,100,19593,2.6542467948717947,0.12510656217000263,0.0526826276449073,0.17627956259653263
i1200,Patch_12_9mps,forested,10,1000,100,19593,2.754407051282051,0.1181121961323835,0.04420572513845394,0.16732203419242
i1200,Patch_12_9mps,forested,10,1000,100,19593,2.8545673076923075,0.1113158755461313,0.040083069152697715,0.1610965876493325
i1200,Patch_12_9mps,forested,10,1000,100,19593,2.9547275641025643,0.10509401302645935,0.03047065515775113,0.15315429073557063
i1200,Patch_12_9mps,forested,10,1000,100,19593,3.0548878205128207,0.0991435945982023,0.03144191709779042,0.14400599557695018
i1200,Patch_12_9mps,forested,10,1000,100,19593,3.155048076923077,0.09403465530098894,0.03199601416441031,0.13810768726787842
i1200,Patch_12_9mps,forested,10,1000,100,19593,3.2552083333333335,0.08941331991813771,0.038324212012561074,0.12918559537405858
i1200,Patch_12_9mps,forested,10,1000,100,19593,3.35536858974359,0.08459200816826148,0.03617627449731201,0.12133025696114423
i1200,Patch_12_9mps,forested,10,1000,100,19593,3.4555288461538463,0.07976942441774705,0.033087476549756384,0.12164507221894108
i1200,Patch_12_9mps,forested,10,1000,100,19593,3.5556891025641026,0.07530074676081816,0.035298817342976144,0.10844902704205359
i1200,Patch_12_9mps,forested,10,1000,100,19593,3.655849358974359,0.07141371771218137,0.030303709711845705,0.1095826769291451
i1200,Patch_12_9mps,forested,10,1000,100,19593,3.7560096153846154,0.0673942710763618,0.030087008346199914,0.09977079036669978
i1200,Patch_12_9mps,forested,10,1000,100,19593,3.856169871794872,0.06455686254909629,0.0238315655451186,0.08933432419568128
i1200,Patch_12_9mps,forested,10,1000,100,19593,3.956330128205128,0.06224359417780246,0.02343537179531705,0.0865515192590316
i1200,Patch_12_9mps,forested,10,1000,100,19593,4.056490384615385,0.06032432230589542,0.02587524085475161,0.0893332119260459
i1200,Patch_12_9mps,forested,10,1000,100,19593,4.156650641025641,0.05878971532645113,0.02646259370841633,0.08652865074251234
i1200,Patch_12_9mps,forested,10,1000,100,19593,4.256810897435898,0.057711553833671415,0.02807827795813694,0.08502470935854683
i1200,Patch_12_9mps,forested,10,1000,100,19593,4.356971153846154,0.05662814604830326,0.025995132603727888,0.08387120025706166
i1200,Patch_12_9mps,forested,10,1000,100,19593,4.457131410256411,0.056032563504739535,0.022997271894402475,0.08136629666820414
i1200,Patch_12_9mps,forested,10,1000,100,19593,4.557291666666667,0.056100439022159374,0.02226932709864609,0.08081335541463663
i1200,Patch_12_9mps,forested,10,1000,100,19593,4.657451923076923,0.056608636768491545,0.02371029937761075,0.07868122153640217
i1200,Patch_12_9mps,forested,10,1000,100,19593,4.75761217948718,0.057303379000001604,0.0216508635078093,0.07906561169941345
i1200,Patch_12_9mps,forested,10,1000,100,19593,4.857772435897436,0.05809060104265897,0.024045545933518573,0.07954051772863378
i1200,Patch_12_9mps,forested,10,1000,100,19593,4.9579326923076925,0.058940512433226865,0.023633182714344392,0.0807206288544655
i1200,Patch_12_9mps,forested,10,1000,100,19593,5.058092948717949,0.059903137645947444,0.022230218905301684,0.08406542112521538
i1200,Patch_12_9mps,forested,10,1000,100,19593,5.158253205128205,0.06128167540916181,0.02377901022883839,0.08628310565195309
i1200,Patch_12_9mps,forested,10,1000,100,19593,5.258413461538462,0.0630246949839296,0.025183305991676924,0.09129488476312356
i1200,Patch_12_9mps,forested,10,1000,100,19593,5.358573717948718,0.06488262834942397,0.026235664149331598,0.09688334835380616
i1200,Patch_12_9mps,forested,10,1000,100,19593,5.4587339743589745,0.06670536080531081,0.030496368820398034,0.10253925491989184
i1200,Patch_12_9mps,forested,10,1000,100,19593,5.558894230769231,0.06874725024532351,0.029113548578017727,0.10904098114881844
i1200,Patch_12_9mps,forested,10,1000,100,19593,5.659054487179487,0.0706705054749114,0.026150127399359246,0.1098106917076291
i1200,Patch_12_9mps,forested,10,1000,100,19593,5.759214743589744,0.07237100592625077,0.026906476744168007,0.1113062300095215
i1200,Patch_12_9mps,forested,10,1000,100,19593,5.859375,0.07395230647083116,0.02730067435356878,0.11110343481396642
i1200,Patch_12_9mps,forested,10,1000,100,19593,5.959535256410256,0.07547339731662019,0.028257504784768267,0.11087716712185056
i1200,Patch_12_9mps,forested,10,1000,100,19593,6.059695512820513,0.07697396692458466,0.025672860823556076,0.11222858777348119
i1200,Patch_12_9mps,forested,10,1000,100,19593,6.159855769230769,0.07855544497871025,0.0260936932229749,0.11606137869723868
i1200,Patch_12_9mps,forested,10,1000,100,19593,6.2600160256410255,0.0803402616511049,0.029850821015476425,0.12055015456592139
i1200,Patch_12_9mps,forested,10,1000,100,19593,6.360176282051282,0.08213170056676816,0.0308821867368696,0.12449887510696386
i1200,Patch_12_9mps,forested,10,1000,100,19593,6.460336538461538,0.08385584786167055,0.033323134613834605,0.12741455647018607
i1200,Patch_12_9mps,forested,10,1000,100,19593,6.560496794871795,0.08549913506881783,0.03150307560285218,0.12943526108590012
i1200,Patch_12_9mps,forested,10,1000,100,19593,6.660657051282051,0.0871747250170312,0.03167469980754398,0.13263684408639526
i1200,Patch_12_9mps,forested,10,1000,100,19593,6.7608173076923075,0.08888316220487974,0.03157299514228993,0.13627950625355595
i1200,Patch_12_9mps,forested,10,1000,100,19593,6.860977564102564,0.09065877591402856,0.029774039065663588,0.1381036179410269
i1200,Patch_12_9mps,forested,10,1000,100,19593,6.96113782051282,0.09247225243400185,0.032403047880555216,0.14058812570658685
i1200,Patch_12_9mps,forested,10,1000,100,19593,7.061298076923077,0.09434710965535816,0.033470828124842894,0.1421275007853196
i1200,Patch_12_9mps,forested,10,1000,100,19593,7.161458333333333,0.09620670958704483,0.035530333491070466,0.14433079591083875
i1200,Patch_12_9mps,forested,10,1000,100,19593,7.261618589743589,0.09791511837834832,0.03735735305223051,0.1464817822919098
i1200,Patch_12_9mps,forested,10,1000,100,19593,7.361778846153846,0.09948543585965298,0.03718923569432214,0.15006737385807484
i1200,Patch_12_9mps,forested,10,1000,100,19593,7.461939102564102,0.10099162688132968,0.03960819768609554,0.15208999448025018
i1200,Patch_12_9mps,forested,10,1000,100,19593,7.562099358974359,0.10248717625671246,0.04005797977940702,0.15396418198716394
i1200,Patch_12_9mps,forested,10,1000,100,19593,7.662259615384615,0.10400052765857706,0.04131247575245371,0.15717580815180723
i1200,Patch_12_9mps,forested,10,1000,100,19593,7.762419871794871,0.10534915043931573,0.04299878028713953,0.15831692984490758
i1200,Patch_12_9mps,forested,10,1000,100,19593,7.862580128205129,0.10654625254733792,0.04424857583670069,0.1597954477035008
i1200,Patch_12_9mps,forested,10,1000,100,19593,7.962740384615385,0.10756626162914555,0.04489659677609521,0.16161743812680832
i1200,Patch_12_9mps,forested,10,1000,100,19593,8.06290064102564,0.1084981230350616,0.04579333487296292,0.16288253292528743
i1200,Patch_12_9mps,forested,10,1000,100,19593,8.163060897435898,0.10938703849330571,0.04661280212835293,0.1643770502338964
i1200,Patch_12_9mps,forested,10,1000,100,19593,8.263221153846153,0.11020382506662763,0.046201438009833506,0.16653146759047902
i1200,Patch_12_9mps,forested,10,1000,100,19593,8.36338141025641,0.11090532024335996,0.04538710387688334,0.16776995109983178
i1200,Patch_12_9mps,forested,10,1000,100,19593,8.463541666666666,0.11157289349962034,0.04365227354433669,0.1697106688902226
i1200,Patch_12_9mps,forested,10,1000,100,19593,8.563701923076923,0.1122197360969965,0.04049999716963703,0.17163384135378404
i1200,Patch_12_9mps,forested,10,1000,100,19593,8.663862179487179,0.11293806229597304,0.04047968119617736,0.17340361247364305
i1200,Patch_12_9mps,forested,10,1000,100,19593,8.764022435897436,0.1136372974769577,0.042302520376577016,0.17435284257973488
i1200,Patch_12_9mps,forested,10,1000,100,19593,8.864182692307692,0.1142775735725937,0.04399154621869828,0.17455315757928808
i1200,Patch_12_9mps,forested,10,1000,100,19593,8.964342948717949,0.11486018294511086,0.04569099779088408,0.17480524713855428
i1200,Patch_12_9mps,forested,10,1000,100,19593,9.064503205128204,0.11534203033394959,0.043512989380667916,0.1752558843368427
i1200,Patch_12_9mps,forested,10,1000,100,19593,9.164663461538462,0.11572319826236678,0.04467119584589126,0.17617598373608523
i1200,Patch_12_9mps,forested,10,1000,100,19593,9.264823717948717,0.11596307136196993,0.04344803525942774,0.17579703907359592
i1200,Patch_12_9mps,forested,10,1000,100,19593,9.364983974358974,0.11612037887855088,0.041917199183368156,0.1777485197466304
i1200,Patch_12_9mps,forested,10,1000,100,19593,9.46514423076923,0.11634735049505117,0.04115914161600943,0.18046733290199687
i1200,Patch_12_9mps,forested,10,1000,100,19593,9.565304487179487,0.11661958522348473,0.04143196597640915,0.18072182454587954
i1200,Patch_12_9mps,forested,10,1000,100,19593,9.665464743589743,0.11679304774725868,0.040908968162984956,0.1801146004985826
i1200,Patch_12_9mps,forested,10,1000,100,19593,9.765625,0.11682882970499137,0.040553174083296756,0.18132861741502843
i1200,Patch_12_9mps,forested,10,1000,100,19593,9.865785256410257,0.1167336323956899,0.04007467843053991,0.1805280719455991
i1200,Patch_12_9mps,forested,10,1000,100,19593,9.965945512820513,0.11657013081331868,0.040133268467344566,0.17967544089752163
i1200,Patch_12_9mps,forested,50,1000,100,19593,0.05008012820512821,0.16116772902290644,0.07174538233708885,0.24171523001893228
i1200,Patch_12_9mps,forested,50,1000,100,19593,0.1502403846153846,0.1393071112180295,0.06519936934779853,0.20046148583090956
i1200,Patch_12_9mps,forested,50,1000,100,19593,0.250400641025641,0.15857137388416612,0.06889277763937646,0.21348475864366886
i1200,Patch_12_9mps,forested,50,1000,100,19593,0.3505608974358974,0.13041517553299062,0.049935606618579986,0.17482075664262495
i1200,Patch_12_9mps,forested,50,1000,100,19593,0.45072115384615385,0.09212443805046694,0.02852491805509586,0.1432660068342762
i1200,Patch_12_9mps,forested,50,1000,100,19593,0.5508814102564102,0.07478807609739373,0.030973994043029536,0.11633390984892122
i1200,Patch_12_9mps,forested,50,1000,100,19593,0.6510416666666666,0.06586776315260377,0.026748250459792566,0.09743699461778814
i1200,Patch_12_9mps,forested,50,1000,100,19593,0.7512019230769231,0.062318438630104354,0.027116080060554108,0.08423106857475682
i1200,Patch_12_9mps,forested,50,1000,100,19593,0.8513621794871795,0.0612157535684936,0.029973401523623367,0.07719313131165746
i1200,Patch_12_9mps,forested,50,1000,100,19593,0.9515224358974359,0.06044439989468122,0.028604611545635622,0.08080373794734126
i1200,Patch_12_9mps,forested,50,1000,100,19593,1.0516826923076923,0.060844604580924236,0.029634108026117,0.07770998625209682
i1200,Patch_12_9mps,forested,50,1000,100,19593,1.1518429487179487,0.061721989093667114,0.02689982101341256,0.08059928537144975
i1200,Patch_12_9mps,forested,50,1000,100,19593,1.252003205128205,0.062090042490500624,0.024070179953071317,0.08626190196651473
i1200,Patch_12_9mps,forested,50,1000,100,19593,1.3521634615384615,0.062144874225005434,0.021821881568780427,0.08820398702389436
i1200,Patch_12_9mps,forested,50,1000,100,19593,1.4523237179487178,0.06226804802803705,0.021420327339548302,0.08550271984387472
i1200,Patch_12_9mps,forested,50,1000,100,19593,1.5524839743589745,0.06266876258522744,0.02280489685202583,0.08456426150918515
i1200,Patch_12_9mps,forested,50,1000,100,19593,1.6526442307692308,0.06374609198963109,0.023820082834852832,0.08673812703525086
i1200,Patch_12_9mps,forested,50,1000,100,19593,1.7528044871794872,0.06419582003986014,0.02851632193895158,0.09335175478907237
i1200,Patch_12_9mps,forested,50,1000,100,19593,1.8529647435897436,0.06458595367792277,0.028748586108458332,0.09383283737987479
i1200,Patch_12_9mps,forested,50,1000,100,19593,1.953125,0.06493767508995058,0.026920813643676645,0.08845900170429281
i1200,Patch_12_9mps,forested,50,1000,100,19593,2.0532852564102564,0.0649854623788124,0.03101356602708046,0.08972046438380733
i1200,Patch_12_9mps,forested,50,1000,100,19593,2.1534455128205128,0.0644937363450025,0.03173176290858553,0.09034685240397566
i1200,Patch_12_9mps,forested,50,1000,100,19593,2.253605769230769,0.06342172834559821,0.030725901054536195,0.08677928466730916
i1200,Patch_12_9mps,forested,50,1000,100,19593,2.3537660256410255,0.061958099449128896,0.02630050574537273,0.08456814214023399
i1200,Patch_12_9mps,forested,50,1000,100,19593,2.453926282051282,0.059835961764316756,0.02462069865863597,0.08135681279902386
i1200,Patch_12_9mps,forested,50,1000,100,19593,2.5540865384615383,0.05729384128848001,0.02312744882908512,0.0829669373381961
i1200,Patch_12_9mps,forested,50,1000,100,19593,2.6542467948717947,0.05459013256031385,0.021913076662472344,0.07942558775155897
i1200,Patch_12_9mps,forested,50,1000,100,19593,2.754407051282051,0.05169653387607245,0.019320575741602702,0.07791775926499098
i1200,Patch_12_9mps,forested,50,1000,100,19593,2.8545673076923075,0.04886925276315366,0.015918590269314095,0.07417214138722046
i1200,Patch_12_9mps,forested,50,1000,100,19593,2.9547275641025643,0.04640847576058208,0.01805938059269777,0.06758950692739607
i1200,Patch_12_9mps,forested,50,1000,100,19593,3.0548878205128207,0.043845194260556254,0.016441299036188524,0.061656640610730465
i1200,Patch_12_9mps,forested,50,1000,100,19593,3.155048076923077,0.041357205965948475,0.0141753680722335,0.055969358921311795
i1200,Patch_12_9mps,forested,50,1000,100,19593,3.2552083333333335,0.03914730309094426,0.012053495003929493,0.05504654369563816
i1200,Patch_12_9mps,forested,50,1000,100,19593,3.35536858974359,0.03747387914188496,0.014388449621186017,0.05186747664388718
i1200,Patch_12_9mps,forested,50,1000,100,19593,3.4555288461538463,0.036005655957364886,0.015021626570506683,0.04955857199374472
i1200,Patch_12_9mps,forested,50,1000,100,19593,3.5556891025641026,0.03449159556179828,0.013176259439354236,0.04630503223822172
i1200,Patch_12_9mps,forested,50,1000,100,19593,3.655849358974359,0.03326646218462131,0.013952115069941904,0.0460413359605611
i1200,Patch_12_9mps,forested,50,1000,100,19593,3.7560096153846154,0.032466074698181524,0.011152172172414468,0.04579059281867299
i1200,Patch_12_9mps,forested,50,1000,100,19593,3.856169871794872,0.031586793279294006,0.01254258459426735,0.04614475052553534
i1200,Patch_12_9mps,forested,50,1000,100,19593,3.956330128205128,0.030684946252773748,0.009219181990418166,0.04456704120746903
i1200,Patch_12_9mps,forested,50,1000,100,19593,4.056490384615385,0.030004279915403033,0.008018373273438689,0.045997922618626556
i1200,Patch_12_9mps,forested,50,1000,100,19593,4.156650641025641,0.029536937115081905,0.009085040437343591,0.04487840367513851
i1200,Patch_12_9mps,forested,50,1000,100,19593,4.256810897435898,0.029152615078295977,0.00824719642435793,0.042529889518565796
i1200,Patch_12_9mps,forested,50,1000,100,19593,4.356971153846154,0.02887880878293504,0.008468763626117457,0.042277543552241975
i1200,Patch_12_9mps,forested,50,1000,100,19593,4.457131410256411,0.02868138567697378,0.009365411930703088,0.04234452184660063
i1200,Patch_12_9mps,forested,50,1000,100,19593,4.557291666666667,0.02860468135319319,0.009252967984009652,0.04283217077865155
i1200,Patch_12_9mps,forested,50,1000,100,19593,4.657451923076923,0.028523084314327925,0.009811689861063701,0.04129751039204161
i1200,Patch_12_9mps,forested,50,1000,100,19593,4.75761217948718,0.028491286073894194,0.010328288941549985,0.041249979431814764
i1200,Patch_12_9mps,forested,50,1000,100,19593,4.857772435897436,0.028505970016642287,0.009988637961729965,0.04235340476861396
i1200,Patch_12_9mps,forested,50,1000,100,19593,4.9579326923076925,0.028536781237868104,0.009805431423712653,0.04212124774203714
i1200,Patch_12_9mps,forested,50,1000,100,19593,5.058092948717949,0.028690317123717838,0.010567565700425417,0.04378563812546026
i1200,Patch_12_9mps,forested,50,1000,100,19593,5.158253205128205,0.028986281707741278,0.010712035534052661,0.044758659006722754
i1200,Patch_12_9mps,forested,50,1000,100,19593,5.258413461538462,0.029386548594843017,0.012129870262498683,0.04418116315596023
i1200,Patch_12_9mps,forested,50,1000,100,19593,5.358573717948718,0.029833474578925056,0.011975424383351894,0.04283579363239633
i1200,Patch_12_9mps,forested,50,1000,100,19593,5.4587339743589745,0.030396007388836136,0.012480053393448199,0.042957191791821045
i1200,Patch_12_9mps,forested,50,1000,100,19593,5.558894230769231,0.031079471336018166,0.013315474360160392,0.04322697813660564
i1200,Patch_12_9mps,forested,50,1000,100,19593,5.659054487179487,0.03182444684560826,0.012264698946974744,0.04526167355720303
i1200,Patch_12_9mps,forested,50,1000,100,19593,5.759214743589744,0.032532047383283684,0.0122696358895885,0.046629890673843655
i1200,Patch_12_9mps,forested,50,1000,100,19593,5.859375,0.033265438688393066,0.012259477335330188,0.04844186881138688
i1200,Patch_12_9mps,forested,50,1000,100,19593,5.959535256410256,0.03408616283030544,0.014177510225801614,0.04947072387296938
i1200,Patch_12_9mps,forested,50,1000,100,19593,6.059695512820513,0.034876746853120116,0.014177270973393961,0.05052921579412929
i1200,Patch_12_9mps,forested,50,1000,100,19593,6.159855769230769,0.035645409625522574,0.013494395593204807,0.05040035511749598
i1200,Patch_12_9mps,forested,50,1000,100,19593,6.2600160256410255,0.03643546634560479,0.013743872020520433,0.0508639827435874
i1200,Patch_12_9mps,forested,50,1000,100,19593,6.360176282051282,0.03722726477872124,0.014754862790241578,0.05111349494989588
i1200,Patch_12_9mps,forested,50,1000,100,19593,6.460336538461538,0.038027972836507225,0.016514885165487353,0.05131676155515595
i1200,Patch_12_9mps,forested,50,1000,100,19593,6.560496794871795,0.0387960150902663,0.0163068619547711,0.05131732021628067
i1200,Patch_12_9mps,forested,50,1000,100,19593,6.660657051282051,0.0395234644179488,0.015623942793080884,0.051374702826572555
i1200,Patch_12_9mps,forested,50,1000,100,19593,6.7608173076923075,0.040206266476099636,0.014389501810151625,0.05157546193753264
i1200,Patch_12_9mps,forested,50,1000,100,19593,6.860977564102564,0.040838135138879295,0.014577627899315118,0.05259908981085834
i1200,Patch_12_9mps,forested,50,1000,100,19593,6.96113782051282,0.04143996514284674,0.015467177712433534,0.05474681159548913
i1200,Patch_12_9mps,forested,50,1000,100,19593,7.061298076923077,0.0420080916908214,0.015958978001434747,0.0560152154633029
i1200,Patch_12_9mps,forested,50,1000,100,19593,7.161458333333333,0.04257631112276003,0.01645568460029571,0.056989651642082216
i1200,Patch_12_9mps,forested,50,1000,100,19593,7.261618589743589,0.04314996315574035,0.017510810656017194,0.05798414649514589
i1200,Patch_12_9mps,forested,50,1000,100,19593,7.361778846153846,0.04372374315129017,0.018206147419111713,0.058940522072248466
i1200,Patch_12_9mps,forested,50,1000,100,19593,7.461939102564102,0.044295421966563484,0.018433579696774262,0.06007367584227815
i1200,Patch_12_9mps,forested,50,1000,100,19593,7.562099358974359,0.04482397291643855,0.01866694238605456,0.06099748478885192
i1200,Patch_12_9mps,forested,50,1000,100,19593,7.662259615384615,0.045284105311942664,0.01922763238556101,0.06243553901972707
i1200,Patch_12_9mps,forested,50,1000,100,19593,7.762419871794871,0.045718515702792416,0.01982791729404463,0.06205587344856146
i1200,Patch_12_9mps,forested,50,1000,100,19593,7.862580128205129,0.04614191034914532,0.020376890998819716,0.0615459655307996
i1200,Patch_12_9mps,forested,50,1000,100,19593,7.962740384615385,0.04650873011916367,0.021534581122150273,0.0615201420374477
i1200,Patch_12_9mps,forested,50,1000,100,19593,8.06290064102564,0.04677982227202719,0.0223885908887035,0.062389324400223156
i1200,Patch_12_9mps,forested,50,1000,100,19593,8.163060897435898,0.0469888629923241,0.021484342138499132,0.06267273939282003
i1200,Patch_12_9mps,forested,50,1000,100,19593,8.263221153846153,0.047183030619355575,0.022224951223919792,0.06380764917035985
i1200,Patch_12_9mps,forested,50,1000,100,19593,8.36338141025641,0.047372418187069665,0.02191074968921077,0.06459554084337427
i1200,Patch_12_9mps,forested,50,1000,100,19593,8.463541666666666,0.047574733918744616,0.02130939602580842,0.06503583063624645
i1200,Patch_12_9mps,forested,50,1000,100,19593,8.563701923076923,0.047772955595920825,0.020203538927300112,0.06490792023661127
i1200,Patch_12_9mps,forested,50,1000,100,19593,8.663862179487179,0.04795190773955263,0.020064582656391758,0.06390759635559726
i1200,Patch_12_9mps,forested,50,1000,100,19593,8.764022435897436,0.048132447403454084,0.020780906639784637,0.0636817285073138
i1200,Patch_12_9mps,forested,50,1000,100,19593,8.864182692307692,0.048346350670981454,0.02067507859388729,0.06373535885932684
i1200,Patch_12_9mps,forested,50,1000,100,19593,8.964342948717949,0.04854298627874704,0.020232316158161914,0.0641209223962986
i1200,Patch_12_9mps,forested,50,1000,100,19593,9.064503205128204,0.04869383488971236,0.02009540149498893,0.06490970494670512
i1200,Patch_12_9mps,forested,50,1000,100,19593,9.164663461538462,0.04879735843465669,0.020171840205915077,0.0650786561277423
i1200,Patch_12_9mps,forested,50,1000,100,19593,9.264823717948717,0.048887580893999576,0.020015415285004827,0.06533101203520739
i1200,Patch_12_9mps,forested,50,1000,100,19593,9.364983974358974,0.049042202866757624,0.019746686399858607,0.06580302307013822
i1200,Patch_12_9mps,forested,50,1000,100,19593,9.46514423076923,0.049198485516985496,0.019365273294242424,0.06667370095989697
i1200,Patch_12_9mps,forested,50,1000,100,19593,9.565304487179487,0.049312877450463866,0.018707345272390107,0.06740900815117709
i1200,Patch_12_9mps,forested,50,1000,100,19593,9.665464743589743,0.04942214640509047,0.018336055172014108,0.06810490229817658
i1200,Patch_12_9mps,forested,50,1000,100,19593,9.765625,0.04955857653688925,0.017852384481857348,0.06835726722552479
i1200,Patch_12_9mps,forested,50,1000,100,19593,9.865785256410257,0.04967922766754733,0.017226649858185783,0.0682870778052878
i1200,Patch_12_9mps,forested,50,1000,100,19593,9.965945512820513,0.04977109298381819,0.016764789467113815,0.06856851813714157
i1200,Patch_12_9mps,forested,100,1000,100,19593,0.05008012820512821,0.10791648903264653,0.04168016294954134,0.18293561915665318
i1200,Patch_12_9mps,forested,100,1000,100,19593,0.1502403846153846,0.10795133378673222,0.05075862977484967,0.16129307604387838
i1200,Patch_12_9mps,forested,100,1000,100,19593,0.250400641025641,0.11731875435715844,0.03869579926814625,0.16424182650152963
i1200,Patch_12_9mps,forested,100,1000,100,19593,0.3505608974358974,0.10641735674357163,0.05076233427602571,0.1390422159341168
i1200,Patch_12_9mps,forested,100,1000,100,19593,0.45072115384615385,0.07821730268708553,0.031105940795092248,0.10827012446315665
i1200,Patch_12_9mps,forested,100,1000,100,19593,0.5508814102564102,0.06296860299154088,0.02444733819584584,0.0913462401489691
i1200,Patch_12_9mps,forested,100,1000,100,19593,0.6510416666666666,0.055391469135869176,0.02155490282502886,0.08071809328054838
i1200,Patch_12_9mps,forested,100,1000,100,19593,0.7512019230769231,0.051184535426632684,0.01684658912431775,0.07733187996843528
i1200,Patch_12_9mps,forested,100,1000,100,19593,0.8513621794871795,0.0486252066561247,0.014246567235108282,0.0776013837966078
i1200,Patch_12_9mps,forested,100,1000,100,19593,0.9515224358974359,0.047215550141517466,0.015748644250023428,0.0696092173328683
i1200,Patch_12_9mps,forested,100,1000,100,19593,1.0516826923076923,0.04781266028084052,0.016972115862906527,0.06813066549122213
i1200,Patch_12_9mps,forested,100,1000,100,19593,1.1518429487179487,0.04849813692317624,0.023231817596722278,0.06925794403934114
i1200,Patch_12_9mps,forested,100,1000,100,19593,1.252003205128205,0.049322074014985375,0.026382309879026972,0.06680083579649984
i1200,Patch_12_9mps,forested,100,1000,100,19593,1.3521634615384615,0.0497911586796486,0.026719469697682803,0.06816366977322277
i1200,Patch_12_9mps,forested,100,1000,100,19593,1.4523237179487178,0.04940253706658093,0.024112443662633112,0.06850212810023613
i1200,Patch_12_9mps,forested,100,1000,100,19593,1.5524839743589745,0.04855830185409746,0.02255251100022609,0.0666629772800193
i1200,Patch_12_9mps,forested,100,1000,100,19593,1.6526442307692308,0.047380509643967644,0.01943723506173555,0.06583822951192314
i1200,Patch_12_9mps,forested,100,1000,100,19593,1.7528044871794872,0.046298829533821355,0.018258583280826784,0.06653199103363476
i1200,Patch_12_9mps,forested,100,1000,100,19593,1.8529647435897436,0.04564853820290136,0.02006792054540757,0.06411078781505176
i1200,Patch_12_9mps,forested,100,1000,100,19593,1.953125,0.04517677332681526,0.01777342175129756,0.06392633336850974
i1200,Patch_12_9mps,forested,100,1000,100,19593,2.0532852564102564,0.044745445289287596,0.018238900574407906,0.06667993403939868
i1200,Patch_12_9mps,forested,100,1000,100,19593,2.1534455128205128,0.04467012998427769,0.017981480259745056,0.07036646469314892
i1200,Patch_12_9mps,forested,100,1000,100,19593,2.253605769230769,0.04440280798921057,0.01768819036660581,0.07085784686431609
i1200,Patch_12_9mps,forested,100,1000,100,19593,2.3537660256410255,0.04377862358392293,0.01626895344227059,0.0659718285343841
i1200,Patch_12_9mps,forested,100,1000,100,19593,2.453926282051282,0.04255679736027169,0.017298857701165196,0.06505001763960595
i1200,Patch_12_9mps,forested,100,1000,100,19593,2.5540865384615383,0.040816454840521946,0.01788374235629738,0.06134941961100135
i1200,Patch_12_9mps,forested,100,1000,100,19593,2.6542467948717947,0.038666672537325274,0.016642719423095906,0.05854926493065065
i1200,Patch_12_9mps,forested,100,1000,100,19593,2.754407051282051,0.03618226108921863,0.015881089517657106,0.05618738985683108
i1200,Patch_12_9mps,forested,100,1000,100,19593,2.8545673076923075,0.03390600946018661,0.01284874723900905,0.05396268832689684
i1200,Patch_12_9mps,forested,100,1000,100,19593,2.9547275641025643,0.03169030881765403,0.010627530850131971,0.04963837145677367
i1200,Patch_12_9mps,forested,100,1000,100,19593,3.0548878205128207,0.02996716909798919,0.009473893612308801,0.05009868609108914
i1200,Patch_12_9mps,forested,100,1000,100,19593,3.155048076923077,0.028717710350539053,0.008687647537065668,0.046855579135395536
i1200,Patch_12_9mps,forested,100,1000,100,19593,3.2552083333333335,0.027953533646812745,0.010953827841000952,0.042385810765808635
i1200,Patch_12_9mps,forested,100,1000,100,19593,3.35536858974359,0.027442090276381618,0.012220401125853656,0.04102082923347261
i1200,Patch_12_9mps,forested,100,1000,100,19593,3.4555288461538463,0.027005988507650035,0.011695556681825158,0.03727827720101823
i1200,Patch_12_9mps,forested,100,1000,100,19593,3.5556891025641026,0.026693424046849476,0.011722924397123493,0.03491342975942055
i1200,Patch_12_9mps,forested,100,1000,100,19593,3.655849358974359,0.02658871976262012,0.012792334864948221,0.03511549055181684
i1200,Patch_12_9mps,forested,100,1000,100,19593,3.7560096153846154,0.026750395468702642,0.01255952628209005,0.037030549672374014
i1200,Patch_12_9mps,forested,100,1000,100,19593,3.856169871794872,0.026668475525131328,0.01213927930754543,0.0373957823373653
i1200,Patch_12_9mps,forested,100,1000,100,19593,3.956330128205128,0.026391189136300754,0.012040356629659275,0.03645459217055351
i1200,Patch_12_9mps,forested,100,1000,100,19593,4.056490384615385,0.025917978035646706,0.011474153303869083,0.03673597230304185
i1200,Patch_12_9mps,forested,100,1000,100,19593,4.156650641025641,0.025329952346476323,0.011592715318031736,0.03634184804438245
i1200,Patch_12_9mps,forested,100,1000,100,19593,4.256810897435898,0.024767794153992436,0.010810056214924094,0.03659991846587397
i1200,Patch_12_9mps,forested,100,1000,100,19593,4.356971153846154,0.024310539310554803,0.010163940050907032,0.03547819082910638
i1200,Patch_12_9mps,forested,100,1000,100,19593,4.457131410256411,0.023997960367671635,0.009887566120825485,0.03507392920951941
i1200,Patch_12_9mps,forested,100,1000,100,19593,4.557291666666667,0.023684086524354723,0.009268329407295446,0.03380935052831348
i1200,Patch_12_9mps,forested,100,1000,100,19593,4.657451923076923,0.02341300174637937,0.00970928113677439,0.03367868561237717
i1200,Patch_12_9mps,forested,100,1000,100,19593,4.75761217948718,0.023230177730195846,0.010127252051028436,0.032194996794701065
i1200,Patch_12_9mps,forested,100,1000,100,19593,4.857772435897436,0.02321001996400577,0.01047109990153992,0.031763465990490986
i1200,Patch_12_9mps,forested,100,1000,100,19593,4.9579326923076925,0.023264224895641776,0.010377001781080966,0.032088103090084086
i1200,Patch_12_9mps,forested,100,1000,100,19593,5.058092948717949,0.023261939658425157,0.010362565303493583,0.032032516584346665
i1200,Patch_12_9mps,forested,100,1000,100,19593,5.158253205128205,0.023247719495851124,0.010873405441821679,0.031601606194040996
i1200,Patch_12_9mps,forested,100,1000,100,19593,5.258413461538462,0.023212162128964497,0.011156707338876547,0.03358635238820966
i1200,Patch_12_9mps,forested,100,1000,100,19593,5.358573717948718,0.023255039870870395,0.01067721752685223,0.03315954120383223
i1200,Patch_12_9mps,forested,100,1000,100,19593,5.4587339743589745,0.02345111301170544,0.01030823849367126,0.03285829037273391
i1200,Patch_12_9mps,forested,100,1000,100,19593,5.558894230769231,0.023677070084030766,0.011702351169806833,0.03282103674613793
i1200,Patch_12_9mps,forested,100,1000,100,19593,5.659054487179487,0.023948897894346823,0.011651101819736559,0.03201151219629479
i1200,Patch_12_9mps,forested,100,1000,100,19593,5.759214743589744,0.024289382205946536,0.011849037954814207,0.031685074156868435
i1200,Patch_12_9mps,forested,100,1000,100,19593,5.859375,0.024662276812872048,0.013035418537175202,0.032678005983411154
i1200,Patch_12_9mps,forested,100,1000,100,19593,5.959535256410256,0.02499049224899736,0.013880890734659706,0.0329801915635291
i1200,Patch_12_9mps,forested,100,1000,100,19593,6.059695512820513,0.02539629353838996,0.014271072479197067,0.0335744404545281
i1200,Patch_12_9mps,forested,100,1000,100,19593,6.159855769230769,0.025861007782479767,0.015087215249692991,0.034194794212233
i1200,Patch_12_9mps,forested,100,1000,100,19593,6.2600160256410255,0.026354271180878817,0.013867340881842924,0.03553131661396573
i1200,Patch_12_9mps,forested,100,1000,100,19593,6.360176282051282,0.026848715463821934,0.01315165215889318,0.03709409243581343
i1200,Patch_12_9mps,forested,100,1000,100,19593,6.460336538461538,0.027318328170680906,0.012982392923610938,0.03873169936913076
i1200,Patch_12_9mps,forested,100,1000,100,19593,6.560496794871795,0.027790969035809354,0.012880121040499631,0.040411649793913165
i1200,Patch_12_9mps,forested,100,1000,100,19593,6.660657051282051,0.028278714231711414,0.012719973339051387,0.041752715187287265
i1200,Patch_12_9mps,forested,100,1000,100,19593,6.7608173076923075,0.028801056505067854,0.012602827470535375,0.04268808435056808
i1200,Patch_12_9mps,forested,100,1000,100,19593,6.860977564102564,0.029372411287374365,0.012720936063574434,0.04289639362919015
i1200,Patch_12_9mps,forested,100,1000,100,19593,6.96113782051282,0.029973484582964015,0.012971783994395483,0.043119771808585464
i1200,Patch_12_9mps,forested,100,1000,100,19593,7.061298076923077,0.03059371744038922,0.013155366744705136,0.04502421520668616
i1200,Patch_12_9mps,forested,100,1000,100,19593,7.161458333333333,0.03119247328225736,0.013109036432488102,0.04624149570071119
i1200,Patch_12_9mps,forested,100,1000,100,19593,7.261618589743589,0.03176186471388024,0.012929095736030781,0.046991280105637995
i1200,Patch_12_9mps,forested,100,1000,100,19593,7.361778846153846,0.03232037056734033,0.013269168041743632,0.047707675017281556
i1200,Patch_12_9mps,forested,100,1000,100,19593,7.461939102564102,0.032919716202696514,0.013803902419843151,0.048240091022518236
i1200,Patch_12_9mps,forested,100,1000,100,19593,7.562099358974359,0.033550633857903064,0.013557826334112984,0.048517646261329345
i1200,Patch_12_9mps,forested,100,1000,100,19593,7.662259615384615,0.03418764279895371,0.014536482503865262,0.04936134246161457
i1200,Patch_12_9mps,forested,100,1000,100,19593,7.762419871794871,0.03480545768481755,0.014208352960898328,0.04957723143906509
i1200,Patch_12_9mps,forested,100,1000,100,19593,7.862580128205129,0.035393076876540724,0.014736596717113453,0.050619449339308384
i1200,Patch_12_9mps,forested,100,1000,100,19593,7.962740384615385,0.035948654658374754,0.015240584260987382,0.051857388973232596
i1200,Patch_12_9mps,forested,100,1000,100,19593,8.06290064102564,0.036464994107525774,0.01566865411368147,0.052904617717066525
i1200,Patch_12_9mps,forested,100,1000,100,19593,8.163060897435898,0.03695722551168304,0.016291064796739838,0.05355031789110905
i1200,Patch_12_9mps,forested,100,1000,100,19593,8.263221153846153,0.03743464069291928,0.016795007615212482,0.053925986927859
i1200,Patch_12_9mps,forested,100,1000,100,19593,8.36338141025641,0.0379104286337947,0.01732942518436192,0.05460095852571272
i1200,Patch_12_9mps,forested,100,1000,100,19593,8.463541666666666,0.03839287414578116,0.017619879514458044,0.054845255292160264
i1200,Patch_12_9mps,forested,100,1000,100,19593,8.563701923076923,0.03883897577450157,0.018499245414966774,0.05559964961489007
i1200,Patch_12_9mps,forested,100,1000,100,19593,8.663862179487179,0.0392339436325532,0.018637631618121302,0.05587059831986507
i1200,Patch_12_9mps,forested,100,1000,100,19593,8.764022435897436,0.03960182741769341,0.018746940755988754,0.056008501945397984
i1200,Patch_12_9mps,forested,100,1000,100,19593,8.864182692307692,0.039935775929395435,0.018902430062571064,0.056120309194896724
i1200,Patch_12_9mps,forested,100,1000,100,19593,8.964342948717949,0.040220727384956696,0.01908057038685512,0.056431123688889945
i1200,Patch_12_9mps,forested,100,1000,100,19593,9.064503205128204,0.0404794817477659,0.01853573871353514,0.0570595661451844
i1200,Patch_12_9mps,forested,100,1000,100,19593,9.164663461538462,0.04073210748701328,0.018825658090088144,0.0578690490610346
i1200,Patch_12_9mps,forested,100,1000,100,19593,9.264823717948717,0.04095845231212591,0.01870274340282789,0.05867955561043882
i1200,Patch_12_9mps,forested,100,1000,100,19593,9.364983974358974,0.041155719260090366,0.018443939977667044,0.05930823321017864
i1200,Patch_12_9mps,forested,100,1000,100,19593,9.46514423076923,0.04135645664301992,0.017938064981781535,0.0595494669914547
i1200,Patch_12_9mps,forested,100,1000,100,19593,9.565304487179487,0.0415605756957127,0.017684347827326308,0.05982839925280379
i1200,Patch_12_9mps,forested,100,1000,100,19593,9.665464743589743,0.04176225284099051,0.0186159331800261,0.05988678999438551
i1200,Patch_12_9mps,forested,100,1000,100,19593,9.765625,0.04196192577219433,0.01931727941455324,0.059710035566894124
i1200,Patch_12_9mps,forested,100,1000,100,19593,9.865785256410257,0.04214435458513373,0.019456732220149375,0.05972645042570581
i1200,Patch_12_9mps,forested,100,1000,100,19593,9.965945512820513,0.04227261702106946,0.01901073552750536,0.06000816399616076
i1200,Patch_12_9mps,forested,500,1000,100,19593,0.05008012820512821,0.06424172972267836,0.027855265335848478,0.0964070346995616
i1200,Patch_12_9mps,forested,500,1000,100,19593,0.1502403846153846,0.055563922223926775,0.02321163854413659,0.07788112815463796
i1200,Patch_12_9mps,forested,500,1000,100,19593,0.250400641025641,0.05339232821710341,0.018568239720676758,0.07631378266584532
i1200,Patch_12_9mps,forested,500,1000,100,19593,0.3505608974358974,0.053512415123105776,0.026736534325919714,0.07275788761319155
i1200,Patch_12_9mps,forested,500,1000,100,19593,0.45072115384615385,0.04164812078121823,0.015765300465003903,0.058886739299873925
i1200,Patch_12_9mps,forested,500,1000,100,19593,0.5508814102564102,0.03252088262643476,0.01157164281333739,0.046706643266572735
i1200,Patch_12_9mps,forested,500,1000,100,19593,0.6510416666666666,0.027619620353523385,0.01022645026184079,0.041560662426731246
i1200,Patch_12_9mps,forested,500,1000,100,19593,0.7512019230769231,0.024170380023437205,0.009005541254232653,0.03646303551382751
i1200,Patch_12_9mps,forested,500,1000,100,19593,0.8513621794871795,0.021547255826683792,0.008855052940556166,0.03163760740828162
i1200,Patch_12_9mps,forested,500,1000,100,19593,0.9515224358974359,0.02005328360269167,0.007505239237322613,0.028476591121051404
i1200,Patch_12_9mps,forested,500,1000,100,19593,1.0516826923076923,0.01968964286205347,0.009410206263040463,0.02791068537760881
i1200,Patch_12_9mps,forested,500,1000,100,19593,1.1518429487179487,0.020553870250377228,0.007799097357653647,0.031276290300002806
i1200,Patch_12_9mps,forested,500,1000,100,19593,1.252003205128205,0.022057055139300674,0.008065700281116198,0.03399666727427167
i1200,Patch_12_9mps,forested,500,1000,100,19593,1.3521634615384615,0.023755325691103567,0.010496900092712619,0.03719105570676293
i1200,Patch_12_9mps,forested,500,1000,100,19593,1.4523237179487178,0.02481568703966697,0.012584350561878666,0.03778423648182291
i1200,Patch_12_9mps,forested,500,1000,100,19593,1.5524839743589745,0.024912184752872893,0.01285476698217974,0.03701622055549662
i1200,Patch_12_9mps,forested,500,1000,100,19593,1.6526442307692308,0.024261260318762756,0.01206710907459933,0.0359465288871776
i1200,Patch_12_9mps,forested,500,1000,100,19593,1.7528044871794872,0.02316520666043794,0.010205500560932397,0.033859782492378455
i1200,Patch_12_9mps,forested,500,1000,100,19593,1.8529647435897436,0.021924273526860372,0.009527801614097534,0.031823878081446225
i1200,Patch_12_9mps,forested,500,1000,100,19593,1.953125,0.02110190698657869,0.008008122157561439,0.03129003367110899
i1200,Patch_12_9mps,forested,500,1000,100,19593,2.0532852564102564,0.021002503383997416,0.007578650591136901,0.030625017874490627
i1200,Patch_12_9mps,forested,500,1000,100,19593,2.1534455128205128,0.020946748075097298,0.007898220610345286,0.032175627064536125
i1200,Patch_12_9mps,forested,500,1000,100,19593,2.253605769230769,0.021040947361454215,0.00899758326814569,0.030993072946160414
i1200,Patch_12_9mps,forested,500,1000,100,19593,2.3537660256410255,0.02095358868019426,0.008606908425030422,0.03126875023331443
i1200,Patch_12_9mps,forested,500,1000,100,19593,2.453926282051282,0.020650764710072256,0.00958848951729988,0.03116088188034687
i1200,Patch_12_9mps,forested,500,1000,100,19593,2.5540865384615383,0.020108106003748048,0.008543236025242281,0.02883488189777194
i1200,Patch_12_9mps,forested,500,1000,100,19593,2.6542467948717947,0.01936832741650418,0.008897544125696743,0.028043374082798465
i1200,Patch_12_9mps,forested,500,1000,100,19593,2.754407051282051,0.018381897314921136,0.00785510387461867,0.026857257670240577
i1200,Patch_12_9mps,forested,500,1000,100,19593,2.8545673076923075,0.01718554723667102,0.006978634022784687,0.025537986667474588
i1200,Patch_12_9mps,forested,500,1000,100,19593,2.9547275641025643,0.016017630385142274,0.004566245550360029,0.024590534749595747
i1200,Patch_12_9mps,forested,500,1000,100,19593,3.0548878205128207,0.01526406091942537,0.003987129978420097,0.02340813319338656
i1200,Patch_12_9mps,forested,500,1000,100,19593,3.155048076923077,0.015185679398442025,0.0045376164147810484,0.024095322285007124
i1200,Patch_12_9mps,forested,500,1000,100,19593,3.2552083333333335,0.015409516013525993,0.005481881553148661,0.023914080904553846
i1200,Patch_12_9mps,forested,500,1000,100,19593,3.35536858974359,0.015814343219029053,0.005661933611119369,0.02368134042532064
i1200,Patch_12_9mps,forested,500,1000,100,19593,3.4555288461538463,0.01660282922683636,0.00646913838063942,0.02439884186022976
i1200,Patch_12_9mps,forested,500,1000,100,19593,3.5556891025641026,0.01748724615806087,0.0077719733060885934,0.02510885639121578
i1200,Patch_12_9mps,forested,500,1000,100,19593,3.655849358974359,0.018403655061574344,0.009745571122682217,0.02556882632543521
i1200,Patch_12_9mps,forested,500,1000,100,19593,3.7560096153846154,0.019281069324437995,0.011575303522015995,0.02666092433207471
i1200,Patch_12_9mps,forested,500,1000,100,19593,3.856169871794872,0.0199554560609397,0.012476751925467898,0.027082553800074585
i1200,Patch_12_9mps,forested,500,1000,100,19593,3.956330128205128,0.020313216567688662,0.013959101448132257,0.027575283437954342
i1200,Patch_12_9mps,forested,500,1000,100,19593,4.056490384615385,0.020340204419874365,0.01397238693297922,0.02715577454344288
i1200,Patch_12_9mps,forested,500,1000,100,19593,4.156650641025641,0.020115138054489848,0.01386738309645194,0.02671992938789629
i1200,Patch_12_9mps,forested,500,1000,100,19593,4.256810897435898,0.01971030599238326,0.013318338816439264,0.026166563397285056
i1200,Patch_12_9mps,forested,500,1000,100,19593,4.356971153846154,0.019216098736263804,0.012660737916894113,0.02590586455070278
i1200,Patch_12_9mps,forested,500,1000,100,19593,4.457131410256411,0.01862854728751653,0.011421555934348796,0.024805765925390924
i1200,Patch_12_9mps,forested,500,1000,100,19593,4.557291666666667,0.01789494714506852,0.011752630844684312,0.02445214720063459
i1200,Patch_12_9mps,forested,500,1000,100,19593,4.657451923076923,0.017088479690076108,0.0107058781536657,0.023957068667780072
i1200,Patch_12_9mps,forested,500,1000,100,19593,4.75761217948718,0.016452464201974402,0.01024904644516466,0.023581391356434618
i1200,Patch_12_9mps,forested,500,1000,100,19593,4.857772435897436,0.016049537161014312,0.009634441806728965,0.02266660945436713
i1200,Patch_12_9mps,forested,500,1000,100,19593,4.9579326923076925,0.01573738766091202,0.009019798636079388,0.022474729088247748
i1200,Patch_12_9mps,forested,500,1000,100,19593,5.058092948717949,0.015355456302239072,0.00799231190578797,0.021688524234637976
i1200,Patch_12_9mps,forested,500,1000,100,19593,5.158253205128205,0.014844448855967127,0.006844798174599875,0.02104872853337826
i1200,Patch_12_9mps,forested,500,1000,100,19593,5.258413461538462,0.014310152755635413,0.006319817402761278,0.020309680208655926
i1200,Patch_12_9mps,forested,500,1000,100,19593,5.358573717948718,0.013878684585187404,0.005684706355673929,0.019643200416830472
i1200,Patch_12_9mps,forested,500,1000,100,19593,5.4587339743589745,0.013498125278783241,0.005099562818924065,0.019436167831191637
i1200,Patch_12_9mps,forested,500,1000,100,19593,5.558894230769231,0.013125366132208797,0.005100216471423112,0.019334392167328684
i1200,Patch_12_9mps,forested,500,1000,100,19593,5.659054487179487,0.012823337095525895,0.005217751469912194,0.019221954806138017
i1200,Patch_12_9mps,forested,500,1000,100,19593,5.759214743589744,0.012688086554998455,0.005223286338545556,0.019420071359274683
i1200,Patch_12_9mps,forested,500,1000,100,19593,5.859375,0.012564581186307702,0.005403327407173227,0.019330395770681033
i1200,Patch_12_9mps,forested,500,1000,100,19593,5.959535256410256,0.012391467667708506,0.005055903055396974,0.018927480769191173
i1200,Patch_12_9mps,forested,500,1000,100,19593,6.059695512820513,0.01219294984463126,0.0050460147300484745,0.018598065623913636
i1200,Patch_12_9mps,forested,500,1000,100,19593,6.159855769230769,0.012050943404477567,0.0044925834859023215,0.018345623739585464
i1200,Patch_12_9mps,forested,500,1000,100,19593,6.2600160256410255,0.012009024814534348,0.004634496993634299,0.018119307521805274
i1200,Patch_12_9mps,forested,500,1000,100,19593,6.360176282051282,0.012044375792563273,0.004682970043664963,0.01785349302919472
i1200,Patch_12_9mps,forested,500,1000,100,19593,6.460336538461538,0.012102012559598824,0.004816110053115439,0.017924562579350083
i1200,Patch_12_9mps,forested,500,1000,100,19593,6.560496794871795,0.012192456180829859,0.004840321561210752,0.018251019482407326
i1200,Patch_12_9mps,forested,500,1000,100,19593,6.660657051282051,0.012324978571249779,0.004680160551851832,0.018754045450089005
i1200,Patch_12_9mps,forested,500,1000,100,19593,6.7608173076923075,0.012493572268040362,0.004903529182267832,0.019127691869574522
i1200,Patch_12_9mps,forested,500,1000,100,19593,6.860977564102564,0.012682580507546426,0.004706216631861793,0.019630028886873905
i1200,Patch_12_9mps,forested,500,1000,100,19593,6.96113782051282,0.012875806292876662,0.004668939480562082,0.019948303527975712
i1200,Patch_12_9mps,forested,500,1000,100,19593,7.061298076923077,0.013079094989123385,0.004907589024849428,0.020246115707279706
i1200,Patch_12_9mps,forested,500,1000,100,19593,7.161458333333333,0.013283399849038686,0.005275840584597312,0.020556121148611356
i1200,Patch_12_9mps,forested,500,1000,100,19593,7.261618589743589,0.013516940684747281,0.005697707947616926,0.020804282392393784
i1200,Patch_12_9mps,forested,500,1000,100,19593,7.361778846153846,0.01380630684939666,0.005972926819943243,0.02155318301427736
i1200,Patch_12_9mps,forested,500,1000,100,19593,7.461939102564102,0.014144998104858553,0.006035461682097406,0.02202107160030026
i1200,Patch_12_9mps,forested,500,1000,100,19593,7.562099358974359,0.01455711592085844,0.005776730032805507,0.022103552592242448
i1200,Patch_12_9mps,forested,500,1000,100,19593,7.662259615384615,0.015049352348835693,0.005947111269248941,0.02314283766350113
i1200,Patch_12_9mps,forested,500,1000,100,19593,7.762419871794871,0.015552437023424242,0.006350012240710818,0.024277053055797762
i1200,Patch_12_9mps,forested,500,1000,100,19593,7.862580128205129,0.016062459413837694,0.006423011630224617,0.024887701790548562
i1200,Patch_12_9mps,forested,500,1000,100,19593,7.962740384615385,0.016535321140994763,0.006761469284963575,0.024764016307112946
i1200,Patch_12_9mps,forested,500,1000,100,19593,8.06290064102564,0.017025602350734855,0.007021100061852508,0.02557526184637121
i1200,Patch_12_9mps,forested,500,1000,100,19593,8.163060897435898,0.017520637949700223,0.007670134229155058,0.026457548938933137
i1200,Patch_12_9mps,forested,500,1000,100,19593,8.263221153846153,0.01802320343860263,0.007841357914531851,0.026985735522828513
i1200,Patch_12_9mps,forested,500,1000,100,19593,8.36338141025641,0.01853061316391654,0.007584819752223458,0.028041567838114165
i1200,Patch_12_9mps,forested,500,1000,100,19593,8.463541666666666,0.019030044295170148,0.008302425136114254,0.028971943021189904
i1200,Patch_12_9mps,forested,500,1000,100,19593,8.563701923076923,0.0194930951453149,0.0083897098606848,0.029794343985263413
i1200,Patch_12_9mps,forested,500,1000,100,19593,8.663862179487179,0.01990891962808016,0.008717522020567227,0.030339497719454683
i1200,Patch_12_9mps,forested,500,1000,100,19593,8.764022435897436,0.020286550495410713,0.008940530449149551,0.03075656658278741
i1200,Patch_12_9mps,forested,500,1000,100,19593,8.864182692307692,0.020588490959449625,0.009348525287069172,0.03140246448334304
i1200,Patch_12_9mps,forested,500,1000,100,19593,8.964342948717949,0.020788195519386314,0.009557557454268086,0.03183445670909747
i1200,Patch_12_9mps,forested,500,1000,100,19593,9.064503205128204,0.020921485529596492,0.009762394184966659,0.03208487417553895
i1200,Patch_12_9mps,forested,500,1000,100,19593,9.164663461538462,0.021032970926672022,0.009841751015550102,0.03217974876277668
i1200,Patch_12_9mps,forested,500,1000,100,19593,9.264823717948717,0.021127137609687353,0.009601871112075288,0.03227120156590485
i1200,Patch_12_9mps,forested,500,1000,100,19593,9.364983974358974,0.02121852829029772,0.00946455644572421,0.03256799436275009
i1200,Patch_12_9mps,forested,500,1000,100,19593,9.46514423076923,0.02133113563618822,0.009594004731260455,0.0329185952601358
i1200,Patch_12_9mps,forested,500,1000,100,19593,9.565304487179487,0.021451988978675916,0.009690625137107977,0.03333494409627854
i1200,Patch_12_9mps,forested,500,1000,100,19593,9.665464743589743,0.021568123084279175,0.009883398550479785,0.033499261018374284
i1200,Patch_12_9mps,forested,500,1000,100,19593,9.765625,0.02170721918834266,0.009905355452391889,0.033318244920555795
i1200,Patch_12_9mps,forested,500,1000,100,19593,9.865785256410257,0.021855828188657958,0.010103174422049582,0.03317382623330739
i1200,Patch_12_9mps,forested,500,1000,100,19593,9.965945512820513,0.02197031113122078,0.010285865208346963,0.0333636475927219
i1200,Patch_12_9mps,open_gap,1,1000,100,45943,0.05008012820512821,0.36134839683831854,0.15398499416779116,0.5271470531487265
i1200,Patch_12_9mps,open_gap,1,1000,100,45943,0.1502403846153846,0.36534069179162826,0.16668453641496184,0.471218532898631
i1200,Patch_12_9mps,open_gap,1,1000,100,45943,0.250400641025641,0.4090336719225893,0.18590301394993947,0.4946546576959493
i1200,Patch_12_9mps,open_gap,1,1000,100,45943,0.3505608974358974,0.45103141829697996,0.17388300778682977,0.538677270067851
i1200,Patch_12_9mps,open_gap,1,1000,100,45943,0.45072115384615385,0.5008676873130287,0.1851035393801721,0.575961625707424
i1200,Patch_12_9mps,open_gap,1,1000,100,45943,0.5508814102564102,0.5472405477619169,0.1736864101117303,0.5881495134053534
i1200,Patch_12_9mps,open_gap,1,1000,100,45943,0.6510416666666666,0.5899196001805328,0.2031674110733883,0.596279594799435
i1200,Patch_12_9mps,open_gap,1,1000,100,45943,0.7512019230769231,0.6212176618505687,0.23979525331656815,0.5996718590211005
i1200,Patch_12_9mps,open_gap,1,1000,100,45943,0.8513621794871795,0.6352275641598069,0.24470103006209878,0.6234909227009268
i1200,Patch_12_9mps,open_gap,1,1000,100,45943,0.9515224358974359,0.6351144771911605,0.2575370655209239,0.6224799728685981
i1200,Patch_12_9mps,open_gap,1,1000,100,45943,1.0516826923076923,0.6296290451097339,0.263091786359895,0.641645024062771
i1200,Patch_12_9mps,open_gap,1,1000,100,45943,1.1518429487179487,0.6235794727418433,0.2536632247327306,0.6419306361605729
i1200,Patch_12_9mps,open_gap,1,1000,100,45943,1.252003205128205,0.6143375771792866,0.22911869657231093,0.6410379130805076
i1200,Patch_12_9mps,open_gap,1,1000,100,45943,1.3521634615384615,0.6012353948116984,0.23080701623295327,0.634943101305351
i1200,Patch_12_9mps,open_gap,1,1000,100,45943,1.4523237179487178,0.5855986581022744,0.21726737242687194,0.6291742195406884
i1200,Patch_12_9mps,open_gap,1,1000,100,45943,1.5524839743589745,0.5687049472382586,0.2046796490320225,0.6164776578137822
i1200,Patch_12_9mps,open_gap,1,1000,100,45943,1.6526442307692308,0.5516832573848858,0.19543422788134493,0.6050925587947438
i1200,Patch_12_9mps,open_gap,1,1000,100,45943,1.7528044871794872,0.5335155434676837,0.17431206165558222,0.5915022782665538
i1200,Patch_12_9mps,open_gap,1,1000,100,45943,1.8529647435897436,0.5134885207233435,0.18587224467107072,0.583915162366116
i1200,Patch_12_9mps,open_gap,1,1000,100,45943,1.953125,0.4921741582940418,0.17625701835451418,0.5743371043449912
i1200,Patch_12_9mps,open_gap,1,1000,100,45943,2.0532852564102564,0.47114827613771004,0.1681800542219977,0.5550029310425134
i1200,Patch_12_9mps,open_gap,1,1000,100,45943,2.1534455128205128,0.4513485095595734,0.1598729598534432,0.5360586208897992
i1200,Patch_12_9mps,open_gap,1,1000,100,45943,2.253605769230769,0.43298760109000484,0.15041329019612584,0.5234205949348731
i1200,Patch_12_9mps,open_gap,1,1000,100,45943,2.3537660256410255,0.4161620724717736,0.1453452029969376,0.510386365364178
i1200,Patch_12_9mps,open_gap,1,1000,100,45943,2.453926282051282,0.39922113609784676,0.13529089397515912,0.49801959822579955
i1200,Patch_12_9mps,open_gap,1,1000,100,45943,2.5540865384615383,0.38256556342840503,0.13238053472925243,0.48668118346635975
i1200,Patch_12_9mps,open_gap,1,1000,100,45943,2.6542467948717947,0.36622866690654327,0.12611429993084305,0.4655665421553014
i1200,Patch_12_9mps,open_gap,1,1000,100,45943,2.754407051282051,0.3504017926405808,0.1306498042774798,0.44154175177076066
i1200,Patch_12_9mps,open_gap,1,1000,100,45943,2.8545673076923075,0.33489875300324473,0.13718509215413982,0.42482850387852233
i1200,Patch_12_9mps,open_gap,1,1000,100,45943,2.9547275641025643,0.3200614052925841,0.14300688590919738,0.4179650254746615
i1200,Patch_12_9mps,open_gap,1,1000,100,45943,3.0548878205128207,0.3064436714730311,0.13938283673779128,0.39425915262854216
i1200,Patch_12_9mps,open_gap,1,1000,100,45943,3.155048076923077,0.292575916643554,0.13686161214479528,0.37549855592239756
i1200,Patch_12_9mps,open_gap,1,1000,100,45943,3.2552083333333335,0.2779536016677101,0.1400947519352644,0.35433887981891865
i1200,Patch_12_9mps,open_gap,1,1000,100,45943,3.35536858974359,0.26360926408400426,0.1381092077863404,0.32809908907859464
i1200,Patch_12_9mps,open_gap,1,1000,100,45943,3.4555288461538463,0.2500700548210481,0.12756100300398177,0.3258224949638836
i1200,Patch_12_9mps,open_gap,1,1000,100,45943,3.5556891025641026,0.23780017258771738,0.11886523854193196,0.3086824414435828
i1200,Patch_12_9mps,open_gap,1,1000,100,45943,3.655849358974359,0.2271378221253925,0.12030945176923444,0.29011114400727694
i1200,Patch_12_9mps,open_gap,1,1000,100,45943,3.7560096153846154,0.21763817840627586,0.11404928764579386,0.2759912460890985
i1200,Patch_12_9mps,open_gap,1,1000,100,45943,3.856169871794872,0.2092748717548367,0.10991567075373122,0.2721467204688984
i1200,Patch_12_9mps,open_gap,1,1000,100,45943,3.956330128205128,0.20182895150094443,0.09952117330663804,0.25869298760450965
i1200,Patch_12_9mps,open_gap,1,1000,100,45943,4.056490384615385,0.195090924768625,0.09079477302613528,0.2585984423207305
i1200,Patch_12_9mps,open_gap,1,1000,100,45943,4.156650641025641,0.18869685097843164,0.08734590470126086,0.24133032676330898
i1200,Patch_12_9mps,open_gap,1,1000,100,45943,4.256810897435898,0.18261849413740286,0.08692158875701157,0.24156793052973216
i1200,Patch_12_9mps,open_gap,1,1000,100,45943,4.356971153846154,0.1772091022158432,0.0932601139770831,0.22921264352392615
i1200,Patch_12_9mps,open_gap,1,1000,100,45943,4.457131410256411,0.17411515374007233,0.09431010222714496,0.24620096293820448
i1200,Patch_12_9mps,open_gap,1,1000,100,45943,4.557291666666667,0.17308803195253855,0.09666706646086175,0.24310285582691932
i1200,Patch_12_9mps,open_gap,1,1000,100,45943,4.657451923076923,0.1729565396433158,0.09228692317057802,0.23377051172567942
i1200,Patch_12_9mps,open_gap,1,1000,100,45943,4.75761217948718,0.17285986558105088,0.09182784622236258,0.24527670288618086
i1200,Patch_12_9mps,open_gap,1,1000,100,45943,4.857772435897436,0.17293656745887542,0.0885666788370987,0.2503689862727901
i1200,Patch_12_9mps,open_gap,1,1000,100,45943,4.9579326923076925,0.17357157792379627,0.09038629809724563,0.24933654666167648
i1200,Patch_12_9mps,open_gap,1,1000,100,45943,5.058092948717949,0.17507607348457835,0.0899788950583667,0.24931908986995033
i1200,Patch_12_9mps,open_gap,1,1000,100,45943,5.158253205128205,0.1778119397672331,0.09056554535343672,0.252057794620373
i1200,Patch_12_9mps,open_gap,1,1000,100,45943,5.258413461538462,0.18097189755279797,0.09090766510153266,0.2493189357799412
i1200,Patch_12_9mps,open_gap,1,1000,100,45943,5.358573717948718,0.18393380415351337,0.08420462308016921,0.2543844663997999
i1200,Patch_12_9mps,open_gap,1,1000,100,45943,5.4587339743589745,0.186537496402872,0.07682216175407397,0.25526690835172994
i1200,Patch_12_9mps,open_gap,1,1000,100,45943,5.558894230769231,0.18937091868592415,0.0782907858639433,0.25954111373263355
i1200,Patch_12_9mps,open_gap,1,1000,100,45943,5.659054487179487,0.19301990253998716,0.07859350876811162,0.26335280363420266
i1200,Patch_12_9mps,open_gap,1,1000,100,45943,5.759214743589744,0.19781758410860234,0.08102536405307084,0.27356700405653467
i1200,Patch_12_9mps,open_gap,1,1000,100,45943,5.859375,0.20303889092783384,0.07966246623260753,0.2850032089713095
i1200,Patch_12_9mps,open_gap,1,1000,100,45943,5.959535256410256,0.20807296162368835,0.07587536797267991,0.30078529702334156
i1200,Patch_12_9mps,open_gap,1,1000,100,45943,6.059695512820513,0.21292299159722927,0.07561717994614384,0.31134220780066835
i1200,Patch_12_9mps,open_gap,1,1000,100,45943,6.159855769230769,0.21816185989625897,0.0772939834694641,0.32182473021526914
i1200,Patch_12_9mps,open_gap,1,1000,100,45943,6.2600160256410255,0.22382234608413973,0.07466238227820303,0.3313895544245968
i1200,Patch_12_9mps,open_gap,1,1000,100,45943,6.360176282051282,0.22952023904750787,0.08413985872165573,0.3400824683850582
i1200,Patch_12_9mps,open_gap,1,1000,100,45943,6.460336538461538,0.23520431099362402,0.08756970585712302,0.3470263329832859
i1200,Patch_12_9mps,open_gap,1,1000,100,45943,6.560496794871795,0.2406444762524893,0.09442102487030699,0.35602013449948167
i1200,Patch_12_9mps,open_gap,1,1000,100,45943,6.660657051282051,0.2457010724382918,0.09507674516536091,0.36505576396581074
i1200,Patch_12_9mps,open_gap,1,1000,100,45943,6.7608173076923075,0.2505238645376819,0.10019535757952805,0.37064993130036905
i1200,Patch_12_9mps,open_gap,1,1000,100,45943,6.860977564102564,0.2551330400299144,0.10731442339508501,0.3686666575910021
i1200,Patch_12_9mps,open_gap,1,1000,100,45943,6.96113782051282,0.2594119591332998,0.11134934941098806,0.35988959688684397
i1200,Patch_12_9mps,open_gap,1,1000,100,45943,7.061298076923077,0.2635054677249344,0.11293082459334128,0.3678945857899862
i1200,Patch_12_9mps,open_gap,1,1000,100,45943,7.161458333333333,0.2677776955441108,0.11207389200733878,0.3773414069063683
i1200,Patch_12_9mps,open_gap,1,1000,100,45943,7.261618589743589,0.27221998584040474,0.11776453702878643,0.39518665441426865
i1200,Patch_12_9mps,open_gap,1,1000,100,45943,7.361778846153846,0.2767463036627084,0.11966961366141547,0.4021797833796791
i1200,Patch_12_9mps,open_gap,1,1000,100,45943,7.461939102564102,0.28127345864345854,0.11880511163092455,0.4074185120573806
i1200,Patch_12_9mps,open_gap,1,1000,100,45943,7.562099358974359,0.2858518268011714,0.12422728286295329,0.4166766714936424
i1200,Patch_12_9mps,open_gap,1,1000,100,45943,7.662259615384615,0.290088126417233,0.12378672565131789,0.4232963851674995
i1200,Patch_12_9mps,open_gap,1,1000,100,45943,7.762419871794871,0.29379801071054035,0.12263896648084427,0.43115003558807585
i1200,Patch_12_9mps,open_gap,1,1000,100,45943,7.862580128205129,0.2972619556589414,0.12370162492301025,0.4379845651437775
i1200,Patch_12_9mps,open_gap,1,1000,100,45943,7.962740384615385,0.30100463499079483,0.1253759691627611,0.43998484774562646
i1200,Patch_12_9mps,open_gap,1,1000,100,45943,8.06290064102564,0.30477383139803155,0.12594856278746272,0.4448139774214647
i1200,Patch_12_9mps,open_gap,1,1000,100,45943,8.163060897435898,0.3083405014749932,0.12579786533211665,0.4495000126554957
i1200,Patch_12_9mps,open_gap,1,1000,100,45943,8.263221153846153,0.31135526308226014,0.12679487371209833,0.44721414848906205
i1200,Patch_12_9mps,open_gap,1,1000,100,45943,8.36338141025641,0.3136088679836115,0.1324469189847523,0.4376625776896834
i1200,Patch_12_9mps,open_gap,1,1000,100,45943,8.463541666666666,0.31539858221163747,0.13846674433939254,0.4299237327773862
i1200,Patch_12_9mps,open_gap,1,1000,100,45943,8.563701923076923,0.3170510153783266,0.13500171183267223,0.42706787898213866
i1200,Patch_12_9mps,open_gap,1,1000,100,45943,8.663862179487179,0.3187893229868927,0.13671632411246573,0.42495229323814043
i1200,Patch_12_9mps,open_gap,1,1000,100,45943,8.764022435897436,0.3211311987469553,0.13363475291851248,0.42871356149182016
i1200,Patch_12_9mps,open_gap,1,1000,100,45943,8.864182692307692,0.3237444250056673,0.1370768466927713,0.43553163714052656
i1200,Patch_12_9mps,open_gap,1,1000,100,45943,8.964342948717949,0.32646551226632453,0.14381326763891544,0.44250512926063507
i1200,Patch_12_9mps,open_gap,1,1000,100,45943,9.064503205128204,0.32913275081963084,0.15217973385306294,0.4625568633497457
i1200,Patch_12_9mps,open_gap,1,1000,100,45943,9.164663461538462,0.3318810553141857,0.1560328417504387,0.4762624758256512
i1200,Patch_12_9mps,open_gap,1,1000,100,45943,9.264823717948717,0.3346416258793547,0.16094071349611033,0.47600993682652853
i1200,Patch_12_9mps,open_gap,1,1000,100,45943,9.364983974358974,0.33722295185594947,0.1632113209434508,0.47911515980187774
i1200,Patch_12_9mps,open_gap,1,1000,100,45943,9.46514423076923,0.3395505660020801,0.1647844009037041,0.48390114663648875
i1200,Patch_12_9mps,open_gap,1,1000,100,45943,9.565304487179487,0.3416130112953965,0.16203849218663963,0.4849467887868054
i1200,Patch_12_9mps,open_gap,1,1000,100,45943,9.665464743589743,0.34360929777528965,0.15747261994274334,0.4827294773986471
i1200,Patch_12_9mps,open_gap,1,1000,100,45943,9.765625,0.3454087836669745,0.15277921910137304,0.4859523904183354
i1200,Patch_12_9mps,open_gap,1,1000,100,45943,9.865785256410257,0.34727754380136217,0.1501126037007471,0.4898932571601575
i1200,Patch_12_9mps,open_gap,1,1000,100,45943,9.965945512820513,0.3494934942972221,0.15338770831975068,0.4921525522587461
i1200,Patch_12_9mps,open_gap,10,1000,100,45943,0.05008012820512821,0.12941180698909818,0.05898261002164041,0.1696184640877903
i1200,Patch_12_9mps,open_gap,10,1000,100,45943,0.1502403846153846,0.12363554787978125,0.03984881489712902,0.1871079655431852
i1200,Patch_12_9mps,open_gap,10,1000,100,45943,0.250400641025641,0.1436313578956539,0.06736169015427529,0.21389510708404044
i1200,Patch_12_9mps,open_gap,10,1000,100,45943,0.3505608974358974,0.16621617680520664,0.07371218336867383,0.24170926411312235
i1200,Patch_12_9mps,open_gap,10,1000,100,45943,0.45072115384615385,0.18416870868865856,0.06647460700092592,0.2590269725694119
i1200,Patch_12_9mps,open_gap,10,1000,100,45943,0.5508814102564102,0.19929354372784228,0.0674048754305354,0.28311833842027073
i1200,Patch_12_9mps,open_gap,10,1000,100,45943,0.6510416666666666,0.20745019354653974,0.08032143339272821,0.2977876750222233
i1200,Patch_12_9mps,open_gap,10,1000,100,45943,0.7512019230769231,0.2101121843381412,0.08114236069449518,0.308561922743166
i1200,Patch_12_9mps,open_gap,10,1000,100,45943,0.8513621794871795,0.20807782593498242,0.07887938316583275,0.3184369085579116
i1200,Patch_12_9mps,open_gap,10,1000,100,45943,0.9515224358974359,0.20314418486819327,0.07477375294248571,0.31706000765920783
i1200,Patch_12_9mps,open_gap,10,1000,100,45943,1.0516826923076923,0.19747844246541518,0.07446444595602535,0.29041836395115195
i1200,Patch_12_9mps,open_gap,10,1000,100,45943,1.1518429487179487,0.1920485560183974,0.06802069621950538,0.2807930741244772
i1200,Patch_12_9mps,open_gap,10,1000,100,45943,1.252003205128205,0.18684300622177222,0.06756575261421163,0.27443457201690824
i1200,Patch_12_9mps,open_gap,10,1000,100,45943,1.3521634615384615,0.1815599302649393,0.06733042695407204,0.2601958489376777
i1200,Patch_12_9mps,open_gap,10,1000,100,45943,1.4523237179487178,0.17596314019600537,0.06176175406631539,0.25065968514431114
i1200,Patch_12_9mps,open_gap,10,1000,100,45943,1.5524839743589745,0.1705088197922897,0.06568314830579522,0.2433638711853372
i1200,Patch_12_9mps,open_gap,10,1000,100,45943,1.6526442307692308,0.16523852790808136,0.06841894908462456,0.23974899036093694
i1200,Patch_12_9mps,open_gap,10,1000,100,45943,1.7528044871794872,0.16009059967078215,0.07098870794678545,0.2344895789459941
i1200,Patch_12_9mps,open_gap,10,1000,100,45943,1.8529647435897436,0.15490877188471971,0.06876810008617168,0.22437638741164853
i1200,Patch_12_9mps,open_gap,10,1000,100,45943,1.953125,0.14977764558009027,0.061567821085752636,0.22132922800476715
i1200,Patch_12_9mps,open_gap,10,1000,100,45943,2.0532852564102564,0.14468404287918354,0.06241573452298151,0.2150312960790811
i1200,Patch_12_9mps,open_gap,10,1000,100,45943,2.1534455128205128,0.1396525172320218,0.057435602612068364,0.2072246840388707
i1200,Patch_12_9mps,open_gap,10,1000,100,45943,2.253605769230769,0.13456874127038118,0.058979020335082455,0.19733173887996097
i1200,Patch_12_9mps,open_gap,10,1000,100,45943,2.3537660256410255,0.12948016407998905,0.05682205871945574,0.19149422398306964
i1200,Patch_12_9mps,open_gap,10,1000,100,45943,2.453926282051282,0.12455062611859119,0.05524565885769597,0.18281883443133182
i1200,Patch_12_9mps,open_gap,10,1000,100,45943,2.5540865384615383,0.11956166896845774,0.05685252314254258,0.17593532475064128
i1200,Patch_12_9mps,open_gap,10,1000,100,45943,2.6542467948717947,0.11473052491345818,0.055800258874136484,0.1634565478806317
i1200,Patch_12_9mps,open_gap,10,1000,100,45943,2.754407051282051,0.11002814571906977,0.05237991658738359,0.15746603121681155
i1200,Patch_12_9mps,open_gap,10,1000,100,45943,2.8545673076923075,0.10518132703887428,0.05146923090004228,0.14991187571359527
i1200,Patch_12_9mps,open_gap,10,1000,100,45943,2.9547275641025643,0.10041024240121502,0.05034050032183964,0.1435848236005111
i1200,Patch_12_9mps,open_gap,10,1000,100,45943,3.0548878205128207,0.09567531700177744,0.04852504262325505,0.14039053901176163
i1200,Patch_12_9mps,open_gap,10,1000,100,45943,3.155048076923077,0.09097411197833619,0.04724236287430872,0.1327900685204359
i1200,Patch_12_9mps,open_gap,10,1000,100,45943,3.2552083333333335,0.08610572799140138,0.04326063617943273,0.12241219128528547
i1200,Patch_12_9mps,open_gap,10,1000,100,45943,3.35536858974359,0.08125456947010007,0.03845158537162724,0.11316833090221746
i1200,Patch_12_9mps,open_gap,10,1000,100,45943,3.4555288461538463,0.07678329625255324,0.034857177558427176,0.11255084102294005
i1200,Patch_12_9mps,open_gap,10,1000,100,45943,3.5556891025641026,0.07276929316328216,0.03353000199506666,0.10843679021445081
i1200,Patch_12_9mps,open_gap,10,1000,100,45943,3.655849358974359,0.06933319329490654,0.031195635179256505,0.10433502329672698
i1200,Patch_12_9mps,open_gap,10,1000,100,45943,3.7560096153846154,0.06601341101797237,0.02998499922267742,0.09880095125726863
i1200,Patch_12_9mps,open_gap,10,1000,100,45943,3.856169871794872,0.06279396124505068,0.03133066445141349,0.09111933067196552
i1200,Patch_12_9mps,open_gap,10,1000,100,45943,3.956330128205128,0.05982797980579092,0.025760146187503226,0.08540391961161398
i1200,Patch_12_9mps,open_gap,10,1000,100,45943,4.056490384615385,0.05778418862229032,0.022652005853829756,0.08238778670762875
i1200,Patch_12_9mps,open_gap,10,1000,100,45943,4.156650641025641,0.05638970470741715,0.023740462210605072,0.07968875597660367
i1200,Patch_12_9mps,open_gap,10,1000,100,45943,4.256810897435898,0.055623705615538165,0.023904835247136786,0.07462577438700298
i1200,Patch_12_9mps,open_gap,10,1000,100,45943,4.356971153846154,0.05530351629214713,0.02281347236887997,0.07271711048784527
i1200,Patch_12_9mps,open_gap,10,1000,100,45943,4.457131410256411,0.05498074128573119,0.023173029116440404,0.07154304272218695
i1200,Patch_12_9mps,open_gap,10,1000,100,45943,4.557291666666667,0.05470033568343229,0.024610479725173152,0.07002720079541591
i1200,Patch_12_9mps,open_gap,10,1000,100,45943,4.657451923076923,0.05480716434171839,0.02110808877851681,0.07224813509443581
i1200,Patch_12_9mps,open_gap,10,1000,100,45943,4.75761217948718,0.05510525508217734,0.021028039244453404,0.07513112463331664
i1200,Patch_12_9mps,open_gap,10,1000,100,45943,4.857772435897436,0.055647256964541106,0.02039377319332792,0.07868230473599336
i1200,Patch_12_9mps,open_gap,10,1000,100,45943,4.9579326923076925,0.05630953216930841,0.020978297737523403,0.08448345541568308
i1200,Patch_12_9mps,open_gap,10,1000,100,45943,5.058092948717949,0.05692641379347805,0.019410810943166434,0.08241310116667745
i1200,Patch_12_9mps,open_gap,10,1000,100,45943,5.158253205128205,0.057608839843009296,0.020829025257646783,0.08256590372995253
i1200,Patch_12_9mps,open_gap,10,1000,100,45943,5.258413461538462,0.058497760084071176,0.01971369476266674,0.08383570635541979
i1200,Patch_12_9mps,open_gap,10,1000,100,45943,5.358573717948718,0.059658986508777996,0.018717082009529592,0.08542242891729215
i1200,Patch_12_9mps,open_gap,10,1000,100,45943,5.4587339743589745,0.06087645022062502,0.0188948034348628,0.08624020373329544
i1200,Patch_12_9mps,open_gap,10,1000,100,45943,5.558894230769231,0.06218949385976186,0.02021304262507983,0.0873619938741959
i1200,Patch_12_9mps,open_gap,10,1000,100,45943,5.659054487179487,0.06374929699740575,0.022030255156611018,0.09026965291240777
i1200,Patch_12_9mps,open_gap,10,1000,100,45943,5.759214743589744,0.06520907688499905,0.021486021505224107,0.09217110190749218
i1200,Patch_12_9mps,open_gap,10,1000,100,45943,5.859375,0.06647148233257104,0.01995945853292725,0.09224615615527158
i1200,Patch_12_9mps,open_gap,10,1000,100,45943,5.959535256410256,0.06746603905738888,0.021899539842295285,0.093627809764975
i1200,Patch_12_9mps,open_gap,10,1000,100,45943,6.059695512820513,0.06847442615656134,0.022239845139768226,0.09438550261391516
i1200,Patch_12_9mps,open_gap,10,1000,100,45943,6.159855769230769,0.06952577495354836,0.022324623199359357,0.09865034169355771
i1200,Patch_12_9mps,open_gap,10,1000,100,45943,6.2600160256410255,0.07057478719092859,0.021614235473861612,0.10221968872886263
i1200,Patch_12_9mps,open_gap,10,1000,100,45943,6.360176282051282,0.07155375996119423,0.022501267017023187,0.102873889702247
i1200,Patch_12_9mps,open_gap,10,1000,100,45943,6.460336538461538,0.07243065011911513,0.023418680070769332,0.10340656328422645
i1200,Patch_12_9mps,open_gap,10,1000,100,45943,6.560496794871795,0.07335545505150391,0.02284638675909817,0.1056230521027604
i1200,Patch_12_9mps,open_gap,10,1000,100,45943,6.660657051282051,0.07431773171673169,0.023848844438116544,0.10748382077657292
i1200,Patch_12_9mps,open_gap,10,1000,100,45943,6.7608173076923075,0.07534019055097732,0.024866943716471544,0.10890696254113845
i1200,Patch_12_9mps,open_gap,10,1000,100,45943,6.860977564102564,0.07637352284730334,0.02338408051086324,0.1099488996691094
i1200,Patch_12_9mps,open_gap,10,1000,100,45943,6.96113782051282,0.07741496000695697,0.021447569753028403,0.11103924958389552
i1200,Patch_12_9mps,open_gap,10,1000,100,45943,7.061298076923077,0.0783895838067114,0.02223245321144874,0.11220516623694056
i1200,Patch_12_9mps,open_gap,10,1000,100,45943,7.161458333333333,0.07929574964979569,0.022013649973176314,0.11376319687590486
i1200,Patch_12_9mps,open_gap,10,1000,100,45943,7.261618589743589,0.08020352320890954,0.022196623492481634,0.11514141599923565
i1200,Patch_12_9mps,open_gap,10,1000,100,45943,7.361778846153846,0.08121483301420213,0.023081220212216102,0.11655915294774932
i1200,Patch_12_9mps,open_gap,10,1000,100,45943,7.461939102564102,0.08232436590071618,0.027203671924628504,0.1176039145013123
i1200,Patch_12_9mps,open_gap,10,1000,100,45943,7.562099358974359,0.08347298009420329,0.028527097699410316,0.11559747680112838
i1200,Patch_12_9mps,open_gap,10,1000,100,45943,7.662259615384615,0.08471052852739644,0.02945876944915533,0.11736980295706537
i1200,Patch_12_9mps,open_gap,10,1000,100,45943,7.762419871794871,0.08595219073667852,0.028648679685732287,0.12005864002715987
i1200,Patch_12_9mps,open_gap,10,1000,100,45943,7.862580128205129,0.08707431074003939,0.028291640606729132,0.12296562199090838
i1200,Patch_12_9mps,open_gap,10,1000,100,45943,7.962740384615385,0.08800802155998985,0.028985115234252023,0.1258082527073964
i1200,Patch_12_9mps,open_gap,10,1000,100,45943,8.06290064102564,0.08891811605444898,0.0307833532267357,0.1278991668655976
i1200,Patch_12_9mps,open_gap,10,1000,100,45943,8.163060897435898,0.08989590483673543,0.032317488266922864,0.12958301697155825
i1200,Patch_12_9mps,open_gap,10,1000,100,45943,8.263221153846153,0.09093657809224313,0.03291541873664297,0.1314715661008281
i1200,Patch_12_9mps,open_gap,10,1000,100,45943,8.36338141025641,0.09190931778709151,0.03293089042563789,0.13296628768751295
i1200,Patch_12_9mps,open_gap,10,1000,100,45943,8.463541666666666,0.09279961374793588,0.0320351350069438,0.1345422500367114
i1200,Patch_12_9mps,open_gap,10,1000,100,45943,8.563701923076923,0.0935749761468577,0.03176936825877988,0.1359052352551051
i1200,Patch_12_9mps,open_gap,10,1000,100,45943,8.663862179487179,0.09417945375317771,0.032331267270245545,0.13646651329021808
i1200,Patch_12_9mps,open_gap,10,1000,100,45943,8.764022435897436,0.09475062149122464,0.032639660322608954,0.13636714794846447
i1200,Patch_12_9mps,open_gap,10,1000,100,45943,8.864182692307692,0.09531047165988943,0.03400649900464718,0.13820707323617948
i1200,Patch_12_9mps,open_gap,10,1000,100,45943,8.964342948717949,0.09590798440861564,0.03534147656830062,0.14046957827711523
i1200,Patch_12_9mps,open_gap,10,1000,100,45943,9.064503205128204,0.09660793434982042,0.03564569743007943,0.14134867518069227
i1200,Patch_12_9mps,open_gap,10,1000,100,45943,9.164663461538462,0.09743253711935008,0.03705187298218305,0.14321372834640497
i1200,Patch_12_9mps,open_gap,10,1000,100,45943,9.264823717948717,0.09818108644798927,0.036539843783192874,0.14302129672365682
i1200,Patch_12_9mps,open_gap,10,1000,100,45943,9.364983974358974,0.09889049451343954,0.035591473551951115,0.14357463583648522
i1200,Patch_12_9mps,open_gap,10,1000,100,45943,9.46514423076923,0.0995597402055168,0.03548935218336133,0.14724133212098686
i1200,Patch_12_9mps,open_gap,10,1000,100,45943,9.565304487179487,0.10021879464669967,0.03490345496411502,0.15067363692763897
i1200,Patch_12_9mps,open_gap,10,1000,100,45943,9.665464743589743,0.10077293320818478,0.03323183854401258,0.1526164371091756
i1200,Patch_12_9mps,open_gap,10,1000,100,45943,9.765625,0.10122622060963052,0.03346053031155598,0.15207336331780177
i1200,Patch_12_9mps,open_gap,10,1000,100,45943,9.865785256410257,0.1016998198918993,0.03160155533862314,0.15249342761954782
i1200,Patch_12_9mps,open_gap,10,1000,100,45943,9.965945512820513,0.10221030766503666,0.03304223139054377,0.15386099768199046
i1200,Patch_12_9mps,open_gap,50,1000,100,45943,0.05008012820512821,0.06527554647138571,0.02189881210658984,0.09452603012129282
i1200,Patch_12_9mps,open_gap,50,1000,100,45943,0.1502403846153846,0.05341245372438205,0.022276288553291702,0.07554077325401773
i1200,Patch_12_9mps,open_gap,50,1000,100,45943,0.250400641025641,0.0553660621594326,0.015615579871837648,0.07499485885956317
i1200,Patch_12_9mps,open_gap,50,1000,100,45943,0.3505608974358974,0.06320398208524003,0.023743710615666828,0.09096860483836772
i1200,Patch_12_9mps,open_gap,50,1000,100,45943,0.45072115384615385,0.07127511053963358,0.023974328686453415,0.10931547265913807
i1200,Patch_12_9mps,open_gap,50,1000,100,45943,0.5508814102564102,0.07924935780710313,0.02901403549079468,0.12328889821648742
i1200,Patch_12_9mps,open_gap,50,1000,100,45943,0.6510416666666666,0.08649833712165073,0.035608428458570054,0.13230984536443194
i1200,Patch_12_9mps,open_gap,50,1000,100,45943,0.7512019230769231,0.09086092537758116,0.04156741305754921,0.13952192612897876
i1200,Patch_12_9mps,open_gap,50,1000,100,45943,0.8513621794871795,0.09173638293642654,0.04135743665171571,0.13718529851033923
i1200,Patch_12_9mps,open_gap,50,1000,100,45943,0.9515224358974359,0.08951984631996904,0.040362493067174376,0.13278499255215107
i1200,Patch_12_9mps,open_gap,50,1000,100,45943,1.0516826923076923,0.08626299115878884,0.041123549184130276,0.12798375060419337
i1200,Patch_12_9mps,open_gap,50,1000,100,45943,1.1518429487179487,0.08349634827226893,0.03641190428827884,0.11599643840866122
i1200,Patch_12_9mps,open_gap,50,1000,100,45943,1.252003205128205,0.08080250172831095,0.03464558920918914,0.10985296007597424
i1200,Patch_12_9mps,open_gap,50,1000,100,45943,1.3521634615384615,0.07790035699352396,0.03461817631241675,0.10633800892429218
i1200,Patch_12_9mps,open_gap,50,1000,100,45943,1.4523237179487178,0.07498801427757461,0.03330597416685693,0.10401654747883891
i1200,Patch_12_9mps,open_gap,50,1000,100,45943,1.5524839743589745,0.07203666929886694,0.03420004657147635,0.1023062467374585
i1200,Patch_12_9mps,open_gap,50,1000,100,45943,1.6526442307692308,0.06931648072813151,0.0343847924539947,0.10058315806548768
i1200,Patch_12_9mps,open_gap,50,1000,100,45943,1.7528044871794872,0.06674730324839426,0.03378494872407799,0.09854866318030427
i1200,Patch_12_9mps,open_gap,50,1000,100,45943,1.8529647435897436,0.06423217717487263,0.03154738205260588,0.09399173799041959
i1200,Patch_12_9mps,open_gap,50,1000,100,45943,1.953125,0.06208193192723227,0.028712649108347078,0.08824157033879279
i1200,Patch_12_9mps,open_gap,50,1000,100,45943,2.0532852564102564,0.05975863452296692,0.026875955177916466,0.08304705345101276
i1200,Patch_12_9mps,open_gap,50,1000,100,45943,2.1534455128205128,0.05771491534036257,0.0260059612071669,0.08179779382910352
i1200,Patch_12_9mps,open_gap,50,1000,100,45943,2.253605769230769,0.055708894569797794,0.02581965716162891,0.07784105620650765
i1200,Patch_12_9mps,open_gap,50,1000,100,45943,2.3537660256410255,0.05361337100877531,0.02480062534119669,0.07546830801435772
i1200,Patch_12_9mps,open_gap,50,1000,100,45943,2.453926282051282,0.0514822579784311,0.024117755140788805,0.07267512155754545
i1200,Patch_12_9mps,open_gap,50,1000,100,45943,2.5540865384615383,0.04937906634808814,0.024484645280736253,0.06887256555234862
i1200,Patch_12_9mps,open_gap,50,1000,100,45943,2.6542467948717947,0.0472152611906525,0.023844895624813876,0.06571193655036786
i1200,Patch_12_9mps,open_gap,50,1000,100,45943,2.754407051282051,0.04506480857828412,0.024053337722525988,0.062806175476471
i1200,Patch_12_9mps,open_gap,50,1000,100,45943,2.8545673076923075,0.04291276870845648,0.022650842736290748,0.05889105715926298
i1200,Patch_12_9mps,open_gap,50,1000,100,45943,2.9547275641025643,0.04074833291996738,0.021199381196451504,0.05454490785900033
i1200,Patch_12_9mps,open_gap,50,1000,100,45943,3.0548878205128207,0.038801419239028745,0.017334922358930596,0.052844317528182805
i1200,Patch_12_9mps,open_gap,50,1000,100,45943,3.155048076923077,0.03691134415433398,0.014741224521784408,0.049944281318185915
i1200,Patch_12_9mps,open_gap,50,1000,100,45943,3.2552083333333335,0.03519217382150301,0.014125367624496486,0.04979148986208949
i1200,Patch_12_9mps,open_gap,50,1000,100,45943,3.35536858974359,0.03375666604846609,0.012152334613335949,0.048855879266124586
i1200,Patch_12_9mps,open_gap,50,1000,100,45943,3.4555288461538463,0.03240308478909855,0.01247303154249292,0.04741735301189605
i1200,Patch_12_9mps,open_gap,50,1000,100,45943,3.5556891025641026,0.0311069184546545,0.012227681788246108,0.04652212000563979
i1200,Patch_12_9mps,open_gap,50,1000,100,45943,3.655849358974359,0.02995368647010992,0.009352866546672315,0.04350137668714055
i1200,Patch_12_9mps,open_gap,50,1000,100,45943,3.7560096153846154,0.028886084849216908,0.00989273710592727,0.04255699892773703
i1200,Patch_12_9mps,open_gap,50,1000,100,45943,3.856169871794872,0.02795798131900083,0.01135156256936951,0.040680834258092734
i1200,Patch_12_9mps,open_gap,50,1000,100,45943,3.956330128205128,0.027317045855980108,0.01002935053113181,0.038059189275808925
i1200,Patch_12_9mps,open_gap,50,1000,100,45943,4.056490384615385,0.02679774697318998,0.010748745444466603,0.037371504595826124
i1200,Patch_12_9mps,open_gap,50,1000,100,45943,4.156650641025641,0.026286793430280092,0.01136650966900301,0.03572550680262915
i1200,Patch_12_9mps,open_gap,50,1000,100,45943,4.256810897435898,0.025890133510259865,0.01199159526076593,0.03497931123765134
i1200,Patch_12_9mps,open_gap,50,1000,100,45943,4.356971153846154,0.02577085567209095,0.012251852694497576,0.03502212436249332
i1200,Patch_12_9mps,open_gap,50,1000,100,45943,4.457131410256411,0.025675880170502267,0.012151040237456293,0.03508375161136873
i1200,Patch_12_9mps,open_gap,50,1000,100,45943,4.557291666666667,0.02567953071197727,0.012255635387484885,0.03518520233267108
i1200,Patch_12_9mps,open_gap,50,1000,100,45943,4.657451923076923,0.025760087109671512,0.012066566049427853,0.03569270014638241
i1200,Patch_12_9mps,open_gap,50,1000,100,45943,4.75761217948718,0.025803742311712376,0.010899553868668345,0.03568174906238269
i1200,Patch_12_9mps,open_gap,50,1000,100,45943,4.857772435897436,0.02590079214521249,0.0105020275294614,0.035307893998270126
i1200,Patch_12_9mps,open_gap,50,1000,100,45943,4.9579326923076925,0.026068532346903726,0.0092964259565703,0.03596603554781058
i1200,Patch_12_9mps,open_gap,50,1000,100,45943,5.058092948717949,0.02630571937386239,0.009143739686959916,0.036340793799343366
i1200,Patch_12_9mps,open_gap,50,1000,100,45943,5.158253205128205,0.026708183355118344,0.008965277529762603,0.037373198219239956
i1200,Patch_12_9mps,open_gap,50,1000,100,45943,5.258413461538462,0.027297538527976773,0.008605323035907147,0.03838418980237584
i1200,Patch_12_9mps,open_gap,50,1000,100,45943,5.358573717948718,0.02792135423861218,0.008710195649282883,0.03870113648919181
i1200,Patch_12_9mps,open_gap,50,1000,100,45943,5.4587339743589745,0.028443238578241613,0.010532386316611589,0.03872253951771394
i1200,Patch_12_9mps,open_gap,50,1000,100,45943,5.558894230769231,0.028995112235001654,0.010509785343114836,0.0406080864766374
i1200,Patch_12_9mps,open_gap,50,1000,100,45943,5.659054487179487,0.029622112940131676,0.01084883829334151,0.04270925592032962
i1200,Patch_12_9mps,open_gap,50,1000,100,45943,5.759214743589744,0.030235383360733167,0.011492176040176244,0.04472076660502589
i1200,Patch_12_9mps,open_gap,50,1000,100,45943,5.859375,0.03078874527040963,0.011563799748072527,0.04624890913228362
i1200,Patch_12_9mps,open_gap,50,1000,100,45943,5.959535256410256,0.03129180610057156,0.012583432065330299,0.04722221487679387
i1200,Patch_12_9mps,open_gap,50,1000,100,45943,6.059695512820513,0.03178620140520133,0.0115722991674987,0.04725439973995353
i1200,Patch_12_9mps,open_gap,50,1000,100,45943,6.159855769230769,0.03229712022147014,0.011659631457464927,0.04773116155142293
i1200,Patch_12_9mps,open_gap,50,1000,100,45943,6.2600160256410255,0.03281779272004658,0.012116232980736387,0.04848419691720047
i1200,Patch_12_9mps,open_gap,50,1000,100,45943,6.360176282051282,0.0332922588049692,0.011923916083958633,0.04944552327698048
i1200,Patch_12_9mps,open_gap,50,1000,100,45943,6.460336538461538,0.03367512297010804,0.011777178357539534,0.04960818440195849
i1200,Patch_12_9mps,open_gap,50,1000,100,45943,6.560496794871795,0.03399878547777304,0.01186581727263155,0.04954692785894607
i1200,Patch_12_9mps,open_gap,50,1000,100,45943,6.660657051282051,0.034367607631719324,0.011958056546796342,0.04980998424903247
i1200,Patch_12_9mps,open_gap,50,1000,100,45943,6.7608173076923075,0.03481026493798637,0.012519653965306177,0.05012683027105559
i1200,Patch_12_9mps,open_gap,50,1000,100,45943,6.860977564102564,0.03527727222427141,0.012439912401062951,0.050219991461724275
i1200,Patch_12_9mps,open_gap,50,1000,100,45943,6.96113782051282,0.035753690281034395,0.012877348379483285,0.04990372727765233
i1200,Patch_12_9mps,open_gap,50,1000,100,45943,7.061298076923077,0.03622072468251072,0.012645668022933869,0.050820827542754174
i1200,Patch_12_9mps,open_gap,50,1000,100,45943,7.161458333333333,0.03667310242562769,0.012758703702076121,0.0522176941339162
i1200,Patch_12_9mps,open_gap,50,1000,100,45943,7.261618589743589,0.03713369627631989,0.012948104597856258,0.05337362883057325
i1200,Patch_12_9mps,open_gap,50,1000,100,45943,7.361778846153846,0.03759991940442081,0.012859014226053709,0.05423236063705343
i1200,Patch_12_9mps,open_gap,50,1000,100,45943,7.461939102564102,0.03805806599946099,0.013253974248064768,0.05410666379340411
i1200,Patch_12_9mps,open_gap,50,1000,100,45943,7.562099358974359,0.0384943770072216,0.01277446970903627,0.05545454713787934
i1200,Patch_12_9mps,open_gap,50,1000,100,45943,7.662259615384615,0.038925487655716254,0.01316584019291211,0.056237085232231324
i1200,Patch_12_9mps,open_gap,50,1000,100,45943,7.762419871794871,0.03937008142354909,0.013617075241498303,0.05640658344398097
i1200,Patch_12_9mps,open_gap,50,1000,100,45943,7.862580128205129,0.03988204628299429,0.014671853976135447,0.05643103265484018
i1200,Patch_12_9mps,open_gap,50,1000,100,45943,7.962740384615385,0.04040387116603251,0.015186721424390322,0.05688720051934629
i1200,Patch_12_9mps,open_gap,50,1000,100,45943,8.06290064102564,0.04092176707012308,0.015476164727726466,0.05725824550801685
i1200,Patch_12_9mps,open_gap,50,1000,100,45943,8.163060897435898,0.04143291432575955,0.01607285894769589,0.058296469281901235
i1200,Patch_12_9mps,open_gap,50,1000,100,45943,8.263221153846153,0.041917364801322014,0.015193200071940804,0.059809212120202696
i1200,Patch_12_9mps,open_gap,50,1000,100,45943,8.36338141025641,0.042371110658982906,0.015361844395336,0.06099109476779188
i1200,Patch_12_9mps,open_gap,50,1000,100,45943,8.463541666666666,0.04274250733508413,0.015718810536773195,0.06145838334665421
i1200,Patch_12_9mps,open_gap,50,1000,100,45943,8.563701923076923,0.043062429943959195,0.015820676380484098,0.061994282371400256
i1200,Patch_12_9mps,open_gap,50,1000,100,45943,8.663862179487179,0.04340182761971342,0.01613313202068412,0.06250926450123986
i1200,Patch_12_9mps,open_gap,50,1000,100,45943,8.764022435897436,0.04379710785213708,0.016837656602459148,0.062097283119093453
i1200,Patch_12_9mps,open_gap,50,1000,100,45943,8.864182692307692,0.04420314726523891,0.017327384554833864,0.06150005719821261
i1200,Patch_12_9mps,open_gap,50,1000,100,45943,8.964342948717949,0.04454408202408302,0.01806271618942538,0.06078971598889389
i1200,Patch_12_9mps,open_gap,50,1000,100,45943,9.064503205128204,0.04486733432910088,0.01812971182645754,0.06132097928110213
i1200,Patch_12_9mps,open_gap,50,1000,100,45943,9.164663461538462,0.04519984646107286,0.0175975364905578,0.061914041685794445
i1200,Patch_12_9mps,open_gap,50,1000,100,45943,9.264823717948717,0.04554023747919948,0.017294682183785784,0.06250213951406908
i1200,Patch_12_9mps,open_gap,50,1000,100,45943,9.364983974358974,0.04589797212236602,0.01708288685596877,0.0630745779725797
i1200,Patch_12_9mps,open_gap,50,1000,100,45943,9.46514423076923,0.046229645943672286,0.016028850053390522,0.06386865254916482
i1200,Patch_12_9mps,open_gap,50,1000,100,45943,9.565304487179487,0.0465095257492523,0.015325128923932832,0.06459340155794802
i1200,Patch_12_9mps,open_gap,50,1000,100,45943,9.665464743589743,0.04672331028117971,0.01554441097676203,0.06522461018588352
i1200,Patch_12_9mps,open_gap,50,1000,100,45943,9.765625,0.04690919715212566,0.01598200667488073,0.06562669863017717
i1200,Patch_12_9mps,open_gap,50,1000,100,45943,9.865785256410257,0.04708655749390815,0.016114767396005016,0.0663664364372391
i1200,Patch_12_9mps,open_gap,50,1000,100,45943,9.965945512820513,0.04726052062040944,0.01618132315487499,0.06691205383662079
i1200,Patch_12_9mps,open_gap,100,1000,100,45943,0.05008012820512821,0.03970121909902909,0.016019015988885464,0.05876616930516774
i1200,Patch_12_9mps,open_gap,100,1000,100,45943,0.1502403846153846,0.03243802003703775,0.010272279302763764,0.049934154212552366
i1200,Patch_12_9mps,open_gap,100,1000,100,45943,0.250400641025641,0.03691505304742719,0.015442355997996586,0.056326613705843076
i1200,Patch_12_9mps,open_gap,100,1000,100,45943,0.3505608974358974,0.045634499814629435,0.022038745480842618,0.06652228831966839
i1200,Patch_12_9mps,open_gap,100,1000,100,45943,0.45072115384615385,0.05263577747705173,0.024008156116075072,0.07343088798223507
i1200,Patch_12_9mps,open_gap,100,1000,100,45943,0.5508814102564102,0.0580200451862981,0.02487236978908327,0.08252303343023867
i1200,Patch_12_9mps,open_gap,100,1000,100,45943,0.6510416666666666,0.06165688616088372,0.023130314795554986,0.0849020583881772
i1200,Patch_12_9mps,open_gap,100,1000,100,45943,0.7512019230769231,0.06429999075181947,0.023175075598983373,0.08672075704995755
i1200,Patch_12_9mps,open_gap,100,1000,100,45943,0.8513621794871795,0.06485536925270641,0.023821266688337762,0.08976742096616469
i1200,Patch_12_9mps,open_gap,100,1000,100,45943,0.9515224358974359,0.06320594696525203,0.024130142891876753,0.09286012065656843
i1200,Patch_12_9mps,open_gap,100,1000,100,45943,1.0516826923076923,0.06137816889663256,0.025797252302986094,0.08994560477875108
i1200,Patch_12_9mps,open_gap,100,1000,100,45943,1.1518429487179487,0.06006251168069715,0.027747231854681562,0.0894614661831709
i1200,Patch_12_9mps,open_gap,100,1000,100,45943,1.252003205128205,0.05887714905293431,0.025656095111618708,0.08766839571777046
i1200,Patch_12_9mps,open_gap,100,1000,100,45943,1.3521634615384615,0.057644131247294464,0.028406909404414427,0.08751863499338108
i1200,Patch_12_9mps,open_gap,100,1000,100,45943,1.4523237179487178,0.05642563837651179,0.025844855775263346,0.08278404701616508
i1200,Patch_12_9mps,open_gap,100,1000,100,45943,1.5524839743589745,0.055220371319166225,0.02343336078955195,0.07906148871273945
i1200,Patch_12_9mps,open_gap,100,1000,100,45943,1.6526442307692308,0.053955366363220535,0.02193588260352083,0.07786247244682072
i1200,Patch_12_9mps,open_gap,100,1000,100,45943,1.7528044871794872,0.05254137134097131,0.02186829476306789,0.07681337902270025
i1200,Patch_12_9mps,open_gap,100,1000,100,45943,1.8529647435897436,0.05099339979574787,0.022563766120318688,0.07662530173566547
i1200,Patch_12_9mps,open_gap,100,1000,100,45943,1.953125,0.049387355019691874,0.020716692736781353,0.07315113760812568
i1200,Patch_12_9mps,open_gap,100,1000,100,45943,2.0532852564102564,0.047835131539624924,0.019418119082255048,0.0684192264780093
i1200,Patch_12_9mps,open_gap,100,1000,100,45943,2.1534455128205128,0.04626830852828621,0.01945376080478993,0.06699687081088637
i1200,Patch_12_9mps,open_gap,100,1000,100,45943,2.253605769230769,0.044729741232915225,0.019339802648724893,0.06504206397428658
i1200,Patch_12_9mps,open_gap,100,1000,100,45943,2.3537660256410255,0.04323237889408569,0.01909247500041666,0.061537397253059366
i1200,Patch_12_9mps,open_gap,100,1000,100,45943,2.453926282051282,0.04170050939503394,0.01730682955878924,0.05954395994794013
i1200,Patch_12_9mps,open_gap,100,1000,100,45943,2.5540865384615383,0.040305406076653456,0.015342961028068414,0.057347047773866684
i1200,Patch_12_9mps,open_gap,100,1000,100,45943,2.6542467948717947,0.03877176628337962,0.015026289537414387,0.05486952759914989
i1200,Patch_12_9mps,open_gap,100,1000,100,45943,2.754407051282051,0.03708362222564733,0.015493277096489344,0.05259041660696274
i1200,Patch_12_9mps,open_gap,100,1000,100,45943,2.8545673076923075,0.03538933478702371,0.015449720496377429,0.04969753882485217
i1200,Patch_12_9mps,open_gap,100,1000,100,45943,2.9547275641025643,0.0336852228747637,0.014872683387432136,0.04649737653789323
i1200,Patch_12_9mps,open_gap,100,1000,100,45943,3.0548878205128207,0.03197554490329936,0.013384410586356251,0.044983506751820834
i1200,Patch_12_9mps,open_gap,100,1000,100,45943,3.155048076923077,0.030270714206098795,0.01318066555855468,0.04357097805712077
i1200,Patch_12_9mps,open_gap,100,1000,100,45943,3.2552083333333335,0.028635954406430873,0.012065551085992736,0.04091935057825821
i1200,Patch_12_9mps,open_gap,100,1000,100,45943,3.35536858974359,0.02729245300723924,0.011495444356409484,0.0380931327371809
i1200,Patch_12_9mps,open_gap,100,1000,100,45943,3.4555288461538463,0.026132001649100487,0.011174526701463152,0.03665397317458474
i1200,Patch_12_9mps,open_gap,100,1000,100,45943,3.5556891025641026,0.024921453309033885,0.010149164572399245,0.034329562295795646
i1200,Patch_12_9mps,open_gap,100,1000,100,45943,3.655849358974359,0.02373629032566449,0.009315687430416213,0.031917451985197035
i1200,Patch_12_9mps,open_gap,100,1000,100,45943,3.7560096153846154,0.02265565909406962,0.009799656123307576,0.031177100892198086
i1200,Patch_12_9mps,open_gap,100,1000,100,45943,3.856169871794872,0.0217437073301289,0.009385665209743701,0.0308101888762248
i1200,Patch_12_9mps,open_gap,100,1000,100,45943,3.956330128205128,0.020805183010598374,0.008352221866343145,0.029650988013182583
i1200,Patch_12_9mps,open_gap,100,1000,100,45943,4.056490384615385,0.019879514279341422,0.008199035639751363,0.029251785718295616
i1200,Patch_12_9mps,open_gap,100,1000,100,45943,4.156650641025641,0.019117124126629925,0.007671149865889085,0.027874533966225343
i1200,Patch_12_9mps,open_gap,100,1000,100,45943,4.256810897435898,0.018573659715903277,0.006842520776726691,0.02650729780251692
i1200,Patch_12_9mps,open_gap,100,1000,100,45943,4.356971153846154,0.01816500205108992,0.005979421749831969,0.025832743936357414
i1200,Patch_12_9mps,open_gap,100,1000,100,45943,4.457131410256411,0.017771465837940092,0.0060052324327197065,0.025104922808362642
i1200,Patch_12_9mps,open_gap,100,1000,100,45943,4.557291666666667,0.017581290259469275,0.0062861229826799425,0.024238724186849463
i1200,Patch_12_9mps,open_gap,100,1000,100,45943,4.657451923076923,0.01740137604672131,0.006707929235092784,0.024099724409136873
i1200,Patch_12_9mps,open_gap,100,1000,100,45943,4.75761217948718,0.01725268124801667,0.007724060871777985,0.024069240033142692
i1200,Patch_12_9mps,open_gap,100,1000,100,45943,4.857772435897436,0.017110377795907874,0.007115151387693344,0.024524773344001757
i1200,Patch_12_9mps,open_gap,100,1000,100,45943,4.9579326923076925,0.01700393393126442,0.006531490923507568,0.024866073833865715
i1200,Patch_12_9mps,open_gap,100,1000,100,45943,5.058092948717949,0.017083110245467575,0.006311446771869327,0.025931108409087304
i1200,Patch_12_9mps,open_gap,100,1000,100,45943,5.158253205128205,0.017159428112898886,0.006265323341088999,0.026749145466695008
i1200,Patch_12_9mps,open_gap,100,1000,100,45943,5.258413461538462,0.017281326782072944,0.006815828039124778,0.026624423423089683
i1200,Patch_12_9mps,open_gap,100,1000,100,45943,5.358573717948718,0.017524114825523438,0.007159893388708409,0.02769115303642236
i1200,Patch_12_9mps,open_gap,100,1000,100,45943,5.4587339743589745,0.017884621427282633,0.007873508226673955,0.02818905744203048
i1200,Patch_12_9mps,open_gap,100,1000,100,45943,5.558894230769231,0.018325109062371767,0.007545451606323023,0.027990459104431903
i1200,Patch_12_9mps,open_gap,100,1000,100,45943,5.659054487179487,0.018805744541706193,0.007961168272722289,0.028739887310716843
i1200,Patch_12_9mps,open_gap,100,1000,100,45943,5.759214743589744,0.019222011933397863,0.008234221634598053,0.029268695787894247
i1200,Patch_12_9mps,open_gap,100,1000,100,45943,5.859375,0.019643275544632653,0.009004702184155448,0.028787132231044534
i1200,Patch_12_9mps,open_gap,100,1000,100,45943,5.959535256410256,0.020033709436963795,0.009237828657023744,0.02942994350453592
i1200,Patch_12_9mps,open_gap,100,1000,100,45943,6.059695512820513,0.020402015876086036,0.009854459448355952,0.029309871119418927
i1200,Patch_12_9mps,open_gap,100,1000,100,45943,6.159855769230769,0.020800168475344178,0.009641726333825776,0.029520758609476838
i1200,Patch_12_9mps,open_gap,100,1000,100,45943,6.2600160256410255,0.021208733348574985,0.01012097034176058,0.03041577667009619
i1200,Patch_12_9mps,open_gap,100,1000,100,45943,6.360176282051282,0.021592260559793252,0.009760169647345593,0.030749323368258336
i1200,Patch_12_9mps,open_gap,100,1000,100,45943,6.460336538461538,0.021943560808844454,0.009616954328408601,0.03144318861890018
i1200,Patch_12_9mps,open_gap,100,1000,100,45943,6.560496794871795,0.022285874100376434,0.009210661575139667,0.0319894668401752
i1200,Patch_12_9mps,open_gap,100,1000,100,45943,6.660657051282051,0.02263460654489981,0.009396288163259523,0.032528884862861804
i1200,Patch_12_9mps,open_gap,100,1000,100,45943,6.7608173076923075,0.023001461928642844,0.009859354446465714,0.033043692428480126
i1200,Patch_12_9mps,open_gap,100,1000,100,45943,6.860977564102564,0.023371982370425117,0.009843869162474822,0.03366767708060196
i1200,Patch_12_9mps,open_gap,100,1000,100,45943,6.96113782051282,0.02371260925481641,0.009406608417810767,0.03428194001001228
i1200,Patch_12_9mps,open_gap,100,1000,100,45943,7.061298076923077,0.02402112467167904,0.009106746789257394,0.035354286522515585
i1200,Patch_12_9mps,open_gap,100,1000,100,45943,7.161458333333333,0.024296374799762214,0.008817328866908105,0.035906151050735274
i1200,Patch_12_9mps,open_gap,100,1000,100,45943,7.261618589743589,0.02457249492649284,0.009194072908753077,0.03626388462082765
i1200,Patch_12_9mps,open_gap,100,1000,100,45943,7.361778846153846,0.02483664402136908,0.009218739882747441,0.03702397908079584
i1200,Patch_12_9mps,open_gap,100,1000,100,45943,7.461939102564102,0.025108544742334035,0.009284401248725116,0.037683704356481273
i1200,Patch_12_9mps,open_gap,100,1000,100,45943,7.562099358974359,0.025411563524519246,0.010334769722092067,0.03844004834391397
i1200,Patch_12_9mps,open_gap,100,1000,100,45943,7.662259615384615,0.025727848998643568,0.011415808895753374,0.0390514072779162
i1200,Patch_12_9mps,open_gap,100,1000,100,45943,7.762419871794871,0.026068982715537557,0.01218360429093053,0.03963798871069626
i1200,Patch_12_9mps,open_gap,100,1000,100,45943,7.862580128205129,0.026420645380145026,0.012279223326929172,0.04025517321007524
i1200,Patch_12_9mps,open_gap,100,1000,100,45943,7.962740384615385,0.0267741883455686,0.012621076409955592,0.04102415204262086
i1200,Patch_12_9mps,open_gap,100,1000,100,45943,8.06290064102564,0.027090960596064258,0.01223895537417985,0.04154357754468058
i1200,Patch_12_9mps,open_gap,100,1000,100,45943,8.163060897435898,0.027391771909974983,0.011734031647489537,0.041873021726212635
i1200,Patch_12_9mps,open_gap,100,1000,100,45943,8.263221153846153,0.027699081509163115,0.01103396527384794,0.04253029842997062
i1200,Patch_12_9mps,open_gap,100,1000,100,45943,8.36338141025641,0.027983946961414728,0.011153169267928467,0.04340007173470721
i1200,Patch_12_9mps,open_gap,100,1000,100,45943,8.463541666666666,0.02822357827282734,0.01130084876664692,0.044074976000439615
i1200,Patch_12_9mps,open_gap,100,1000,100,45943,8.563701923076923,0.02847429973559009,0.011189063972776189,0.04402389163770605
i1200,Patch_12_9mps,open_gap,100,1000,100,45943,8.663862179487179,0.02874232923084008,0.010761016572256553,0.04398172096252954
i1200,Patch_12_9mps,open_gap,100,1000,100,45943,8.764022435897436,0.02898044101356087,0.01053498647975404,0.04433965145390935
i1200,Patch_12_9mps,open_gap,100,1000,100,45943,8.864182692307692,0.029177246430853634,0.010409638234986439,0.045217796730558646
i1200,Patch_12_9mps,open_gap,100,1000,100,45943,8.964342948717949,0.029348901265455828,0.010755881432909929,0.04504921211206685
i1200,Patch_12_9mps,open_gap,100,1000,100,45943,9.064503205128204,0.02953816707947343,0.011272681174743166,0.04473705469332491
i1200,Patch_12_9mps,open_gap,100,1000,100,45943,9.164663461538462,0.02967987826462848,0.011979272109044741,0.04435474084295399
i1200,Patch_12_9mps,open_gap,100,1000,100,45943,9.264823717948717,0.029761491266564466,0.0120381334480218,0.04464505895824625
i1200,Patch_12_9mps,open_gap,100,1000,100,45943,9.364983974358974,0.029810162617757423,0.012154907186651074,0.04502809682695844
i1200,Patch_12_9mps,open_gap,100,1000,100,45943,9.46514423076923,0.029847480767825233,0.012391590542700046,0.045203752815416665
i1200,Patch_12_9mps,open_gap,100,1000,100,45943,9.565304487179487,0.029893833945419935,0.011809162795747074,0.04534932231343562
i1200,Patch_12_9mps,open_gap,100,1000,100,45943,9.665464743589743,0.02995655161415633,0.011719249845991344,0.04534450269534899
i1200,Patch_12_9mps,open_gap,100,1000,100,45943,9.765625,0.030047034184532345,0.011880208276131982,0.04547201310820317
i1200,Patch_12_9mps,open_gap,100,1000,100,45943,9.865785256410257,0.03016046232256362,0.011943349425063495,0.045558776412747456
i1200,Patch_12_9mps,open_gap,100,1000,100,45943,9.965945512820513,0.030295991569373116,0.01216069223312165,0.04672651421410799
i1200,Patch_12_9mps,open_gap,500,1000,100,45943,0.05008012820512821,0.017219615300835236,0.007489244875809193,0.024642936782688498
i1200,Patch_12_9mps,open_gap,500,1000,100,45943,0.1502403846153846,0.01473798967299642,0.004587032646933808,0.019124952616531195
i1200,Patch_12_9mps,open_gap,500,1000,100,45943,0.250400641025641,0.01808047056453006,0.008504723780857601,0.02587742516887805
i1200,Patch_12_9mps,open_gap,500,1000,100,45943,0.3505608974358974,0.021480418120410447,0.009996672618703316,0.02881783141821942
i1200,Patch_12_9mps,open_gap,500,1000,100,45943,0.45072115384615385,0.023684746924370267,0.010020369034991265,0.03422407294167576
i1200,Patch_12_9mps,open_gap,500,1000,100,45943,0.5508814102564102,0.025155613114248142,0.01130872668634211,0.0371907342043881
i1200,Patch_12_9mps,open_gap,500,1000,100,45943,0.6510416666666666,0.026060808048612265,0.00953548915715208,0.03751010435765871
i1200,Patch_12_9mps,open_gap,500,1000,100,45943,0.7512019230769231,0.026779515968184717,0.00875248817552724,0.03646354310080514
i1200,Patch_12_9mps,open_gap,500,1000,100,45943,0.8513621794871795,0.027302621648466953,0.010912401113127024,0.03842145121389035
i1200,Patch_12_9mps,open_gap,500,1000,100,45943,0.9515224358974359,0.027595712119748386,0.012217119974570237,0.03705186883163111
i1200,Patch_12_9mps,open_gap,500,1000,100,45943,1.0516826923076923,0.027591152373204683,0.01147048098580946,0.0382287288475983
i1200,Patch_12_9mps,open_gap,500,1000,100,45943,1.1518429487179487,0.027378750632659616,0.012474587516524638,0.03726484239950696
i1200,Patch_12_9mps,open_gap,500,1000,100,45943,1.252003205128205,0.027175903267211168,0.012519274588912685,0.03698685327921075
i1200,Patch_12_9mps,open_gap,500,1000,100,45943,1.3521634615384615,0.026995708920093228,0.011643529190887809,0.036856585708656596
i1200,Patch_12_9mps,open_gap,500,1000,100,45943,1.4523237179487178,0.026853889403161815,0.011295114511288007,0.0365090388617732
i1200,Patch_12_9mps,open_gap,500,1000,100,45943,1.5524839743589745,0.02666400687585846,0.011757163356681661,0.03807717368675095
i1200,Patch_12_9mps,open_gap,500,1000,100,45943,1.6526442307692308,0.026344403409939213,0.01269783736193763,0.03739662625606073
i1200,Patch_12_9mps,open_gap,500,1000,100,45943,1.7528044871794872,0.02592359165124461,0.012350183366479764,0.036317006085725904
i1200,Patch_12_9mps,open_gap,500,1000,100,45943,1.8529647435897436,0.02544232440097143,0.012266274420012832,0.03518533325924535
i1200,Patch_12_9mps,open_gap,500,1000,100,45943,1.953125,0.02494079765778682,0.011547524915177371,0.034968798739190704
i1200,Patch_12_9mps,open_gap,500,1000,100,45943,2.0532852564102564,0.024281129878961586,0.011192440383546793,0.033707939226909886
i1200,Patch_12_9mps,open_gap,500,1000,100,45943,2.1534455128205128,0.02355149410566158,0.01124902764158157,0.033561665395461085
i1200,Patch_12_9mps,open_gap,500,1000,100,45943,2.253605769230769,0.022912558386828444,0.010872973010439185,0.0333339771710611
i1200,Patch_12_9mps,open_gap,500,1000,100,45943,2.3537660256410255,0.022488727448909427,0.01024605094909741,0.03273117848475102
i1200,Patch_12_9mps,open_gap,500,1000,100,45943,2.453926282051282,0.022128522240062332,0.00962656073789769,0.03215887076037585
i1200,Patch_12_9mps,open_gap,500,1000,100,45943,2.5540865384615383,0.021526224631793017,0.007920060647159869,0.03151280143963228
i1200,Patch_12_9mps,open_gap,500,1000,100,45943,2.6542467948717947,0.02067498858811689,0.007717493150491141,0.03052404958416404
i1200,Patch_12_9mps,open_gap,500,1000,100,45943,2.754407051282051,0.01974924043623201,0.007879442263254925,0.029702051813403057
i1200,Patch_12_9mps,open_gap,500,1000,100,45943,2.8545673076923075,0.018861229568193714,0.006890528640222083,0.028891000023309927
i1200,Patch_12_9mps,open_gap,500,1000,100,45943,2.9547275641025643,0.01800237991856482,0.007162182763782117,0.02770335011105092
i1200,Patch_12_9mps,open_gap,500,1000,100,45943,3.0548878205128207,0.01704518864508223,0.0072855036600671655,0.026308218863745864
i1200,Patch_12_9mps,open_gap,500,1000,100,45943,3.155048076923077,0.016015338683199595,0.007057781924102207,0.024233546162772436
i1200,Patch_12_9mps,open_gap,500,1000,100,45943,3.2552083333333335,0.01508747168153774,0.006657418483450021,0.02247930483584013
i1200,Patch_12_9mps,open_gap,500,1000,100,45943,3.35536858974359,0.01428566727153004,0.006289379397631072,0.021174877320419696
i1200,Patch_12_9mps,open_gap,500,1000,100,45943,3.4555288461538463,0.013582316035837243,0.005856192921175238,0.019953392829766086
i1200,Patch_12_9mps,open_gap,500,1000,100,45943,3.5556891025641026,0.01282480956648851,0.005323933721284094,0.018528823914225917
i1200,Patch_12_9mps,open_gap,500,1000,100,45943,3.655849358974359,0.012030381768253624,0.0054937576792596435,0.017253665646977594
i1200,Patch_12_9mps,open_gap,500,1000,100,45943,3.7560096153846154,0.011224834754803827,0.005646683132498254,0.01616265659210432
i1200,Patch_12_9mps,open_gap,500,1000,100,45943,3.856169871794872,0.010467237576132073,0.005384357161962576,0.01481354277975147
i1200,Patch_12_9mps,open_gap,500,1000,100,45943,3.956330128205128,0.009737302999427051,0.005162010530649248,0.013467372126726622
i1200,Patch_12_9mps,open_gap,500,1000,100,45943,4.056490384615385,0.009036214080673117,0.004319869534343535,0.012536699924307101
i1200,Patch_12_9mps,open_gap,500,1000,100,45943,4.156650641025641,0.008432402693031728,0.0036337328557610304,0.011872165683862047
i1200,Patch_12_9mps,open_gap,500,1000,100,45943,4.256810897435898,0.008027493035052959,0.003094975019879825,0.01105141497306371
i1200,Patch_12_9mps,open_gap,500,1000,100,45943,4.356971153846154,0.007776811701991787,0.0029985756829604185,0.0107846070600352
i1200,Patch_12_9mps,open_gap,500,1000,100,45943,4.457131410256411,0.007558103738060647,0.003002051170938235,0.010544447486606656
i1200,Patch_12_9mps,open_gap,500,1000,100,45943,4.557291666666667,0.007329561865191279,0.00285927823099187,0.010580810246108806
i1200,Patch_12_9mps,open_gap,500,1000,100,45943,4.657451923076923,0.00717381078162911,0.0026255229234408823,0.009791708126226904
i1200,Patch_12_9mps,open_gap,500,1000,100,45943,4.75761217948718,0.007118281424321309,0.0026326368594766225,0.010181760410480484
i1200,Patch_12_9mps,open_gap,500,1000,100,45943,4.857772435897436,0.007091916891045675,0.002385897121164557,0.01043289586788617
i1200,Patch_12_9mps,open_gap,500,1000,100,45943,4.9579326923076925,0.007106875017507626,0.0024945043394831515,0.010258102493353679
i1200,Patch_12_9mps,open_gap,500,1000,100,45943,5.058092948717949,0.007188748227448183,0.0027609305034675983,0.010208487328316855
i1200,Patch_12_9mps,open_gap,500,1000,100,45943,5.158253205128205,0.007297988953144821,0.0028837970040512056,0.010131693621693258
i1200,Patch_12_9mps,open_gap,500,1000,100,45943,5.258413461538462,0.007422773659366383,0.0032743009597854056,0.010034362223966477
i1200,Patch_12_9mps,open_gap,500,1000,100,45943,5.358573717948718,0.007553193713464475,0.0036220276691023056,0.010357088832668634
i1200,Patch_12_9mps,open_gap,500,1000,100,45943,5.4587339743589745,0.007738475257952591,0.0031441452571771182,0.010903071287659473
i1200,Patch_12_9mps,open_gap,500,1000,100,45943,5.558894230769231,0.00799438655146014,0.003078248633774181,0.011541375166783961
i1200,Patch_12_9mps,open_gap,500,1000,100,45943,5.659054487179487,0.008338200013510206,0.0029478540351367327,0.012074729616149898
i1200,Patch_12_9mps,open_gap,500,1000,100,45943,5.759214743589744,0.008708405789411884,0.0031979889975490947,0.013120245129023054
i1200,Patch_12_9mps,open_gap,500,1000,100,45943,5.859375,0.009070444851539636,0.0031760046793265647,0.013785868037255962
i1200,Patch_12_9mps,open_gap,500,1000,100,45943,5.959535256410256,0.009422867130779698,0.0031889997810283285,0.014690792793013857
i1200,Patch_12_9mps,open_gap,500,1000,100,45943,6.059695512820513,0.009761815203032174,0.003104725390769599,0.01514597157539841
i1200,Patch_12_9mps,open_gap,500,1000,100,45943,6.159855769230769,0.010076745946076757,0.0032091706272385687,0.015500478879811855
i1200,Patch_12_9mps,open_gap,500,1000,100,45943,6.2600160256410255,0.010406802219519872,0.003204283704338822,0.01599099224172056
i1200,Patch_12_9mps,open_gap,500,1000,100,45943,6.360176282051282,0.010735893254585684,0.0035196772139811632,0.01652551157506029
i1200,Patch_12_9mps,open_gap,500,1000,100,45943,6.460336538461538,0.011005602232522385,0.003828261795235956,0.016984931225460447
i1200,Patch_12_9mps,open_gap,500,1000,100,45943,6.560496794871795,0.011227204644181804,0.0037539325529853153,0.017505576044345425
i1200,Patch_12_9mps,open_gap,500,1000,100,45943,6.660657051282051,0.011466571871315294,0.003778237573416804,0.01777310941337296
i1200,Patch_12_9mps,open_gap,500,1000,100,45943,6.7608173076923075,0.011749164105633531,0.0037970727438981734,0.01812483454019217
i1200,Patch_12_9mps,open_gap,500,1000,100,45943,6.860977564102564,0.012017747576287622,0.003971550296495795,0.018510227889477853
i1200,Patch_12_9mps,open_gap,500,1000,100,45943,6.96113782051282,0.0122505469447686,0.004071403260240581,0.018827936360261352
i1200,Patch_12_9mps,open_gap,500,1000,100,45943,7.061298076923077,0.01243818485076697,0.004088565473774004,0.018989958402951222
i1200,Patch_12_9mps,open_gap,500,1000,100,45943,7.161458333333333,0.012561354287745477,0.0037788636139157185,0.019111786007789063
i1200,Patch_12_9mps,open_gap,500,1000,100,45943,7.261618589743589,0.012668796101883024,0.004115387049060328,0.019280998451882095
i1200,Patch_12_9mps,open_gap,500,1000,100,45943,7.361778846153846,0.012789598727242779,0.0042207802006326515,0.019526113988219483
i1200,Patch_12_9mps,open_gap,500,1000,100,45943,7.461939102564102,0.012885914393868674,0.004089686413537797,0.019756246916285473
i1200,Patch_12_9mps,open_gap,500,1000,100,45943,7.562099358974359,0.012923941309526928,0.00401147800283983,0.019966101456525668
i1200,Patch_12_9mps,open_gap,500,1000,100,45943,7.662259615384615,0.012922145034650532,0.004063524398844842,0.020113504306748995
i1200,Patch_12_9mps,open_gap,500,1000,100,45943,7.762419871794871,0.012899231460029319,0.0037919262577443625,0.020421407432759907
i1200,Patch_12_9mps,open_gap,500,1000,100,45943,7.862580128205129,0.012861479249939333,0.003993283234698561,0.02045815616248123
i1200,Patch_12_9mps,open_gap,500,1000,100,45943,7.962740384615385,0.012825023125325425,0.003976058725039839,0.02033755652314146
i1200,Patch_12_9mps,open_gap,500,1000,100,45943,8.06290064102564,0.012796358609179888,0.004020463302271182,0.020391476276878952
i1200,Patch_12_9mps,open_gap,500,1000,100,45943,8.163060897435898,0.012793578661115643,0.003953461716089107,0.020380304079759725
i1200,Patch_12_9mps,open_gap,500,1000,100,45943,8.263221153846153,0.012848219295223853,0.0038856482672005536,0.020352580879342323
i1200,Patch_12_9mps,open_gap,500,1000,100,45943,8.36338141025641,0.012950128438183025,0.0037956148199818017,0.02019952937467751
i1200,Patch_12_9mps,open_gap,500,1000,100,45943,8.463541666666666,0.013037337250025203,0.0037770873884512067,0.020073810015108877
i1200,Patch_12_9mps,open_gap,500,1000,100,45943,8.563701923076923,0.013062738372196127,0.0037524255035925433,0.020235562902596826
i1200,Patch_12_9mps,open_gap,500,1000,100,45943,8.663862179487179,0.013061957581881079,0.0038768495352633084,0.02029733439073289
i1200,Patch_12_9mps,open_gap,500,1000,100,45943,8.764022435897436,0.013086560079131875,0.003966742483585947,0.020138435569958313
i1200,Patch_12_9mps,open_gap,500,1000,100,45943,8.864182692307692,0.0131504634332393,0.003971195860113061,0.01994351839567365
i1200,Patch_12_9mps,open_gap,500,1000,100,45943,8.964342948717949,0.013220693195265046,0.003928814190362072,0.020178920565602398
i1200,Patch_12_9mps,open_gap,500,1000,100,45943,9.064503205128204,0.01325802480371623,0.003956605463533911,0.020407744860629014
i1200,Patch_12_9mps,open_gap,500,1000,100,45943,9.164663461538462,0.01327063178196003,0.004007570723946361,0.02045014667917014
i1200,Patch_12_9mps,open_gap,500,1000,100,45943,9.264823717948717,0.013269517600452694,0.0038437881772431706,0.020379948385133757
i1200,Patch_12_9mps,open_gap,500,1000,100,45943,9.364983974358974,0.013285084171985118,0.003826912944498609,0.02038435114747928
i1200,Patch_12_9mps,open_gap,500,1000,100,45943,9.46514423076923,0.013311167942730982,0.0038137018959457326,0.020334972531119717
i1200,Patch_12_9mps,open_gap,500,1000,100,45943,9.565304487179487,0.013331509851802543,0.0038103355161744545,0.020196368102539587
i1200,Patch_12_9mps,open_gap,500,1000,100,45943,9.665464743589743,0.013330165816986286,0.0035567829559465585,0.019946379631199856
i1200,Patch_12_9mps,open_gap,500,1000,100,45943,9.765625,0.013314317495696964,0.0033335624799977984,0.01978958129074807
i1200,Patch_12_9mps,open_gap,500,1000,100,45943,9.865785256410257,0.013299184913174032,0.003789505140152792,0.019850430519438356
i1200,Patch_12_9mps,open_gap,500,1000,100,45943,9.965945512820513,0.013293038287222378,0.0034884774972640795,0.01983101911112766
i800,Patch_8_9mps,forested,1,1000,100,19460,0.05008012820512821,0.8677431107918594,0.3046057880162614,0.90712494272107
i800,Patch_8_9mps,forested,1,1000,100,19460,0.1502403846153846,0.7426717884791633,0.27413023856221935,0.869907491545088
i800,Patch_8_9mps,forested,1,1000,100,19460,0.250400641025641,0.749851799456431,0.23583994341955258,0.805750118986862
i800,Patch_8_9mps,forested,1,1000,100,19460,0.3505608974358974,0.7130785036273893,0.34335612733140664,0.8426911884004958
i800,Patch_8_9mps,forested,1,1000,100,19460,0.45072115384615385,0.6263063178954811,0.2625627527514681,0.7570043541272968
i800,Patch_8_9mps,forested,1,1000,100,19460,0.5508814102564102,0.5514518946223309,0.24259241461981523,0.6560393919466369
i800,Patch_8_9mps,forested,1,1000,100,19460,0.6510416666666666,0.47718008400370215,0.18752353762126833,0.6367792661877016
i800,Patch_8_9mps,forested,1,1000,100,19460,0.7512019230769231,0.41764148563294284,0.18079019196102858,0.5882239110253444
i800,Patch_8_9mps,forested,1,1000,100,19460,0.8513621794871795,0.3865679958594719,0.14144067772343247,0.5490123234986986
i800,Patch_8_9mps,forested,1,1000,100,19460,0.9515224358974359,0.3832736835097,0.1426844861073447,0.5599405819432709
i800,Patch_8_9mps,forested,1,1000,100,19460,1.0516826923076923,0.3956505652405391,0.1408784241536297,0.5583131652512301
i800,Patch_8_9mps,forested,1,1000,100,19460,1.1518429487179487,0.4038826192255527,0.1331957850422803,0.6076945966779193
i800,Patch_8_9mps,forested,1,1000,100,19460,1.252003205128205,0.40985074244892805,0.1238631808273437,0.6460289101503968
i800,Patch_8_9mps,forested,1,1000,100,19460,1.3521634615384615,0.41694959405606313,0.1369524935928676,0.6483956953751703
i800,Patch_8_9mps,forested,1,1000,100,19460,1.4523237179487178,0.4304125951067174,0.15359092881405004,0.6442889637814813
i800,Patch_8_9mps,forested,1,1000,100,19460,1.5524839743589745,0.4373189007620549,0.15476748307591204,0.6425779422288315
i800,Patch_8_9mps,forested,1,1000,100,19460,1.6526442307692308,0.4333217129339748,0.14273034431023882,0.6830465686568381
i800,Patch_8_9mps,forested,1,1000,100,19460,1.7528044871794872,0.425134539736734,0.13757289578772003,0.6731576758373521
i800,Patch_8_9mps,forested,1,1000,100,19460,1.8529647435897436,0.4182722543454933,0.14144219831699092,0.6493411471220917
i800,Patch_8_9mps,forested,1,1000,100,19460,1.953125,0.41129529113538793,0.1287792719053097,0.6193828897432193
i800,Patch_8_9mps,forested,1,1000,100,19460,2.0532852564102564,0.40670236676623794,0.14692900171597137,0.584391621117624
i800,Patch_8_9mps,forested,1,1000,100,19460,2.1534455128205128,0.3981874836445735,0.1496817275690917,0.5538638061661441
i800,Patch_8_9mps,forested,1,1000,100,19460,2.253605769230769,0.3865651456820413,0.14892788186959938,0.5275633401606863
i800,Patch_8_9mps,forested,1,1000,100,19460,2.3537660256410255,0.37311782430193396,0.16527438078162052,0.4820748387187147
i800,Patch_8_9mps,forested,1,1000,100,19460,2.453926282051282,0.3581939916755647,0.16663772555634704,0.46320280776835665
i800,Patch_8_9mps,forested,1,1000,100,19460,2.5540865384615383,0.3447383278891756,0.14562742617520225,0.4280460064801303
i800,Patch_8_9mps,forested,1,1000,100,19460,2.6542467948717947,0.33169482493918034,0.13492600942073132,0.4112094040363261
i800,Patch_8_9mps,forested,1,1000,100,19460,2.754407051282051,0.32037658752218123,0.11491953970963821,0.4008544242273172
i800,Patch_8_9mps,forested,1,1000,100,19460,2.8545673076923075,0.30945211097567904,0.11749963761543768,0.3692199444690694
i800,Patch_8_9mps,forested,1,1000,100,19460,2.9547275641025643,0.3003939494110582,0.10889654828423725,0.3536935808692262
i800,Patch_8_9mps,forested,1,1000,100,19460,3.0548878205128207,0.29359354464080156,0.11500879598291397,0.3499835994460606
i800,Patch_8_9mps,forested,1,1000,100,19460,3.155048076923077,0.286415167303667,0.10253831369271843,0.35690783660993247
i800,Patch_8_9mps,forested,1,1000,100,19460,3.2552083333333335,0.2789966442578674,0.10056530547683942,0.345908385967031
i800,Patch_8_9mps,forested,1,1000,100,19460,3.35536858974359,0.27073405797502503,0.09810956645487065,0.3304368937947655
i800,Patch_8_9mps,forested,1,1000,100,19460,3.4555288461538463,0.26181825184358537,0.08507468206177358,0.3212796810066995
i800,Patch_8_9mps,forested,1,1000,100,19460,3.5556891025641026,0.25296564622567447,0.08261522635491673,0.3156228517134023
i800,Patch_8_9mps,forested,1,1000,100,19460,3.655849358974359,0.24346076074357043,0.08539348535565267,0.30338572869022523
i800,Patch_8_9mps,forested,1,1000,100,19460,3.7560096153846154,0.2345841954182546,0.08402370347395888,0.29255563125073897
i800,Patch_8_9mps,forested,1,1000,100,19460,3.856169871794872,0.22615958453906376,0.08379973123266432,0.2838211623061733
i800,Patch_8_9mps,forested,1,1000,100,19460,3.956330128205128,0.218103120604374,0.08159161706957244,0.27690531673706736
i800,Patch_8_9mps,forested,1,1000,100,19460,4.056490384615385,0.21039052603882943,0.07862796105972322,0.2719999344682634
i800,Patch_8_9mps,forested,1,1000,100,19460,4.156650641025641,0.20441772507923997,0.07066695064529699,0.2686398515478219
i800,Patch_8_9mps,forested,1,1000,100,19460,4.256810897435898,0.20006120172907424,0.06820472828301374,0.26381980541574984
i800,Patch_8_9mps,forested,1,1000,100,19460,4.356971153846154,0.19654997377172317,0.07598455655700731,0.25338768093040503
i800,Patch_8_9mps,forested,1,1000,100,19460,4.457131410256411,0.19327890554327343,0.0789150814671056,0.25004241009115613
i800,Patch_8_9mps,forested,1,1000,100,19460,4.557291666666667,0.18997664756112723,0.06683833387236204,0.23623190919958723
i800,Patch_8_9mps,forested,1,1000,100,19460,4.657451923076923,0.1880205661270578,0.06640638961669469,0.23219069987460458
i800,Patch_8_9mps,forested,1,1000,100,19460,4.75761217948718,0.18656570185495297,0.07122947086076822,0.23968729951696663
i800,Patch_8_9mps,forested,1,1000,100,19460,4.857772435897436,0.18479782962936186,0.07175803656965592,0.22874113566593904
i800,Patch_8_9mps,forested,1,1000,100,19460,4.9579326923076925,0.18298666665224148,0.06166537781623588,0.2324430345678996
i800,Patch_8_9mps,forested,1,1000,100,19460,5.058092948717949,0.18213934334878032,0.05968746480382248,0.23444623072374243
i800,Patch_8_9mps,forested,1,1000,100,19460,5.158253205128205,0.18219811678680103,0.06826988372498516,0.2371986618473354
i800,Patch_8_9mps,forested,1,1000,100,19460,5.258413461538462,0.1822813564123613,0.06944906149736509,0.24280408375251344
i800,Patch_8_9mps,forested,1,1000,100,19460,5.358573717948718,0.18306651963062287,0.07014848628954343,0.2503249876609197
i800,Patch_8_9mps,forested,1,1000,100,19460,5.4587339743589745,0.1845531162732572,0.07463016910155525,0.26002357720472735
i800,Patch_8_9mps,forested,1,1000,100,19460,5.558894230769231,0.18616703147826297,0.0778805760890007,0.2667610035494979
i800,Patch_8_9mps,forested,1,1000,100,19460,5.659054487179487,0.18773894924314916,0.07748616738768263,0.2638378081365934
i800,Patch_8_9mps,forested,1,1000,100,19460,5.759214743589744,0.1894243882490077,0.08115338843678951,0.26081053283453437
i800,Patch_8_9mps,forested,1,1000,100,19460,5.859375,0.1911560990045573,0.08927245528332095,0.2604976997261965
i800,Patch_8_9mps,forested,1,1000,100,19460,5.959535256410256,0.19222312202792982,0.09610041469142788,0.2643446858843786
i800,Patch_8_9mps,forested,1,1000,100,19460,6.059695512820513,0.19262879196332716,0.09561102891235704,0.2581976416108036
i800,Patch_8_9mps,forested,1,1000,100,19460,6.159855769230769,0.1930308300703156,0.09739862597345028,0.2602798355324663
i800,Patch_8_9mps,forested,1,1000,100,19460,6.2600160256410255,0.19434298100721548,0.09599769878968407,0.2610880853759656
i800,Patch_8_9mps,forested,1,1000,100,19460,6.360176282051282,0.19663435117320513,0.0941205278736984,0.24959654632665115
i800,Patch_8_9mps,forested,1,1000,100,19460,6.460336538461538,0.19924339793142803,0.08923848248676552,0.2531730333916671
i800,Patch_8_9mps,forested,1,1000,100,19460,6.560496794871795,0.20174738966111203,0.0911756603984114,0.25198867869652464
i800,Patch_8_9mps,forested,1,1000,100,19460,6.660657051282051,0.20462237091026483,0.08704122644482026,0.25170877557643834
i800,Patch_8_9mps,forested,1,1000,100,19460,6.7608173076923075,0.20762018747237085,0.08593409654396685,0.25872867190413873
i800,Patch_8_9mps,forested,1,1000,100,19460,6.860977564102564,0.21118790619120417,0.08725315774468537,0.2629580740990529
i800,Patch_8_9mps,forested,1,1000,100,19460,6.96113782051282,0.21493336624227077,0.08709643357486052,0.27024416566892084
i800,Patch_8_9mps,forested,1,1000,100,19460,7.061298076923077,0.21851778521495135,0.08806690337668766,0.27493559847532023
i800,Patch_8_9mps,forested,1,1000,100,19460,7.161458333333333,0.22201682030660017,0.09436813357792605,0.2754630355358806
i800,Patch_8_9mps,forested,1,1000,100,19460,7.261618589743589,0.22512886002814234,0.10477529674477488,0.278746527332259
i800,Patch_8_9mps,forested,1,1000,100,19460,7.361778846153846,0.2277949884613057,0.10823642560108376,0.2843516577442125
i800,Patch_8_9mps,forested,1,1000,100,19460,7.461939102564102,0.23017585991374645,0.10675831833512715,0.2855335115383875
i800,Patch_8_9mps,forested,1,1000,100,19460,7.562099358974359,0.23258922460295778,0.10847050148945699,0.29058500159379896
i800,Patch_8_9mps,forested,1,1000,100,19460,7.662259615384615,0.2350075317505937,0.10492697417853204,0.29257594652686336
i800,Patch_8_9mps,forested,1,1000,100,19460,7.762419871794871,0.23724563311667018,0.10030230653595702,0.29235227334748826
i800,Patch_8_9mps,forested,1,1000,100,19460,7.862580128205129,0.2393205369119207,0.10913176668877624,0.2936820851336118
i800,Patch_8_9mps,forested,1,1000,100,19460,7.962740384615385,0.24151774292173334,0.10314533105814579,0.29054466901084064
i800,Patch_8_9mps,forested,1,1000,100,19460,8.06290064102564,0.2438412804952824,0.10943141020308081,0.2954603466073697
i800,Patch_8_9mps,forested,1,1000,100,19460,8.163060897435898,0.24623459071516016,0.10779650428647103,0.3041145329516129
i800,Patch_8_9mps,forested,1,1000,100,19460,8.263221153846153,0.2486655436364171,0.11649650554714508,0.32056323766306083
i800,Patch_8_9mps,forested,1,1000,100,19460,8.36338141025641,0.25130987383709447,0.11565451229989998,0.3266004119340897
i800,Patch_8_9mps,forested,1,1000,100,19460,8.463541666666666,0.2540812136365347,0.11703484431871197,0.33891412805475757
i800,Patch_8_9mps,forested,1,1000,100,19460,8.563701923076923,0.25653842192533854,0.11883187506977494,0.3379584295380683
i800,Patch_8_9mps,forested,1,1000,100,19460,8.663862179487179,0.2585933308010579,0.11719992523194024,0.3436734539116283
i800,Patch_8_9mps,forested,1,1000,100,19460,8.764022435897436,0.2603997560488464,0.11721065218395148,0.3407130696117066
i800,Patch_8_9mps,forested,1,1000,100,19460,8.864182692307692,0.26202178984555025,0.12234478479084952,0.33736567847024934
i800,Patch_8_9mps,forested,1,1000,100,19460,8.964342948717949,0.26317394863769306,0.12494532758524131,0.3344738583677672
i800,Patch_8_9mps,forested,1,1000,100,19460,9.064503205128204,0.2641840924148972,0.1250555472602097,0.3311481497147704
i800,Patch_8_9mps,forested,1,1000,100,19460,9.164663461538462,0.26518309065960344,0.1258920998480545,0.33325642149013146
i800,Patch_8_9mps,forested,1,1000,100,19460,9.264823717948717,0.2659958821579437,0.12121931124477422,0.3342103079678681
i800,Patch_8_9mps,forested,1,1000,100,19460,9.364983974358974,0.2667563567344899,0.11524072067716347,0.3356976677231315
i800,Patch_8_9mps,forested,1,1000,100,19460,9.46514423076923,0.26755810046683853,0.11295591400243943,0.3402205609837082
i800,Patch_8_9mps,forested,1,1000,100,19460,9.565304487179487,0.26805566853550755,0.11607457528087611,0.3422685509174505
i800,Patch_8_9mps,forested,1,1000,100,19460,9.665464743589743,0.2682498711077032,0.12010825203830096,0.34935659653500334
i800,Patch_8_9mps,forested,1,1000,100,19460,9.765625,0.26819965668793244,0.124656505113287,0.34965047399579885
i800,Patch_8_9mps,forested,1,1000,100,19460,9.865785256410257,0.26798313765140436,0.1258831595364779,0.3480695448535052
i800,Patch_8_9mps,forested,1,1000,100,19460,9.965945512820513,0.26758821766446006,0.1286428453121169,0.3461412429341725
i800,Patch_8_9mps,forested,10,1000,100,19460,0.05008012820512821,0.26012200152370485,0.11100221358622371,0.3218248444764876
i800,Patch_8_9mps,forested,10,1000,100,19460,0.1502403846153846,0.25939122518148405,0.09197746153384745,0.3651678126481187
i800,Patch_8_9mps,forested,10,1000,100,19460,0.250400641025641,0.30438323785737326,0.14843768319775516,0.38680837429059123
i800,Patch_8_9mps,forested,10,1000,100,19460,0.3505608974358974,0.29157131704211253,0.1058145656651692,0.38940253535862357
i800,Patch_8_9mps,forested,10,1000,100,19460,0.45072115384615385,0.2368329141018374,0.08141071695175936,0.3082512214449219
i800,Patch_8_9mps,forested,10,1000,100,19460,0.5508814102564102,0.2058223322864756,0.07692472315345894,0.2868024007869882
i800,Patch_8_9mps,forested,10,1000,100,19460,0.6510416666666666,0.1795715316564371,0.065256201511679,0.23250099158119197
i800,Patch_8_9mps,forested,10,1000,100,19460,0.7512019230769231,0.15978149107616266,0.06399006108569279,0.2268197389553413
i800,Patch_8_9mps,forested,10,1000,100,19460,0.8513621794871795,0.14792163336184172,0.04459487415165577,0.21105887566924947
i800,Patch_8_9mps,forested,10,1000,100,19460,0.9515224358974359,0.1426507943975322,0.054318164593218705,0.1983445660850051
i800,Patch_8_9mps,forested,10,1000,100,19460,1.0516826923076923,0.1414391354751863,0.05222339487694349,0.20731689098296496
i800,Patch_8_9mps,forested,10,1000,100,19460,1.1518429487179487,0.1427216193643593,0.06064488399927288,0.2013342865957966
i800,Patch_8_9mps,forested,10,1000,100,19460,1.252003205128205,0.14607501824977046,0.061814053913883664,0.20322239896680214
i800,Patch_8_9mps,forested,10,1000,100,19460,1.3521634615384615,0.1502673696827386,0.06037370058326874,0.21922222598448612
i800,Patch_8_9mps,forested,10,1000,100,19460,1.4523237179487178,0.15286761698460777,0.059747674875466734,0.22752913952427217
i800,Patch_8_9mps,forested,10,1000,100,19460,1.5524839743589745,0.15338481049228828,0.0641080456093413,0.22312386551999216
i800,Patch_8_9mps,forested,10,1000,100,19460,1.6526442307692308,0.1538218591721195,0.06326319756473761,0.22922510605218982
i800,Patch_8_9mps,forested,10,1000,100,19460,1.7528044871794872,0.15392649198266065,0.06775355327381483,0.22108590886641358
i800,Patch_8_9mps,forested,10,1000,100,19460,1.8529647435897436,0.1541073288558734,0.0585931612449138,0.21678579707361698
i800,Patch_8_9mps,forested,10,1000,100,19460,1.953125,0.1522410616761422,0.05004600649419584,0.20254222224785695
i800,Patch_8_9mps,forested,10,1000,100,19460,2.0532852564102564,0.1485261493231368,0.05649504795655896,0.1983389871194401
i800,Patch_8_9mps,forested,10,1000,100,19460,2.1534455128205128,0.14316335655711154,0.06182327269548022,0.19661411384814273
i800,Patch_8_9mps,forested,10,1000,100,19460,2.253605769230769,0.13884523754029116,0.053699469953880315,0.19192736064954669
i800,Patch_8_9mps,forested,10,1000,100,19460,2.3537660256410255,0.13495843541050426,0.049440927298684,0.18671855003279303
i800,Patch_8_9mps,forested,10,1000,100,19460,2.453926282051282,0.13058862357792392,0.052391754912889145,0.1840721235096331
i800,Patch_8_9mps,forested,10,1000,100,19460,2.5540865384615383,0.12540168242846217,0.053442030397123697,0.17505092700318484
i800,Patch_8_9mps,forested,10,1000,100,19460,2.6542467948717947,0.1200908783164345,0.04834094306480085,0.18016671448521637
i800,Patch_8_9mps,forested,10,1000,100,19460,2.754407051282051,0.11428104646210074,0.04212005202820941,0.16925257189845316
i800,Patch_8_9mps,forested,10,1000,100,19460,2.8545673076923075,0.10843265034793027,0.04569137855648275,0.15591921080906807
i800,Patch_8_9mps,forested,10,1000,100,19460,2.9547275641025643,0.10247522290213754,0.046376847064747956,0.1441459003286107
i800,Patch_8_9mps,forested,10,1000,100,19460,3.0548878205128207,0.09672999209034465,0.041011539376003756,0.12552666169688656
i800,Patch_8_9mps,forested,10,1000,100,19460,3.155048076923077,0.09111095676010182,0.036091586692589134,0.11989972524553369
i800,Patch_8_9mps,forested,10,1000,100,19460,3.2552083333333335,0.08604866719947081,0.03879825555436137,0.11279295899394946
i800,Patch_8_9mps,forested,10,1000,100,19460,3.35536858974359,0.08173911904387268,0.03661728133811415,0.11053601298121345
i800,Patch_8_9mps,forested,10,1000,100,19460,3.4555288461538463,0.07828384962605449,0.03203067183357031,0.10366711102600615
i800,Patch_8_9mps,forested,10,1000,100,19460,3.5556891025641026,0.07545343823671034,0.029961604461478365,0.09386922019285056
i800,Patch_8_9mps,forested,10,1000,100,19460,3.655849358974359,0.07317691058424942,0.03180239069664221,0.0931487322736056
i800,Patch_8_9mps,forested,10,1000,100,19460,3.7560096153846154,0.07144272990596247,0.02996391036308232,0.09166520535788877
i800,Patch_8_9mps,forested,10,1000,100,19460,3.856169871794872,0.06994518782746922,0.026950700524805145,0.08840639787110027
i800,Patch_8_9mps,forested,10,1000,100,19460,3.956330128205128,0.06835869118419909,0.028688323514379655,0.08678859517545799
i800,Patch_8_9mps,forested,10,1000,100,19460,4.056490384615385,0.06707602600666292,0.03281269206245693,0.08496168250907353
i800,Patch_8_9mps,forested,10,1000,100,19460,4.156650641025641,0.06644984895450941,0.031358976740679466,0.08720185946599074
i800,Patch_8_9mps,forested,10,1000,100,19460,4.256810897435898,0.06604997577757135,0.0313937779250621,0.08707750849479198
i800,Patch_8_9mps,forested,10,1000,100,19460,4.356971153846154,0.0656123692299081,0.03084170847658061,0.08853071190215164
i800,Patch_8_9mps,forested,10,1000,100,19460,4.457131410256411,0.06518016712374117,0.03315119571942187,0.09093411580620027
i800,Patch_8_9mps,forested,10,1000,100,19460,4.557291666666667,0.0648868809813791,0.034640581691443205,0.08973683235387366
i800,Patch_8_9mps,forested,10,1000,100,19460,4.657451923076923,0.06463082925554285,0.0343982721458858,0.09073540623665406
i800,Patch_8_9mps,forested,10,1000,100,19460,4.75761217948718,0.064374493943219,0.033011551536518254,0.09182447336473515
i800,Patch_8_9mps,forested,10,1000,100,19460,4.857772435897436,0.06426514008387846,0.03172418118460708,0.09104701168800632
i800,Patch_8_9mps,forested,10,1000,100,19460,4.9579326923076925,0.06428791601733769,0.02996513305840797,0.08863170647130414
i800,Patch_8_9mps,forested,10,1000,100,19460,5.058092948717949,0.06448087738312423,0.030164963134622,0.09044234521912996
i800,Patch_8_9mps,forested,10,1000,100,19460,5.158253205128205,0.06487561246210082,0.029256297408368707,0.09090931952659415
i800,Patch_8_9mps,forested,10,1000,100,19460,5.258413461538462,0.06532865859326799,0.0285325878725713,0.09246194039614823
i800,Patch_8_9mps,forested,10,1000,100,19460,5.358573717948718,0.06558869770071857,0.026746331089439374,0.09600546932896231
i800,Patch_8_9mps,forested,10,1000,100,19460,5.4587339743589745,0.06565441743619094,0.025681568704313887,0.09986335324274676
i800,Patch_8_9mps,forested,10,1000,100,19460,5.558894230769231,0.06581781994968744,0.02596252117348617,0.1015722449738408
i800,Patch_8_9mps,forested,10,1000,100,19460,5.659054487179487,0.06609158437407327,0.02630622395873356,0.09899552498455337
i800,Patch_8_9mps,forested,10,1000,100,19460,5.759214743589744,0.06637511813736763,0.0267360004523023,0.10227452006951296
i800,Patch_8_9mps,forested,10,1000,100,19460,5.859375,0.06666262560704932,0.028254938411709472,0.10055591773670926
i800,Patch_8_9mps,forested,10,1000,100,19460,5.959535256410256,0.0669264577999539,0.026214515337368627,0.10015638625435323
i800,Patch_8_9mps,forested,10,1000,100,19460,6.059695512820513,0.06719703615490752,0.02569326174124767,0.10092953712094047
i800,Patch_8_9mps,forested,10,1000,100,19460,6.159855769230769,0.06768950586807723,0.022932288710876242,0.10276511416163389
i800,Patch_8_9mps,forested,10,1000,100,19460,6.2600160256410255,0.0682309586361613,0.021922514992367713,0.10684368278194264
i800,Patch_8_9mps,forested,10,1000,100,19460,6.360176282051282,0.06872501877374729,0.025519963698037613,0.1084307285645228
i800,Patch_8_9mps,forested,10,1000,100,19460,6.460336538461538,0.06922846705501393,0.025374449843247028,0.10941433490216748
i800,Patch_8_9mps,forested,10,1000,100,19460,6.560496794871795,0.06981411926028619,0.027185282420498995,0.10971057870615618
i800,Patch_8_9mps,forested,10,1000,100,19460,6.660657051282051,0.07059359206116125,0.02857173312212045,0.1111962707439244
i800,Patch_8_9mps,forested,10,1000,100,19460,6.7608173076923075,0.07139129796022407,0.028286541841567075,0.11170786351289286
i800,Patch_8_9mps,forested,10,1000,100,19460,6.860977564102564,0.07213942562483605,0.028204106401652225,0.11177520837543445
i800,Patch_8_9mps,forested,10,1000,100,19460,6.96113782051282,0.07297065073433714,0.028607259254342182,0.11187657103619614
i800,Patch_8_9mps,forested,10,1000,100,19460,7.061298076923077,0.07392102414747846,0.03073519685481061,0.11235378248450054
i800,Patch_8_9mps,forested,10,1000,100,19460,7.161458333333333,0.07496299077367632,0.030877994454868125,0.11303964216712095
i800,Patch_8_9mps,forested,10,1000,100,19460,7.261618589743589,0.07587338823484034,0.030599979017820605,0.11282276607913831
i800,Patch_8_9mps,forested,10,1000,100,19460,7.361778846153846,0.07657365845392908,0.03139786149666483,0.11218904029171502
i800,Patch_8_9mps,forested,10,1000,100,19460,7.461939102564102,0.07717057682894798,0.02980593166668472,0.11165792405717248
i800,Patch_8_9mps,forested,10,1000,100,19460,7.562099358974359,0.07771370930216526,0.030077324298654215,0.11237476009533759
i800,Patch_8_9mps,forested,10,1000,100,19460,7.662259615384615,0.07823796390533858,0.03126367255779522,0.11261840091668729
i800,Patch_8_9mps,forested,10,1000,100,19460,7.762419871794871,0.07876977979622782,0.029788832283860065,0.11253418775621753
i800,Patch_8_9mps,forested,10,1000,100,19460,7.862580128205129,0.07936482561775307,0.027578178540084458,0.11325168333068891
i800,Patch_8_9mps,forested,10,1000,100,19460,7.962740384615385,0.08006359428324444,0.02652871735767122,0.11600664729122452
i800,Patch_8_9mps,forested,10,1000,100,19460,8.06290064102564,0.08079959364553617,0.02778516717525836,0.11807967873121203
i800,Patch_8_9mps,forested,10,1000,100,19460,8.163060897435898,0.0814778629513507,0.026028456941280746,0.12099390609372244
i800,Patch_8_9mps,forested,10,1000,100,19460,8.263221153846153,0.08215301170944345,0.026608880096058277,0.12136755237463603
i800,Patch_8_9mps,forested,10,1000,100,19460,8.36338141025641,0.0827443592314196,0.02907083973922027,0.12131658971286932
i800,Patch_8_9mps,forested,10,1000,100,19460,8.463541666666666,0.08324746192869822,0.02972904563706313,0.12385028739463869
i800,Patch_8_9mps,forested,10,1000,100,19460,8.563701923076923,0.08389240051219532,0.027670812447607693,0.12603699415312591
i800,Patch_8_9mps,forested,10,1000,100,19460,8.663862179487179,0.08449082849316852,0.028782993589900194,0.12748631985387684
i800,Patch_8_9mps,forested,10,1000,100,19460,8.764022435897436,0.08505977144103279,0.03037926031462262,0.12853050727947102
i800,Patch_8_9mps,forested,10,1000,100,19460,8.864182692307692,0.08555910432188821,0.030526137960956774,0.1297667984360926
i800,Patch_8_9mps,forested,10,1000,100,19460,8.964342948717949,0.08600591828027287,0.030515968687632174,0.13141070562182336
i800,Patch_8_9mps,forested,10,1000,100,19460,9.064503205128204,0.08635086783252324,0.03024332628850146,0.13321833106488595
i800,Patch_8_9mps,forested,10,1000,100,19460,9.164663461538462,0.08674315574829197,0.0284519373673158,0.13394146264044735
i800,Patch_8_9mps,forested,10,1000,100,19460,9.264823717948717,0.08712746910149584,0.029527292635749623,0.1338682208308889
i800,Patch_8_9mps,forested,10,1000,100,19460,9.364983974358974,0.08750312926765678,0.03193606731532343,0.13346778946893487
i800,Patch_8_9mps,forested,10,1000,100,19460,9.46514423076923,0.08785999064271442,0.03373572841480723,0.13613771924959528
i800,Patch_8_9mps,forested,10,1000,100,19460,9.565304487179487,0.08824532880418962,0.03445970073377013,0.13716144274050632
i800,Patch_8_9mps,forested,10,1000,100,19460,9.665464743589743,0.08852360640111537,0.03457059617180557,0.13665073161990576
i800,Patch_8_9mps,forested,10,1000,100,19460,9.765625,0.08875093258471271,0.03733914564067482,0.1343811121501726
i800,Patch_8_9mps,forested,10,1000,100,19460,9.865785256410257,0.0890345352085272,0.03675019327838919,0.13181602888249888
i800,Patch_8_9mps,forested,10,1000,100,19460,9.965945512820513,0.08941019330864379,0.03537717850753547,0.13371967856022815
i800,Patch_8_9mps,forested,50,1000,100,19460,0.05008012820512821,0.15215436985454103,0.0742870082121306,0.21037473567475834
i800,Patch_8_9mps,forested,50,1000,100,19460,0.1502403846153846,0.1293661415074389,0.04651200290137039,0.1882665728867594
i800,Patch_8_9mps,forested,50,1000,100,19460,0.250400641025641,0.15079626764734588,0.060600598491550854,0.2025717921476845
i800,Patch_8_9mps,forested,50,1000,100,19460,0.3505608974358974,0.1413536240132345,0.06567844236011754,0.19888092395891038
i800,Patch_8_9mps,forested,50,1000,100,19460,0.45072115384615385,0.10817160896854809,0.045768286181430494,0.14700195104585492
i800,Patch_8_9mps,forested,50,1000,100,19460,0.5508814102564102,0.08854665014448995,0.0331140599011274,0.12683637194514963
i800,Patch_8_9mps,forested,50,1000,100,19460,0.6510416666666666,0.07732440353782173,0.027104802363312763,0.1112351756067623
i800,Patch_8_9mps,forested,50,1000,100,19460,0.7512019230769231,0.07154617605872081,0.028325883406301735,0.09574319232914337
i800,Patch_8_9mps,forested,50,1000,100,19460,0.8513621794871795,0.06918549550432734,0.03313257936544659,0.09059364470943414
i800,Patch_8_9mps,forested,50,1000,100,19460,0.9515224358974359,0.06665520244961605,0.03705611571736632,0.09136848087283583
i800,Patch_8_9mps,forested,50,1000,100,19460,1.0516826923076923,0.06473265260768521,0.03373849463298427,0.08497700478904643
i800,Patch_8_9mps,forested,50,1000,100,19460,1.1518429487179487,0.06427730249754626,0.037584665565017175,0.0865917541798013
i800,Patch_8_9mps,forested,50,1000,100,19460,1.252003205128205,0.06514619928167185,0.03767436788820383,0.08911545011403618
i800,Patch_8_9mps,forested,50,1000,100,19460,1.3521634615384615,0.06619633488206543,0.0345673991576152,0.09079157474718534
i800,Patch_8_9mps,forested,50,1000,100,19460,1.4523237179487178,0.06663738468427995,0.033329689508844365,0.09312178921025177
i800,Patch_8_9mps,forested,50,1000,100,19460,1.5524839743589745,0.0665287915378415,0.026371768023589353,0.09924499202839981
i800,Patch_8_9mps,forested,50,1000,100,19460,1.6526442307692308,0.06617661448708519,0.027542370066259064,0.09988485666126543
i800,Patch_8_9mps,forested,50,1000,100,19460,1.7528044871794872,0.06624922102768155,0.02689402700102953,0.09954054586240678
i800,Patch_8_9mps,forested,50,1000,100,19460,1.8529647435897436,0.06674982940612578,0.024443653370112443,0.09851439022883034
i800,Patch_8_9mps,forested,50,1000,100,19460,1.953125,0.06707007351145142,0.03188782568493614,0.0961596443090043
i800,Patch_8_9mps,forested,50,1000,100,19460,2.0532852564102564,0.0671332880133906,0.03273168001842615,0.09908321219785565
i800,Patch_8_9mps,forested,50,1000,100,19460,2.1534455128205128,0.06689224317292077,0.035980380570802106,0.09978523164065009
i800,Patch_8_9mps,forested,50,1000,100,19460,2.253605769230769,0.06560319589839154,0.034029958020048524,0.09359230781723066
i800,Patch_8_9mps,forested,50,1000,100,19460,2.3537660256410255,0.06341944993482407,0.03019863135555732,0.08830509530670506
i800,Patch_8_9mps,forested,50,1000,100,19460,2.453926282051282,0.06052467304089931,0.028187074196351573,0.08577522555879291
i800,Patch_8_9mps,forested,50,1000,100,19460,2.5540865384615383,0.05744673117671708,0.02254773658897295,0.08243940532760909
i800,Patch_8_9mps,forested,50,1000,100,19460,2.6542467948717947,0.054665460929977004,0.02353942225180636,0.07818777066655579
i800,Patch_8_9mps,forested,50,1000,100,19460,2.754407051282051,0.05177896845158428,0.021518114847280268,0.07238606728884191
i800,Patch_8_9mps,forested,50,1000,100,19460,2.8545673076923075,0.04878549740771199,0.021422243688521858,0.06764778167340099
i800,Patch_8_9mps,forested,50,1000,100,19460,2.9547275641025643,0.04566450759191762,0.02000437144322318,0.06372938878005757
i800,Patch_8_9mps,forested,50,1000,100,19460,3.0548878205128207,0.04299897411767369,0.017705850874209592,0.05933141657779155
i800,Patch_8_9mps,forested,50,1000,100,19460,3.155048076923077,0.0404747398958934,0.014722869155256429,0.05511168980945669
i800,Patch_8_9mps,forested,50,1000,100,19460,3.2552083333333335,0.0381148932112055,0.012573261548163846,0.05369863432246461
i800,Patch_8_9mps,forested,50,1000,100,19460,3.35536858974359,0.03634849384576568,0.012100896652055371,0.05395906427007106
i800,Patch_8_9mps,forested,50,1000,100,19460,3.4555288461538463,0.035018267858574245,0.012968195027995592,0.0519677419666002
i800,Patch_8_9mps,forested,50,1000,100,19460,3.5556891025641026,0.03393548626493035,0.013765707742555748,0.050456437192814486
i800,Patch_8_9mps,forested,50,1000,100,19460,3.655849358974359,0.03316860864696197,0.011815140245567669,0.04884322708192233
i800,Patch_8_9mps,forested,50,1000,100,19460,3.7560096153846154,0.03249136455787631,0.0119900681217507,0.047056218264625235
i800,Patch_8_9mps,forested,50,1000,100,19460,3.856169871794872,0.031852997124595085,0.011595644920154538,0.04537517520487741
i800,Patch_8_9mps,forested,50,1000,100,19460,3.956330128205128,0.03130045660375391,0.011861071442784133,0.04204170072730004
i800,Patch_8_9mps,forested,50,1000,100,19460,4.056490384615385,0.030741240373736205,0.013499916540003808,0.04216835715079644
i800,Patch_8_9mps,forested,50,1000,100,19460,4.156650641025641,0.030232797593717286,0.014785098579121529,0.04264909869427595
i800,Patch_8_9mps,forested,50,1000,100,19460,4.256810897435898,0.029909575920436696,0.014798708040912417,0.04335662762066083
i800,Patch_8_9mps,forested,50,1000,100,19460,4.356971153846154,0.029619712341666368,0.014830892393330833,0.04440548539248871
i800,Patch_8_9mps,forested,50,1000,100,19460,4.457131410256411,0.029581551377452286,0.014673456096447832,0.0446640089235158
i800,Patch_8_9mps,forested,50,1000,100,19460,4.557291666666667,0.02956504157105655,0.014521753379010873,0.04344054409783616
i800,Patch_8_9mps,forested,50,1000,100,19460,4.657451923076923,0.029572563168981058,0.015191116339353817,0.04161868213244026
i800,Patch_8_9mps,forested,50,1000,100,19460,4.75761217948718,0.02953232830288512,0.015106160229875756,0.0400576834953591
i800,Patch_8_9mps,forested,50,1000,100,19460,4.857772435897436,0.029537090927617648,0.015101666915700623,0.03956315290032602
i800,Patch_8_9mps,forested,50,1000,100,19460,4.9579326923076925,0.029561056587608377,0.01491987484354756,0.03929090193352306
i800,Patch_8_9mps,forested,50,1000,100,19460,5.058092948717949,0.029541278261347045,0.016049324575507704,0.039792761843986654
i800,Patch_8_9mps,forested,50,1000,100,19460,5.158253205128205,0.02950445380351684,0.01540746306428633,0.04005479206461796
i800,Patch_8_9mps,forested,50,1000,100,19460,5.258413461538462,0.029540346418039123,0.0143673124514202,0.039951922201223705
i800,Patch_8_9mps,forested,50,1000,100,19460,5.358573717948718,0.029683247098916746,0.013809579713885644,0.040319626733051506
i800,Patch_8_9mps,forested,50,1000,100,19460,5.4587339743589745,0.029872398326832205,0.01350186424650879,0.04069319310172466
i800,Patch_8_9mps,forested,50,1000,100,19460,5.558894230769231,0.03012628278984542,0.013611100807315181,0.0420598868976769
i800,Patch_8_9mps,forested,50,1000,100,19460,5.659054487179487,0.03046776958301575,0.013519395709030865,0.04294259922450516
i800,Patch_8_9mps,forested,50,1000,100,19460,5.759214743589744,0.03084045143591331,0.01313733696412584,0.04474596649351224
i800,Patch_8_9mps,forested,50,1000,100,19460,5.859375,0.03125200251534467,0.013295627901810917,0.046908257266345434
i800,Patch_8_9mps,forested,50,1000,100,19460,5.959535256410256,0.0317323993471767,0.01358923635453023,0.048064888726049214
i800,Patch_8_9mps,forested,50,1000,100,19460,6.059695512820513,0.03220577001015921,0.013261651781421642,0.04891542115801602
i800,Patch_8_9mps,forested,50,1000,100,19460,6.159855769230769,0.03260461298195086,0.012871891478976175,0.04870375980376615
i800,Patch_8_9mps,forested,50,1000,100,19460,6.2600160256410255,0.03292584183769663,0.013390293559399635,0.049393099660137926
i800,Patch_8_9mps,forested,50,1000,100,19460,6.360176282051282,0.03321963673504966,0.014510567028117937,0.04926184027644284
i800,Patch_8_9mps,forested,50,1000,100,19460,6.460336538461538,0.033503529575607295,0.015156566826450443,0.049444987817165206
i800,Patch_8_9mps,forested,50,1000,100,19460,6.560496794871795,0.03374357648262867,0.015631719706784848,0.049468342537989665
i800,Patch_8_9mps,forested,50,1000,100,19460,6.660657051282051,0.03395565536277158,0.015337144594161196,0.04981849734604533
i800,Patch_8_9mps,forested,50,1000,100,19460,6.7608173076923075,0.03421753608536437,0.015123914945779277,0.0505095967328852
i800,Patch_8_9mps,forested,50,1000,100,19460,6.860977564102564,0.034528355568677296,0.015069809112464604,0.05063816565049832
i800,Patch_8_9mps,forested,50,1000,100,19460,6.96113782051282,0.03485549276889284,0.01449884264562835,0.050688247478461984
i800,Patch_8_9mps,forested,50,1000,100,19460,7.061298076923077,0.03522363340579067,0.014071074924365424,0.05090396318070717
i800,Patch_8_9mps,forested,50,1000,100,19460,7.161458333333333,0.03561080060695055,0.014243244249887396,0.050848754229043454
i800,Patch_8_9mps,forested,50,1000,100,19460,7.261618589743589,0.03597285844182316,0.014967766426649544,0.05098018499859027
i800,Patch_8_9mps,forested,50,1000,100,19460,7.361778846153846,0.036314805167574786,0.015465202568300128,0.0516269078651362
i800,Patch_8_9mps,forested,50,1000,100,19460,7.461939102564102,0.03666588231736148,0.015773057270358444,0.05175518878134535
i800,Patch_8_9mps,forested,50,1000,100,19460,7.562099358974359,0.03698753491571106,0.01677031834063245,0.05216171724697498
i800,Patch_8_9mps,forested,50,1000,100,19460,7.662259615384615,0.037253324859942635,0.017361142999856565,0.052096105358044126
i800,Patch_8_9mps,forested,50,1000,100,19460,7.762419871794871,0.0375372303176932,0.017315141614169506,0.051980313399000104
i800,Patch_8_9mps,forested,50,1000,100,19460,7.862580128205129,0.03786090800339242,0.016984744927214017,0.05208471149463682
i800,Patch_8_9mps,forested,50,1000,100,19460,7.962740384615385,0.038205183627854605,0.01748773233272716,0.051870093788287164
i800,Patch_8_9mps,forested,50,1000,100,19460,8.06290064102564,0.03858265916153503,0.01788804657184015,0.053605170786719336
i800,Patch_8_9mps,forested,50,1000,100,19460,8.163060897435898,0.038990699276609656,0.01860594312886136,0.055245538305809846
i800,Patch_8_9mps,forested,50,1000,100,19460,8.263221153846153,0.03940979537386801,0.01891633831403852,0.056897183252088306
i800,Patch_8_9mps,forested,50,1000,100,19460,8.36338141025641,0.03980626855274501,0.018993872319077974,0.057350664595817
i800,Patch_8_9mps,forested,50,1000,100,19460,8.463541666666666,0.040153392740410486,0.019134030635555806,0.057840843552634136
i800,Patch_8_9mps,forested,50,1000,100,19460,8.563701923076923,0.04048052086543669,0.01860245220159057,0.05690375176901234
i800,Patch_8_9mps,forested,50,1000,100,19460,8.663862179487179,0.04077988388514847,0.019285235854545467,0.05677683046842598
i800,Patch_8_9mps,forested,50,1000,100,19460,8.764022435897436,0.041057482973002886,0.01963271181452856,0.058070132776052365
i800,Patch_8_9mps,forested,50,1000,100,19460,8.864182692307692,0.04133022996628439,0.020126815098189477,0.05781978987109747
i800,Patch_8_9mps,forested,50,1000,100,19460,8.964342948717949,0.04159761249716043,0.02048890583013753,0.0582749970511757
i800,Patch_8_9mps,forested,50,1000,100,19460,9.064503205128204,0.04182478119630946,0.021162781326100145,0.05790528435889657
i800,Patch_8_9mps,forested,50,1000,100,19460,9.164663461538462,0.04201288322980862,0.021639727123619147,0.05836209927957579
i800,Patch_8_9mps,forested,50,1000,100,19460,9.264823717948717,0.0422255493181333,0.020144015690398413,0.058921222063896356
i800,Patch_8_9mps,forested,50,1000,100,19460,9.364983974358974,0.042438700602182376,0.020170168402249535,0.059078879444018864
i800,Patch_8_9mps,forested,50,1000,100,19460,9.46514423076923,0.042723176811089544,0.021072171939249398,0.05872166972497791
i800,Patch_8_9mps,forested,50,1000,100,19460,9.565304487179487,0.04304251129080122,0.020745051511902465,0.05826025583894051
i800,Patch_8_9mps,forested,50,1000,100,19460,9.665464743589743,0.043393565006132014,0.02077385316272554,0.05751713603603276
i800,Patch_8_9mps,forested,50,1000,100,19460,9.765625,0.043766779811668,0.02109687093959506,0.058457720943751165
i800,Patch_8_9mps,forested,50,1000,100,19460,9.865785256410257,0.04409321375905255,0.021842144822822613,0.059693316330090715
i800,Patch_8_9mps,forested,50,1000,100,19460,9.965945512820513,0.044411631068792715,0.022353898236827416,0.06057583280340883
i800,Patch_8_9mps,forested,100,1000,100,19460,0.05008012820512821,0.10597865516440916,0.04271556142331407,0.1603455963529038
i800,Patch_8_9mps,forested,100,1000,100,19460,0.1502403846153846,0.09665453460491903,0.03279503629631773,0.147007537281577
i800,Patch_8_9mps,forested,100,1000,100,19460,0.250400641025641,0.10344963819602354,0.050000740491616305,0.1390864842061402
i800,Patch_8_9mps,forested,100,1000,100,19460,0.3505608974358974,0.09806221842993215,0.044095713966537546,0.12592223467218494
i800,Patch_8_9mps,forested,100,1000,100,19460,0.45072115384615385,0.07314171467502241,0.031003608155152462,0.09565042248933482
i800,Patch_8_9mps,forested,100,1000,100,19460,0.5508814102564102,0.06280836665010504,0.02870137012559696,0.0874741469742853
i800,Patch_8_9mps,forested,100,1000,100,19460,0.6510416666666666,0.056495060590196725,0.024031676757537455,0.07953507060371928
i800,Patch_8_9mps,forested,100,1000,100,19460,0.7512019230769231,0.05283699874301118,0.020913878938728557,0.07587415883381227
i800,Patch_8_9mps,forested,100,1000,100,19460,0.8513621794871795,0.05115311946375562,0.02137542589882159,0.07126137467559898
i800,Patch_8_9mps,forested,100,1000,100,19460,0.9515224358974359,0.0502951331521124,0.02053337360319235,0.06857497052228038
i800,Patch_8_9mps,forested,100,1000,100,19460,1.0516826923076923,0.0495158445194732,0.020810338201638964,0.06965108444152386
i800,Patch_8_9mps,forested,100,1000,100,19460,1.1518429487179487,0.04869778694570199,0.021479480412300387,0.06407975660487404
i800,Patch_8_9mps,forested,100,1000,100,19460,1.252003205128205,0.04905261520682327,0.024542180867937607,0.06443241912517804
i800,Patch_8_9mps,forested,100,1000,100,19460,1.3521634615384615,0.04936358654854945,0.02635173093691399,0.06718319671373628
i800,Patch_8_9mps,forested,100,1000,100,19460,1.4523237179487178,0.04974572086393863,0.024571503400352742,0.06540688535566458
i800,Patch_8_9mps,forested,100,1000,100,19460,1.5524839743589745,0.04997622334008699,0.021672366001368577,0.0673600653630398
i800,Patch_8_9mps,forested,100,1000,100,19460,1.6526442307692308,0.0506806069819907,0.021863383387919055,0.07116012992599781
i800,Patch_8_9mps,forested,100,1000,100,19460,1.7528044871794872,0.051313826095423586,0.027347336506025142,0.07505600108737458
i800,Patch_8_9mps,forested,100,1000,100,19460,1.8529647435897436,0.051581190236164115,0.02596389623093407,0.07364043244177634
i800,Patch_8_9mps,forested,100,1000,100,19460,1.953125,0.05165058581348025,0.025142240714133755,0.07125869928976572
i800,Patch_8_9mps,forested,100,1000,100,19460,2.0532852564102564,0.05137452065223187,0.024116062445715358,0.07116683161172636
i800,Patch_8_9mps,forested,100,1000,100,19460,2.1534455128205128,0.050421438132741185,0.021185525672573993,0.07212033790929939
i800,Patch_8_9mps,forested,100,1000,100,19460,2.253605769230769,0.049119854826267274,0.022081766208919475,0.0728319775866135
i800,Patch_8_9mps,forested,100,1000,100,19460,2.3537660256410255,0.047557268656920046,0.020051293867006326,0.07314695888561906
i800,Patch_8_9mps,forested,100,1000,100,19460,2.453926282051282,0.04537899233497538,0.02046396771013832,0.0695839995211651
i800,Patch_8_9mps,forested,100,1000,100,19460,2.5540865384615383,0.04293415809004559,0.019926542689036215,0.06238853844672193
i800,Patch_8_9mps,forested,100,1000,100,19460,2.6542467948717947,0.040210692334750026,0.01726545192782295,0.05962418090664373
i800,Patch_8_9mps,forested,100,1000,100,19460,2.754407051282051,0.03758093550928154,0.016030135568462264,0.05619396824341747
i800,Patch_8_9mps,forested,100,1000,100,19460,2.8545673076923075,0.035094347188165884,0.01445062937699654,0.05161299638173205
i800,Patch_8_9mps,forested,100,1000,100,19460,2.9547275641025643,0.03284927065912995,0.014504888471282255,0.04688928430361679
i800,Patch_8_9mps,forested,100,1000,100,19460,3.0548878205128207,0.031039136249850857,0.01469933064825096,0.04277249688806664
i800,Patch_8_9mps,forested,100,1000,100,19460,3.155048076923077,0.029512926373118305,0.015121855415009334,0.03803924947158936
i800,Patch_8_9mps,forested,100,1000,100,19460,3.2552083333333335,0.028292786137138877,0.014530291251137945,0.03637350109051396
i800,Patch_8_9mps,forested,100,1000,100,19460,3.35536858974359,0.027212365645931026,0.012842313339053049,0.03687446537633238
i800,Patch_8_9mps,forested,100,1000,100,19460,3.4555288461538463,0.02622734464708116,0.013279816953152838,0.036883312665309934
i800,Patch_8_9mps,forested,100,1000,100,19460,3.5556891025641026,0.02536196735578708,0.013469811025155924,0.036375925953365876
i800,Patch_8_9mps,forested,100,1000,100,19460,3.655849358974359,0.024512977584782197,0.011980430385208355,0.03784624812107454
i800,Patch_8_9mps,forested,100,1000,100,19460,3.7560096153846154,0.023654146399526007,0.011112207000594778,0.036337248732528755
i800,Patch_8_9mps,forested,100,1000,100,19460,3.856169871794872,0.022938970021338552,0.010688949911432589,0.03473165753565274
i800,Patch_8_9mps,forested,100,1000,100,19460,3.956330128205128,0.022247957469981684,0.010520701883513651,0.03363156596860499
i800,Patch_8_9mps,forested,100,1000,100,19460,4.056490384615385,0.02160765549730202,0.010446733994953333,0.031523431357642864
i800,Patch_8_9mps,forested,100,1000,100,19460,4.156650641025641,0.020997133272950476,0.010082458153338483,0.03106186890712186
i800,Patch_8_9mps,forested,100,1000,100,19460,4.256810897435898,0.020459870901004783,0.009579375364532296,0.029506123536479356
i800,Patch_8_9mps,forested,100,1000,100,19460,4.356971153846154,0.019962115819982026,0.008133160956115973,0.027726256387651207
i800,Patch_8_9mps,forested,100,1000,100,19460,4.457131410256411,0.019520254402048905,0.007604929631977441,0.026833108662264845
i800,Patch_8_9mps,forested,100,1000,100,19460,4.557291666666667,0.019209716428296483,0.0070807601230200076,0.02831894557178874
i800,Patch_8_9mps,forested,100,1000,100,19460,4.657451923076923,0.019083255358689023,0.006599006666993671,0.028463585641734047
i800,Patch_8_9mps,forested,100,1000,100,19460,4.75761217948718,0.01914421800572809,0.005798793739656773,0.029330671052967668
i800,Patch_8_9mps,forested,100,1000,100,19460,4.857772435897436,0.01935615104058008,0.0060605957118367165,0.027223701269990484
i800,Patch_8_9mps,forested,100,1000,100,19460,4.9579326923076925,0.01961522463034353,0.006476281187987891,0.028279949693219664
i800,Patch_8_9mps,forested,100,1000,100,19460,5.058092948717949,0.01990888947613945,0.006651866453123427,0.02908778576683437
i800,Patch_8_9mps,forested,100,1000,100,19460,5.158253205128205,0.020279668393064002,0.006343041591353953,0.030323790015576942
i800,Patch_8_9mps,forested,100,1000,100,19460,5.258413461538462,0.020681521502736704,0.006836848102130242,0.03091263943529232
i800,Patch_8_9mps,forested,100,1000,100,19460,5.358573717948718,0.021117609771460405,0.0069906671635356875,0.0323190620716536
i800,Patch_8_9mps,forested,100,1000,100,19460,5.4587339743589745,0.021588765495763555,0.0071350964727078595,0.03236665687104927
i800,Patch_8_9mps,forested,100,1000,100,19460,5.558894230769231,0.02205255085838981,0.007250827268559899,0.032316841803594815
i800,Patch_8_9mps,forested,100,1000,100,19460,5.659054487179487,0.02248955081357219,0.008406730757003007,0.033205106065589324
i800,Patch_8_9mps,forested,100,1000,100,19460,5.759214743589744,0.022966918514089035,0.008512016782037966,0.033652613038808406
i800,Patch_8_9mps,forested,100,1000,100,19460,5.859375,0.023437563043177415,0.008802699045158563,0.03336561103956638
i800,Patch_8_9mps,forested,100,1000,100,19460,5.959535256410256,0.023868540720832963,0.009161960023983414,0.0333667137176156
i800,Patch_8_9mps,forested,100,1000,100,19460,6.059695512820513,0.024278104445169302,0.008481591363857748,0.03334081249043923
i800,Patch_8_9mps,forested,100,1000,100,19460,6.159855769230769,0.02469791848434471,0.008533803953244282,0.03369506526225044
i800,Patch_8_9mps,forested,100,1000,100,19460,6.2600160256410255,0.025118319260838805,0.009869323620613974,0.03406552112899416
i800,Patch_8_9mps,forested,100,1000,100,19460,6.360176282051282,0.02551853778084479,0.009954585851756296,0.03457192148766652
i800,Patch_8_9mps,forested,100,1000,100,19460,6.460336538461538,0.025908292218310654,0.010244215723635687,0.03543345579401599
i800,Patch_8_9mps,forested,100,1000,100,19460,6.560496794871795,0.026370415566532385,0.01020334435306661,0.03613255787235035
i800,Patch_8_9mps,forested,100,1000,100,19460,6.660657051282051,0.026812209209293596,0.010389835943004681,0.03665986099062701
i800,Patch_8_9mps,forested,100,1000,100,19460,6.7608173076923075,0.027193445482981114,0.009997112567323514,0.03719809884300894
i800,Patch_8_9mps,forested,100,1000,100,19460,6.860977564102564,0.027516050874091053,0.010090169285971002,0.03742513486215981
i800,Patch_8_9mps,forested,100,1000,100,19460,6.96113782051282,0.027792637932788043,0.010802543513794229,0.03844263923922091
i800,Patch_8_9mps,forested,100,1000,100,19460,7.061298076923077,0.028029451328434218,0.010860679616689267,0.03948475933882756
i800,Patch_8_9mps,forested,100,1000,100,19460,7.161458333333333,0.028225622237562774,0.01052242148063099,0.040378926585041504
i800,Patch_8_9mps,forested,100,1000,100,19460,7.261618589743589,0.028355702671465196,0.010305121908601882,0.04106926495356204
i800,Patch_8_9mps,forested,100,1000,100,19460,7.361778846153846,0.028426104540194567,0.009989404230003687,0.04145517711919514
i800,Patch_8_9mps,forested,100,1000,100,19460,7.461939102564102,0.0284671891256052,0.009924178474764575,0.041489423807982984
i800,Patch_8_9mps,forested,100,1000,100,19460,7.562099358974359,0.02849681266985929,0.009416000156466224,0.04140753619770608
i800,Patch_8_9mps,forested,100,1000,100,19460,7.662259615384615,0.02851854313204034,0.009223233811004553,0.041322083414885476
i800,Patch_8_9mps,forested,100,1000,100,19460,7.762419871794871,0.02854217659998182,0.008821967480206392,0.041787788316628695
i800,Patch_8_9mps,forested,100,1000,100,19460,7.862580128205129,0.028548955896597752,0.008871643768459279,0.04274371610100859
i800,Patch_8_9mps,forested,100,1000,100,19460,7.962740384615385,0.028564077537962182,0.008534329242280545,0.04320808064520132
i800,Patch_8_9mps,forested,100,1000,100,19460,8.06290064102564,0.02857891455210173,0.007849324419336041,0.043408187443562736
i800,Patch_8_9mps,forested,100,1000,100,19460,8.163060897435898,0.028552963758725753,0.008073784672220505,0.04347438741352576
i800,Patch_8_9mps,forested,100,1000,100,19460,8.263221153846153,0.02848712933555481,0.0072938617726923775,0.04365991156475052
i800,Patch_8_9mps,forested,100,1000,100,19460,8.36338141025641,0.02843577979307049,0.0076651725653036394,0.04402378793814406
i800,Patch_8_9mps,forested,100,1000,100,19460,8.463541666666666,0.028444193260682753,0.007390412906633306,0.04438180751115353
i800,Patch_8_9mps,forested,100,1000,100,19460,8.563701923076923,0.028486182935093793,0.00697098023835924,0.04464800432315718
i800,Patch_8_9mps,forested,100,1000,100,19460,8.663862179487179,0.028582478391080614,0.0071050150362046965,0.04564838774273337
i800,Patch_8_9mps,forested,100,1000,100,19460,8.764022435897436,0.02867458329701171,0.006731149694104918,0.046787731002031686
i800,Patch_8_9mps,forested,100,1000,100,19460,8.864182692307692,0.028792959678873676,0.007324290219766294,0.04752181066960221
i800,Patch_8_9mps,forested,100,1000,100,19460,8.964342948717949,0.028941758022421656,0.007675149029818495,0.04784438014728422
i800,Patch_8_9mps,forested,100,1000,100,19460,9.064503205128204,0.029122329629821916,0.007599722200662502,0.04823718404196332
i800,Patch_8_9mps,forested,100,1000,100,19460,9.164663461538462,0.02931197108568779,0.008064267460211265,0.048864302242336594
i800,Patch_8_9mps,forested,100,1000,100,19460,9.264823717948717,0.029521108714107343,0.008121391688554325,0.04925055197013421
i800,Patch_8_9mps,forested,100,1000,100,19460,9.364983974358974,0.029740802992254317,0.00859517566520206,0.04879435337701629
i800,Patch_8_9mps,forested,100,1000,100,19460,9.46514423076923,0.029955954884762513,0.008800639051764387,0.04802058984718671
i800,Patch_8_9mps,forested,100,1000,100,19460,9.565304487179487,0.030137427670592416,0.008742577300570965,0.04758236689931469
i800,Patch_8_9mps,forested,100,1000,100,19460,9.665464743589743,0.030313313055492012,0.008312073592671967,0.04889222374416445
i800,Patch_8_9mps,forested,100,1000,100,19460,9.765625,0.03050421230236504,0.008446733089677121,0.049745568721780806
i800,Patch_8_9mps,forested,100,1000,100,19460,9.865785256410257,0.030727135658229477,0.008772929371161399,0.0497308321060963
i800,Patch_8_9mps,forested,100,1000,100,19460,9.965945512820513,0.030930373812979584,0.00839014731792878,0.0497584030289803
i800,Patch_8_9mps,forested,500,1000,100,19460,0.05008012820512821,0.057925192260316595,0.02382105867423941,0.08533584925404791
i800,Patch_8_9mps,forested,500,1000,100,19460,0.1502403846153846,0.049487520120387284,0.024322392420413997,0.06797129378209335
i800,Patch_8_9mps,forested,500,1000,100,19460,0.250400641025641,0.04041990429785397,0.016362930367880515,0.05760906071271847
i800,Patch_8_9mps,forested,500,1000,100,19460,0.3505608974358974,0.04264195606238059,0.013002135789507957,0.05836520196972643
i800,Patch_8_9mps,forested,500,1000,100,19460,0.45072115384615385,0.03675634174803737,0.015988689931258338,0.050414041971114945
i800,Patch_8_9mps,forested,500,1000,100,19460,0.5508814102564102,0.03188962035769931,0.015546597873796466,0.04152769786453793
i800,Patch_8_9mps,forested,500,1000,100,19460,0.6510416666666666,0.02857514023225051,0.014228447308992885,0.039160732781908555
i800,Patch_8_9mps,forested,500,1000,100,19460,0.7512019230769231,0.026690054553582837,0.011296395844890802,0.03810994230320757
i800,Patch_8_9mps,forested,500,1000,100,19460,0.8513621794871795,0.025737930567512134,0.010669332787735353,0.03645586984142689
i800,Patch_8_9mps,forested,500,1000,100,19460,0.9515224358974359,0.024605705578407192,0.011030864345895269,0.035596747969951055
i800,Patch_8_9mps,forested,500,1000,100,19460,1.0516826923076923,0.022614207233377953,0.010425101670896851,0.03240632626835388
i800,Patch_8_9mps,forested,500,1000,100,19460,1.1518429487179487,0.02173436283450046,0.009128795384950063,0.031137517919958207
i800,Patch_8_9mps,forested,500,1000,100,19460,1.252003205128205,0.02186446932383528,0.009606963443487711,0.03208497132987776
i800,Patch_8_9mps,forested,500,1000,100,19460,1.3521634615384615,0.022150941882033655,0.010676909353736552,0.03140592865502608
i800,Patch_8_9mps,forested,500,1000,100,19460,1.4523237179487178,0.0223329330930234,0.0113485372589225,0.030642494121094488
i800,Patch_8_9mps,forested,500,1000,100,19460,1.5524839743589745,0.022557461348621487,0.010442072184261485,0.031714565149096305
i800,Patch_8_9mps,forested,500,1000,100,19460,1.6526442307692308,0.02236879325693615,0.010407237051418649,0.03332776675974864
i800,Patch_8_9mps,forested,500,1000,100,19460,1.7528044871794872,0.022020889479625376,0.010124036318475357,0.03377645665858603
i800,Patch_8_9mps,forested,500,1000,100,19460,1.8529647435897436,0.021452552759582834,0.009418724495715472,0.031366063551249684
i800,Patch_8_9mps,forested,500,1000,100,19460,1.953125,0.02072556209664243,0.006681721855429007,0.03169217421012696
i800,Patch_8_9mps,forested,500,1000,100,19460,2.0532852564102564,0.019735828161951737,0.006615925431280695,0.03077711155725515
i800,Patch_8_9mps,forested,500,1000,100,19460,2.1534455128205128,0.018653425021254045,0.005830585316750131,0.029761251631446103
i800,Patch_8_9mps,forested,500,1000,100,19460,2.253605769230769,0.01771374260248192,0.005267620448175655,0.026932368619699002
i800,Patch_8_9mps,forested,500,1000,100,19460,2.3537660256410255,0.016943794111125912,0.005978314698243408,0.025326603353642268
i800,Patch_8_9mps,forested,500,1000,100,19460,2.453926282051282,0.016118586697669884,0.005787505555012776,0.024442938113218984
i800,Patch_8_9mps,forested,500,1000,100,19460,2.5540865384615383,0.015263124296278656,0.005022585831123764,0.02172961572104567
i800,Patch_8_9mps,forested,500,1000,100,19460,2.6542467948717947,0.014498073112419164,0.004680102091641702,0.021144634789009804
i800,Patch_8_9mps,forested,500,1000,100,19460,2.754407051282051,0.013789681931769637,0.0041419187562198225,0.01986962813832109
i800,Patch_8_9mps,forested,500,1000,100,19460,2.8545673076923075,0.0131268661618358,0.004260634061999932,0.01960116027092031
i800,Patch_8_9mps,forested,500,1000,100,19460,2.9547275641025643,0.012599513353956744,0.004084604972207568,0.018118686544811854
i800,Patch_8_9mps,forested,500,1000,100,19460,3.0548878205128207,0.012246507603100283,0.0037314196861656904,0.017296758076269327
i800,Patch_8_9mps,forested,500,1000,100,19460,3.155048076923077,0.012002269770291172,0.0046143660868720624,0.01688632537242672
i800,Patch_8_9mps,forested,500,1000,100,19460,3.2552083333333335,0.01191494738901238,0.004942506035393912,0.016782575618327675
i800,Patch_8_9mps,forested,500,1000,100,19460,3.35536858974359,0.011858806593886122,0.004909450926070416,0.016602347894134773
i800,Patch_8_9mps,forested,500,1000,100,19460,3.4555288461538463,0.011756322368477942,0.004962159306367033,0.01663160210325272
i800,Patch_8_9mps,forested,500,1000,100,19460,3.5556891025641026,0.011598147221401895,0.0048593049176166555,0.016457600731346535
i800,Patch_8_9mps,forested,500,1000,100,19460,3.655849358974359,0.01138618509634505,0.0052074526205126755,0.016055111030617904
i800,Patch_8_9mps,forested,500,1000,100,19460,3.7560096153846154,0.011160419559957804,0.005215707766465244,0.01567838322187778
i800,Patch_8_9mps,forested,500,1000,100,19460,3.856169871794872,0.01095103274910223,0.005311976792700119,0.015224690723052336
i800,Patch_8_9mps,forested,500,1000,100,19460,3.956330128205128,0.010725850595691654,0.00536617154582163,0.014858651303642759
i800,Patch_8_9mps,forested,500,1000,100,19460,4.056490384615385,0.010476915627224028,0.0050369126415888395,0.014423410146106302
i800,Patch_8_9mps,forested,500,1000,100,19460,4.156650641025641,0.010208485825787763,0.005088158659124059,0.014111302012675717
i800,Patch_8_9mps,forested,500,1000,100,19460,4.256810897435898,0.009982615998256932,0.005062837133931018,0.014126343977162318
i800,Patch_8_9mps,forested,500,1000,100,19460,4.356971153846154,0.00980013906465973,0.004857804681859892,0.013557993882669166
i800,Patch_8_9mps,forested,500,1000,100,19460,4.457131410256411,0.009658668363515886,0.004622884823102509,0.013732139426697806
i800,Patch_8_9mps,forested,500,1000,100,19460,4.557291666666667,0.009523179622289797,0.004841023544376548,0.013782654714967042
i800,Patch_8_9mps,forested,500,1000,100,19460,4.657451923076923,0.009436270244631246,0.004963613068737912,0.013889942809534723
i800,Patch_8_9mps,forested,500,1000,100,19460,4.75761217948718,0.009380435630191654,0.004552617003859665,0.013528140428222007
i800,Patch_8_9mps,forested,500,1000,100,19460,4.857772435897436,0.009345715737063824,0.00464433645086037,0.014124575409207672
i800,Patch_8_9mps,forested,500,1000,100,19460,4.9579326923076925,0.009342280644473854,0.0040269660484795805,0.01374350092342668
i800,Patch_8_9mps,forested,500,1000,100,19460,5.058092948717949,0.009379039585026717,0.003693398931810307,0.013829821630046053
i800,Patch_8_9mps,forested,500,1000,100,19460,5.158253205128205,0.009438186026273426,0.004042331296566412,0.014464882513911488
i800,Patch_8_9mps,forested,500,1000,100,19460,5.258413461538462,0.009523457761181938,0.003916607045655839,0.014627180439393867
i800,Patch_8_9mps,forested,500,1000,100,19460,5.358573717948718,0.009633813359289011,0.004295741628987256,0.014605815929969316
i800,Patch_8_9mps,forested,500,1000,100,19460,5.4587339743589745,0.00977228436199844,0.0038144292258540605,0.014800653497382132
i800,Patch_8_9mps,forested,500,1000,100,19460,5.558894230769231,0.00992371905597049,0.004161737156936208,0.014947558826499764
i800,Patch_8_9mps,forested,500,1000,100,19460,5.659054487179487,0.010089076071593466,0.004098655896322599,0.015013980303368864
i800,Patch_8_9mps,forested,500,1000,100,19460,5.759214743589744,0.010259150506334276,0.004376569797497613,0.015117166281315885
i800,Patch_8_9mps,forested,500,1000,100,19460,5.859375,0.010433980577768008,0.004829383444835712,0.015448034011429924
i800,Patch_8_9mps,forested,500,1000,100,19460,5.959535256410256,0.010607583415090285,0.004991686688054555,0.015351873945753387
i800,Patch_8_9mps,forested,500,1000,100,19460,6.059695512820513,0.010777789578324742,0.005001426423430663,0.01574347818126502
i800,Patch_8_9mps,forested,500,1000,100,19460,6.159855769230769,0.010933063285668877,0.00496878640830629,0.01597613630572335
i800,Patch_8_9mps,forested,500,1000,100,19460,6.2600160256410255,0.011080766735950473,0.005210485417375258,0.01591746726282804
i800,Patch_8_9mps,forested,500,1000,100,19460,6.360176282051282,0.011228213806883365,0.005105331395026089,0.01630399582636134
i800,Patch_8_9mps,forested,500,1000,100,19460,6.460336538461538,0.01137937642118582,0.00508945171041122,0.01656985075243312
i800,Patch_8_9mps,forested,500,1000,100,19460,6.560496794871795,0.011538207124487266,0.004925900906192127,0.01651012802190574
i800,Patch_8_9mps,forested,500,1000,100,19460,6.660657051282051,0.011690156271589019,0.005036090728386364,0.016314407349501073
i800,Patch_8_9mps,forested,500,1000,100,19460,6.7608173076923075,0.01181813985470086,0.0049961587299275165,0.016279595337005195
i800,Patch_8_9mps,forested,500,1000,100,19460,6.860977564102564,0.011930749360112855,0.004998647586954868,0.016814501079941355
i800,Patch_8_9mps,forested,500,1000,100,19460,6.96113782051282,0.012036786269791383,0.005047626801759604,0.017030328020132976
i800,Patch_8_9mps,forested,500,1000,100,19460,7.061298076923077,0.012131783227060256,0.005505285213723455,0.01738527320041181
i800,Patch_8_9mps,forested,500,1000,100,19460,7.161458333333333,0.01220366920817247,0.005335361251224759,0.017194278285852974
i800,Patch_8_9mps,forested,500,1000,100,19460,7.261618589743589,0.012255401808307418,0.005258735300963807,0.01697293398256087
i800,Patch_8_9mps,forested,500,1000,100,19460,7.361778846153846,0.012300794271445653,0.005044194701623249,0.017128505203324703
i800,Patch_8_9mps,forested,500,1000,100,19460,7.461939102564102,0.012354762201094476,0.005033096470351015,0.017502689418210756
i800,Patch_8_9mps,forested,500,1000,100,19460,7.562099358974359,0.01242141848959718,0.005102623635879124,0.01740551528288177
i800,Patch_8_9mps,forested,500,1000,100,19460,7.662259615384615,0.012505465988063182,0.005093818447907263,0.01758711341396383
i800,Patch_8_9mps,forested,500,1000,100,19460,7.762419871794871,0.012601927682944016,0.005075047467923296,0.01765281571573852
i800,Patch_8_9mps,forested,500,1000,100,19460,7.862580128205129,0.012682230970637415,0.004936420540960322,0.0177079098729728
i800,Patch_8_9mps,forested,500,1000,100,19460,7.962740384615385,0.012737039963738808,0.005272601477783701,0.017857951488323413
i800,Patch_8_9mps,forested,500,1000,100,19460,8.06290064102564,0.01278673088849825,0.0055892227282960385,0.01781135711506799
i800,Patch_8_9mps,forested,500,1000,100,19460,8.163060897435898,0.012853891612994672,0.005863028512149953,0.01801514106201822
i800,Patch_8_9mps,forested,500,1000,100,19460,8.263221153846153,0.012943932058654718,0.005990843819097409,0.01831414126764855
i800,Patch_8_9mps,forested,500,1000,100,19460,8.36338141025641,0.013045266186121974,0.005949689172923892,0.01857832145943892
i800,Patch_8_9mps,forested,500,1000,100,19460,8.463541666666666,0.01315372065881737,0.005998207491221856,0.018592964757748104
i800,Patch_8_9mps,forested,500,1000,100,19460,8.563701923076923,0.013253095928912889,0.005858890044324245,0.018723742652075277
i800,Patch_8_9mps,forested,500,1000,100,19460,8.663862179487179,0.01334582258829679,0.005907895155370804,0.01847624649922602
i800,Patch_8_9mps,forested,500,1000,100,19460,8.764022435897436,0.01343700725986019,0.006149302788051094,0.018603579789909296
i800,Patch_8_9mps,forested,500,1000,100,19460,8.864182692307692,0.013525545342864214,0.006195998391385775,0.01844547356168987
i800,Patch_8_9mps,forested,500,1000,100,19460,8.964342948717949,0.01361561539178816,0.006286196889592375,0.018381145592443644
i800,Patch_8_9mps,forested,500,1000,100,19460,9.064503205128204,0.01371671401526996,0.006441608830590654,0.018436329235863285
i800,Patch_8_9mps,forested,500,1000,100,19460,9.164663461538462,0.013832401426064981,0.006275248847881284,0.018385580730512722
i800,Patch_8_9mps,forested,500,1000,100,19460,9.264823717948717,0.013950180411773278,0.0063771017281802015,0.01837376902544734
i800,Patch_8_9mps,forested,500,1000,100,19460,9.364983974358974,0.01403594578584233,0.0066794841254277405,0.01864899489777643
i800,Patch_8_9mps,forested,500,1000,100,19460,9.46514423076923,0.014095448171440905,0.006518890059438809,0.018944674062847347
i800,Patch_8_9mps,forested,500,1000,100,19460,9.565304487179487,0.014151226080657857,0.00663229087028634,0.019160420177267892
i800,Patch_8_9mps,forested,500,1000,100,19460,9.665464743589743,0.014204815693704003,0.006700867008818348,0.01909437068741076
i800,Patch_8_9mps,forested,500,1000,100,19460,9.765625,0.014233226404571912,0.006560856619682394,0.01954550311841551
i800,Patch_8_9mps,forested,500,1000,100,19460,9.865785256410257,0.01424151612175511,0.006488793638947759,0.019760942253391298
i800,Patch_8_9mps,forested,500,1000,100,19460,9.965945512820513,0.014251774876178189,0.006134126360638726,0.02020071443989853
i800,Patch_8_9mps,open_gap,1,1000,100,46076,0.05008012820512821,0.43650951346217165,0.16068650474783863,0.6348844714494679
i800,Patch_8_9mps,open_gap,1,1000,100,46076,0.1502403846153846,0.36372485474916766,0.18366293660896962,0.4513969964419908
i800,Patch_8_9mps,open_gap,1,1000,100,46076,0.250400641025641,0.3574671000424876,0.19142872838370228,0.44006716046690975
i800,Patch_8_9mps,open_gap,1,1000,100,46076,0.3505608974358974,0.36905495353197393,0.15000570613323144,0.4376385402648027
i800,Patch_8_9mps,open_gap,1,1000,100,46076,0.45072115384615385,0.3870545357824679,0.1392159017179398,0.46619027628636345
i800,Patch_8_9mps,open_gap,1,1000,100,46076,0.5508814102564102,0.4085313585074266,0.15385456041132292,0.47242329613644135
i800,Patch_8_9mps,open_gap,1,1000,100,46076,0.6510416666666666,0.43841205502822866,0.18989944677171886,0.5096993074696087
i800,Patch_8_9mps,open_gap,1,1000,100,46076,0.7512019230769231,0.4592264580189538,0.18862899828732685,0.5233370110171326
i800,Patch_8_9mps,open_gap,1,1000,100,46076,0.8513621794871795,0.46755054694409287,0.18906780055567138,0.5323789119991014
i800,Patch_8_9mps,open_gap,1,1000,100,46076,0.9515224358974359,0.4649873837488585,0.17309080002589589,0.5382632809016012
i800,Patch_8_9mps,open_gap,1,1000,100,46076,1.0516826923076923,0.45502852218419676,0.18278599809286478,0.5243973758808371
i800,Patch_8_9mps,open_gap,1,1000,100,46076,1.1518429487179487,0.44321288194834607,0.17886317028730858,0.518410766960753
i800,Patch_8_9mps,open_gap,1,1000,100,46076,1.252003205128205,0.43136960318191503,0.1811850863583477,0.5110776092027635
i800,Patch_8_9mps,open_gap,1,1000,100,46076,1.3521634615384615,0.4194737299478314,0.17697842969000654,0.5021222347262725
i800,Patch_8_9mps,open_gap,1,1000,100,46076,1.4523237179487178,0.4115267543971606,0.17034044389267017,0.5024130360417005
i800,Patch_8_9mps,open_gap,1,1000,100,46076,1.5524839743589745,0.4038385029334793,0.15994332807415515,0.4762021757275516
i800,Patch_8_9mps,open_gap,1,1000,100,46076,1.6526442307692308,0.3940583393839953,0.16469934573661613,0.45892974323546976
i800,Patch_8_9mps,open_gap,1,1000,100,46076,1.7528044871794872,0.38364887363290845,0.17578647543150303,0.4419584784025199
i800,Patch_8_9mps,open_gap,1,1000,100,46076,1.8529647435897436,0.37212168175378096,0.16794755354008156,0.43466149083571326
i800,Patch_8_9mps,open_gap,1,1000,100,46076,1.953125,0.3592670921826064,0.15808031637303596,0.42824089138107524
i800,Patch_8_9mps,open_gap,1,1000,100,46076,2.0532852564102564,0.34589401718177015,0.14118934036789166,0.41427172423483793
i800,Patch_8_9mps,open_gap,1,1000,100,46076,2.1534455128205128,0.33172202422183006,0.1387571151603445,0.40093774524579756
i800,Patch_8_9mps,open_gap,1,1000,100,46076,2.253605769230769,0.31711109686923566,0.14394117386102484,0.4033109077691978
i800,Patch_8_9mps,open_gap,1,1000,100,46076,2.3537660256410255,0.3023067989174116,0.12894009740216977,0.3909678360061847
i800,Patch_8_9mps,open_gap,1,1000,100,46076,2.453926282051282,0.2871204274775641,0.12174947048653509,0.3684464209465815
i800,Patch_8_9mps,open_gap,1,1000,100,46076,2.5540865384615383,0.27281895913448173,0.09962470036025714,0.37132600903122365
i800,Patch_8_9mps,open_gap,1,1000,100,46076,2.6542467948717947,0.25851799904774525,0.0794348460179506,0.3687571193392071
i800,Patch_8_9mps,open_gap,1,1000,100,46076,2.754407051282051,0.2464851590955135,0.08871681423786601,0.35188759134443154
i800,Patch_8_9mps,open_gap,1,1000,100,46076,2.8545673076923075,0.23606755588862152,0.09867945955755925,0.3342560295483328
i800,Patch_8_9mps,open_gap,1,1000,100,46076,2.9547275641025643,0.2265080815682562,0.09076690433052789,0.3199995853061761
i800,Patch_8_9mps,open_gap,1,1000,100,46076,3.0548878205128207,0.21772607619716247,0.08666588177410928,0.30201868170508145
i800,Patch_8_9mps,open_gap,1,1000,100,46076,3.155048076923077,0.21054222023367875,0.07719726376181502,0.28096342439469457
i800,Patch_8_9mps,open_gap,1,1000,100,46076,3.2552083333333335,0.20442693011646015,0.08024639564030203,0.2736705191117783
i800,Patch_8_9mps,open_gap,1,1000,100,46076,3.35536858974359,0.1984566955514254,0.08457781646371891,0.26116338616093543
i800,Patch_8_9mps,open_gap,1,1000,100,46076,3.4555288461538463,0.19219816845875065,0.08366763641211408,0.2552591499191683
i800,Patch_8_9mps,open_gap,1,1000,100,46076,3.5556891025641026,0.18588706277573233,0.07478288696707441,0.24794633535490085
i800,Patch_8_9mps,open_gap,1,1000,100,46076,3.655849358974359,0.1807396604758702,0.06429806946626326,0.2389336221152524
i800,Patch_8_9mps,open_gap,1,1000,100,46076,3.7560096153846154,0.17670726647736795,0.06024260860058305,0.24023566660809828
i800,Patch_8_9mps,open_gap,1,1000,100,46076,3.856169871794872,0.17490231853833385,0.05985087990300201,0.24132518283136445
i800,Patch_8_9mps,open_gap,1,1000,100,46076,3.956330128205128,0.17467852444249313,0.05664696361917687,0.2456174828707005
i800,Patch_8_9mps,open_gap,1,1000,100,46076,4.056490384615385,0.17496120055414732,0.0561393008112758,0.2470915033761747
i800,Patch_8_9mps,open_gap,1,1000,100,46076,4.156650641025641,0.1760682757963279,0.05761697265828594,0.25629875580310524
i800,Patch_8_9mps,open_gap,1,1000,100,46076,4.256810897435898,0.17764594504713338,0.06356167648592909,0.25829216689495677
i800,Patch_8_9mps,open_gap,1,1000,100,46076,4.356971153846154,0.1787984058962698,0.073310795599852,0.26269390480270194
i800,Patch_8_9mps,open_gap,1,1000,100,46076,4.457131410256411,0.1798607947210925,0.0703692345390005,0.27010471304215744
i800,Patch_8_9mps,open_gap,1,1000,100,46076,4.557291666666667,0.18127595384061215,0.06458857416117567,0.27406223379575506
i800,Patch_8_9mps,open_gap,1,1000,100,46076,4.657451923076923,0.1826859091651993,0.06574849406056758,0.28566741752507196
i800,Patch_8_9mps,open_gap,1,1000,100,46076,4.75761217948718,0.18397366367323023,0.06785374323799583,0.28416895265382036
i800,Patch_8_9mps,open_gap,1,1000,100,46076,4.857772435897436,0.1859846438844439,0.07259170590135233,0.28423753303315424
i800,Patch_8_9mps,open_gap,1,1000,100,46076,4.9579326923076925,0.18790856438361891,0.08111061823860834,0.2836819696922504
i800,Patch_8_9mps,open_gap,1,1000,100,46076,5.058092948717949,0.18926322986827215,0.07918454921307928,0.2876982722379213
i800,Patch_8_9mps,open_gap,1,1000,100,46076,5.158253205128205,0.19027869790819282,0.07869233334761581,0.29078124971214975
i800,Patch_8_9mps,open_gap,1,1000,100,46076,5.258413461538462,0.19229973653675486,0.0818581554893093,0.3024376672623085
i800,Patch_8_9mps,open_gap,1,1000,100,46076,5.358573717948718,0.19479654745248054,0.0809420189806603,0.3040777386711355
i800,Patch_8_9mps,open_gap,1,1000,100,46076,5.4587339743589745,0.19759787568126316,0.07140190986508149,0.3027955662507942
i800,Patch_8_9mps,open_gap,1,1000,100,46076,5.558894230769231,0.20065332520614682,0.07142611728950764,0.3081176866637819
i800,Patch_8_9mps,open_gap,1,1000,100,46076,5.659054487179487,0.20492195024638568,0.07407840966544274,0.31585884684147963
i800,Patch_8_9mps,open_gap,1,1000,100,46076,5.759214743589744,0.2096002757151595,0.07381355408683146,0.3291526686801418
i800,Patch_8_9mps,open_gap,1,1000,100,46076,5.859375,0.21404369973739196,0.0768773248699746,0.34401091852575694
i800,Patch_8_9mps,open_gap,1,1000,100,46076,5.959535256410256,0.2188131282850197,0.07643173937959984,0.34822867305062194
i800,Patch_8_9mps,open_gap,1,1000,100,46076,6.059695512820513,0.22365183008364212,0.07861181051206628,0.3427223423315735
i800,Patch_8_9mps,open_gap,1,1000,100,46076,6.159855769230769,0.22792789433337574,0.0833318333362523,0.3410334803752671
i800,Patch_8_9mps,open_gap,1,1000,100,46076,6.2600160256410255,0.23146850882300637,0.09230649213298704,0.34223015280153457
i800,Patch_8_9mps,open_gap,1,1000,100,46076,6.360176282051282,0.23479871816451453,0.09938235566984127,0.3452265137660949
i800,Patch_8_9mps,open_gap,1,1000,100,46076,6.460336538461538,0.23807939409955242,0.1003890177930227,0.3486539573937751
i800,Patch_8_9mps,open_gap,1,1000,100,46076,6.560496794871795,0.24152967751552254,0.10442328690419282,0.35686573856814074
i800,Patch_8_9mps,open_gap,1,1000,100,46076,6.660657051282051,0.2455011148150303,0.1063446601681863,0.357151678198651
i800,Patch_8_9mps,open_gap,1,1000,100,46076,6.7608173076923075,0.24962865451140842,0.10855021669357415,0.3552078052309201
i800,Patch_8_9mps,open_gap,1,1000,100,46076,6.860977564102564,0.25363937646887896,0.11007440083533884,0.3576816500027007
i800,Patch_8_9mps,open_gap,1,1000,100,46076,6.96113782051282,0.2571762919164354,0.11495895498090292,0.3614858688063465
i800,Patch_8_9mps,open_gap,1,1000,100,46076,7.061298076923077,0.2603376381782446,0.11900541347724582,0.3663352104033477
i800,Patch_8_9mps,open_gap,1,1000,100,46076,7.161458333333333,0.2635488273690277,0.12578416412892765,0.37240780582594385
i800,Patch_8_9mps,open_gap,1,1000,100,46076,7.261618589743589,0.26673632967440886,0.1246300588438504,0.3791205696328548
i800,Patch_8_9mps,open_gap,1,1000,100,46076,7.361778846153846,0.26998140280016253,0.1228866171845617,0.3841567412864217
i800,Patch_8_9mps,open_gap,1,1000,100,46076,7.461939102564102,0.2732129525496918,0.12623757613380326,0.38979518072373803
i800,Patch_8_9mps,open_gap,1,1000,100,46076,7.562099358974359,0.2761029102742181,0.12658404930687325,0.3879109177218205
i800,Patch_8_9mps,open_gap,1,1000,100,46076,7.662259615384615,0.2785186857297726,0.12768547484263532,0.3828878991029205
i800,Patch_8_9mps,open_gap,1,1000,100,46076,7.762419871794871,0.2804588569907488,0.12590257525340898,0.38324017246263486
i800,Patch_8_9mps,open_gap,1,1000,100,46076,7.862580128205129,0.2818674221070509,0.12426966136795475,0.3858172067997997
i800,Patch_8_9mps,open_gap,1,1000,100,46076,7.962740384615385,0.2831375568148511,0.1269112165868896,0.3949014558420136
i800,Patch_8_9mps,open_gap,1,1000,100,46076,8.06290064102564,0.2847379934721174,0.12880576090865425,0.4006376624853817
i800,Patch_8_9mps,open_gap,1,1000,100,46076,8.163060897435898,0.2866975097286392,0.13044071561227738,0.40561103785023067
i800,Patch_8_9mps,open_gap,1,1000,100,46076,8.263221153846153,0.28871539042993943,0.12502056686658822,0.41199377294017436
i800,Patch_8_9mps,open_gap,1,1000,100,46076,8.36338141025641,0.29054609712817897,0.12492996285388225,0.4151184488450453
i800,Patch_8_9mps,open_gap,1,1000,100,46076,8.463541666666666,0.2923068052611428,0.12435127269922343,0.418857632117378
i800,Patch_8_9mps,open_gap,1,1000,100,46076,8.563701923076923,0.2941490453615499,0.12699240811754264,0.42319404135514727
i800,Patch_8_9mps,open_gap,1,1000,100,46076,8.663862179487179,0.29584435096177275,0.13304388254679378,0.42581831875732545
i800,Patch_8_9mps,open_gap,1,1000,100,46076,8.764022435897436,0.2971737632919617,0.13703953015321896,0.4278787004531654
i800,Patch_8_9mps,open_gap,1,1000,100,46076,8.864182692307692,0.29834770343882383,0.1349984344346205,0.4304904806720431
i800,Patch_8_9mps,open_gap,1,1000,100,46076,8.964342948717949,0.29948867429365816,0.1363428115028479,0.433227529220461
i800,Patch_8_9mps,open_gap,1,1000,100,46076,9.064503205128204,0.3006231258892721,0.13388220165333595,0.4324692538089163
i800,Patch_8_9mps,open_gap,1,1000,100,46076,9.164663461538462,0.30163644978144877,0.13048453747137373,0.42840624229114643
i800,Patch_8_9mps,open_gap,1,1000,100,46076,9.264823717948717,0.302516482097572,0.12807183342527337,0.4255559652292107
i800,Patch_8_9mps,open_gap,1,1000,100,46076,9.364983974358974,0.3032987951611164,0.12791595031937486,0.4227248566036627
i800,Patch_8_9mps,open_gap,1,1000,100,46076,9.46514423076923,0.30401138596426397,0.12571038015950944,0.4253692393235615
i800,Patch_8_9mps,open_gap,1,1000,100,46076,9.565304487179487,0.30465859925194566,0.12488684280466378,0.4261270181418544
i800,Patch_8_9mps,open_gap,1,1000,100,46076,9.665464743589743,0.305500971102948,0.12489731220928783,0.42423237376727485
i800,Patch_8_9mps,open_gap,1,1000,100,46076,9.765625,0.306413388083617,0.1256211592044423,0.4208608421074444
i800,Patch_8_9mps,open_gap,1,1000,100,46076,9.865785256410257,0.3069784458085778,0.12739529465314878,0.4176600764562952
i800,Patch_8_9mps,open_gap,1,1000,100,46076,9.965945512820513,0.3071848614673664,0.12565531563928697,0.4158787417619444
i800,Patch_8_9mps,open_gap,10,1000,100,46076,0.05008012820512821,0.14476867263903517,0.06377423776904809,0.1877600938479987
i800,Patch_8_9mps,open_gap,10,1000,100,46076,0.1502403846153846,0.11516224765967281,0.050275412642599646,0.16713463857890531
i800,Patch_8_9mps,open_gap,10,1000,100,46076,0.250400641025641,0.11724878145013402,0.04742138862504934,0.16828517149420816
i800,Patch_8_9mps,open_gap,10,1000,100,46076,0.3505608974358974,0.13390732504508251,0.041200656878346675,0.19130247634773562
i800,Patch_8_9mps,open_gap,10,1000,100,46076,0.45072115384615385,0.15196169208262122,0.0678266761872305,0.21816387237534965
i800,Patch_8_9mps,open_gap,10,1000,100,46076,0.5508814102564102,0.16592127040547947,0.06302196904152285,0.23253334267793835
i800,Patch_8_9mps,open_gap,10,1000,100,46076,0.6510416666666666,0.17458679064950522,0.06554809656022126,0.2336808820209363
i800,Patch_8_9mps,open_gap,10,1000,100,46076,0.7512019230769231,0.17911579795212737,0.07500097895054428,0.24697364422974522
i800,Patch_8_9mps,open_gap,10,1000,100,46076,0.8513621794871795,0.17858641752494153,0.07549669479861022,0.25064049820037665
i800,Patch_8_9mps,open_gap,10,1000,100,46076,0.9515224358974359,0.17308692474089873,0.07815978648721768,0.25382891080404263
i800,Patch_8_9mps,open_gap,10,1000,100,46076,1.0516826923076923,0.166890290422769,0.06960180326732414,0.24820922311682853
i800,Patch_8_9mps,open_gap,10,1000,100,46076,1.1518429487179487,0.1621619905169026,0.06944113975131797,0.24918357402406538
i800,Patch_8_9mps,open_gap,10,1000,100,46076,1.252003205128205,0.15716254083329706,0.06078181860422049,0.25647452613911437
i800,Patch_8_9mps,open_gap,10,1000,100,46076,1.3521634615384615,0.15214176895009587,0.05573168341908015,0.2383874131523617
i800,Patch_8_9mps,open_gap,10,1000,100,46076,1.4523237179487178,0.14695261295790943,0.054432437638878214,0.2252808246959611
i800,Patch_8_9mps,open_gap,10,1000,100,46076,1.5524839743589745,0.1419947315816253,0.05400084886772095,0.21668728335091392
i800,Patch_8_9mps,open_gap,10,1000,100,46076,1.6526442307692308,0.13786485211978575,0.05396464305943078,0.21158639684929992
i800,Patch_8_9mps,open_gap,10,1000,100,46076,1.7528044871794872,0.13360295713762485,0.051756929284603626,0.20017525163909092
i800,Patch_8_9mps,open_gap,10,1000,100,46076,1.8529647435897436,0.12898716910646646,0.0548684699036169,0.18933564757279528
i800,Patch_8_9mps,open_gap,10,1000,100,46076,1.953125,0.124236292036844,0.05691953204785958,0.1746696655976093
i800,Patch_8_9mps,open_gap,10,1000,100,46076,2.0532852564102564,0.11904330877830736,0.05587501924573811,0.1669702597307768
i800,Patch_8_9mps,open_gap,10,1000,100,46076,2.1534455128205128,0.11347303148061885,0.053604975243734865,0.16684996474876468
i800,Patch_8_9mps,open_gap,10,1000,100,46076,2.253605769230769,0.1083265626905575,0.057609071269937896,0.14951768058602252
i800,Patch_8_9mps,open_gap,10,1000,100,46076,2.3537660256410255,0.10308429334465304,0.05215608466371759,0.14392293328614264
i800,Patch_8_9mps,open_gap,10,1000,100,46076,2.453926282051282,0.0983273669069515,0.04252272995996287,0.1436279317004634
i800,Patch_8_9mps,open_gap,10,1000,100,46076,2.5540865384615383,0.0933803603378644,0.033198577743334685,0.1319558671951966
i800,Patch_8_9mps,open_gap,10,1000,100,46076,2.6542467948717947,0.0885643996298331,0.03275385351660912,0.12372233062975196
i800,Patch_8_9mps,open_gap,10,1000,100,46076,2.754407051282051,0.08426183294607763,0.030495878057617637,0.12156491756886519
i800,Patch_8_9mps,open_gap,10,1000,100,46076,2.8545673076923075,0.08111484724501418,0.03248439094371817,0.1115986272164913
i800,Patch_8_9mps,open_gap,10,1000,100,46076,2.9547275641025643,0.07860053388318039,0.03249197937917007,0.10920805177150743
i800,Patch_8_9mps,open_gap,10,1000,100,46076,3.0548878205128207,0.07610629739274853,0.03085432525911489,0.10763403295234887
i800,Patch_8_9mps,open_gap,10,1000,100,46076,3.155048076923077,0.0740353150763152,0.030717742035259253,0.10466042384725985
i800,Patch_8_9mps,open_gap,10,1000,100,46076,3.2552083333333335,0.07205889260126408,0.03061219928944337,0.10301547130988603
i800,Patch_8_9mps,open_gap,10,1000,100,46076,3.35536858974359,0.07041320494601157,0.030588672859025487,0.1015849916494918
i800,Patch_8_9mps,open_gap,10,1000,100,46076,3.4555288461538463,0.0686766100807878,0.03347464934122574,0.10052592815318837
i800,Patch_8_9mps,open_gap,10,1000,100,46076,3.5556891025641026,0.06664177839653185,0.03136304913701926,0.1047247794325695
i800,Patch_8_9mps,open_gap,10,1000,100,46076,3.655849358974359,0.06448951649744582,0.030378390371864822,0.10243378420674958
i800,Patch_8_9mps,open_gap,10,1000,100,46076,3.7560096153846154,0.06225122411073621,0.026821795438417596,0.08920595545507264
i800,Patch_8_9mps,open_gap,10,1000,100,46076,3.856169871794872,0.059900984314252906,0.022469017316371017,0.08500867353716349
i800,Patch_8_9mps,open_gap,10,1000,100,46076,3.956330128205128,0.05788653249484084,0.022483012839185294,0.08145660296675722
i800,Patch_8_9mps,open_gap,10,1000,100,46076,4.056490384615385,0.0560536591096571,0.01779024769212982,0.07858530797675992
i800,Patch_8_9mps,open_gap,10,1000,100,46076,4.156650641025641,0.05485141803087738,0.018246777350193685,0.0792726650662561
i800,Patch_8_9mps,open_gap,10,1000,100,46076,4.256810897435898,0.05389326119886578,0.015421510771346375,0.08060674591086484
i800,Patch_8_9mps,open_gap,10,1000,100,46076,4.356971153846154,0.05326737505705728,0.016262382150525622,0.08359581406420423
i800,Patch_8_9mps,open_gap,10,1000,100,46076,4.457131410256411,0.052783663218721355,0.0161624111502733,0.08342530666531411
i800,Patch_8_9mps,open_gap,10,1000,100,46076,4.557291666666667,0.05258792408468507,0.014279336292573882,0.08171382889552509
i800,Patch_8_9mps,open_gap,10,1000,100,46076,4.657451923076923,0.05284844444183843,0.016626969783364014,0.08210882043043358
i800,Patch_8_9mps,open_gap,10,1000,100,46076,4.75761217948718,0.05348098347984432,0.017078587023114957,0.08373271538948887
i800,Patch_8_9mps,open_gap,10,1000,100,46076,4.857772435897436,0.054545722301476536,0.019345780399903312,0.0860870926516794
i800,Patch_8_9mps,open_gap,10,1000,100,46076,4.9579326923076925,0.05568113970855662,0.01823305401530134,0.0914600299667671
i800,Patch_8_9mps,open_gap,10,1000,100,46076,5.058092948717949,0.05675208855247718,0.018042027316268902,0.09292883024299242
i800,Patch_8_9mps,open_gap,10,1000,100,46076,5.158253205128205,0.05788356882762595,0.02028114481543337,0.09183132881986392
i800,Patch_8_9mps,open_gap,10,1000,100,46076,5.258413461538462,0.05889861911688902,0.02191676298844856,0.09014218112753922
i800,Patch_8_9mps,open_gap,10,1000,100,46076,5.358573717948718,0.05983543469936408,0.02344972856427325,0.08710472512061268
i800,Patch_8_9mps,open_gap,10,1000,100,46076,5.4587339743589745,0.060785108240515855,0.0251792555669172,0.0851278458678862
i800,Patch_8_9mps,open_gap,10,1000,100,46076,5.558894230769231,0.0616853540487156,0.02606424715974487,0.08639343770246485
i800,Patch_8_9mps,open_gap,10,1000,100,46076,5.659054487179487,0.06261178430711636,0.025913703862489906,0.08995432708926461
i800,Patch_8_9mps,open_gap,10,1000,100,46076,5.759214743589744,0.0634504557917543,0.025651161531701817,0.09011366764218255
i800,Patch_8_9mps,open_gap,10,1000,100,46076,5.859375,0.06416770107298497,0.02634431823399541,0.08993450028117406
i800,Patch_8_9mps,open_gap,10,1000,100,46076,5.959535256410256,0.06480102942072698,0.027115780741727078,0.08914229136158612
i800,Patch_8_9mps,open_gap,10,1000,100,46076,6.059695512820513,0.06538539477037801,0.027810520661599884,0.08841046810012383
i800,Patch_8_9mps,open_gap,10,1000,100,46076,6.159855769230769,0.06608233808703198,0.0284526422710359,0.09055647985543809
i800,Patch_8_9mps,open_gap,10,1000,100,46076,6.2600160256410255,0.06689425718670798,0.028552359982665993,0.09177186523766928
i800,Patch_8_9mps,open_gap,10,1000,100,46076,6.360176282051282,0.06773126002483233,0.029431324456492852,0.09305394244044533
i800,Patch_8_9mps,open_gap,10,1000,100,46076,6.460336538461538,0.06869822669426992,0.028865360554371923,0.09368031530893962
i800,Patch_8_9mps,open_gap,10,1000,100,46076,6.560496794871795,0.06960774153888241,0.03146083633383678,0.09431102246219526
i800,Patch_8_9mps,open_gap,10,1000,100,46076,6.660657051282051,0.07056759914757096,0.03210059357154667,0.09531000950745698
i800,Patch_8_9mps,open_gap,10,1000,100,46076,6.7608173076923075,0.07152716055192193,0.034055087965697464,0.09757355464233257
i800,Patch_8_9mps,open_gap,10,1000,100,46076,6.860977564102564,0.07240313600686837,0.035669066591724516,0.09950290406455342
i800,Patch_8_9mps,open_gap,10,1000,100,46076,6.96113782051282,0.0733211959023124,0.03522485185982106,0.09831991400151406
i800,Patch_8_9mps,open_gap,10,1000,100,46076,7.061298076923077,0.07424668946381538,0.0356599530061842,0.09953674905619794
i800,Patch_8_9mps,open_gap,10,1000,100,46076,7.161458333333333,0.07501663889848331,0.03573448396115843,0.09869666776559596
i800,Patch_8_9mps,open_gap,10,1000,100,46076,7.261618589743589,0.07568927841117595,0.03675788135238134,0.09895511669547863
i800,Patch_8_9mps,open_gap,10,1000,100,46076,7.361778846153846,0.07639772587695129,0.03836481656484133,0.09911027942038657
i800,Patch_8_9mps,open_gap,10,1000,100,46076,7.461939102564102,0.07709753747262257,0.03648011359038274,0.09820986732602133
i800,Patch_8_9mps,open_gap,10,1000,100,46076,7.562099358974359,0.0777026499223646,0.036219820144513803,0.10057733308502977
i800,Patch_8_9mps,open_gap,10,1000,100,46076,7.662259615384615,0.07823306977678764,0.03479125875541621,0.0999391741382355
i800,Patch_8_9mps,open_gap,10,1000,100,46076,7.762419871794871,0.07873088077557253,0.03367482813253092,0.09898720094655729
i800,Patch_8_9mps,open_gap,10,1000,100,46076,7.862580128205129,0.0792003718401,0.03530404260677747,0.09980067840439495
i800,Patch_8_9mps,open_gap,10,1000,100,46076,7.962740384615385,0.07971290328489686,0.035251680696901266,0.09992310254956724
i800,Patch_8_9mps,open_gap,10,1000,100,46076,8.06290064102564,0.0802816364373564,0.03231684266083492,0.09952416234509207
i800,Patch_8_9mps,open_gap,10,1000,100,46076,8.163060897435898,0.0809188003122366,0.031905865261519936,0.10026063216743607
i800,Patch_8_9mps,open_gap,10,1000,100,46076,8.263221153846153,0.08156924347513154,0.03130209899474539,0.10040897643125714
i800,Patch_8_9mps,open_gap,10,1000,100,46076,8.36338141025641,0.08224270406108064,0.03124373899348022,0.10051039588982617
i800,Patch_8_9mps,open_gap,10,1000,100,46076,8.463541666666666,0.0830379873718018,0.03234301924023893,0.10174557142709321
i800,Patch_8_9mps,open_gap,10,1000,100,46076,8.563701923076923,0.08392011084077661,0.034560963765593374,0.1037608324885294
i800,Patch_8_9mps,open_gap,10,1000,100,46076,8.663862179487179,0.08484478374876225,0.038216610338425085,0.10538484235612573
i800,Patch_8_9mps,open_gap,10,1000,100,46076,8.764022435897436,0.08575359228909096,0.040565227788900635,0.10684830668494606
i800,Patch_8_9mps,open_gap,10,1000,100,46076,8.864182692307692,0.0866126366141445,0.04110120081765963,0.1082892077118853
i800,Patch_8_9mps,open_gap,10,1000,100,46076,8.964342948717949,0.08742409292109363,0.04291199520347502,0.10739395000836399
i800,Patch_8_9mps,open_gap,10,1000,100,46076,9.064503205128204,0.08810438500760899,0.045628075353897284,0.10936591941556466
i800,Patch_8_9mps,open_gap,10,1000,100,46076,9.164663461538462,0.08861195440646508,0.047226138844787456,0.1121466590999594
i800,Patch_8_9mps,open_gap,10,1000,100,46076,9.264823717948717,0.08903494180476644,0.0481839539538935,0.11481955743946055
i800,Patch_8_9mps,open_gap,10,1000,100,46076,9.364983974358974,0.08941978659883955,0.047393332240708894,0.11558135893798194
i800,Patch_8_9mps,open_gap,10,1000,100,46076,9.46514423076923,0.08975578623884474,0.04508285624987197,0.11599627873144308
i800,Patch_8_9mps,open_gap,10,1000,100,46076,9.565304487179487,0.09013296159505653,0.042731536443924356,0.1159772862681673
i800,Patch_8_9mps,open_gap,10,1000,100,46076,9.665464743589743,0.09056256560213045,0.042583614657717095,0.11659529877530428
i800,Patch_8_9mps,open_gap,10,1000,100,46076,9.765625,0.0910599833099497,0.041706329169050545,0.11876907898242937
i800,Patch_8_9mps,open_gap,10,1000,100,46076,9.865785256410257,0.09163167691110788,0.04139817984489079,0.12057476134805142
i800,Patch_8_9mps,open_gap,10,1000,100,46076,9.965945512820513,0.09224661434546942,0.04184565973442838,0.12232529624944319
i800,Patch_8_9mps,open_gap,50,1000,100,46076,0.05008012820512821,0.05300968946334316,0.019922846899551074,0.07851741407165808
i800,Patch_8_9mps,open_gap,50,1000,100,46076,0.1502403846153846,0.04786814668270114,0.020559728542013454,0.06563750540139271
i800,Patch_8_9mps,open_gap,50,1000,100,46076,0.250400641025641,0.05583050571491026,0.025941271857956232,0.08820060329992792
i800,Patch_8_9mps,open_gap,50,1000,100,46076,0.3505608974358974,0.06419854999875141,0.030828701242374,0.09742671417288955
i800,Patch_8_9mps,open_gap,50,1000,100,46076,0.45072115384615385,0.07094346513454386,0.032285935598869796,0.10625606325742389
i800,Patch_8_9mps,open_gap,50,1000,100,46076,0.5508814102564102,0.07697033883878893,0.03100972085221475,0.11395894366808358
i800,Patch_8_9mps,open_gap,50,1000,100,46076,0.6510416666666666,0.08149548314741052,0.03249354905507701,0.11882097775802902
i800,Patch_8_9mps,open_gap,50,1000,100,46076,0.7512019230769231,0.08367295360275044,0.033775638362498646,0.12594898618199782
i800,Patch_8_9mps,open_gap,50,1000,100,46076,0.8513621794871795,0.08311041493603395,0.03428641070644688,0.1245055182326819
i800,Patch_8_9mps,open_gap,50,1000,100,46076,0.9515224358974359,0.08014505041503255,0.034515907656018106,0.11966161673261846
i800,Patch_8_9mps,open_gap,50,1000,100,46076,1.0516826923076923,0.07665076040751029,0.03497761485185284,0.11452267939193561
i800,Patch_8_9mps,open_gap,50,1000,100,46076,1.1518429487179487,0.0737574313813103,0.030587452972487328,0.10895922731988499
i800,Patch_8_9mps,open_gap,50,1000,100,46076,1.252003205128205,0.07127152303688268,0.02830505851349726,0.10215799757156223
i800,Patch_8_9mps,open_gap,50,1000,100,46076,1.3521634615384615,0.069276139323864,0.029356550373875415,0.10067436446732737
i800,Patch_8_9mps,open_gap,50,1000,100,46076,1.4523237179487178,0.06752580943371765,0.030170374253545157,0.09665227701211312
i800,Patch_8_9mps,open_gap,50,1000,100,46076,1.5524839743589745,0.06598714792445207,0.02990493921286243,0.09337987348472557
i800,Patch_8_9mps,open_gap,50,1000,100,46076,1.6526442307692308,0.06455903306311982,0.030055140756445727,0.08791328958613001
i800,Patch_8_9mps,open_gap,50,1000,100,46076,1.7528044871794872,0.06311861375490403,0.029439675505864227,0.08615868067201464
i800,Patch_8_9mps,open_gap,50,1000,100,46076,1.8529647435897436,0.06165390194978773,0.026815276038466934,0.083225184940475
i800,Patch_8_9mps,open_gap,50,1000,100,46076,1.953125,0.06007500652392823,0.023342241091232403,0.08264441306212696
i800,Patch_8_9mps,open_gap,50,1000,100,46076,2.0532852564102564,0.05833959315989183,0.02396588053932192,0.08426919807746953
i800,Patch_8_9mps,open_gap,50,1000,100,46076,2.1534455128205128,0.05647374912674454,0.026673496339672472,0.08334462630192757
i800,Patch_8_9mps,open_gap,50,1000,100,46076,2.253605769230769,0.05447475425452332,0.02639795291508083,0.07997666389402094
i800,Patch_8_9mps,open_gap,50,1000,100,46076,2.3537660256410255,0.052445665569849025,0.02557809250574917,0.07735574405843015
i800,Patch_8_9mps,open_gap,50,1000,100,46076,2.453926282051282,0.05038088119737011,0.022672610717577618,0.07299786771239593
i800,Patch_8_9mps,open_gap,50,1000,100,46076,2.5540865384615383,0.04814293978381597,0.021633466824887884,0.06917884957159488
i800,Patch_8_9mps,open_gap,50,1000,100,46076,2.6542467948717947,0.045743503338514034,0.018753648236953184,0.06613686700669456
i800,Patch_8_9mps,open_gap,50,1000,100,46076,2.754407051282051,0.043269043775947376,0.019309919852074007,0.06308942666556645
i800,Patch_8_9mps,open_gap,50,1000,100,46076,2.8545673076923075,0.04076925989405986,0.01763905526659436,0.05885268384711203
i800,Patch_8_9mps,open_gap,50,1000,100,46076,2.9547275641025643,0.03841467385328484,0.015925286756215608,0.05599813033531017
i800,Patch_8_9mps,open_gap,50,1000,100,46076,3.0548878205128207,0.03614252789199987,0.013310935128499606,0.0529048248095008
i800,Patch_8_9mps,open_gap,50,1000,100,46076,3.155048076923077,0.033740591943866846,0.0110425857595537,0.049457628936869946
i800,Patch_8_9mps,open_gap,50,1000,100,46076,3.2552083333333335,0.03149452905111502,0.010755161714537402,0.0443922889161229
i800,Patch_8_9mps,open_gap,50,1000,100,46076,3.35536858974359,0.029747593053582287,0.007912514865533488,0.040487873019255834
i800,Patch_8_9mps,open_gap,50,1000,100,46076,3.4555288461538463,0.02847221107494216,0.009101279402870987,0.03801834581373521
i800,Patch_8_9mps,open_gap,50,1000,100,46076,3.5556891025641026,0.02745621380878547,0.009669062388436307,0.03602088667318319
i800,Patch_8_9mps,open_gap,50,1000,100,46076,3.655849358974359,0.026491327104494294,0.010592428696996095,0.03388541234542634
i800,Patch_8_9mps,open_gap,50,1000,100,46076,3.7560096153846154,0.02561703114599913,0.010393791026436826,0.033199980881564686
i800,Patch_8_9mps,open_gap,50,1000,100,46076,3.856169871794872,0.024909270609630663,0.009377060842187143,0.0322202255953481
i800,Patch_8_9mps,open_gap,50,1000,100,46076,3.956330128205128,0.024198162541592474,0.010450103591567714,0.031194461740235505
i800,Patch_8_9mps,open_gap,50,1000,100,46076,4.056490384615385,0.02350902870294018,0.010176007586950303,0.030687105142129304
i800,Patch_8_9mps,open_gap,50,1000,100,46076,4.156650641025641,0.02300443083235907,0.009755099827429267,0.030218630664773864
i800,Patch_8_9mps,open_gap,50,1000,100,46076,4.256810897435898,0.022551551266003562,0.00893255647745014,0.028940859727185977
i800,Patch_8_9mps,open_gap,50,1000,100,46076,4.356971153846154,0.022141839113775187,0.00825470883331899,0.029736803460058945
i800,Patch_8_9mps,open_gap,50,1000,100,46076,4.457131410256411,0.021888674756469828,0.008085403582727088,0.029605740507549903
i800,Patch_8_9mps,open_gap,50,1000,100,46076,4.557291666666667,0.021825012060402833,0.008179020361197872,0.029128895790985758
i800,Patch_8_9mps,open_gap,50,1000,100,46076,4.657451923076923,0.021727044104149322,0.008878041309550217,0.027105715320182706
i800,Patch_8_9mps,open_gap,50,1000,100,46076,4.75761217948718,0.021662349769760766,0.009445771662317465,0.02667448051107374
i800,Patch_8_9mps,open_gap,50,1000,100,46076,4.857772435897436,0.02180837374472298,0.009570611817362205,0.027613287872240256
i800,Patch_8_9mps,open_gap,50,1000,100,46076,4.9579326923076925,0.02203105552216651,0.00961873095219434,0.027298407935372093
i800,Patch_8_9mps,open_gap,50,1000,100,46076,5.058092948717949,0.022241850457675197,0.008838893777264009,0.0282659533951879
i800,Patch_8_9mps,open_gap,50,1000,100,46076,5.158253205128205,0.022470227235380266,0.008865360157005198,0.027680756776737384
i800,Patch_8_9mps,open_gap,50,1000,100,46076,5.258413461538462,0.02270941317652938,0.009426202703063625,0.02976046878322922
i800,Patch_8_9mps,open_gap,50,1000,100,46076,5.358573717948718,0.0229770701951031,0.009842425205132585,0.030468837620284683
i800,Patch_8_9mps,open_gap,50,1000,100,46076,5.4587339743589745,0.02325565014806487,0.009394443889573301,0.030996547176020982
i800,Patch_8_9mps,open_gap,50,1000,100,46076,5.558894230769231,0.023497587852167087,0.008131095702141499,0.0324452105668756
i800,Patch_8_9mps,open_gap,50,1000,100,46076,5.659054487179487,0.02380786878128968,0.007229218842534215,0.03445398833212238
i800,Patch_8_9mps,open_gap,50,1000,100,46076,5.759214743589744,0.02411398992567846,0.006374734729611286,0.035621261074423066
i800,Patch_8_9mps,open_gap,50,1000,100,46076,5.859375,0.02448659651349285,0.007258102698998008,0.03648722335022004
i800,Patch_8_9mps,open_gap,50,1000,100,46076,5.959535256410256,0.024974886152292347,0.006902116185984934,0.037429953972017406
i800,Patch_8_9mps,open_gap,50,1000,100,46076,6.059695512820513,0.02556440284935208,0.007508130308134004,0.03843742227760317
i800,Patch_8_9mps,open_gap,50,1000,100,46076,6.159855769230769,0.026179973797677922,0.007545629361460721,0.03903333157491537
i800,Patch_8_9mps,open_gap,50,1000,100,46076,6.2600160256410255,0.02674669361574205,0.00790674959742164,0.039518560437126246
i800,Patch_8_9mps,open_gap,50,1000,100,46076,6.360176282051282,0.02728217376195289,0.007885474458011786,0.040433510450572516
i800,Patch_8_9mps,open_gap,50,1000,100,46076,6.460336538461538,0.027844394477386614,0.0081580001014052,0.041380634485589575
i800,Patch_8_9mps,open_gap,50,1000,100,46076,6.560496794871795,0.02839315907496059,0.007505531591023469,0.04124855473804964
i800,Patch_8_9mps,open_gap,50,1000,100,46076,6.660657051282051,0.028945953886355267,0.008123832262603924,0.04160028222653151
i800,Patch_8_9mps,open_gap,50,1000,100,46076,6.7608173076923075,0.029407469136110344,0.00863806207415771,0.04281009386667417
i800,Patch_8_9mps,open_gap,50,1000,100,46076,6.860977564102564,0.0298398093387761,0.00899366227540738,0.042869641958194246
i800,Patch_8_9mps,open_gap,50,1000,100,46076,6.96113782051282,0.030171773702395984,0.008952186089801353,0.04297792088419392
i800,Patch_8_9mps,open_gap,50,1000,100,46076,7.061298076923077,0.03046706837557136,0.00906927359639643,0.04334838651714133
i800,Patch_8_9mps,open_gap,50,1000,100,46076,7.161458333333333,0.030834917788066626,0.009686830707702675,0.04389894012158965
i800,Patch_8_9mps,open_gap,50,1000,100,46076,7.261618589743589,0.031233954154822285,0.010177951026289097,0.04461207314204867
i800,Patch_8_9mps,open_gap,50,1000,100,46076,7.361778846153846,0.03163924575452235,0.009933373846057317,0.04526212055561646
i800,Patch_8_9mps,open_gap,50,1000,100,46076,7.461939102564102,0.03204039282712787,0.010192750167517929,0.045116510631853644
i800,Patch_8_9mps,open_gap,50,1000,100,46076,7.562099358974359,0.032433837616195296,0.01044451215907018,0.046230770023567874
i800,Patch_8_9mps,open_gap,50,1000,100,46076,7.662259615384615,0.03275435968913978,0.010145569847524608,0.046879570399955446
i800,Patch_8_9mps,open_gap,50,1000,100,46076,7.762419871794871,0.033029584143204005,0.009814873891757918,0.04659534906244017
i800,Patch_8_9mps,open_gap,50,1000,100,46076,7.862580128205129,0.033261942672407036,0.010769764433766283,0.046247836492326055
i800,Patch_8_9mps,open_gap,50,1000,100,46076,7.962740384615385,0.0334838796434483,0.011293773062949458,0.04692259353092192
i800,Patch_8_9mps,open_gap,50,1000,100,46076,8.06290064102564,0.03374909938878083,0.011293651416093746,0.048002020366218034
i800,Patch_8_9mps,open_gap,50,1000,100,46076,8.163060897435898,0.03403593156011284,0.011504128917832802,0.048933901561869
i800,Patch_8_9mps,open_gap,50,1000,100,46076,8.263221153846153,0.03434204179639339,0.010894179096365513,0.05001208544693136
i800,Patch_8_9mps,open_gap,50,1000,100,46076,8.36338141025641,0.034623148842701096,0.010684632581031927,0.050510383354990175
i800,Patch_8_9mps,open_gap,50,1000,100,46076,8.463541666666666,0.03493726837657209,0.011802667718150785,0.05029045076397905
i800,Patch_8_9mps,open_gap,50,1000,100,46076,8.563701923076923,0.0353208807312642,0.01323794632208965,0.050011504449077045
i800,Patch_8_9mps,open_gap,50,1000,100,46076,8.663862179487179,0.03574240212503102,0.013866633659594207,0.05005838284818792
i800,Patch_8_9mps,open_gap,50,1000,100,46076,8.764022435897436,0.036151876610339695,0.014504536570740271,0.050281459521743226
i800,Patch_8_9mps,open_gap,50,1000,100,46076,8.864182692307692,0.03650597111074249,0.01440652744480779,0.050725162347298174
i800,Patch_8_9mps,open_gap,50,1000,100,46076,8.964342948717949,0.036809321152923215,0.01357333680571076,0.05136586407905894
i800,Patch_8_9mps,open_gap,50,1000,100,46076,9.064503205128204,0.0370904789157481,0.013046840474236272,0.053024973560478875
i800,Patch_8_9mps,open_gap,50,1000,100,46076,9.164663461538462,0.03730026538656229,0.013048148115106342,0.05395699159612792
i800,Patch_8_9mps,open_gap,50,1000,100,46076,9.264823717948717,0.03743862090059996,0.013053954383623043,0.054359027061253944
i800,Patch_8_9mps,open_gap,50,1000,100,46076,9.364983974358974,0.03755117162807397,0.013007574543767803,0.05363439858660858
i800,Patch_8_9mps,open_gap,50,1000,100,46076,9.46514423076923,0.03762867487051693,0.013226559267779941,0.05290488260291515
i800,Patch_8_9mps,open_gap,50,1000,100,46076,9.565304487179487,0.037676098286611726,0.013114471173421245,0.05296271120097776
i800,Patch_8_9mps,open_gap,50,1000,100,46076,9.665464743589743,0.03770510319655435,0.01315004408976651,0.05310650753974335
i800,Patch_8_9mps,open_gap,50,1000,100,46076,9.765625,0.03769548235943095,0.013312517340612132,0.05277475422210452
i800,Patch_8_9mps,open_gap,50,1000,100,46076,9.865785256410257,0.03765449164030042,0.013421643364739352,0.05221270161514291
i800,Patch_8_9mps,open_gap,50,1000,100,46076,9.965945512820513,0.03763392482165248,0.013240067601090498,0.05214470325426433
i800,Patch_8_9mps,open_gap,100,1000,100,46076,0.05008012820512821,0.04114950299582173,0.014592520025317135,0.06228359756600143
i800,Patch_8_9mps,open_gap,100,1000,100,46076,0.1502403846153846,0.035476887171892985,0.015987127537651746,0.05218336812192216
i800,Patch_8_9mps,open_gap,100,1000,100,46076,0.250400641025641,0.03662596053620969,0.01733056676940501,0.05439816365267093
i800,Patch_8_9mps,open_gap,100,1000,100,46076,0.3505608974358974,0.04132659457468888,0.014308881982674146,0.05524708338595307
i800,Patch_8_9mps,open_gap,100,1000,100,46076,0.45072115384615385,0.045569553651313564,0.021431496165328814,0.06254329011098024
i800,Patch_8_9mps,open_gap,100,1000,100,46076,0.5508814102564102,0.048837019166123256,0.021617680973915584,0.06393499036200671
i800,Patch_8_9mps,open_gap,100,1000,100,46076,0.6510416666666666,0.05049142107914239,0.018380393742969025,0.06591985805983423
i800,Patch_8_9mps,open_gap,100,1000,100,46076,0.7512019230769231,0.05095468932742256,0.017888683707900747,0.06537620902555916
i800,Patch_8_9mps,open_gap,100,1000,100,46076,0.8513621794871795,0.050441585081987365,0.013993698847953045,0.07215235351849508
i800,Patch_8_9mps,open_gap,100,1000,100,46076,0.9515224358974359,0.04892898073470588,0.013850275141928567,0.07016448944989687
i800,Patch_8_9mps,open_gap,100,1000,100,46076,1.0516826923076923,0.046705374590575055,0.014144894881767818,0.06731119219647837
i800,Patch_8_9mps,open_gap,100,1000,100,46076,1.1518429487179487,0.0444494227770336,0.015002581368121989,0.06390808161517786
i800,Patch_8_9mps,open_gap,100,1000,100,46076,1.252003205128205,0.04259934892903663,0.012351043613105727,0.06123070099736019
i800,Patch_8_9mps,open_gap,100,1000,100,46076,1.3521634615384615,0.041027263888114486,0.011091473137206848,0.06004569481280454
i800,Patch_8_9mps,open_gap,100,1000,100,46076,1.4523237179487178,0.03975531829873387,0.010488361221564362,0.05732790900558112
i800,Patch_8_9mps,open_gap,100,1000,100,46076,1.5524839743589745,0.03868929196496276,0.009916336540359626,0.05658692794350066
i800,Patch_8_9mps,open_gap,100,1000,100,46076,1.6526442307692308,0.03763097504273842,0.01143334458044519,0.05706167059731601
i800,Patch_8_9mps,open_gap,100,1000,100,46076,1.7528044871794872,0.03665241046600007,0.011847439148447774,0.05463587700370171
i800,Patch_8_9mps,open_gap,100,1000,100,46076,1.8529647435897436,0.03567237393010948,0.010721701312704338,0.0515640261250439
i800,Patch_8_9mps,open_gap,100,1000,100,46076,1.953125,0.034619462894574446,0.01218546515788358,0.049772554665076955
i800,Patch_8_9mps,open_gap,100,1000,100,46076,2.0532852564102564,0.03361454410204922,0.012892718537959268,0.046283201034593685
i800,Patch_8_9mps,open_gap,100,1000,100,46076,2.1534455128205128,0.03265334005059637,0.011153580145478348,0.04281310429775512
i800,Patch_8_9mps,open_gap,100,1000,100,46076,2.253605769230769,0.03189353881939262,0.011187032671801574,0.04194540394473528
i800,Patch_8_9mps,open_gap,100,1000,100,46076,2.3537660256410255,0.031078962142524133,0.010466832282737166,0.04013432039005895
i800,Patch_8_9mps,open_gap,100,1000,100,46076,2.453926282051282,0.030315581768615533,0.010539027197296713,0.04055069661611466
i800,Patch_8_9mps,open_gap,100,1000,100,46076,2.5540865384615383,0.029602291660502017,0.011639194717680039,0.03966850936840137
i800,Patch_8_9mps,open_gap,100,1000,100,46076,2.6542467948717947,0.028984206936590748,0.01182289601659408,0.040758031360960345
i800,Patch_8_9mps,open_gap,100,1000,100,46076,2.754407051282051,0.02837790996898404,0.011464758292003968,0.040025881856606445
i800,Patch_8_9mps,open_gap,100,1000,100,46076,2.8545673076923075,0.02767935169548772,0.012049307760837404,0.03975491520734608
i800,Patch_8_9mps,open_gap,100,1000,100,46076,2.9547275641025643,0.02693156201891305,0.010536546552429193,0.03721076924342539
i800,Patch_8_9mps,open_gap,100,1000,100,46076,3.0548878205128207,0.026204312123682297,0.010495400468559771,0.03539133697918771
i800,Patch_8_9mps,open_gap,100,1000,100,46076,3.155048076923077,0.025568165113755207,0.0104032830090384,0.03407846786454892
i800,Patch_8_9mps,open_gap,100,1000,100,46076,3.2552083333333335,0.02492063235988085,0.010424490759691,0.03637591704525549
i800,Patch_8_9mps,open_gap,100,1000,100,46076,3.35536858974359,0.02439520273582587,0.010578184364829973,0.035526139201339985
i800,Patch_8_9mps,open_gap,100,1000,100,46076,3.4555288461538463,0.02414711289234401,0.010365804322086657,0.03609227271358023
i800,Patch_8_9mps,open_gap,100,1000,100,46076,3.5556891025641026,0.023964039199969537,0.010004926402459233,0.0356737169132582
i800,Patch_8_9mps,open_gap,100,1000,100,46076,3.655849358974359,0.02378074189871177,0.009938150876515265,0.036043002008172155
i800,Patch_8_9mps,open_gap,100,1000,100,46076,3.7560096153846154,0.02351617776348471,0.009908545513026664,0.03563512799946647
i800,Patch_8_9mps,open_gap,100,1000,100,46076,3.856169871794872,0.023130978421863374,0.009537805034369086,0.03512199064366202
i800,Patch_8_9mps,open_gap,100,1000,100,46076,3.956330128205128,0.02265835877064723,0.01005725692301696,0.03325940732168078
i800,Patch_8_9mps,open_gap,100,1000,100,46076,4.056490384615385,0.02214459393193002,0.010224117655745723,0.03261781828738797
i800,Patch_8_9mps,open_gap,100,1000,100,46076,4.156650641025641,0.021620414224387142,0.009160364079728199,0.032213775922672216
i800,Patch_8_9mps,open_gap,100,1000,100,46076,4.256810897435898,0.021170556887999615,0.007442532684507406,0.03161727041629178
i800,Patch_8_9mps,open_gap,100,1000,100,46076,4.356971153846154,0.020695216153763022,0.007818071172350694,0.03148872272950124
i800,Patch_8_9mps,open_gap,100,1000,100,46076,4.457131410256411,0.02022896360001074,0.007838965937888099,0.029681970031543686
i800,Patch_8_9mps,open_gap,100,1000,100,46076,4.557291666666667,0.01986828510489713,0.008314477737376863,0.029424945083117417
i800,Patch_8_9mps,open_gap,100,1000,100,46076,4.657451923076923,0.019635824253809418,0.008540596940156645,0.029103785847760844
i800,Patch_8_9mps,open_gap,100,1000,100,46076,4.75761217948718,0.019545850833998735,0.008727505841007241,0.028831316862753736
i800,Patch_8_9mps,open_gap,100,1000,100,46076,4.857772435897436,0.0196486824495041,0.009388556790236197,0.029341328096834488
i800,Patch_8_9mps,open_gap,100,1000,100,46076,4.9579326923076925,0.019811617502611723,0.009394787772566356,0.029987339999860193
i800,Patch_8_9mps,open_gap,100,1000,100,46076,5.058092948717949,0.01993745528749605,0.009395395800443702,0.029664748442397533
i800,Patch_8_9mps,open_gap,100,1000,100,46076,5.158253205128205,0.020033849799840374,0.009529058436537693,0.02945879532193027
i800,Patch_8_9mps,open_gap,100,1000,100,46076,5.258413461538462,0.020083761180482506,0.009910389741983688,0.029039593223240862
i800,Patch_8_9mps,open_gap,100,1000,100,46076,5.358573717948718,0.0201252591221197,0.009977005770163565,0.0293585297735319
i800,Patch_8_9mps,open_gap,100,1000,100,46076,5.4587339743589745,0.020211029992574906,0.009872391599731467,0.029611138287786352
i800,Patch_8_9mps,open_gap,100,1000,100,46076,5.558894230769231,0.02039764763467165,0.010286287079322248,0.029961256917864814
i800,Patch_8_9mps,open_gap,100,1000,100,46076,5.659054487179487,0.020670419311306955,0.010017191371439218,0.031035323742700054
i800,Patch_8_9mps,open_gap,100,1000,100,46076,5.759214743589744,0.0209888605589326,0.009585644394939712,0.03137614491613293
i800,Patch_8_9mps,open_gap,100,1000,100,46076,5.859375,0.02131381072598114,0.00948502630767103,0.03192536435405622
i800,Patch_8_9mps,open_gap,100,1000,100,46076,5.959535256410256,0.0216333637160347,0.009746345683822032,0.032524160720108324
i800,Patch_8_9mps,open_gap,100,1000,100,46076,6.059695512820513,0.021914430122640417,0.01003077063890604,0.03239763303339095
i800,Patch_8_9mps,open_gap,100,1000,100,46076,6.159855769230769,0.022141899935984304,0.010138317840300679,0.032535426191332775
i800,Patch_8_9mps,open_gap,100,1000,100,46076,6.2600160256410255,0.022352855327846352,0.01043158894742022,0.0332323960889194
i800,Patch_8_9mps,open_gap,100,1000,100,46076,6.360176282051282,0.022596605951634534,0.010378174936789678,0.03392734473814154
i800,Patch_8_9mps,open_gap,100,1000,100,46076,6.460336538461538,0.02285972848145944,0.010796392574605003,0.03403757506997261
i800,Patch_8_9mps,open_gap,100,1000,100,46076,6.560496794871795,0.02312669923980212,0.01070446502090486,0.0341457240806014
i800,Patch_8_9mps,open_gap,100,1000,100,46076,6.660657051282051,0.023365172677687274,0.010876487771797656,0.03506745322487774
i800,Patch_8_9mps,open_gap,100,1000,100,46076,6.7608173076923075,0.023543927811044193,0.0111197630868859,0.03565884439907729
i800,Patch_8_9mps,open_gap,100,1000,100,46076,6.860977564102564,0.023658710853352555,0.011111514811483305,0.035283916792469366
i800,Patch_8_9mps,open_gap,100,1000,100,46076,6.96113782051282,0.02377382915499009,0.011176342738432158,0.03542437007519719
i800,Patch_8_9mps,open_gap,100,1000,100,46076,7.061298076923077,0.023913336442004166,0.011014301253392506,0.03565216258817777
i800,Patch_8_9mps,open_gap,100,1000,100,46076,7.161458333333333,0.02407122625621069,0.010755730975945331,0.03562394629951276
i800,Patch_8_9mps,open_gap,100,1000,100,46076,7.261618589743589,0.02429719984518124,0.010246954912063089,0.03568216183778717
i800,Patch_8_9mps,open_gap,100,1000,100,46076,7.361778846153846,0.02453566326874765,0.010295336586412582,0.03584934068282776
i800,Patch_8_9mps,open_gap,100,1000,100,46076,7.461939102564102,0.024796606960514788,0.010424610327525272,0.035961045224119366
i800,Patch_8_9mps,open_gap,100,1000,100,46076,7.562099358974359,0.025065180668314802,0.01027085394804731,0.036738089033962334
i800,Patch_8_9mps,open_gap,100,1000,100,46076,7.662259615384615,0.025354582466815927,0.010264224078636995,0.036881604150436384
i800,Patch_8_9mps,open_gap,100,1000,100,46076,7.762419871794871,0.025634567793717204,0.00977383991746457,0.037098637450798916
i800,Patch_8_9mps,open_gap,100,1000,100,46076,7.862580128205129,0.02587206280795364,0.010525057948281243,0.03808565655345157
i800,Patch_8_9mps,open_gap,100,1000,100,46076,7.962740384615385,0.026125681108150674,0.010362679218582858,0.038776316211616015
i800,Patch_8_9mps,open_gap,100,1000,100,46076,8.06290064102564,0.026441822618530026,0.009980582317311072,0.039438901404890064
i800,Patch_8_9mps,open_gap,100,1000,100,46076,8.163060897435898,0.026774962337831658,0.010196786296150763,0.04010948555818084
i800,Patch_8_9mps,open_gap,100,1000,100,46076,8.263221153846153,0.02708919350134466,0.010708866837043474,0.04046516973247807
i800,Patch_8_9mps,open_gap,100,1000,100,46076,8.36338141025641,0.02739236724896462,0.011227993871916342,0.04047944591313876
i800,Patch_8_9mps,open_gap,100,1000,100,46076,8.463541666666666,0.027711470017330604,0.011728396940488191,0.04055038296917832
i800,Patch_8_9mps,open_gap,100,1000,100,46076,8.563701923076923,0.028038908855525436,0.012610707080727947,0.04050124504186019
i800,Patch_8_9mps,open_gap,100,1000,100,46076,8.663862179487179,0.028358730485332696,0.012708402075260269,0.04076837208478274
i800,Patch_8_9mps,open_gap,100,1000,100,46076,8.764022435897436,0.028661276476076455,0.01357694123642749,0.041292728140364866
i800,Patch_8_9mps,open_gap,100,1000,100,46076,8.864182692307692,0.028919583681917462,0.013800139083467033,0.04144309816329359
i800,Patch_8_9mps,open_gap,100,1000,100,46076,8.964342948717949,0.02915597517533836,0.01345196289731096,0.04230120861894767
i800,Patch_8_9mps,open_gap,100,1000,100,46076,9.064503205128204,0.029404134814347435,0.013198032119663526,0.04275153839745494
i800,Patch_8_9mps,open_gap,100,1000,100,46076,9.164663461538462,0.029645635589718524,0.013504139640354353,0.042650293173123494
i800,Patch_8_9mps,open_gap,100,1000,100,46076,9.264823717948717,0.029856974873840786,0.013206498048392981,0.042313293334008836
i800,Patch_8_9mps,open_gap,100,1000,100,46076,9.364983974358974,0.030051807910300224,0.01326309072685517,0.04179304045716157
i800,Patch_8_9mps,open_gap,100,1000,100,46076,9.46514423076923,0.03024101619212804,0.013747073519854413,0.04184258134886247
i800,Patch_8_9mps,open_gap,100,1000,100,46076,9.565304487179487,0.0304404188427847,0.013911436979802672,0.04298971933346723
i800,Patch_8_9mps,open_gap,100,1000,100,46076,9.665464743589743,0.030634557760533115,0.013830351967711216,0.043626139104665784
i800,Patch_8_9mps,open_gap,100,1000,100,46076,9.765625,0.030789463749276397,0.014146366203445265,0.043472107716752056
i800,Patch_8_9mps,open_gap,100,1000,100,46076,9.865785256410257,0.03094127686690291,0.014597273452145504,0.043344151931005465
i800,Patch_8_9mps,open_gap,100,1000,100,46076,9.965945512820513,0.031119802189173193,0.01430454858685861,0.0436764341069121
i800,Patch_8_9mps,open_gap,500,1000,100,46076,0.05008012820512821,0.02057992417217528,0.007716376572815861,0.027258011150834812
i800,Patch_8_9mps,open_gap,500,1000,100,46076,0.1502403846153846,0.018675136085863873,0.007424370417674435,0.0276469637693128
i800,Patch_8_9mps,open_gap,500,1000,100,46076,0.250400641025641,0.019628824165048617,0.009110414555782353,0.02725704040654581
i800,Patch_8_9mps,open_gap,500,1000,100,46076,0.3505608974358974,0.02178616912640535,0.009713806497175372,0.029498160993284048
i800,Patch_8_9mps,open_gap,500,1000,100,46076,0.45072115384615385,0.024341837827121796,0.010411858277842348,0.03228068484904493
i800,Patch_8_9mps,open_gap,500,1000,100,46076,0.5508814102564102,0.026307407279286772,0.010996423970338818,0.033567519722957226
i800,Patch_8_9mps,open_gap,500,1000,100,46076,0.6510416666666666,0.02778791177875848,0.010710893420176639,0.03858031025830808
i800,Patch_8_9mps,open_gap,500,1000,100,46076,0.7512019230769231,0.028767719505271693,0.010775340492460093,0.04050111734603874
i800,Patch_8_9mps,open_gap,500,1000,100,46076,0.8513621794871795,0.028519695382961462,0.011445094587122825,0.0400463984714351
i800,Patch_8_9mps,open_gap,500,1000,100,46076,0.9515224358974359,0.02708110494699119,0.011215761726135686,0.03632511375618812
i800,Patch_8_9mps,open_gap,500,1000,100,46076,1.0516826923076923,0.025513132512706413,0.011703019334661384,0.03413000766601097
i800,Patch_8_9mps,open_gap,500,1000,100,46076,1.1518429487179487,0.024249828150414144,0.01146862355626694,0.0342692953194484
i800,Patch_8_9mps,open_gap,500,1000,100,46076,1.252003205128205,0.023084132685272447,0.010284513849245148,0.033642502780133504
i800,Patch_8_9mps,open_gap,500,1000,100,46076,1.3521634615384615,0.02207841238925182,0.009870269363904796,0.0327072900427469
i800,Patch_8_9mps,open_gap,500,1000,100,46076,1.4523237179487178,0.021243244387726002,0.009262994294854106,0.03133526901193162
i800,Patch_8_9mps,open_gap,500,1000,100,46076,1.5524839743589745,0.020424730854766215,0.007758719520345149,0.029698401476483078
i800,Patch_8_9mps,open_gap,500,1000,100,46076,1.6526442307692308,0.019631586621515488,0.007348281508249151,0.030258519253432634
i800,Patch_8_9mps,open_gap,500,1000,100,46076,1.7528044871794872,0.018850695442097026,0.007126968821743939,0.02872179005854492
i800,Patch_8_9mps,open_gap,500,1000,100,46076,1.8529647435897436,0.018122977427654112,0.007320528840049179,0.02707192275866553
i800,Patch_8_9mps,open_gap,500,1000,100,46076,1.953125,0.017408054190675582,0.007236645312931701,0.025485110287220204
i800,Patch_8_9mps,open_gap,500,1000,100,46076,2.0532852564102564,0.016713511564410127,0.005878664676705759,0.024500034469103836
i800,Patch_8_9mps,open_gap,500,1000,100,46076,2.1534455128205128,0.016019872487094754,0.005060056230413969,0.022737268443887407
i800,Patch_8_9mps,open_gap,500,1000,100,46076,2.253605769230769,0.015325974051482151,0.004996632746692832,0.021263981304456708
i800,Patch_8_9mps,open_gap,500,1000,100,46076,2.3537660256410255,0.0146482373803293,0.005209665261943684,0.020615990781799636
i800,Patch_8_9mps,open_gap,500,1000,100,46076,2.453926282051282,0.014020603689172432,0.005037016484621275,0.019871862358700955
i800,Patch_8_9mps,open_gap,500,1000,100,46076,2.5540865384615383,0.013464781218711008,0.004871136100322067,0.01891347241258765
i800,Patch_8_9mps,open_gap,500,1000,100,46076,2.6542467948717947,0.012993508140049155,0.004552472795249561,0.018261090652415664
i800,Patch_8_9mps,open_gap,500,1000,100,46076,2.754407051282051,0.012585065780343841,0.004369098967694725,0.018119499151531146
i800,Patch_8_9mps,open_gap,500,1000,100,46076,2.8545673076923075,0.012286938169292869,0.0036717909307541798,0.01687107441872338
i800,Patch_8_9mps,open_gap,500,1000,100,46076,2.9547275641025643,0.01215338683614101,0.0033438123667839806,0.01679276863342908
i800,Patch_8_9mps,open_gap,500,1000,100,46076,3.0548878205128207,0.012220595361365702,0.0040251223609439795,0.017206496556481977
i800,Patch_8_9mps,open_gap,500,1000,100,46076,3.155048076923077,0.012412704446342548,0.003933939637112794,0.018723427936063672
i800,Patch_8_9mps,open_gap,500,1000,100,46076,3.2552083333333335,0.012655626008113872,0.004054307327300466,0.019631351613067356
i800,Patch_8_9mps,open_gap,500,1000,100,46076,3.35536858974359,0.012951363209269668,0.00421840627051999,0.019951120887105635
i800,Patch_8_9mps,open_gap,500,1000,100,46076,3.4555288461538463,0.013237132795727293,0.004415272931801515,0.02014382176640633
i800,Patch_8_9mps,open_gap,500,1000,100,46076,3.5556891025641026,0.013444703408863041,0.004465004426230429,0.020832640678386704
i800,Patch_8_9mps,open_gap,500,1000,100,46076,3.655849358974359,0.013623628803093051,0.00484406192534882,0.021231710525707024
i800,Patch_8_9mps,open_gap,500,1000,100,46076,3.7560096153846154,0.01378221284657029,0.004913343909926954,0.02134358862241929
i800,Patch_8_9mps,open_gap,500,1000,100,46076,3.856169871794872,0.013902999011421098,0.00519413891838957,0.02157577204352496
i800,Patch_8_9mps,open_gap,500,1000,100,46076,3.956330128205128,0.013957576485854552,0.005493088660831995,0.02149120183765566
i800,Patch_8_9mps,open_gap,500,1000,100,46076,4.056490384615385,0.013924177817354964,0.00532183356235361,0.02105255676013526
i800,Patch_8_9mps,open_gap,500,1000,100,46076,4.156650641025641,0.013820309575998528,0.005464876694283973,0.020464467798151937
i800,Patch_8_9mps,open_gap,500,1000,100,46076,4.256810897435898,0.013604801098187685,0.005382613374257048,0.0203337517876089
i800,Patch_8_9mps,open_gap,500,1000,100,46076,4.356971153846154,0.013264718090242664,0.004794414030481917,0.02000105495372379
i800,Patch_8_9mps,open_gap,500,1000,100,46076,4.457131410256411,0.012840689604361456,0.004486552053531115,0.01976169712565848
i800,Patch_8_9mps,open_gap,500,1000,100,46076,4.557291666666667,0.012442418291251912,0.004319064393518695,0.01858649996420539
i800,Patch_8_9mps,open_gap,500,1000,100,46076,4.657451923076923,0.012139914194999324,0.004639739388763615,0.01775344296700444
i800,Patch_8_9mps,open_gap,500,1000,100,46076,4.75761217948718,0.01203359236035676,0.004138802832046419,0.017717760324424243
i800,Patch_8_9mps,open_gap,500,1000,100,46076,4.857772435897436,0.012080284543096492,0.0043474571716225225,0.0181408457608365
i800,Patch_8_9mps,open_gap,500,1000,100,46076,4.9579326923076925,0.012135829067020038,0.0042151959976014924,0.018218794315003523
i800,Patch_8_9mps,open_gap,500,1000,100,46076,5.058092948717949,0.012086814574266974,0.004607902986190384,0.01817309226588025
i800,Patch_8_9mps,open_gap,500,1000,100,46076,5.158253205128205,0.011928304528251422,0.00445122157113151,0.017953608815406218
i800,Patch_8_9mps,open_gap,500,1000,100,46076,5.258413461538462,0.011729463761364528,0.004118405769479536,0.017988767158621043
i800,Patch_8_9mps,open_gap,500,1000,100,46076,5.358573717948718,0.011528777710641664,0.004038909656208205,0.01814614882678675
i800,Patch_8_9mps,open_gap,500,1000,100,46076,5.4587339743589745,0.011406136805195852,0.004070041564871927,0.018336957663043097
i800,Patch_8_9mps,open_gap,500,1000,100,46076,5.558894230769231,0.011364839760756511,0.0036801072766709762,0.018368096837025418
i800,Patch_8_9mps,open_gap,500,1000,100,46076,5.659054487179487,0.011411096872857575,0.003917519963936684,0.018310970228947565
i800,Patch_8_9mps,open_gap,500,1000,100,46076,5.759214743589744,0.011539897545783627,0.0038888805922375853,0.018638178401824915
i800,Patch_8_9mps,open_gap,500,1000,100,46076,5.859375,0.011728788531152563,0.004183844171865896,0.01886714305064814
i800,Patch_8_9mps,open_gap,500,1000,100,46076,5.959535256410256,0.011928222899761755,0.0038565974695644162,0.01906484486791968
i800,Patch_8_9mps,open_gap,500,1000,100,46076,6.059695512820513,0.012074550140562013,0.004114196881425878,0.01927411325856375
i800,Patch_8_9mps,open_gap,500,1000,100,46076,6.159855769230769,0.01216057048771741,0.004369456103411549,0.019379904362388123
i800,Patch_8_9mps,open_gap,500,1000,100,46076,6.2600160256410255,0.012237184353698334,0.004380269604556206,0.019378549544572528
i800,Patch_8_9mps,open_gap,500,1000,100,46076,6.360176282051282,0.012347028917353696,0.00440638438536857,0.01939936299314224
i800,Patch_8_9mps,open_gap,500,1000,100,46076,6.460336538461538,0.012487610348102876,0.004203957435188591,0.019176527556075434
i800,Patch_8_9mps,open_gap,500,1000,100,46076,6.560496794871795,0.012627064567076842,0.003937844958127809,0.0193302557013234
i800,Patch_8_9mps,open_gap,500,1000,100,46076,6.660657051282051,0.012745505656223536,0.004103738860063011,0.019897075605439893
i800,Patch_8_9mps,open_gap,500,1000,100,46076,6.7608173076923075,0.012832834122938595,0.0041582102620579126,0.0200742019179759
i800,Patch_8_9mps,open_gap,500,1000,100,46076,6.860977564102564,0.012872570269409609,0.004043395362042762,0.019958556332882807
i800,Patch_8_9mps,open_gap,500,1000,100,46076,6.96113782051282,0.012919143853434355,0.003914291486353634,0.019708280735171762
i800,Patch_8_9mps,open_gap,500,1000,100,46076,7.061298076923077,0.012994924872163314,0.003831458595941999,0.019742017218536596
i800,Patch_8_9mps,open_gap,500,1000,100,46076,7.161458333333333,0.013100490799594158,0.004057511950222745,0.019875100978214048
i800,Patch_8_9mps,open_gap,500,1000,100,46076,7.261618589743589,0.013256036002777334,0.004091411266994829,0.019843673485861985
i800,Patch_8_9mps,open_gap,500,1000,100,46076,7.361778846153846,0.013459648060117495,0.004273418767652709,0.020061821951966582
i800,Patch_8_9mps,open_gap,500,1000,100,46076,7.461939102564102,0.013676219687540356,0.004464085151481173,0.020464805577919937
i800,Patch_8_9mps,open_gap,500,1000,100,46076,7.562099358974359,0.013887981066232529,0.004521237172817059,0.020974876747516955
i800,Patch_8_9mps,open_gap,500,1000,100,46076,7.662259615384615,0.014124763408267562,0.004470242759919181,0.021538429123996637
i800,Patch_8_9mps,open_gap,500,1000,100,46076,7.762419871794871,0.014384876951258911,0.0045393420843483495,0.0219338863376037
i800,Patch_8_9mps,open_gap,500,1000,100,46076,7.862580128205129,0.014631327111919954,0.004660307722666012,0.022036609765042653
i800,Patch_8_9mps,open_gap,500,1000,100,46076,7.962740384615385,0.0148805682032996,0.004496862066495042,0.02247899756017352
i800,Patch_8_9mps,open_gap,500,1000,100,46076,8.06290064102564,0.015167651249387175,0.00468038720614696,0.022800035836953475
i800,Patch_8_9mps,open_gap,500,1000,100,46076,8.163060897435898,0.015485732141061671,0.004926943428465695,0.023243813318391524
i800,Patch_8_9mps,open_gap,500,1000,100,46076,8.263221153846153,0.015785454398494558,0.005131092976814324,0.023620016952350074
i800,Patch_8_9mps,open_gap,500,1000,100,46076,8.36338141025641,0.01606402914103501,0.005021204554112144,0.024041424374265104
i800,Patch_8_9mps,open_gap,500,1000,100,46076,8.463541666666666,0.016355069851043003,0.0053842757408976965,0.024673422672540708
i800,Patch_8_9mps,open_gap,500,1000,100,46076,8.563701923076923,0.016670797062606654,0.005714255784077467,0.0253752939342654
i800,Patch_8_9mps,open_gap,500,1000,100,46076,8.663862179487179,0.016957123043780848,0.0060991503032088905,0.025780037848988777
i800,Patch_8_9mps,open_gap,500,1000,100,46076,8.764022435897436,0.01720474394826952,0.006071245085020216,0.026275508851357175
i800,Patch_8_9mps,open_gap,500,1000,100,46076,8.864182692307692,0.017435225514940894,0.006261651439597158,0.02663621205128371
i800,Patch_8_9mps,open_gap,500,1000,100,46076,8.964342948717949,0.017666708896529562,0.006368881093675034,0.02686350205177831
i800,Patch_8_9mps,open_gap,500,1000,100,46076,9.064503205128204,0.017838143098902373,0.00643053425583949,0.027168423148376333
i800,Patch_8_9mps,open_gap,500,1000,100,46076,9.164663461538462,0.01793037117990874,0.0063777242482584914,0.027376534265231206
i800,Patch_8_9mps,open_gap,500,1000,100,46076,9.264823717948717,0.017959368437565962,0.006308099969644784,0.02748099021624561
i800,Patch_8_9mps,open_gap,500,1000,100,46076,9.364983974358974,0.01796864278711572,0.00651770422371818,0.02742222406272437
i800,Patch_8_9mps,open_gap,500,1000,100,46076,9.46514423076923,0.01800524409644653,0.006501679484059963,0.027472042394233467
i800,Patch_8_9mps,open_gap,500,1000,100,46076,9.565304487179487,0.01803751966883942,0.006520771433709844,0.027538835833872476
i800,Patch_8_9mps,open_gap,500,1000,100,46076,9.665464743589743,0.01803005888949186,0.006796400163154697,0.027721442912239717
i800,Patch_8_9mps,open_gap,500,1000,100,46076,9.765625,0.017979596889391852,0.006633732096628863,0.027808907590142228
i800,Patch_8_9mps,open_gap,500,1000,100,46076,9.865785256410257,0.017910229027280764,0.006612163925977377,0.027799549356989015
i800,Patch_8_9mps,open_gap,500,1000,100,46076,9.965945512820513,0.01787116856377606,0.006644681296371889,0.027565616698490863
i400,Patch_4_9mps,forested,1,1000,100,18798,0.05008012820512821,0.5302276202096341,0.2617765213273873,0.7317185125831024
i400,Patch_4_9mps,forested,1,1000,100,18798,0.1502403846153846,0.3731928751991832,0.16482235573441548,0.5146307890914537
i400,Patch_4_9mps,forested,1,1000,100,18798,0.250400641025641,0.6517436401556661,0.24447586716895187,0.7774279189719832
i400,Patch_4_9mps,forested,1,1000,100,18798,0.3505608974358974,0.8836737947795922,0.5052257111332229,0.923761032209695
i400,Patch_4_9mps,forested,1,1000,100,18798,0.45072115384615385,0.5962584546567443,0.3590205647954319,0.7683307377192956
i400,Patch_4_9mps,forested,1,1000,100,18798,0.5508814102564102,0.4626421723627019,0.2416535690778137,0.663960916824624
i400,Patch_4_9mps,forested,1,1000,100,18798,0.6510416666666666,0.3916677129912454,0.19898284930622384,0.6061342156152414
i400,Patch_4_9mps,forested,1,1000,100,18798,0.7512019230769231,0.36221043870554126,0.20743500162498232,0.534226930211942
i400,Patch_4_9mps,forested,1,1000,100,18798,0.8513621794871795,0.35507931595735004,0.1640328116001889,0.5300906715365972
i400,Patch_4_9mps,forested,1,1000,100,18798,0.9515224358974359,0.36337984468906515,0.1949026981929983,0.5093193205661537
i400,Patch_4_9mps,forested,1,1000,100,18798,1.0516826923076923,0.3726969953451056,0.1988318488594863,0.5192056177750589
i400,Patch_4_9mps,forested,1,1000,100,18798,1.1518429487179487,0.3749529188393103,0.18263052488225281,0.5439335065373628
i400,Patch_4_9mps,forested,1,1000,100,18798,1.252003205128205,0.3729674522183686,0.18035323828995142,0.5646048551861841
i400,Patch_4_9mps,forested,1,1000,100,18798,1.3521634615384615,0.3736922484259067,0.16604469131268226,0.5787191975399002
i400,Patch_4_9mps,forested,1,1000,100,18798,1.4523237179487178,0.3815898580524389,0.15399758889433873,0.5563182417320134
i400,Patch_4_9mps,forested,1,1000,100,18798,1.5524839743589745,0.3859550507355455,0.17065928234282354,0.5338579613068442
i400,Patch_4_9mps,forested,1,1000,100,18798,1.6526442307692308,0.37962681415567495,0.14996765941910684,0.5290161061666816
i400,Patch_4_9mps,forested,1,1000,100,18798,1.7528044871794872,0.36566609518721577,0.147285799203753,0.5455419781052666
i400,Patch_4_9mps,forested,1,1000,100,18798,1.8529647435897436,0.34421669320313264,0.15990985130706895,0.5238808683093502
i400,Patch_4_9mps,forested,1,1000,100,18798,1.953125,0.32315973677497145,0.13037618432766798,0.49053497253325107
i400,Patch_4_9mps,forested,1,1000,100,18798,2.0532852564102564,0.30274620602634067,0.13556555813452187,0.4726814988148923
i400,Patch_4_9mps,forested,1,1000,100,18798,2.1534455128205128,0.2803385498842761,0.11882072318738379,0.4353794777015606
i400,Patch_4_9mps,forested,1,1000,100,18798,2.253605769230769,0.26109996843501926,0.08224012523289224,0.41660515242390267
i400,Patch_4_9mps,forested,1,1000,100,18798,2.3537660256410255,0.2503416540811644,0.08915897735882126,0.363714284248364
i400,Patch_4_9mps,forested,1,1000,100,18798,2.453926282051282,0.24252927907068644,0.09196175614630055,0.3602052430520987
i400,Patch_4_9mps,forested,1,1000,100,18798,2.5540865384615383,0.23676939144620765,0.09415356650642112,0.3358057450631667
i400,Patch_4_9mps,forested,1,1000,100,18798,2.6542467948717947,0.23390094949181756,0.0911772705412083,0.33260696337441653
i400,Patch_4_9mps,forested,1,1000,100,18798,2.754407051282051,0.23042414997028615,0.0960207043078335,0.33690445313979456
i400,Patch_4_9mps,forested,1,1000,100,18798,2.8545673076923075,0.2257911926995275,0.09655742335972989,0.3137518819980468
i400,Patch_4_9mps,forested,1,1000,100,18798,2.9547275641025643,0.21984801923610747,0.10242942630654324,0.3050550624904649
i400,Patch_4_9mps,forested,1,1000,100,18798,3.0548878205128207,0.2129297986588652,0.10203331538446346,0.3021194493887702
i400,Patch_4_9mps,forested,1,1000,100,18798,3.155048076923077,0.206577639717937,0.0949757924885651,0.29940993015346423
i400,Patch_4_9mps,forested,1,1000,100,18798,3.2552083333333335,0.19978782138586257,0.09712078052929513,0.291413494962933
i400,Patch_4_9mps,forested,1,1000,100,18798,3.35536858974359,0.19234673688349038,0.10050348710912174,0.2587245303071289
i400,Patch_4_9mps,forested,1,1000,100,18798,3.4555288461538463,0.18460465186965222,0.08076606752474469,0.24163446276892897
i400,Patch_4_9mps,forested,1,1000,100,18798,3.5556891025641026,0.17697023803107736,0.08029829192898269,0.23471522490778
i400,Patch_4_9mps,forested,1,1000,100,18798,3.655849358974359,0.16962274184775106,0.08196189014129471,0.2320861464093898
i400,Patch_4_9mps,forested,1,1000,100,18798,3.7560096153846154,0.16386627341766263,0.07518905013771607,0.238187677940259
i400,Patch_4_9mps,forested,1,1000,100,18798,3.856169871794872,0.1589208911482526,0.0685139274139299,0.22977182480301347
i400,Patch_4_9mps,forested,1,1000,100,18798,3.956330128205128,0.1544879424927286,0.06284024055757652,0.21574028351855212
i400,Patch_4_9mps,forested,1,1000,100,18798,4.056490384615385,0.15014189801962372,0.05921280057893541,0.2099013299619605
i400,Patch_4_9mps,forested,1,1000,100,18798,4.156650641025641,0.1462405122084621,0.0663406593714923,0.2129874577341938
i400,Patch_4_9mps,forested,1,1000,100,18798,4.256810897435898,0.14291386445346693,0.06316106978986835,0.2069533613966261
i400,Patch_4_9mps,forested,1,1000,100,18798,4.356971153846154,0.13956947799277836,0.05705108040491866,0.20251341484553093
i400,Patch_4_9mps,forested,1,1000,100,18798,4.457131410256411,0.1369443180962552,0.055353261695450906,0.1905792061271592
i400,Patch_4_9mps,forested,1,1000,100,18798,4.557291666666667,0.13499237824997887,0.05709406668485671,0.18770941026910282
i400,Patch_4_9mps,forested,1,1000,100,18798,4.657451923076923,0.13359076418125085,0.05096840357575112,0.18940994111579776
i400,Patch_4_9mps,forested,1,1000,100,18798,4.75761217948718,0.13253426374513072,0.04424571638676213,0.18456420050094968
i400,Patch_4_9mps,forested,1,1000,100,18798,4.857772435897436,0.131432063055812,0.043532107393261105,0.19090264978085486
i400,Patch_4_9mps,forested,1,1000,100,18798,4.9579326923076925,0.12996211412624784,0.041958323514334504,0.19706541207780484
i400,Patch_4_9mps,forested,1,1000,100,18798,5.058092948717949,0.12881031059884068,0.03999846646672435,0.20041819245332151
i400,Patch_4_9mps,forested,1,1000,100,18798,5.158253205128205,0.12789853756890757,0.04374882170710719,0.19454703150750652
i400,Patch_4_9mps,forested,1,1000,100,18798,5.258413461538462,0.12732864790652706,0.044488283117784064,0.1974340043271745
i400,Patch_4_9mps,forested,1,1000,100,18798,5.358573717948718,0.12691440608208623,0.04349552243252987,0.19053361314515146
i400,Patch_4_9mps,forested,1,1000,100,18798,5.4587339743589745,0.1268830213603051,0.04183933588816103,0.18701053501619908
i400,Patch_4_9mps,forested,1,1000,100,18798,5.558894230769231,0.12712275675929946,0.038807379033586456,0.18538718440137578
i400,Patch_4_9mps,forested,1,1000,100,18798,5.659054487179487,0.12791791348084802,0.0401853992404226,0.1849318512587454
i400,Patch_4_9mps,forested,1,1000,100,18798,5.759214743589744,0.12939379986667732,0.0458907780736297,0.19186067675225643
i400,Patch_4_9mps,forested,1,1000,100,18798,5.859375,0.13107441746657136,0.05349573492774755,0.19181935610442646
i400,Patch_4_9mps,forested,1,1000,100,18798,5.959535256410256,0.13267044409701964,0.057935122531841805,0.19271855580866165
i400,Patch_4_9mps,forested,1,1000,100,18798,6.059695512820513,0.134151418818797,0.057096925979662455,0.19594260167846944
i400,Patch_4_9mps,forested,1,1000,100,18798,6.159855769230769,0.1359025380375761,0.05903483150369401,0.19758953150410774
i400,Patch_4_9mps,forested,1,1000,100,18798,6.2600160256410255,0.13834426326300003,0.05898088585207338,0.19079030297612637
i400,Patch_4_9mps,forested,1,1000,100,18798,6.360176282051282,0.1405693022554538,0.06506837715976581,0.19135301765714627
i400,Patch_4_9mps,forested,1,1000,100,18798,6.460336538461538,0.1426612545236156,0.061955915807793346,0.19718299253824007
i400,Patch_4_9mps,forested,1,1000,100,18798,6.560496794871795,0.14461098975149092,0.054711809869416254,0.19782766588184797
i400,Patch_4_9mps,forested,1,1000,100,18798,6.660657051282051,0.14617281918726557,0.0499181597064851,0.19983669470833154
i400,Patch_4_9mps,forested,1,1000,100,18798,6.7608173076923075,0.14724143155609465,0.05277888294349405,0.20127872464201257
i400,Patch_4_9mps,forested,1,1000,100,18798,6.860977564102564,0.14813903829162237,0.05573474922981859,0.2028176937818238
i400,Patch_4_9mps,forested,1,1000,100,18798,6.96113782051282,0.14947228974374155,0.05871538125658715,0.2037460055615412
i400,Patch_4_9mps,forested,1,1000,100,18798,7.061298076923077,0.15101967461897423,0.06258921967642804,0.20997418310903077
i400,Patch_4_9mps,forested,1,1000,100,18798,7.161458333333333,0.1525135841035406,0.06046995544310958,0.2089788968293877
i400,Patch_4_9mps,forested,1,1000,100,18798,7.261618589743589,0.15367115071586734,0.05912270476212035,0.21241677213473814
i400,Patch_4_9mps,forested,1,1000,100,18798,7.361778846153846,0.15469368811238554,0.061449647043880104,0.21697768427659606
i400,Patch_4_9mps,forested,1,1000,100,18798,7.461939102564102,0.15574580950099498,0.0638304240236873,0.21706849004925283
i400,Patch_4_9mps,forested,1,1000,100,18798,7.562099358974359,0.1568403972274427,0.06504621801892703,0.21386312238210464
i400,Patch_4_9mps,forested,1,1000,100,18798,7.662259615384615,0.158119571812389,0.06454559876934632,0.2178783994496557
i400,Patch_4_9mps,forested,1,1000,100,18798,7.762419871794871,0.1591016380375847,0.06302075115392825,0.22242449973384537
i400,Patch_4_9mps,forested,1,1000,100,18798,7.862580128205129,0.1599671788426519,0.06478696382852134,0.22722604246037334
i400,Patch_4_9mps,forested,1,1000,100,18798,7.962740384615385,0.16074488838207526,0.06798255256209093,0.22793128676697055
i400,Patch_4_9mps,forested,1,1000,100,18798,8.06290064102564,0.16160831429943248,0.07157120705685377,0.22728755399836767
i400,Patch_4_9mps,forested,1,1000,100,18798,8.163060897435898,0.16282950736697535,0.07620251713455853,0.22686792551759133
i400,Patch_4_9mps,forested,1,1000,100,18798,8.263221153846153,0.16460058421073998,0.07752618097123902,0.23017951304734885
i400,Patch_4_9mps,forested,1,1000,100,18798,8.36338141025641,0.16678006990482244,0.07824945974167749,0.2300972844229256
i400,Patch_4_9mps,forested,1,1000,100,18798,8.463541666666666,0.1691309037045233,0.08065262894741962,0.23214345942886844
i400,Patch_4_9mps,forested,1,1000,100,18798,8.563701923076923,0.17165297813488706,0.07920196998236415,0.23479517355317042
i400,Patch_4_9mps,forested,1,1000,100,18798,8.663862179487179,0.17383129796863409,0.08216819291974695,0.24038601003269316
i400,Patch_4_9mps,forested,1,1000,100,18798,8.764022435897436,0.175690713360127,0.0805619629594627,0.23875398858881566
i400,Patch_4_9mps,forested,1,1000,100,18798,8.864182692307692,0.17765802892927965,0.08009578055459197,0.23981649724995646
i400,Patch_4_9mps,forested,1,1000,100,18798,8.964342948717949,0.17956007135477492,0.08214856293263577,0.24417944511580042
i400,Patch_4_9mps,forested,1,1000,100,18798,9.064503205128204,0.18145811474795182,0.08501401136996788,0.2482443313847809
i400,Patch_4_9mps,forested,1,1000,100,18798,9.164663461538462,0.1833516897611186,0.08302789431059696,0.2498128426274297
i400,Patch_4_9mps,forested,1,1000,100,18798,9.264823717948717,0.18492821823011202,0.08963935466714515,0.2505405078495789
i400,Patch_4_9mps,forested,1,1000,100,18798,9.364983974358974,0.18594421958427648,0.09221006002922427,0.25242700518287803
i400,Patch_4_9mps,forested,1,1000,100,18798,9.46514423076923,0.18640744910307233,0.09714787752803528,0.25265088210599584
i400,Patch_4_9mps,forested,1,1000,100,18798,9.565304487179487,0.1865197954950771,0.09940968816013693,0.2536610987277831
i400,Patch_4_9mps,forested,1,1000,100,18798,9.665464743589743,0.18652620816211943,0.09877570145869945,0.25522012533186245
i400,Patch_4_9mps,forested,1,1000,100,18798,9.765625,0.1866186712921589,0.09584125257375613,0.25948455792462854
i400,Patch_4_9mps,forested,1,1000,100,18798,9.865785256410257,0.18654779391188098,0.09658567466766718,0.2690263780057734
i400,Patch_4_9mps,forested,1,1000,100,18798,9.965945512820513,0.18610327588044281,0.09462870381980623,0.2687761277769909
i400,Patch_4_9mps,forested,10,1000,100,18798,0.05008012820512821,0.18699183687468185,0.0669773757052397,0.28867689393799345
i400,Patch_4_9mps,forested,10,1000,100,18798,0.1502403846153846,0.1344848025639673,0.06441646378988442,0.20202937396824405
i400,Patch_4_9mps,forested,10,1000,100,18798,0.250400641025641,0.21483148685781875,0.10537343120380323,0.31718900116381743
i400,Patch_4_9mps,forested,10,1000,100,18798,0.3505608974358974,0.26940424592121426,0.09247305140093631,0.3952726850838495
i400,Patch_4_9mps,forested,10,1000,100,18798,0.45072115384615385,0.1992578856771696,0.08195196035757593,0.27610051898414323
i400,Patch_4_9mps,forested,10,1000,100,18798,0.5508814102564102,0.154167660444436,0.06933590252013694,0.21073022039897168
i400,Patch_4_9mps,forested,10,1000,100,18798,0.6510416666666666,0.12518624843505655,0.04160244035275766,0.1936683098547331
i400,Patch_4_9mps,forested,10,1000,100,18798,0.7512019230769231,0.10825037631171393,0.032415457247364485,0.18024273357413162
i400,Patch_4_9mps,forested,10,1000,100,18798,0.8513621794871795,0.1023612489258094,0.027403976022316912,0.16432064428666165
i400,Patch_4_9mps,forested,10,1000,100,18798,0.9515224358974359,0.10046173327430993,0.04162150263785709,0.1523848839737446
i400,Patch_4_9mps,forested,10,1000,100,18798,1.0516826923076923,0.10273238812156152,0.04588034699146668,0.14502115562404772
i400,Patch_4_9mps,forested,10,1000,100,18798,1.1518429487179487,0.10708873845738388,0.0458583926160143,0.16992358955372408
i400,Patch_4_9mps,forested,10,1000,100,18798,1.252003205128205,0.11109976256141973,0.04728569676164409,0.16447147871535517
i400,Patch_4_9mps,forested,10,1000,100,18798,1.3521634615384615,0.11524648837811904,0.05002178113710129,0.16312715059713345
i400,Patch_4_9mps,forested,10,1000,100,18798,1.4523237179487178,0.11710409387737736,0.05235700904035913,0.1639716713460823
i400,Patch_4_9mps,forested,10,1000,100,18798,1.5524839743589745,0.11595327075705786,0.05267187330387227,0.15579518768723324
i400,Patch_4_9mps,forested,10,1000,100,18798,1.6526442307692308,0.1116832002717756,0.05562963700855675,0.1500633899115272
i400,Patch_4_9mps,forested,10,1000,100,18798,1.7528044871794872,0.10599049624801493,0.04950089272870248,0.14128274200848945
i400,Patch_4_9mps,forested,10,1000,100,18798,1.8529647435897436,0.09927130891270036,0.04808842160749194,0.13183351711883937
i400,Patch_4_9mps,forested,10,1000,100,18798,1.953125,0.09371138692359769,0.03365977771602163,0.13472150462396953
i400,Patch_4_9mps,forested,10,1000,100,18798,2.0532852564102564,0.0895269025675262,0.03403273001324526,0.13210954140486048
i400,Patch_4_9mps,forested,10,1000,100,18798,2.1534455128205128,0.08660296786531166,0.02614223151443998,0.13050060686488096
i400,Patch_4_9mps,forested,10,1000,100,18798,2.253605769230769,0.08564849984163957,0.02762490945364762,0.13544158285400698
i400,Patch_4_9mps,forested,10,1000,100,18798,2.3537660256410255,0.08539844525796525,0.025379632212736043,0.12634233314930668
i400,Patch_4_9mps,forested,10,1000,100,18798,2.453926282051282,0.08546188226871293,0.026634026417540882,0.12508962229614276
i400,Patch_4_9mps,forested,10,1000,100,18798,2.5540865384615383,0.08551387711974004,0.031459927959661,0.12792256872009983
i400,Patch_4_9mps,forested,10,1000,100,18798,2.6542467948717947,0.08498080169019337,0.033811481826681936,0.11848113078635317
i400,Patch_4_9mps,forested,10,1000,100,18798,2.754407051282051,0.08409547373861302,0.03292818714929502,0.11481211470504422
i400,Patch_4_9mps,forested,10,1000,100,18798,2.8545673076923075,0.08250764562818423,0.03643875174735666,0.11229420020311903
i400,Patch_4_9mps,forested,10,1000,100,18798,2.9547275641025643,0.08030788415787653,0.03928735352177566,0.10552879988814855
i400,Patch_4_9mps,forested,10,1000,100,18798,3.0548878205128207,0.07804383659323971,0.03922792783088533,0.10340269101173277
i400,Patch_4_9mps,forested,10,1000,100,18798,3.155048076923077,0.07534696371503241,0.03571922042850561,0.10223408480726033
i400,Patch_4_9mps,forested,10,1000,100,18798,3.2552083333333335,0.07263772649708132,0.031398372861814225,0.10073173765020589
i400,Patch_4_9mps,forested,10,1000,100,18798,3.35536858974359,0.06996303408597167,0.031034901892975267,0.09653320050292342
i400,Patch_4_9mps,forested,10,1000,100,18798,3.4555288461538463,0.06712283485464259,0.031711437002991574,0.09239988074970557
i400,Patch_4_9mps,forested,10,1000,100,18798,3.5556891025641026,0.0643673635329832,0.028457826454616815,0.0873954901557211
i400,Patch_4_9mps,forested,10,1000,100,18798,3.655849358974359,0.06164173877989956,0.0248710321798747,0.08458181019541743
i400,Patch_4_9mps,forested,10,1000,100,18798,3.7560096153846154,0.059107011400938374,0.02165162344734544,0.08545223385378614
i400,Patch_4_9mps,forested,10,1000,100,18798,3.856169871794872,0.056795958378792505,0.020944401311389915,0.08671392409085057
i400,Patch_4_9mps,forested,10,1000,100,18798,3.956330128205128,0.0547426404994886,0.019893040997910914,0.08369253843033289
i400,Patch_4_9mps,forested,10,1000,100,18798,4.056490384615385,0.05290261011911137,0.017741251881662798,0.08127306193147601
i400,Patch_4_9mps,forested,10,1000,100,18798,4.156650641025641,0.05129572976185415,0.016642219862896598,0.08219750284403986
i400,Patch_4_9mps,forested,10,1000,100,18798,4.256810897435898,0.05011600113183148,0.016691174532688223,0.07759249273730294
i400,Patch_4_9mps,forested,10,1000,100,18798,4.356971153846154,0.049387789276556744,0.015276728013808503,0.07184610498101911
i400,Patch_4_9mps,forested,10,1000,100,18798,4.457131410256411,0.04901254061994619,0.01494628740867481,0.07199311044921
i400,Patch_4_9mps,forested,10,1000,100,18798,4.557291666666667,0.04886261577717036,0.015749083522504096,0.06994813395020547
i400,Patch_4_9mps,forested,10,1000,100,18798,4.657451923076923,0.04883852442120971,0.015004028838178616,0.0715075236469441
i400,Patch_4_9mps,forested,10,1000,100,18798,4.75761217948718,0.04867954161375832,0.016875947966434757,0.07482809522077913
i400,Patch_4_9mps,forested,10,1000,100,18798,4.857772435897436,0.04855593670395345,0.01828700936001785,0.07719846937274041
i400,Patch_4_9mps,forested,10,1000,100,18798,4.9579326923076925,0.048413148596914375,0.018583366208661002,0.07705607880077615
i400,Patch_4_9mps,forested,10,1000,100,18798,5.058092948717949,0.04834308090661825,0.0187973354045923,0.075020971074995
i400,Patch_4_9mps,forested,10,1000,100,18798,5.158253205128205,0.04850992356556651,0.021054751192590516,0.07754174541964175
i400,Patch_4_9mps,forested,10,1000,100,18798,5.258413461538462,0.04888531467905521,0.02317165495509502,0.07724892582166057
i400,Patch_4_9mps,forested,10,1000,100,18798,5.358573717948718,0.049225921260268174,0.023686272246535668,0.07781835553510782
i400,Patch_4_9mps,forested,10,1000,100,18798,5.4587339743589745,0.049535343038143706,0.022176073686018826,0.07445744794894685
i400,Patch_4_9mps,forested,10,1000,100,18798,5.558894230769231,0.04994512349134398,0.021273583234016697,0.07625581079217589
i400,Patch_4_9mps,forested,10,1000,100,18798,5.659054487179487,0.050408393205887594,0.021844525637815006,0.07374710613909546
i400,Patch_4_9mps,forested,10,1000,100,18798,5.759214743589744,0.05090135932397434,0.023974350840698586,0.07159994678255104
i400,Patch_4_9mps,forested,10,1000,100,18798,5.859375,0.05137833285990477,0.025509632795982628,0.07215218573663035
i400,Patch_4_9mps,forested,10,1000,100,18798,5.959535256410256,0.05189136546938378,0.025096178040376248,0.07253860539526422
i400,Patch_4_9mps,forested,10,1000,100,18798,6.059695512820513,0.052500623184859,0.02361304965429131,0.07339173789035572
i400,Patch_4_9mps,forested,10,1000,100,18798,6.159855769230769,0.05311639541419959,0.022666652991069867,0.07443722132747607
i400,Patch_4_9mps,forested,10,1000,100,18798,6.2600160256410255,0.053693623392424054,0.024260269857703482,0.07538083679479467
i400,Patch_4_9mps,forested,10,1000,100,18798,6.360176282051282,0.05420878290530443,0.02278001952006113,0.07617192380277489
i400,Patch_4_9mps,forested,10,1000,100,18798,6.460336538461538,0.054669886403969796,0.022129811921144108,0.07763569947496178
i400,Patch_4_9mps,forested,10,1000,100,18798,6.560496794871795,0.05502552471617138,0.021900724746705624,0.07844516599617495
i400,Patch_4_9mps,forested,10,1000,100,18798,6.660657051282051,0.055331832284613885,0.02270184148884523,0.07861991086816325
i400,Patch_4_9mps,forested,10,1000,100,18798,6.7608173076923075,0.05556441608081996,0.021710855970326022,0.07893411597680278
i400,Patch_4_9mps,forested,10,1000,100,18798,6.860977564102564,0.05583605131589704,0.020076187746055837,0.07937993813473453
i400,Patch_4_9mps,forested,10,1000,100,18798,6.96113782051282,0.05617763592794445,0.019409753493376782,0.07951267649825476
i400,Patch_4_9mps,forested,10,1000,100,18798,7.061298076923077,0.05656664080575799,0.0195302461876881,0.08094275959648284
i400,Patch_4_9mps,forested,10,1000,100,18798,7.161458333333333,0.05699774733641885,0.019926893866526532,0.08196476061321321
i400,Patch_4_9mps,forested,10,1000,100,18798,7.261618589743589,0.05747615386384159,0.02071546958987808,0.08113052412159678
i400,Patch_4_9mps,forested,10,1000,100,18798,7.361778846153846,0.057976832740629314,0.022098412797943397,0.0814370897560415
i400,Patch_4_9mps,forested,10,1000,100,18798,7.461939102564102,0.05854573333377262,0.022971977290879655,0.08125791053504682
i400,Patch_4_9mps,forested,10,1000,100,18798,7.562099358974359,0.05922441558551293,0.02223547404062149,0.08185480037403078
i400,Patch_4_9mps,forested,10,1000,100,18798,7.662259615384615,0.059874676608131984,0.021984372686138055,0.08229385702044326
i400,Patch_4_9mps,forested,10,1000,100,18798,7.762419871794871,0.06029724409902456,0.023200537020139925,0.08250996450269538
i400,Patch_4_9mps,forested,10,1000,100,18798,7.862580128205129,0.060574735138732676,0.022363068301282308,0.0827496671956584
i400,Patch_4_9mps,forested,10,1000,100,18798,7.962740384615385,0.0608866937080401,0.02314750619540239,0.08184261245493624
i400,Patch_4_9mps,forested,10,1000,100,18798,8.06290064102564,0.06120814163817163,0.0244306360062187,0.0801140065370337
i400,Patch_4_9mps,forested,10,1000,100,18798,8.163060897435898,0.06152171836573147,0.025041649782661667,0.07935716783045318
i400,Patch_4_9mps,forested,10,1000,100,18798,8.263221153846153,0.061786606046351514,0.02666049784960322,0.08048835126302757
i400,Patch_4_9mps,forested,10,1000,100,18798,8.36338141025641,0.06200482164413212,0.028532105275788516,0.07940570917411546
i400,Patch_4_9mps,forested,10,1000,100,18798,8.463541666666666,0.06222117056119404,0.028302114093199018,0.08031803241107963
i400,Patch_4_9mps,forested,10,1000,100,18798,8.563701923076923,0.06250954017365126,0.02650630021606112,0.08306756303660018
i400,Patch_4_9mps,forested,10,1000,100,18798,8.663862179487179,0.06266960650764757,0.02474334524955443,0.08534720153573025
i400,Patch_4_9mps,forested,10,1000,100,18798,8.764022435897436,0.06275700784118213,0.02605345602783215,0.08601900347848335
i400,Patch_4_9mps,forested,10,1000,100,18798,8.864182692307692,0.06293088410831489,0.02643185772655253,0.08542614900943057
i400,Patch_4_9mps,forested,10,1000,100,18798,8.964342948717949,0.06312811075965258,0.026450148438125515,0.08750243369002951
i400,Patch_4_9mps,forested,10,1000,100,18798,9.064503205128204,0.06325399005627938,0.026876748049230938,0.08814941881107667
i400,Patch_4_9mps,forested,10,1000,100,18798,9.164663461538462,0.06337062175710002,0.02706618193784827,0.08758347739804162
i400,Patch_4_9mps,forested,10,1000,100,18798,9.264823717948717,0.06347610005962293,0.027733363944131686,0.08653113052306191
i400,Patch_4_9mps,forested,10,1000,100,18798,9.364983974358974,0.06363728459351017,0.03022573252736466,0.08637627286641228
i400,Patch_4_9mps,forested,10,1000,100,18798,9.46514423076923,0.06388841052056249,0.0311695798712915,0.0869671995517497
i400,Patch_4_9mps,forested,10,1000,100,18798,9.565304487179487,0.06414860719704903,0.030211826174514005,0.0885817233324601
i400,Patch_4_9mps,forested,10,1000,100,18798,9.665464743589743,0.0644362166565576,0.030638936811273994,0.09050175256064236
i400,Patch_4_9mps,forested,10,1000,100,18798,9.765625,0.06474239395011373,0.03058713493750753,0.09273074297399325
i400,Patch_4_9mps,forested,10,1000,100,18798,9.865785256410257,0.06504145367800922,0.029374456180759498,0.09534539219449878
i400,Patch_4_9mps,forested,10,1000,100,18798,9.965945512820513,0.06531821949642386,0.02778172013463774,0.09734088413649312
i400,Patch_4_9mps,forested,50,1000,100,18798,0.05008012820512821,0.07118799628102693,0.029048407011291855,0.10431478944228008
i400,Patch_4_9mps,forested,50,1000,100,18798,0.1502403846153846,0.06368511791097003,0.028085900739897494,0.0925788243601653
i400,Patch_4_9mps,forested,50,1000,100,18798,0.250400641025641,0.09345855178971099,0.03467104521431015,0.13794843095770462
i400,Patch_4_9mps,forested,50,1000,100,18798,0.3505608974358974,0.12913236370427963,0.05262056534322013,0.1772045464886787
i400,Patch_4_9mps,forested,50,1000,100,18798,0.45072115384615385,0.08439144548994895,0.03776160293858703,0.11165328370337052
i400,Patch_4_9mps,forested,50,1000,100,18798,0.5508814102564102,0.06330950310190633,0.023157217514695405,0.08617050845676863
i400,Patch_4_9mps,forested,50,1000,100,18798,0.6510416666666666,0.052707414384111494,0.020489308993365544,0.07649070828019429
i400,Patch_4_9mps,forested,50,1000,100,18798,0.7512019230769231,0.049300084402810765,0.01653259951248285,0.07675838632455435
i400,Patch_4_9mps,forested,50,1000,100,18798,0.8513621794871795,0.04929988290065419,0.02390237749268024,0.06886110048709676
i400,Patch_4_9mps,forested,50,1000,100,18798,0.9515224358974359,0.04826109869704474,0.020296234166846235,0.06731629562770672
i400,Patch_4_9mps,forested,50,1000,100,18798,1.0516826923076923,0.049083285003324685,0.022441295792581358,0.06680534894565135
i400,Patch_4_9mps,forested,50,1000,100,18798,1.1518429487179487,0.05068611293901437,0.019897219828922008,0.0715299743935165
i400,Patch_4_9mps,forested,50,1000,100,18798,1.252003205128205,0.052123969588488125,0.022655218494928655,0.07982627632183335
i400,Patch_4_9mps,forested,50,1000,100,18798,1.3521634615384615,0.053246994312259426,0.022975358200288325,0.08088993265448136
i400,Patch_4_9mps,forested,50,1000,100,18798,1.4523237179487178,0.053216565418750826,0.02104558704284642,0.07854515300906112
i400,Patch_4_9mps,forested,50,1000,100,18798,1.5524839743589745,0.05281954743379039,0.021665880986339987,0.07022515659977914
i400,Patch_4_9mps,forested,50,1000,100,18798,1.6526442307692308,0.051314320715686604,0.02294164502441001,0.06979403632242721
i400,Patch_4_9mps,forested,50,1000,100,18798,1.7528044871794872,0.04889835104114201,0.025195601454883282,0.06409292043240913
i400,Patch_4_9mps,forested,50,1000,100,18798,1.8529647435897436,0.046057419593474834,0.024728810501555235,0.059327310123517545
i400,Patch_4_9mps,forested,50,1000,100,18798,1.953125,0.04283347909210491,0.02062290155924339,0.05860818163741095
i400,Patch_4_9mps,forested,50,1000,100,18798,2.0532852564102564,0.03926676001785546,0.015696135158451252,0.056155263423100336
i400,Patch_4_9mps,forested,50,1000,100,18798,2.1534455128205128,0.0364859629979769,0.013273477873885752,0.05245634471503591
i400,Patch_4_9mps,forested,50,1000,100,18798,2.253605769230769,0.034585563234567164,0.012923234900162565,0.051676798423331255
i400,Patch_4_9mps,forested,50,1000,100,18798,2.3537660256410255,0.033265549397201645,0.01318135235565572,0.04983754199093437
i400,Patch_4_9mps,forested,50,1000,100,18798,2.453926282051282,0.03233939868585476,0.01358321715306954,0.04780473313581529
i400,Patch_4_9mps,forested,50,1000,100,18798,2.5540865384615383,0.03120691732026945,0.012000943768085729,0.043375664710948385
i400,Patch_4_9mps,forested,50,1000,100,18798,2.6542467948717947,0.030362209290967983,0.01123182668357752,0.04106845636991133
i400,Patch_4_9mps,forested,50,1000,100,18798,2.754407051282051,0.029498455141636327,0.011816799450596181,0.041798199543778766
i400,Patch_4_9mps,forested,50,1000,100,18798,2.8545673076923075,0.028617460683713705,0.010595415962137238,0.04149467167016807
i400,Patch_4_9mps,forested,50,1000,100,18798,2.9547275641025643,0.027735749555414812,0.01149719915115607,0.04048010545020045
i400,Patch_4_9mps,forested,50,1000,100,18798,3.0548878205128207,0.026935174156788987,0.011704418663585837,0.03881794046802094
i400,Patch_4_9mps,forested,50,1000,100,18798,3.155048076923077,0.026109816982634183,0.011919922527882886,0.037991334805358
i400,Patch_4_9mps,forested,50,1000,100,18798,3.2552083333333335,0.025244788438541225,0.011737806808219287,0.0339059478147302
i400,Patch_4_9mps,forested,50,1000,100,18798,3.35536858974359,0.02440162984377299,0.01146104278910304,0.03297650806278831
i400,Patch_4_9mps,forested,50,1000,100,18798,3.4555288461538463,0.023832665678736674,0.010057993419475915,0.03216083298396991
i400,Patch_4_9mps,forested,50,1000,100,18798,3.5556891025641026,0.023486768875516408,0.010073910739817674,0.03310761677164383
i400,Patch_4_9mps,forested,50,1000,100,18798,3.655849358974359,0.023156860895952286,0.011509480248985897,0.032404192936979756
i400,Patch_4_9mps,forested,50,1000,100,18798,3.7560096153846154,0.02276989247357713,0.011560092858199787,0.032017803856543785
i400,Patch_4_9mps,forested,50,1000,100,18798,3.856169871794872,0.022345949461784805,0.010838830001965569,0.03088063478177001
i400,Patch_4_9mps,forested,50,1000,100,18798,3.956330128205128,0.022054623874646476,0.01156883347902734,0.03061560872173992
i400,Patch_4_9mps,forested,50,1000,100,18798,4.056490384615385,0.02182869019907564,0.011120779550285825,0.03047997580005323
i400,Patch_4_9mps,forested,50,1000,100,18798,4.156650641025641,0.021690757673243518,0.0102883860740515,0.030199203168412656
i400,Patch_4_9mps,forested,50,1000,100,18798,4.256810897435898,0.021477890380790274,0.008463099309942717,0.029960898503675927
i400,Patch_4_9mps,forested,50,1000,100,18798,4.356971153846154,0.021146022005194144,0.008122347135073983,0.02943809413302561
i400,Patch_4_9mps,forested,50,1000,100,18798,4.457131410256411,0.020832856477521994,0.008374993598419348,0.029590309405250544
i400,Patch_4_9mps,forested,50,1000,100,18798,4.557291666666667,0.02076529005289478,0.00799754920411165,0.030441049682878037
i400,Patch_4_9mps,forested,50,1000,100,18798,4.657451923076923,0.020867031437736966,0.009242051601820142,0.029943680996260158
i400,Patch_4_9mps,forested,50,1000,100,18798,4.75761217948718,0.02102998722558631,0.009312812430305819,0.02997478731012407
i400,Patch_4_9mps,forested,50,1000,100,18798,4.857772435897436,0.021203678552463582,0.009367157703210335,0.0293076740729952
i400,Patch_4_9mps,forested,50,1000,100,18798,4.9579326923076925,0.02132973521251109,0.009297419002654114,0.028824395146530454
i400,Patch_4_9mps,forested,50,1000,100,18798,5.058092948717949,0.02146809617674323,0.009443422378660807,0.028978259484611264
i400,Patch_4_9mps,forested,50,1000,100,18798,5.158253205128205,0.021608446026129678,0.009793791840132864,0.02932804850252039
i400,Patch_4_9mps,forested,50,1000,100,18798,5.258413461538462,0.021788978752394206,0.009607890249192726,0.029784088602137385
i400,Patch_4_9mps,forested,50,1000,100,18798,5.358573717948718,0.02204047841347121,0.009967859565719812,0.030432812601298737
i400,Patch_4_9mps,forested,50,1000,100,18798,5.4587339743589745,0.0223148986416545,0.010214621209727603,0.031323630467853074
i400,Patch_4_9mps,forested,50,1000,100,18798,5.558894230769231,0.022597737851340994,0.00991739686587435,0.03265438252029145
i400,Patch_4_9mps,forested,50,1000,100,18798,5.659054487179487,0.022890715849963463,0.01069801580955849,0.033413608871141906
i400,Patch_4_9mps,forested,50,1000,100,18798,5.759214743589744,0.02319294802849681,0.011064515959449702,0.032849852893572604
i400,Patch_4_9mps,forested,50,1000,100,18798,5.859375,0.02345312988522774,0.010707465573360135,0.03292441517217581
i400,Patch_4_9mps,forested,50,1000,100,18798,5.959535256410256,0.023696733435670674,0.010692980849068189,0.03304491067162773
i400,Patch_4_9mps,forested,50,1000,100,18798,6.059695512820513,0.02398272655714579,0.01122382514894201,0.033902771053479795
i400,Patch_4_9mps,forested,50,1000,100,18798,6.159855769230769,0.02430160381952405,0.009453801594985878,0.03331463393777019
i400,Patch_4_9mps,forested,50,1000,100,18798,6.2600160256410255,0.024577433625620163,0.011248795867132781,0.03334280069852365
i400,Patch_4_9mps,forested,50,1000,100,18798,6.360176282051282,0.02485578370874708,0.011569957924634819,0.03321443385578593
i400,Patch_4_9mps,forested,50,1000,100,18798,6.460336538461538,0.02513907881617258,0.012200692730293155,0.033364349214202275
i400,Patch_4_9mps,forested,50,1000,100,18798,6.560496794871795,0.025477480939208763,0.013211343711197712,0.033347965669318524
i400,Patch_4_9mps,forested,50,1000,100,18798,6.660657051282051,0.025807179063707653,0.012978660618774172,0.03336156873349941
i400,Patch_4_9mps,forested,50,1000,100,18798,6.7608173076923075,0.026142653929842018,0.01302884745148869,0.03376089770353637
i400,Patch_4_9mps,forested,50,1000,100,18798,6.860977564102564,0.026450776565692818,0.013192175520412302,0.03415841555790782
i400,Patch_4_9mps,forested,50,1000,100,18798,6.96113782051282,0.026680575779880207,0.013649600856763321,0.03444251361314725
i400,Patch_4_9mps,forested,50,1000,100,18798,7.061298076923077,0.026806055034536223,0.013247755685182695,0.03448220672902374
i400,Patch_4_9mps,forested,50,1000,100,18798,7.161458333333333,0.02684841115991381,0.012827487873626506,0.03532713410662268
i400,Patch_4_9mps,forested,50,1000,100,18798,7.261618589743589,0.02683435582164974,0.012463584740301537,0.03618501289940938
i400,Patch_4_9mps,forested,50,1000,100,18798,7.361778846153846,0.026828828652004387,0.011844733164683924,0.03549984867522271
i400,Patch_4_9mps,forested,50,1000,100,18798,7.461939102564102,0.02685391555196553,0.012079229894584192,0.03606751648625131
i400,Patch_4_9mps,forested,50,1000,100,18798,7.562099358974359,0.02688294707113451,0.0120708052199896,0.036625787641210536
i400,Patch_4_9mps,forested,50,1000,100,18798,7.662259615384615,0.026890763773440587,0.011604219378334946,0.036344871279039306
i400,Patch_4_9mps,forested,50,1000,100,18798,7.762419871794871,0.02686622347460408,0.011567396235843035,0.035645650653865026
i400,Patch_4_9mps,forested,50,1000,100,18798,7.862580128205129,0.02683385556968687,0.011827919087890085,0.03503592807660463
i400,Patch_4_9mps,forested,50,1000,100,18798,7.962740384615385,0.02676597422145469,0.011254642678654378,0.034401656918338464
i400,Patch_4_9mps,forested,50,1000,100,18798,8.06290064102564,0.02670023639793704,0.011453284646300892,0.03392610378847959
i400,Patch_4_9mps,forested,50,1000,100,18798,8.163060897435898,0.026620075132642952,0.011248213908022069,0.03460298523798361
i400,Patch_4_9mps,forested,50,1000,100,18798,8.263221153846153,0.02658906319164242,0.011365686820592056,0.03453704130516467
i400,Patch_4_9mps,forested,50,1000,100,18798,8.36338141025641,0.026588754248730334,0.011636235938712252,0.034403870968368645
i400,Patch_4_9mps,forested,50,1000,100,18798,8.463541666666666,0.02664281093613012,0.011627747050837375,0.03461611623101385
i400,Patch_4_9mps,forested,50,1000,100,18798,8.563701923076923,0.0267151786932036,0.011089530478913616,0.035041053055446136
i400,Patch_4_9mps,forested,50,1000,100,18798,8.663862179487179,0.026750451301364143,0.011827988255557373,0.03488315624204569
i400,Patch_4_9mps,forested,50,1000,100,18798,8.764022435897436,0.02674531593554665,0.011777135057181334,0.035943089758613475
i400,Patch_4_9mps,forested,50,1000,100,18798,8.864182692307692,0.026746980309899252,0.01179295890593306,0.03539170382511739
i400,Patch_4_9mps,forested,50,1000,100,18798,8.964342948717949,0.026790770881240558,0.01209628894679514,0.03453132150042893
i400,Patch_4_9mps,forested,50,1000,100,18798,9.064503205128204,0.026834775500611977,0.011634718776676437,0.03440866973679507
i400,Patch_4_9mps,forested,50,1000,100,18798,9.164663461538462,0.026883518365336263,0.012182591687071854,0.034538820664658285
i400,Patch_4_9mps,forested,50,1000,100,18798,9.264823717948717,0.026952126455893774,0.012727807505363033,0.03420144186047894
i400,Patch_4_9mps,forested,50,1000,100,18798,9.364983974358974,0.027011807414030913,0.012742127889509939,0.03473401179269462
i400,Patch_4_9mps,forested,50,1000,100,18798,9.46514423076923,0.02700872425810648,0.012197034107141343,0.03502190811151065
i400,Patch_4_9mps,forested,50,1000,100,18798,9.565304487179487,0.026940317583144763,0.012141472797626687,0.034144199541503197
i400,Patch_4_9mps,forested,50,1000,100,18798,9.665464743589743,0.02686356941042342,0.011623048144229532,0.03441312279397031
i400,Patch_4_9mps,forested,50,1000,100,18798,9.765625,0.02680734366490984,0.011082121943725542,0.03450617316702855
i400,Patch_4_9mps,forested,50,1000,100,18798,9.865785256410257,0.026764195021083858,0.011468070188242849,0.03468945214561666
i400,Patch_4_9mps,forested,50,1000,100,18798,9.965945512820513,0.026709006625168268,0.012253267469419227,0.034085106634142534
i400,Patch_4_9mps,forested,100,1000,100,18798,0.05008012820512821,0.057641939851566064,0.02753044255572803,0.08837184125268785
i400,Patch_4_9mps,forested,100,1000,100,18798,0.1502403846153846,0.04848089918342501,0.020274386049126965,0.06528726195175877
i400,Patch_4_9mps,forested,100,1000,100,18798,0.250400641025641,0.0775128519601705,0.03319081571184127,0.11018266844591795
i400,Patch_4_9mps,forested,100,1000,100,18798,0.3505608974358974,0.09516932749282424,0.032114744013872404,0.14274236924438188
i400,Patch_4_9mps,forested,100,1000,100,18798,0.45072115384615385,0.06603540091553532,0.028398531333819865,0.09303985910255694
i400,Patch_4_9mps,forested,100,1000,100,18798,0.5508814102564102,0.05218662491704355,0.026371628337891494,0.0732481688962617
i400,Patch_4_9mps,forested,100,1000,100,18798,0.6510416666666666,0.0443720900704161,0.020888605677506167,0.059545813661042654
i400,Patch_4_9mps,forested,100,1000,100,18798,0.7512019230769231,0.040331631563048614,0.015955600691951143,0.05836398548731427
i400,Patch_4_9mps,forested,100,1000,100,18798,0.8513621794871795,0.039108805147659645,0.014804044484350763,0.06036143560135657
i400,Patch_4_9mps,forested,100,1000,100,18798,0.9515224358974359,0.03983262268648517,0.018430353115714726,0.05796786158318623
i400,Patch_4_9mps,forested,100,1000,100,18798,1.0516826923076923,0.041969165782997676,0.02118050539816589,0.05729989929268555
i400,Patch_4_9mps,forested,100,1000,100,18798,1.1518429487179487,0.04431100070483485,0.02278017896198585,0.05911222781267154
i400,Patch_4_9mps,forested,100,1000,100,18798,1.252003205128205,0.04635616297085786,0.024910821055575315,0.06269333720226382
i400,Patch_4_9mps,forested,100,1000,100,18798,1.3521634615384615,0.0476488171965242,0.023339941817326505,0.06482377808631282
i400,Patch_4_9mps,forested,100,1000,100,18798,1.4523237179487178,0.04750326868245925,0.02244841464786353,0.07039379095377896
i400,Patch_4_9mps,forested,100,1000,100,18798,1.5524839743589745,0.046524656839030044,0.0228618945153218,0.06680407992286141
i400,Patch_4_9mps,forested,100,1000,100,18798,1.6526442307692308,0.04518010077911813,0.020332518565507884,0.06149202273495755
i400,Patch_4_9mps,forested,100,1000,100,18798,1.7528044871794872,0.043706377511330906,0.021032734933658634,0.06428682346352721
i400,Patch_4_9mps,forested,100,1000,100,18798,1.8529647435897436,0.04128524972361516,0.018925603078241898,0.06230379518807533
i400,Patch_4_9mps,forested,100,1000,100,18798,1.953125,0.03832260191850109,0.015708432888711956,0.057620181957634034
i400,Patch_4_9mps,forested,100,1000,100,18798,2.0532852564102564,0.03568890898817258,0.013963866640082732,0.05294116336125808
i400,Patch_4_9mps,forested,100,1000,100,18798,2.1534455128205128,0.03327863869989849,0.013777710554492386,0.04991768516697697
i400,Patch_4_9mps,forested,100,1000,100,18798,2.253605769230769,0.03144499829832626,0.01166740452925542,0.04588598239401181
i400,Patch_4_9mps,forested,100,1000,100,18798,2.3537660256410255,0.029992947138230773,0.008739951046063616,0.04552315957738808
i400,Patch_4_9mps,forested,100,1000,100,18798,2.453926282051282,0.02899005000138478,0.009343510282620943,0.04127920026510779
i400,Patch_4_9mps,forested,100,1000,100,18798,2.5540865384615383,0.027841107853323388,0.010992326077413003,0.039630676227277055
i400,Patch_4_9mps,forested,100,1000,100,18798,2.6542467948717947,0.026768721301279257,0.010910523472340219,0.03962138902174245
i400,Patch_4_9mps,forested,100,1000,100,18798,2.754407051282051,0.02571594195173409,0.010297891890072445,0.03719675775107009
i400,Patch_4_9mps,forested,100,1000,100,18798,2.8545673076923075,0.024773091092015056,0.011020144843186554,0.035763658979519865
i400,Patch_4_9mps,forested,100,1000,100,18798,2.9547275641025643,0.023981334670694278,0.012706483382013772,0.03335611275612391
i400,Patch_4_9mps,forested,100,1000,100,18798,3.0548878205128207,0.023296907871553706,0.011462521808329346,0.03154903507684591
i400,Patch_4_9mps,forested,100,1000,100,18798,3.155048076923077,0.022615352949324354,0.01232300349777906,0.029229915567024558
i400,Patch_4_9mps,forested,100,1000,100,18798,3.2552083333333335,0.02190487118141284,0.010935118194533088,0.028872108698256804
i400,Patch_4_9mps,forested,100,1000,100,18798,3.35536858974359,0.021304195584581923,0.010182177320515412,0.028407554343729186
i400,Patch_4_9mps,forested,100,1000,100,18798,3.4555288461538463,0.020764889932754414,0.009097556503056521,0.028801724200507535
i400,Patch_4_9mps,forested,100,1000,100,18798,3.5556891025641026,0.020356384501816874,0.008627058223081081,0.028903923016845502
i400,Patch_4_9mps,forested,100,1000,100,18798,3.655849358974359,0.019991956453628352,0.008376332910412634,0.02882821780285955
i400,Patch_4_9mps,forested,100,1000,100,18798,3.7560096153846154,0.019600787844448627,0.007961342611598457,0.02710209742318792
i400,Patch_4_9mps,forested,100,1000,100,18798,3.856169871794872,0.019213128035298996,0.008242754455129477,0.025381643066300256
i400,Patch_4_9mps,forested,100,1000,100,18798,3.956330128205128,0.018802644518339254,0.008205768100813754,0.025296367593024702
i400,Patch_4_9mps,forested,100,1000,100,18798,4.056490384615385,0.01835298313997259,0.007413506045347119,0.025182468795280348
i400,Patch_4_9mps,forested,100,1000,100,18798,4.156650641025641,0.01793262086498358,0.0062321249048565815,0.025060213658500245
i400,Patch_4_9mps,forested,100,1000,100,18798,4.256810897435898,0.017526976665315455,0.006292910261924535,0.025313168636005422
i400,Patch_4_9mps,forested,100,1000,100,18798,4.356971153846154,0.017207405307714644,0.005483838978517501,0.025429691329655207
i400,Patch_4_9mps,forested,100,1000,100,18798,4.457131410256411,0.0169731994192672,0.006165489535987594,0.024805081227900597
i400,Patch_4_9mps,forested,100,1000,100,18798,4.557291666666667,0.016745653745503953,0.006358257511891394,0.024261952846024875
i400,Patch_4_9mps,forested,100,1000,100,18798,4.657451923076923,0.016632805576641308,0.005965134234495303,0.023970274866388273
i400,Patch_4_9mps,forested,100,1000,100,18798,4.75761217948718,0.016599197458779368,0.0068688550637656075,0.02371142798100147
i400,Patch_4_9mps,forested,100,1000,100,18798,4.857772435897436,0.016576873304964764,0.007099096597956973,0.023255429767232327
i400,Patch_4_9mps,forested,100,1000,100,18798,4.9579326923076925,0.01652312980932573,0.0073270199907051374,0.022898703189297896
i400,Patch_4_9mps,forested,100,1000,100,18798,5.058092948717949,0.01648566099543085,0.007220117496307906,0.022201956705568564
i400,Patch_4_9mps,forested,100,1000,100,18798,5.158253205128205,0.01649918162661159,0.00735519765496089,0.022210590461410322
i400,Patch_4_9mps,forested,100,1000,100,18798,5.258413461538462,0.016648792629688117,0.0075961478353119265,0.0230711974013268
i400,Patch_4_9mps,forested,100,1000,100,18798,5.358573717948718,0.01684398154330472,0.007945717161521829,0.023423447950342242
i400,Patch_4_9mps,forested,100,1000,100,18798,5.4587339743589745,0.017057357735335593,0.007779039907453597,0.023915286231499175
i400,Patch_4_9mps,forested,100,1000,100,18798,5.558894230769231,0.017265782783186495,0.007565842295123524,0.02412906159340291
i400,Patch_4_9mps,forested,100,1000,100,18798,5.659054487179487,0.017515817937050947,0.007180929450425149,0.024939360558424755
i400,Patch_4_9mps,forested,100,1000,100,18798,5.759214743589744,0.01782500356410414,0.007481773308412437,0.025411017034008433
i400,Patch_4_9mps,forested,100,1000,100,18798,5.859375,0.018151744116015518,0.0072409043888481545,0.025627441730305952
i400,Patch_4_9mps,forested,100,1000,100,18798,5.959535256410256,0.01846720321035368,0.006628732394315814,0.02622360991751963
i400,Patch_4_9mps,forested,100,1000,100,18798,6.059695512820513,0.01881775172806432,0.006617091571703069,0.026563292817011804
i400,Patch_4_9mps,forested,100,1000,100,18798,6.159855769230769,0.01917629872036583,0.0068457983699361895,0.02756121278350051
i400,Patch_4_9mps,forested,100,1000,100,18798,6.2600160256410255,0.019512572560131745,0.006306195812224101,0.027956485432701735
i400,Patch_4_9mps,forested,100,1000,100,18798,6.360176282051282,0.019853805517746372,0.006873237254794903,0.02904974192740192
i400,Patch_4_9mps,forested,100,1000,100,18798,6.460336538461538,0.020170198189348638,0.0072566231700656025,0.029152700928280994
i400,Patch_4_9mps,forested,100,1000,100,18798,6.560496794871795,0.020463081984378993,0.008080680224595824,0.029434701970977743
i400,Patch_4_9mps,forested,100,1000,100,18798,6.660657051282051,0.020730014765163885,0.008723735140309889,0.03040997239477702
i400,Patch_4_9mps,forested,100,1000,100,18798,6.7608173076923075,0.02102312952717066,0.008741733940587049,0.03052286539905688
i400,Patch_4_9mps,forested,100,1000,100,18798,6.860977564102564,0.02133303987172711,0.008367686265910959,0.030725806676239087
i400,Patch_4_9mps,forested,100,1000,100,18798,6.96113782051282,0.02160470478202214,0.009500149435575918,0.030872977607804854
i400,Patch_4_9mps,forested,100,1000,100,18798,7.061298076923077,0.021819469558173123,0.010009590431415789,0.030694301270392757
i400,Patch_4_9mps,forested,100,1000,100,18798,7.161458333333333,0.02201992120793458,0.010468212378565303,0.030432493645837357
i400,Patch_4_9mps,forested,100,1000,100,18798,7.261618589743589,0.022208161967258458,0.010539272238644036,0.030318951555516723
i400,Patch_4_9mps,forested,100,1000,100,18798,7.361778846153846,0.022373147079438386,0.010889400626710108,0.030662544276401048
i400,Patch_4_9mps,forested,100,1000,100,18798,7.461939102564102,0.022544990343045836,0.01087838782343521,0.03086701185643581
i400,Patch_4_9mps,forested,100,1000,100,18798,7.562099358974359,0.022750917174944364,0.010887910611139692,0.03107263487426489
i400,Patch_4_9mps,forested,100,1000,100,18798,7.662259615384615,0.022976588982628988,0.01102030028062216,0.03174037795248403
i400,Patch_4_9mps,forested,100,1000,100,18798,7.762419871794871,0.02317902696310717,0.01082010595131456,0.03249515861696111
i400,Patch_4_9mps,forested,100,1000,100,18798,7.862580128205129,0.023316439395734027,0.011095602077862046,0.03272398959298021
i400,Patch_4_9mps,forested,100,1000,100,18798,7.962740384615385,0.023406042963123524,0.011457213330570107,0.032225300871484876
i400,Patch_4_9mps,forested,100,1000,100,18798,8.06290064102564,0.02348048195233555,0.01168415645149683,0.03319158317195241
i400,Patch_4_9mps,forested,100,1000,100,18798,8.163060897435898,0.023551848479549463,0.01174621784181086,0.03385104288747811
i400,Patch_4_9mps,forested,100,1000,100,18798,8.263221153846153,0.02362538408095001,0.011194025760048904,0.033604659310273996
i400,Patch_4_9mps,forested,100,1000,100,18798,8.36338141025641,0.02370315838629193,0.011017998216592804,0.034496040099961475
i400,Patch_4_9mps,forested,100,1000,100,18798,8.463541666666666,0.02378182006257596,0.011078169042074228,0.03554722962645162
i400,Patch_4_9mps,forested,100,1000,100,18798,8.563701923076923,0.02386681391614122,0.010784671770740288,0.03530253999221982
i400,Patch_4_9mps,forested,100,1000,100,18798,8.663862179487179,0.023938001350659065,0.010850345869555255,0.03517285242396917
i400,Patch_4_9mps,forested,100,1000,100,18798,8.764022435897436,0.023979284100098384,0.0107949472213873,0.03489500356769126
i400,Patch_4_9mps,forested,100,1000,100,18798,8.864182692307692,0.024017387185177336,0.011155797801432246,0.03496364205442344
i400,Patch_4_9mps,forested,100,1000,100,18798,8.964342948717949,0.02407634431762094,0.011823056296393415,0.03493682015507927
i400,Patch_4_9mps,forested,100,1000,100,18798,9.064503205128204,0.024156570881150655,0.01194824259535517,0.035298768304200395
i400,Patch_4_9mps,forested,100,1000,100,18798,9.164663461538462,0.024257853792499517,0.012061952788520977,0.03473928147681725
i400,Patch_4_9mps,forested,100,1000,100,18798,9.264823717948717,0.024381636450959854,0.012224213147551753,0.03428835007224235
i400,Patch_4_9mps,forested,100,1000,100,18798,9.364983974358974,0.024523526849256863,0.012326155192167437,0.03342731612498072
i400,Patch_4_9mps,forested,100,1000,100,18798,9.46514423076923,0.024657932004921182,0.012324242363093067,0.03373888912399254
i400,Patch_4_9mps,forested,100,1000,100,18798,9.565304487179487,0.024781552570653096,0.012296712042627323,0.03463881708021585
i400,Patch_4_9mps,forested,100,1000,100,18798,9.665464743589743,0.024880536655929243,0.012173162123086823,0.03579597136144515
i400,Patch_4_9mps,forested,100,1000,100,18798,9.765625,0.024948287556321933,0.011910643656943207,0.035983509128725034
i400,Patch_4_9mps,forested,100,1000,100,18798,9.865785256410257,0.024992360353859207,0.011733451616978724,0.035628486515008814
i400,Patch_4_9mps,forested,100,1000,100,18798,9.965945512820513,0.024991288621255103,0.01137609276522646,0.035197063014759805
i400,Patch_4_9mps,forested,500,1000,100,18798,0.05008012820512821,0.025941271101701666,0.010408127843091948,0.03424995300095522
i400,Patch_4_9mps,forested,500,1000,100,18798,0.1502403846153846,0.02285475798680405,0.007737695537459797,0.03251268384848507
i400,Patch_4_9mps,forested,500,1000,100,18798,0.250400641025641,0.032359446924946765,0.01001855189678296,0.04793841588298882
i400,Patch_4_9mps,forested,500,1000,100,18798,0.3505608974358974,0.04230867037238012,0.01691349482138068,0.06410749887843763
i400,Patch_4_9mps,forested,500,1000,100,18798,0.45072115384615385,0.02408898862232357,0.00873424375895427,0.03256121726777757
i400,Patch_4_9mps,forested,500,1000,100,18798,0.5508814102564102,0.018007402002520722,0.005980389298601528,0.02603055770311929
i400,Patch_4_9mps,forested,500,1000,100,18798,0.6510416666666666,0.015675643840133563,0.006418624294916691,0.022314080474345094
i400,Patch_4_9mps,forested,500,1000,100,18798,0.7512019230769231,0.015217436058697222,0.006765898283080932,0.021087327144611687
i400,Patch_4_9mps,forested,500,1000,100,18798,0.8513621794871795,0.01632174283044586,0.008026281767689419,0.019933092242304863
i400,Patch_4_9mps,forested,500,1000,100,18798,0.9515224358974359,0.017219473434727545,0.009068283236876109,0.0227902217518135
i400,Patch_4_9mps,forested,500,1000,100,18798,1.0516826923076923,0.018274419873285996,0.008258207884644328,0.026157607931023584
i400,Patch_4_9mps,forested,500,1000,100,18798,1.1518429487179487,0.020080431736271716,0.006488758009210603,0.02857826289053903
i400,Patch_4_9mps,forested,500,1000,100,18798,1.252003205128205,0.02217095459392323,0.009457933387410623,0.03189929000029114
i400,Patch_4_9mps,forested,500,1000,100,18798,1.3521634615384615,0.0236581988079059,0.011082912533654402,0.032675836273047626
i400,Patch_4_9mps,forested,500,1000,100,18798,1.4523237179487178,0.02391434951618647,0.011182041213224112,0.032154095704444996
i400,Patch_4_9mps,forested,500,1000,100,18798,1.5524839743589745,0.02315799928283314,0.01157192856801582,0.032184543863180835
i400,Patch_4_9mps,forested,500,1000,100,18798,1.6526442307692308,0.021844761225452838,0.011698366356388127,0.031356709256697854
i400,Patch_4_9mps,forested,500,1000,100,18798,1.7528044871794872,0.020396103538425622,0.009086180870917171,0.030628767799167275
i400,Patch_4_9mps,forested,500,1000,100,18798,1.8529647435897436,0.018812702872303293,0.008638481092965366,0.028526978080481415
i400,Patch_4_9mps,forested,500,1000,100,18798,1.953125,0.017236464301639588,0.006852742248984677,0.026384578471708706
i400,Patch_4_9mps,forested,500,1000,100,18798,2.0532852564102564,0.015897679302747984,0.007533749583684909,0.023888474285089764
i400,Patch_4_9mps,forested,500,1000,100,18798,2.1534455128205128,0.015021630079030632,0.007026561182978519,0.021638377658622414
i400,Patch_4_9mps,forested,500,1000,100,18798,2.253605769230769,0.014416134880132525,0.007358457514590112,0.01978833782560632
i400,Patch_4_9mps,forested,500,1000,100,18798,2.3537660256410255,0.013943042212315689,0.007168291924273632,0.01914305971692226
i400,Patch_4_9mps,forested,500,1000,100,18798,2.453926282051282,0.01350898228489082,0.006910515645977317,0.01926278915865908
i400,Patch_4_9mps,forested,500,1000,100,18798,2.5540865384615383,0.01314923489593692,0.00661540123831145,0.018453145805825067
i400,Patch_4_9mps,forested,500,1000,100,18798,2.6542467948717947,0.012623600314199514,0.006507917171421398,0.017308611174594868
i400,Patch_4_9mps,forested,500,1000,100,18798,2.754407051282051,0.01203254340544887,0.005819227476288688,0.016231445872565215
i400,Patch_4_9mps,forested,500,1000,100,18798,2.8545673076923075,0.011481843573443134,0.005451938879906741,0.015615618063732333
i400,Patch_4_9mps,forested,500,1000,100,18798,2.9547275641025643,0.01093612407293523,0.004146418908399946,0.014897006435880373
i400,Patch_4_9mps,forested,500,1000,100,18798,3.0548878205128207,0.01042524919003491,0.004503074233793694,0.01444723316860257
i400,Patch_4_9mps,forested,500,1000,100,18798,3.155048076923077,0.009983938713415522,0.004749322142907111,0.01402911531000881
i400,Patch_4_9mps,forested,500,1000,100,18798,3.2552083333333335,0.00957480550245565,0.004021616396243318,0.013927716936967593
i400,Patch_4_9mps,forested,500,1000,100,18798,3.35536858974359,0.009155548835164567,0.0038212788400469096,0.013440620819570849
i400,Patch_4_9mps,forested,500,1000,100,18798,3.4555288461538463,0.0087340374118276,0.003943794356816301,0.012363217074169505
i400,Patch_4_9mps,forested,500,1000,100,18798,3.5556891025641026,0.008326953512337103,0.0037382289624869032,0.011610086847884614
i400,Patch_4_9mps,forested,500,1000,100,18798,3.655849358974359,0.007997291065202741,0.0032852737590300554,0.011311271954541948
i400,Patch_4_9mps,forested,500,1000,100,18798,3.7560096153846154,0.007720516358043087,0.002721779879268055,0.011531173304965949
i400,Patch_4_9mps,forested,500,1000,100,18798,3.856169871794872,0.007462809427862874,0.002708733820867837,0.01121953486811714
i400,Patch_4_9mps,forested,500,1000,100,18798,3.956330128205128,0.007280441118965089,0.002619214178141504,0.01087459082189585
i400,Patch_4_9mps,forested,500,1000,100,18798,4.056490384615385,0.007122644091505259,0.0027216970797468033,0.010803660064405692
i400,Patch_4_9mps,forested,500,1000,100,18798,4.156650641025641,0.006973754370001964,0.0030518832093606044,0.010519201183858656
i400,Patch_4_9mps,forested,500,1000,100,18798,4.256810897435898,0.006835196741095107,0.002770034512500427,0.01019732909251273
i400,Patch_4_9mps,forested,500,1000,100,18798,4.356971153846154,0.00671659238699429,0.002832282069473486,0.01017714746927097
i400,Patch_4_9mps,forested,500,1000,100,18798,4.457131410256411,0.00663401826199847,0.0028777635189380195,0.010052707649054311
i400,Patch_4_9mps,forested,500,1000,100,18798,4.557291666666667,0.006629491454251323,0.0027151389607388754,0.009996503828986383
i400,Patch_4_9mps,forested,500,1000,100,18798,4.657451923076923,0.006652953122009099,0.0028564333437280333,0.009883118227408816
i400,Patch_4_9mps,forested,500,1000,100,18798,4.75761217948718,0.006692541625726341,0.0029562538042155516,0.010095755159238995
i400,Patch_4_9mps,forested,500,1000,100,18798,4.857772435897436,0.006709510822235284,0.003013858030812647,0.009767106446041273
i400,Patch_4_9mps,forested,500,1000,100,18798,4.9579326923076925,0.006694194336550966,0.00300351816257091,0.009848835341784067
i400,Patch_4_9mps,forested,500,1000,100,18798,5.058092948717949,0.006670167759681617,0.00311355641778105,0.009779842044332136
i400,Patch_4_9mps,forested,500,1000,100,18798,5.158253205128205,0.006651218242147345,0.003056098984535435,0.009613501266734341
i400,Patch_4_9mps,forested,500,1000,100,18798,5.258413461538462,0.006676681520646765,0.0025411360330832946,0.009690564163007773
i400,Patch_4_9mps,forested,500,1000,100,18798,5.358573717948718,0.006802069797470059,0.002432022773259391,0.01005738450983448
i400,Patch_4_9mps,forested,500,1000,100,18798,5.4587339743589745,0.007000449343813089,0.0023605934483707774,0.010190043087862723
i400,Patch_4_9mps,forested,500,1000,100,18798,5.558894230769231,0.0072636368121227505,0.002599263226462107,0.010588548419648331
i400,Patch_4_9mps,forested,500,1000,100,18798,5.659054487179487,0.007664434820329365,0.0032189586775068823,0.010969917032626678
i400,Patch_4_9mps,forested,500,1000,100,18798,5.759214743589744,0.008130629082527869,0.0032446458098733737,0.011705711510341717
i400,Patch_4_9mps,forested,500,1000,100,18798,5.859375,0.00856552307666698,0.0036615926703175185,0.012351024965869952
i400,Patch_4_9mps,forested,500,1000,100,18798,5.959535256410256,0.008921431626581449,0.003802297158844801,0.012713022951234313
i400,Patch_4_9mps,forested,500,1000,100,18798,6.059695512820513,0.0092787394037731,0.003591224630057531,0.013114040289345945
i400,Patch_4_9mps,forested,500,1000,100,18798,6.159855769230769,0.009711256628108662,0.003997990849399167,0.013750292301812751
i400,Patch_4_9mps,forested,500,1000,100,18798,6.2600160256410255,0.01019713744016211,0.004562961475313555,0.014484375917930944
i400,Patch_4_9mps,forested,500,1000,100,18798,6.360176282051282,0.010651051619580014,0.004948933726566301,0.015117843985810384
i400,Patch_4_9mps,forested,500,1000,100,18798,6.460336538461538,0.011026956515748332,0.005272533930244423,0.015716116607294977
i400,Patch_4_9mps,forested,500,1000,100,18798,6.560496794871795,0.011327697912928618,0.005370503248824382,0.016449080955537463
i400,Patch_4_9mps,forested,500,1000,100,18798,6.660657051282051,0.01161620654202438,0.005812210347792623,0.01693199411908409
i400,Patch_4_9mps,forested,500,1000,100,18798,6.7608173076923075,0.011945613898867913,0.006226699121871847,0.01739045403318551
i400,Patch_4_9mps,forested,500,1000,100,18798,6.860977564102564,0.012308840563807644,0.005973171671274726,0.017931639006669067
i400,Patch_4_9mps,forested,500,1000,100,18798,6.96113782051282,0.012648100927168877,0.005911966044681347,0.018391398479417134
i400,Patch_4_9mps,forested,500,1000,100,18798,7.061298076923077,0.012936102221069206,0.006036976388561355,0.018758822966751826
i400,Patch_4_9mps,forested,500,1000,100,18798,7.161458333333333,0.013174544844879262,0.0061609667949266604,0.018927381003766598
i400,Patch_4_9mps,forested,500,1000,100,18798,7.261618589743589,0.013341551545729285,0.006260849637396815,0.019061303436970257
i400,Patch_4_9mps,forested,500,1000,100,18798,7.361778846153846,0.013458136057147909,0.006367901353876769,0.01907513085577021
i400,Patch_4_9mps,forested,500,1000,100,18798,7.461939102564102,0.013581050836064477,0.006505451246805222,0.019040236075633654
i400,Patch_4_9mps,forested,500,1000,100,18798,7.562099358974359,0.013713071000509091,0.006748803665185352,0.01915286899686198
i400,Patch_4_9mps,forested,500,1000,100,18798,7.662259615384615,0.013840841750749799,0.0072012898780938,0.019177015133652168
i400,Patch_4_9mps,forested,500,1000,100,18798,7.762419871794871,0.013950486231796675,0.007569736453772326,0.01934447598088318
i400,Patch_4_9mps,forested,500,1000,100,18798,7.862580128205129,0.014003447697693343,0.007870269323577945,0.01956238565730538
i400,Patch_4_9mps,forested,500,1000,100,18798,7.962740384615385,0.013985149646612125,0.007862479988141892,0.019466418933800075
i400,Patch_4_9mps,forested,500,1000,100,18798,8.06290064102564,0.013908912605199006,0.007703166125545771,0.019472343855887628
i400,Patch_4_9mps,forested,500,1000,100,18798,8.163060897435898,0.013783702863591586,0.007484387300307236,0.019581274840922237
i400,Patch_4_9mps,forested,500,1000,100,18798,8.263221153846153,0.013653962188646623,0.007436991587708823,0.019425624244862112
i400,Patch_4_9mps,forested,500,1000,100,18798,8.36338141025641,0.013582076621707698,0.007576257573522028,0.01929125418302987
i400,Patch_4_9mps,forested,500,1000,100,18798,8.463541666666666,0.013549377083184154,0.007524392001955434,0.019259802489158023
i400,Patch_4_9mps,forested,500,1000,100,18798,8.563701923076923,0.013509645121228542,0.007536650505360834,0.019467799912059575
i400,Patch_4_9mps,forested,500,1000,100,18798,8.663862179487179,0.013412862207560893,0.007518032772512532,0.019641915656491402
i400,Patch_4_9mps,forested,500,1000,100,18798,8.764022435897436,0.013244025814824456,0.007399807631491369,0.01967733442226252
i400,Patch_4_9mps,forested,500,1000,100,18798,8.864182692307692,0.013054522372773653,0.007300519271845793,0.019650470100611824
i400,Patch_4_9mps,forested,500,1000,100,18798,8.964342948717949,0.012893497734655248,0.007274402240731617,0.019675673484749093
i400,Patch_4_9mps,forested,500,1000,100,18798,9.064503205128204,0.012771116177433072,0.0072374914059530684,0.019725145557068648
i400,Patch_4_9mps,forested,500,1000,100,18798,9.164663461538462,0.012734901390503093,0.0069187603887211,0.019884176248706396
i400,Patch_4_9mps,forested,500,1000,100,18798,9.264823717948717,0.012775599483871167,0.006922832602160532,0.020049830717991695
i400,Patch_4_9mps,forested,500,1000,100,18798,9.364983974358974,0.012817890866076822,0.006714513785342016,0.020100671866668675
i400,Patch_4_9mps,forested,500,1000,100,18798,9.46514423076923,0.012830778364828982,0.006625848623365181,0.02000291628213579
i400,Patch_4_9mps,forested,500,1000,100,18798,9.565304487179487,0.012845149590724636,0.0063061401626260455,0.019734826475479212
i400,Patch_4_9mps,forested,500,1000,100,18798,9.665464743589743,0.0128704196122874,0.006603629668089801,0.019491387434125887
i400,Patch_4_9mps,forested,500,1000,100,18798,9.765625,0.012895287749948086,0.006501201241960427,0.019583311874364285
i400,Patch_4_9mps,forested,500,1000,100,18798,9.865785256410257,0.012924676685081881,0.006316723644767527,0.019477924866922052
i400,Patch_4_9mps,forested,500,1000,100,18798,9.965945512820513,0.012907026115662284,0.006033122765471842,0.01946789294901229
i400,Patch_4_9mps,open_gap,1,1000,100,46738,0.05008012820512821,0.3242939048504037,0.12753163558923275,0.45839501878120736
i400,Patch_4_9mps,open_gap,1,1000,100,46738,0.1502403846153846,0.22300131724318217,0.08250143452669445,0.3036042058690308
i400,Patch_4_9mps,open_gap,1,1000,100,46738,0.250400641025641,0.25086879888749525,0.10808689372887909,0.3271506821741905
i400,Patch_4_9mps,open_gap,1,1000,100,46738,0.3505608974358974,0.29146580823183216,0.1357941728191458,0.39950255209488794
i400,Patch_4_9mps,open_gap,1,1000,100,46738,0.45072115384615385,0.316720058393164,0.11811753734940363,0.4396523212997116
i400,Patch_4_9mps,open_gap,1,1000,100,46738,0.5508814102564102,0.3440660229421869,0.1345348994181138,0.47646131809841774
i400,Patch_4_9mps,open_gap,1,1000,100,46738,0.6510416666666666,0.3751749971537163,0.13924746867013732,0.49992686766305594
i400,Patch_4_9mps,open_gap,1,1000,100,46738,0.7512019230769231,0.397906784790948,0.17325588703500353,0.5265477697476683
i400,Patch_4_9mps,open_gap,1,1000,100,46738,0.8513621794871795,0.4059829267818784,0.20860093354641598,0.5291100684581085
i400,Patch_4_9mps,open_gap,1,1000,100,46738,0.9515224358974359,0.3990032742436692,0.2016424822476018,0.5148925400442307
i400,Patch_4_9mps,open_gap,1,1000,100,46738,1.0516826923076923,0.38459678443502354,0.20797996516461478,0.49402032607069246
i400,Patch_4_9mps,open_gap,1,1000,100,46738,1.1518429487179487,0.3699651923499627,0.20343124319258213,0.48484335283489577
i400,Patch_4_9mps,open_gap,1,1000,100,46738,1.252003205128205,0.35519305766373216,0.18465782511481688,0.4798628371927119
i400,Patch_4_9mps,open_gap,1,1000,100,46738,1.3521634615384615,0.34393937015021386,0.17136002718481574,0.48093273775301293
i400,Patch_4_9mps,open_gap,1,1000,100,46738,1.4523237179487178,0.3344185063804383,0.15166279290237322,0.4552860225354859
i400,Patch_4_9mps,open_gap,1,1000,100,46738,1.5524839743589745,0.32550650296261224,0.15054193217364867,0.44687533122471484
i400,Patch_4_9mps,open_gap,1,1000,100,46738,1.6526442307692308,0.3141630227964105,0.12874297808434568,0.4495547548592953
i400,Patch_4_9mps,open_gap,1,1000,100,46738,1.7528044871794872,0.3000687277697555,0.12193092445499955,0.4000975765753236
i400,Patch_4_9mps,open_gap,1,1000,100,46738,1.8529647435897436,0.28720140315574083,0.11707547983221508,0.3771941361222646
i400,Patch_4_9mps,open_gap,1,1000,100,46738,1.953125,0.2753092062808319,0.12086703145404705,0.368910914499647
i400,Patch_4_9mps,open_gap,1,1000,100,46738,2.0532852564102564,0.26378192201235967,0.11702770518405049,0.37064189230498834
i400,Patch_4_9mps,open_gap,1,1000,100,46738,2.1534455128205128,0.25175269102344666,0.10107092512731994,0.3516960320335888
i400,Patch_4_9mps,open_gap,1,1000,100,46738,2.253605769230769,0.23996609853526452,0.09390723006777849,0.33357128319234464
i400,Patch_4_9mps,open_gap,1,1000,100,46738,2.3537660256410255,0.22975335154252133,0.07557987564843416,0.3241620096412675
i400,Patch_4_9mps,open_gap,1,1000,100,46738,2.453926282051282,0.2199099945743451,0.07305188449195446,0.30952796361683615
i400,Patch_4_9mps,open_gap,1,1000,100,46738,2.5540865384615383,0.213626489161558,0.08155342647735503,0.30088042490491884
i400,Patch_4_9mps,open_gap,1,1000,100,46738,2.6542467948717947,0.2084159182011776,0.09452010123074216,0.2845858108299235
i400,Patch_4_9mps,open_gap,1,1000,100,46738,2.754407051282051,0.20116226098532772,0.08590308864461516,0.26243473029264214
i400,Patch_4_9mps,open_gap,1,1000,100,46738,2.8545673076923075,0.19210296763857668,0.08288823895549885,0.2566677339805785
i400,Patch_4_9mps,open_gap,1,1000,100,46738,2.9547275641025643,0.1832782612885265,0.07467136296727045,0.2480754504874285
i400,Patch_4_9mps,open_gap,1,1000,100,46738,3.0548878205128207,0.17441001551217272,0.07759961088286431,0.23252952819615308
i400,Patch_4_9mps,open_gap,1,1000,100,46738,3.155048076923077,0.16674180105932915,0.07472492563131924,0.23362024161367032
i400,Patch_4_9mps,open_gap,1,1000,100,46738,3.2552083333333335,0.15916415340070522,0.07679037796245722,0.2202528610929591
i400,Patch_4_9mps,open_gap,1,1000,100,46738,3.35536858974359,0.15346753810824382,0.06817318614228865,0.22120148933631667
i400,Patch_4_9mps,open_gap,1,1000,100,46738,3.4555288461538463,0.14831815732070638,0.05734595959480496,0.21197182912903717
i400,Patch_4_9mps,open_gap,1,1000,100,46738,3.5556891025641026,0.14510702281227794,0.05715310244897744,0.20697257459514784
i400,Patch_4_9mps,open_gap,1,1000,100,46738,3.655849358974359,0.14358546129699926,0.05824916010927206,0.19818277826634967
i400,Patch_4_9mps,open_gap,1,1000,100,46738,3.7560096153846154,0.14198854468879307,0.053956096467665915,0.1951108822379917
i400,Patch_4_9mps,open_gap,1,1000,100,46738,3.856169871794872,0.13966331842893864,0.06028509538701677,0.1969493598184392
i400,Patch_4_9mps,open_gap,1,1000,100,46738,3.956330128205128,0.13669190604636103,0.06229022440008271,0.1889798915741311
i400,Patch_4_9mps,open_gap,1,1000,100,46738,4.056490384615385,0.13386191113283274,0.06141366817447298,0.1869648692348286
i400,Patch_4_9mps,open_gap,1,1000,100,46738,4.156650641025641,0.13168251108118867,0.055683878670592664,0.19343697132762278
i400,Patch_4_9mps,open_gap,1,1000,100,46738,4.256810897435898,0.12993406647045583,0.04973945381838514,0.185458196881764
i400,Patch_4_9mps,open_gap,1,1000,100,46738,4.356971153846154,0.12886320625003328,0.050541341609073254,0.18786400361347222
i400,Patch_4_9mps,open_gap,1,1000,100,46738,4.457131410256411,0.12872646158035816,0.038938204452018725,0.1904961459004496
i400,Patch_4_9mps,open_gap,1,1000,100,46738,4.557291666666667,0.12951414611490594,0.042155445554538214,0.19219398841072927
i400,Patch_4_9mps,open_gap,1,1000,100,46738,4.657451923076923,0.1299063156556504,0.04243168699175662,0.20044027673715836
i400,Patch_4_9mps,open_gap,1,1000,100,46738,4.75761217948718,0.13049736680677754,0.04537740997421054,0.20459254312820588
i400,Patch_4_9mps,open_gap,1,1000,100,46738,4.857772435897436,0.13147039550731957,0.04701400421070592,0.20160519052096398
i400,Patch_4_9mps,open_gap,1,1000,100,46738,4.9579326923076925,0.13266004236447732,0.05045493889773385,0.1956955278027477
i400,Patch_4_9mps,open_gap,1,1000,100,46738,5.058092948717949,0.13398822887813439,0.053696617291012744,0.19314579611418853
i400,Patch_4_9mps,open_gap,1,1000,100,46738,5.158253205128205,0.1353790085343937,0.05628033584463604,0.19559379613826117
i400,Patch_4_9mps,open_gap,1,1000,100,46738,5.258413461538462,0.1365826651180282,0.057526567329707595,0.1978050685511829
i400,Patch_4_9mps,open_gap,1,1000,100,46738,5.358573717948718,0.13801213772004137,0.054203802950920865,0.2013475884011276
i400,Patch_4_9mps,open_gap,1,1000,100,46738,5.4587339743589745,0.13948493292929126,0.054111646231005464,0.20137707554345505
i400,Patch_4_9mps,open_gap,1,1000,100,46738,5.558894230769231,0.14114431546188203,0.05533071894403953,0.2080216347135728
i400,Patch_4_9mps,open_gap,1,1000,100,46738,5.659054487179487,0.1429521140698348,0.05851057297557435,0.21190582362154492
i400,Patch_4_9mps,open_gap,1,1000,100,46738,5.759214743589744,0.14471010395620654,0.061556422638240765,0.21182370588249333
i400,Patch_4_9mps,open_gap,1,1000,100,46738,5.859375,0.1461178450543397,0.05606338137548943,0.20996716229203705
i400,Patch_4_9mps,open_gap,1,1000,100,46738,5.959535256410256,0.14745432745598305,0.05955864893937594,0.20777214040457698
i400,Patch_4_9mps,open_gap,1,1000,100,46738,6.059695512820513,0.1489446372530109,0.06535002957405359,0.20560757355674264
i400,Patch_4_9mps,open_gap,1,1000,100,46738,6.159855769230769,0.15054468422281353,0.06539531878340611,0.20903533314570313
i400,Patch_4_9mps,open_gap,1,1000,100,46738,6.2600160256410255,0.15212790164859413,0.062232842470333415,0.21009992242026865
i400,Patch_4_9mps,open_gap,1,1000,100,46738,6.360176282051282,0.1534429557176319,0.0664704895921284,0.21250669959586208
i400,Patch_4_9mps,open_gap,1,1000,100,46738,6.460336538461538,0.15453516835723777,0.06975512688383148,0.21515875819431607
i400,Patch_4_9mps,open_gap,1,1000,100,46738,6.560496794871795,0.15537690128737303,0.07397190161610848,0.21489798242583227
i400,Patch_4_9mps,open_gap,1,1000,100,46738,6.660657051282051,0.15629441866801067,0.07574730726126473,0.20845222576577238
i400,Patch_4_9mps,open_gap,1,1000,100,46738,6.7608173076923075,0.15690805913737887,0.07568929512107986,0.21079813242172052
i400,Patch_4_9mps,open_gap,1,1000,100,46738,6.860977564102564,0.15702237078978903,0.0722655565602362,0.2162048762800923
i400,Patch_4_9mps,open_gap,1,1000,100,46738,6.96113782051282,0.1571018374319144,0.06968299013214113,0.21925461426364207
i400,Patch_4_9mps,open_gap,1,1000,100,46738,7.061298076923077,0.15754124026389807,0.06659323527634287,0.213833355911558
i400,Patch_4_9mps,open_gap,1,1000,100,46738,7.161458333333333,0.15823583713136988,0.0627741994395836,0.20342562796706293
i400,Patch_4_9mps,open_gap,1,1000,100,46738,7.261618589743589,0.15873971438374146,0.06260419181580094,0.2075634372742902
i400,Patch_4_9mps,open_gap,1,1000,100,46738,7.361778846153846,0.15932050832570796,0.06287050340346796,0.21132379775823512
i400,Patch_4_9mps,open_gap,1,1000,100,46738,7.461939102564102,0.16024476597154058,0.06192295720376099,0.21436409557106478
i400,Patch_4_9mps,open_gap,1,1000,100,46738,7.562099358974359,0.16146228768041337,0.06402049181774776,0.22056975063882245
i400,Patch_4_9mps,open_gap,1,1000,100,46738,7.662259615384615,0.16235894020992142,0.06733296459522045,0.22519097558750018
i400,Patch_4_9mps,open_gap,1,1000,100,46738,7.762419871794871,0.16275510138447177,0.07200153332316271,0.22002649923128265
i400,Patch_4_9mps,open_gap,1,1000,100,46738,7.862580128205129,0.1630558270649183,0.07480320393791111,0.22202672708082996
i400,Patch_4_9mps,open_gap,1,1000,100,46738,7.962740384615385,0.16382431107387613,0.07625997298998646,0.22545721631846388
i400,Patch_4_9mps,open_gap,1,1000,100,46738,8.06290064102564,0.16530785597830566,0.07798842529597276,0.22944336523307166
i400,Patch_4_9mps,open_gap,1,1000,100,46738,8.163060897435898,0.16700403913283704,0.07179933688579015,0.23586200026369278
i400,Patch_4_9mps,open_gap,1,1000,100,46738,8.263221153846153,0.16856805922032653,0.07139432764656634,0.23554606948644796
i400,Patch_4_9mps,open_gap,1,1000,100,46738,8.36338141025641,0.16992833599414373,0.07037037657494351,0.2323699230178616
i400,Patch_4_9mps,open_gap,1,1000,100,46738,8.463541666666666,0.17100664088098902,0.07499339916613468,0.22955671010397222
i400,Patch_4_9mps,open_gap,1,1000,100,46738,8.563701923076923,0.1717532460590717,0.07960382865899385,0.23203329384147378
i400,Patch_4_9mps,open_gap,1,1000,100,46738,8.663862179487179,0.1721943169769415,0.07956417578103736,0.23426998906789842
i400,Patch_4_9mps,open_gap,1,1000,100,46738,8.764022435897436,0.1725027372983314,0.07246224176060487,0.23813568136549046
i400,Patch_4_9mps,open_gap,1,1000,100,46738,8.864182692307692,0.17286363395115703,0.07162278942170659,0.23968431467791285
i400,Patch_4_9mps,open_gap,1,1000,100,46738,8.964342948717949,0.17344380796494296,0.07089633635029366,0.2349949053053134
i400,Patch_4_9mps,open_gap,1,1000,100,46738,9.064503205128204,0.17433047160372467,0.0674971663046718,0.23244222113905744
i400,Patch_4_9mps,open_gap,1,1000,100,46738,9.164663461538462,0.1756350441778818,0.07124789991825264,0.23768987371413217
i400,Patch_4_9mps,open_gap,1,1000,100,46738,9.264823717948717,0.17654019550604075,0.07518610251791173,0.24033101592781586
i400,Patch_4_9mps,open_gap,1,1000,100,46738,9.364983974358974,0.17721313223009663,0.07717106046668588,0.241460975545318
i400,Patch_4_9mps,open_gap,1,1000,100,46738,9.46514423076923,0.17795803264936383,0.07956427676471091,0.24016938811784191
i400,Patch_4_9mps,open_gap,1,1000,100,46738,9.565304487179487,0.1786246244964231,0.08076201549642432,0.23521207889675358
i400,Patch_4_9mps,open_gap,1,1000,100,46738,9.665464743589743,0.17926131076361856,0.08425041245929242,0.2323245962213888
i400,Patch_4_9mps,open_gap,1,1000,100,46738,9.765625,0.18009918947922388,0.0840247151525555,0.2347383136280718
i400,Patch_4_9mps,open_gap,1,1000,100,46738,9.865785256410257,0.18069062998401478,0.07383231787085645,0.23335531766373394
i400,Patch_4_9mps,open_gap,1,1000,100,46738,9.965945512820513,0.18102055467502562,0.07002314335423734,0.236242291608677
i400,Patch_4_9mps,open_gap,10,1000,100,46738,0.05008012820512821,0.10297572104683787,0.04522994400768267,0.1371405302420324
i400,Patch_4_9mps,open_gap,10,1000,100,46738,0.1502403846153846,0.07059959694674647,0.02284239865283933,0.09285382815282325
i400,Patch_4_9mps,open_gap,10,1000,100,46738,0.250400641025641,0.08024776626006097,0.02750247664533333,0.11703168114446211
i400,Patch_4_9mps,open_gap,10,1000,100,46738,0.3505608974358974,0.10021866699843597,0.041676529455626506,0.14950950168196422
i400,Patch_4_9mps,open_gap,10,1000,100,46738,0.45072115384615385,0.11431940227846313,0.04496654765295872,0.165452237954214
i400,Patch_4_9mps,open_gap,10,1000,100,46738,0.5508814102564102,0.12299301196599016,0.04359560795460127,0.16846395009028087
i400,Patch_4_9mps,open_gap,10,1000,100,46738,0.6510416666666666,0.12948528410554394,0.041385791071363816,0.19133235287211134
i400,Patch_4_9mps,open_gap,10,1000,100,46738,0.7512019230769231,0.13181942189508428,0.04669670585214033,0.19224126388508037
i400,Patch_4_9mps,open_gap,10,1000,100,46738,0.8513621794871795,0.12997703604012237,0.04824495019527522,0.19579031403258476
i400,Patch_4_9mps,open_gap,10,1000,100,46738,0.9515224358974359,0.125065678529438,0.042450541778303874,0.1888364062972096
i400,Patch_4_9mps,open_gap,10,1000,100,46738,1.0516826923076923,0.11884913902277024,0.03355782422814678,0.18211798792946074
i400,Patch_4_9mps,open_gap,10,1000,100,46738,1.1518429487179487,0.11264047754235863,0.034531292751276046,0.1787992945567416
i400,Patch_4_9mps,open_gap,10,1000,100,46738,1.252003205128205,0.10656425383111419,0.035878870205825766,0.1614192868062902
i400,Patch_4_9mps,open_gap,10,1000,100,46738,1.3521634615384615,0.1008798918816929,0.03833945190028115,0.14766135728020346
i400,Patch_4_9mps,open_gap,10,1000,100,46738,1.4523237179487178,0.09585550415750736,0.03701733271238034,0.15117822040827159
i400,Patch_4_9mps,open_gap,10,1000,100,46738,1.5524839743589745,0.09072046345702926,0.03868514337357118,0.12287682641267268
i400,Patch_4_9mps,open_gap,10,1000,100,46738,1.6526442307692308,0.08538681924360364,0.03928874180990739,0.11627242885867126
i400,Patch_4_9mps,open_gap,10,1000,100,46738,1.7528044871794872,0.08070272491124524,0.03396364781091255,0.10857751614601284
i400,Patch_4_9mps,open_gap,10,1000,100,46738,1.8529647435897436,0.07605094509497015,0.026940069464817883,0.10873170122053599
i400,Patch_4_9mps,open_gap,10,1000,100,46738,1.953125,0.07210530162911176,0.024937221580186894,0.11076653281928564
i400,Patch_4_9mps,open_gap,10,1000,100,46738,2.0532852564102564,0.06952454175802793,0.01845252635776399,0.10331998029191561
i400,Patch_4_9mps,open_gap,10,1000,100,46738,2.1534455128205128,0.06763801914500894,0.018228964312104592,0.10135371218562028
i400,Patch_4_9mps,open_gap,10,1000,100,46738,2.253605769230769,0.06720815045069493,0.018938080749757627,0.10455534475723494
i400,Patch_4_9mps,open_gap,10,1000,100,46738,2.3537660256410255,0.0670951008085229,0.024578203093592974,0.09833043875361244
i400,Patch_4_9mps,open_gap,10,1000,100,46738,2.453926282051282,0.0671263383289374,0.029042513120826938,0.09232124956986429
i400,Patch_4_9mps,open_gap,10,1000,100,46738,2.5540865384615383,0.06758798483987707,0.03105755931873033,0.09422690092918036
i400,Patch_4_9mps,open_gap,10,1000,100,46738,2.6542467948717947,0.06762675901715459,0.03094519096081326,0.09473621356325469
i400,Patch_4_9mps,open_gap,10,1000,100,46738,2.754407051282051,0.06761558020789957,0.02878027324378834,0.09313018642577281
i400,Patch_4_9mps,open_gap,10,1000,100,46738,2.8545673076923075,0.06716767357179969,0.029165315371616513,0.09439041378561353
i400,Patch_4_9mps,open_gap,10,1000,100,46738,2.9547275641025643,0.06655512349734266,0.030893937666386873,0.09317760958502513
i400,Patch_4_9mps,open_gap,10,1000,100,46738,3.0548878205128207,0.06573447880423698,0.027651158019859724,0.08983346630683373
i400,Patch_4_9mps,open_gap,10,1000,100,46738,3.155048076923077,0.06483202444123128,0.026444451618924225,0.08884295777916802
i400,Patch_4_9mps,open_gap,10,1000,100,46738,3.2552083333333335,0.06354030821698274,0.022949887040959682,0.08964381132780544
i400,Patch_4_9mps,open_gap,10,1000,100,46738,3.35536858974359,0.0618700652076988,0.023085626650760596,0.08996134447243714
i400,Patch_4_9mps,open_gap,10,1000,100,46738,3.4555288461538463,0.05999795313690935,0.02144300943462148,0.09009625442809963
i400,Patch_4_9mps,open_gap,10,1000,100,46738,3.5556891025641026,0.05831056196462885,0.020416826238240496,0.08958981796532049
i400,Patch_4_9mps,open_gap,10,1000,100,46738,3.655849358974359,0.056645455543306404,0.022674803187825932,0.08693017313159063
i400,Patch_4_9mps,open_gap,10,1000,100,46738,3.7560096153846154,0.05486575761796129,0.01868252194838489,0.0833420333905691
i400,Patch_4_9mps,open_gap,10,1000,100,46738,3.856169871794872,0.05286131199708205,0.016330603660845322,0.07862600763688886
i400,Patch_4_9mps,open_gap,10,1000,100,46738,3.956330128205128,0.051072904330273096,0.01570482424588572,0.07903265356471999
i400,Patch_4_9mps,open_gap,10,1000,100,46738,4.056490384615385,0.04971257157797495,0.01830074354943912,0.07857049004978331
i400,Patch_4_9mps,open_gap,10,1000,100,46738,4.156650641025641,0.04856820126775825,0.019495678352972716,0.07233961452765086
i400,Patch_4_9mps,open_gap,10,1000,100,46738,4.256810897435898,0.047439832309853894,0.01634101936844988,0.06665081626830116
i400,Patch_4_9mps,open_gap,10,1000,100,46738,4.356971153846154,0.04640773642070822,0.016595271070079975,0.06790885201225176
i400,Patch_4_9mps,open_gap,10,1000,100,46738,4.457131410256411,0.045588250293453855,0.01654101006317711,0.06453317519591482
i400,Patch_4_9mps,open_gap,10,1000,100,46738,4.557291666666667,0.04510121499061928,0.018337436446819535,0.0625464125140291
i400,Patch_4_9mps,open_gap,10,1000,100,46738,4.657451923076923,0.04478199816802611,0.018810062506939413,0.06139377032501657
i400,Patch_4_9mps,open_gap,10,1000,100,46738,4.75761217948718,0.04457374136898332,0.018646161552360062,0.058115761435668364
i400,Patch_4_9mps,open_gap,10,1000,100,46738,4.857772435897436,0.04443603105005343,0.01932920697065932,0.05738110163063951
i400,Patch_4_9mps,open_gap,10,1000,100,46738,4.9579326923076925,0.044275145933272544,0.019983505933359555,0.05853452390208805
i400,Patch_4_9mps,open_gap,10,1000,100,46738,5.058092948717949,0.04416411692203986,0.01813465343961796,0.06111474665939759
i400,Patch_4_9mps,open_gap,10,1000,100,46738,5.158253205128205,0.044192852560231755,0.015865470567111482,0.06280694604222632
i400,Patch_4_9mps,open_gap,10,1000,100,46738,5.258413461538462,0.044448444571607355,0.0167571672405474,0.06334365310394317
i400,Patch_4_9mps,open_gap,10,1000,100,46738,5.358573717948718,0.04481857588778727,0.017944650619996182,0.06499431228122833
i400,Patch_4_9mps,open_gap,10,1000,100,46738,5.4587339743589745,0.0451541779594654,0.017636069085408355,0.06259778031113246
i400,Patch_4_9mps,open_gap,10,1000,100,46738,5.558894230769231,0.045503791651939726,0.017983426035873384,0.06309589998524014
i400,Patch_4_9mps,open_gap,10,1000,100,46738,5.659054487179487,0.045882256539341616,0.017924914577716233,0.06555476199031236
i400,Patch_4_9mps,open_gap,10,1000,100,46738,5.759214743589744,0.046388471421278644,0.01758995431626507,0.0668671116330742
i400,Patch_4_9mps,open_gap,10,1000,100,46738,5.859375,0.04695227564755208,0.017028747807433048,0.06634876376153835
i400,Patch_4_9mps,open_gap,10,1000,100,46738,5.959535256410256,0.04759317226292886,0.018667052625855295,0.06694616413576625
i400,Patch_4_9mps,open_gap,10,1000,100,46738,6.059695512820513,0.048306036782236265,0.020626764990320165,0.06717902735163936
i400,Patch_4_9mps,open_gap,10,1000,100,46738,6.159855769230769,0.04910072948415531,0.020130485582632803,0.06817200937534505
i400,Patch_4_9mps,open_gap,10,1000,100,46738,6.2600160256410255,0.0499450051767236,0.021245062164540553,0.06887141890087586
i400,Patch_4_9mps,open_gap,10,1000,100,46738,6.360176282051282,0.05071277310068578,0.02006934998283158,0.06983043648699738
i400,Patch_4_9mps,open_gap,10,1000,100,46738,6.460336538461538,0.05137418699226954,0.02218921172216027,0.07130491377598701
i400,Patch_4_9mps,open_gap,10,1000,100,46738,6.560496794871795,0.05193693344718017,0.021508896100602706,0.07271469258317359
i400,Patch_4_9mps,open_gap,10,1000,100,46738,6.660657051282051,0.05255663027823973,0.022278679739432004,0.07274378650628346
i400,Patch_4_9mps,open_gap,10,1000,100,46738,6.7608173076923075,0.053149172278044485,0.022732410550930775,0.07220015149446518
i400,Patch_4_9mps,open_gap,10,1000,100,46738,6.860977564102564,0.05363792482140115,0.02372566322582565,0.07139306415825417
i400,Patch_4_9mps,open_gap,10,1000,100,46738,6.96113782051282,0.05405165052421416,0.024109630350535573,0.07126917761789314
i400,Patch_4_9mps,open_gap,10,1000,100,46738,7.061298076923077,0.054432116579632484,0.025057604331040498,0.07201257532701612
i400,Patch_4_9mps,open_gap,10,1000,100,46738,7.161458333333333,0.05483543829990726,0.023692851016057163,0.0730866377337337
i400,Patch_4_9mps,open_gap,10,1000,100,46738,7.261618589743589,0.05514533960885678,0.022743873903215205,0.07324357045653203
i400,Patch_4_9mps,open_gap,10,1000,100,46738,7.361778846153846,0.0553422775776914,0.021684476048276502,0.07239849829804203
i400,Patch_4_9mps,open_gap,10,1000,100,46738,7.461939102564102,0.055404856905326365,0.021929985249265514,0.07222953579683154
i400,Patch_4_9mps,open_gap,10,1000,100,46738,7.562099358974359,0.0553495826523102,0.022973265569358685,0.07356460930871354
i400,Patch_4_9mps,open_gap,10,1000,100,46738,7.662259615384615,0.0553184150382561,0.023544481935661353,0.0762357863928806
i400,Patch_4_9mps,open_gap,10,1000,100,46738,7.762419871794871,0.05540870006267604,0.023706445765226486,0.07722847153694266
i400,Patch_4_9mps,open_gap,10,1000,100,46738,7.862580128205129,0.0556136161555831,0.023995642265963794,0.07774573586669123
i400,Patch_4_9mps,open_gap,10,1000,100,46738,7.962740384615385,0.055856151900780554,0.023727598038080847,0.0777080673324871
i400,Patch_4_9mps,open_gap,10,1000,100,46738,8.06290064102564,0.056130174098355905,0.021246916016030258,0.0771552253572848
i400,Patch_4_9mps,open_gap,10,1000,100,46738,8.163060897435898,0.056436897616090595,0.020265445253942284,0.07817475830255444
i400,Patch_4_9mps,open_gap,10,1000,100,46738,8.263221153846153,0.05676358464920336,0.02066398233985886,0.07858346956479163
i400,Patch_4_9mps,open_gap,10,1000,100,46738,8.36338141025641,0.05712965393744305,0.020260258616283052,0.07977096033466705
i400,Patch_4_9mps,open_gap,10,1000,100,46738,8.463541666666666,0.0574625173384993,0.023583179227255387,0.08033609480300144
i400,Patch_4_9mps,open_gap,10,1000,100,46738,8.563701923076923,0.05782125175635094,0.022748623936643272,0.07990820802894483
i400,Patch_4_9mps,open_gap,10,1000,100,46738,8.663862179487179,0.05823461367284273,0.021818503282138232,0.08123727633701265
i400,Patch_4_9mps,open_gap,10,1000,100,46738,8.764022435897436,0.05866005102595955,0.0220295535320198,0.08224759985481184
i400,Patch_4_9mps,open_gap,10,1000,100,46738,8.864182692307692,0.05899350958695806,0.021793996373064953,0.08333930285403371
i400,Patch_4_9mps,open_gap,10,1000,100,46738,8.964342948717949,0.05921582914499204,0.021617182553369186,0.08546426304768756
i400,Patch_4_9mps,open_gap,10,1000,100,46738,9.064503205128204,0.059419795359029165,0.022680548541658387,0.08601246187590685
i400,Patch_4_9mps,open_gap,10,1000,100,46738,9.164663461538462,0.05961407455478561,0.02234913702294967,0.08537170473305478
i400,Patch_4_9mps,open_gap,10,1000,100,46738,9.264823717948717,0.0597798944905517,0.023494203719404676,0.08466598136016491
i400,Patch_4_9mps,open_gap,10,1000,100,46738,9.364983974358974,0.0599205038458386,0.023504145927894408,0.08429748392419477
i400,Patch_4_9mps,open_gap,10,1000,100,46738,9.46514423076923,0.05999970822186162,0.023654145283110377,0.08520816608749182
i400,Patch_4_9mps,open_gap,10,1000,100,46738,9.565304487179487,0.06001894891866048,0.023800997786701306,0.08549097858511737
i400,Patch_4_9mps,open_gap,10,1000,100,46738,9.665464743589743,0.06002381851661494,0.02370864146989953,0.08589976639647262
i400,Patch_4_9mps,open_gap,10,1000,100,46738,9.765625,0.06011446498739434,0.024003730708862574,0.08729684058099291
i400,Patch_4_9mps,open_gap,10,1000,100,46738,9.865785256410257,0.06030283080094689,0.024374140782352196,0.08572643022141158
i400,Patch_4_9mps,open_gap,10,1000,100,46738,9.965945512820513,0.06054471733970107,0.02401090784289176,0.08558442601942806
i400,Patch_4_9mps,open_gap,50,1000,100,46738,0.05008012820512821,0.04758031295251437,0.0213000553367722,0.06824784726119186
i400,Patch_4_9mps,open_gap,50,1000,100,46738,0.1502403846153846,0.03899648223599763,0.013778424317715407,0.055349180374787185
i400,Patch_4_9mps,open_gap,50,1000,100,46738,0.250400641025641,0.04598712649664681,0.017382042811113354,0.06335970833128166
i400,Patch_4_9mps,open_gap,50,1000,100,46738,0.3505608974358974,0.05423613306245149,0.02554725656640606,0.07793246092720846
i400,Patch_4_9mps,open_gap,50,1000,100,46738,0.45072115384615385,0.05866978242202215,0.026502690957272788,0.0836731809007701
i400,Patch_4_9mps,open_gap,50,1000,100,46738,0.5508814102564102,0.060761925135601885,0.025135645425663086,0.08535226913877056
i400,Patch_4_9mps,open_gap,50,1000,100,46738,0.6510416666666666,0.06145389921028951,0.025967706632635274,0.08993249833462422
i400,Patch_4_9mps,open_gap,50,1000,100,46738,0.7512019230769231,0.06161265700538566,0.02468204280371615,0.08986558808573554
i400,Patch_4_9mps,open_gap,50,1000,100,46738,0.8513621794871795,0.06105752944596524,0.02531122130962697,0.09072457680159118
i400,Patch_4_9mps,open_gap,50,1000,100,46738,0.9515224358974359,0.059295753857627795,0.025242841152114406,0.08828762030019663
i400,Patch_4_9mps,open_gap,50,1000,100,46738,1.0516826923076923,0.05722662579957014,0.023319933993804373,0.08755827805391053
i400,Patch_4_9mps,open_gap,50,1000,100,46738,1.1518429487179487,0.05534703349859434,0.022545908024244592,0.0853139456532673
i400,Patch_4_9mps,open_gap,50,1000,100,46738,1.252003205128205,0.053535252721462874,0.022664016002523713,0.08245980933129488
i400,Patch_4_9mps,open_gap,50,1000,100,46738,1.3521634615384615,0.05152974239941943,0.022123261056177852,0.08088947720277198
i400,Patch_4_9mps,open_gap,50,1000,100,46738,1.4523237179487178,0.049390439023773845,0.0195495685805852,0.07907209794113543
i400,Patch_4_9mps,open_gap,50,1000,100,46738,1.5524839743589745,0.04727448285404793,0.019913156938828773,0.07292779668561446
i400,Patch_4_9mps,open_gap,50,1000,100,46738,1.6526442307692308,0.0453370791450852,0.019464229239225285,0.06977213620949961
i400,Patch_4_9mps,open_gap,50,1000,100,46738,1.7528044871794872,0.04382325958167988,0.018749479527080413,0.0623863042831061
i400,Patch_4_9mps,open_gap,50,1000,100,46738,1.8529647435897436,0.04228187381163452,0.017362027813710594,0.0642155497673165
i400,Patch_4_9mps,open_gap,50,1000,100,46738,1.953125,0.04068995572923345,0.019965719079690008,0.06028837266533601
i400,Patch_4_9mps,open_gap,50,1000,100,46738,2.0532852564102564,0.03924728908553694,0.020267228717987723,0.05894113536905983
i400,Patch_4_9mps,open_gap,50,1000,100,46738,2.1534455128205128,0.037985189296380416,0.01648396096500146,0.056456403834635085
i400,Patch_4_9mps,open_gap,50,1000,100,46738,2.253605769230769,0.03679491800295227,0.012091857387988212,0.055423692641659514
i400,Patch_4_9mps,open_gap,50,1000,100,46738,2.3537660256410255,0.035995425423258835,0.012456688359759384,0.052183523202473985
i400,Patch_4_9mps,open_gap,50,1000,100,46738,2.453926282051282,0.035213664315801925,0.016274375622527287,0.05120267551348259
i400,Patch_4_9mps,open_gap,50,1000,100,46738,2.5540865384615383,0.03448587412265991,0.01610430420842118,0.04949716207812171
i400,Patch_4_9mps,open_gap,50,1000,100,46738,2.6542467948717947,0.03353816675634627,0.012989067425041292,0.04766864840805382
i400,Patch_4_9mps,open_gap,50,1000,100,46738,2.754407051282051,0.03253022149139925,0.01102427358391172,0.046521328129013564
i400,Patch_4_9mps,open_gap,50,1000,100,46738,2.8545673076923075,0.031532489479421354,0.011493869317863125,0.04551864536405944
i400,Patch_4_9mps,open_gap,50,1000,100,46738,2.9547275641025643,0.030433434637146258,0.008881736842113552,0.04426947975035009
i400,Patch_4_9mps,open_gap,50,1000,100,46738,3.0548878205128207,0.029405517670535727,0.009328123539565712,0.041640922918924385
i400,Patch_4_9mps,open_gap,50,1000,100,46738,3.155048076923077,0.028572937128438745,0.009225431740980285,0.04088962779032373
i400,Patch_4_9mps,open_gap,50,1000,100,46738,3.2552083333333335,0.027838249174251185,0.009100729955967482,0.039158389987606866
i400,Patch_4_9mps,open_gap,50,1000,100,46738,3.35536858974359,0.027114247459897503,0.009140491287192659,0.037579691010915114
i400,Patch_4_9mps,open_gap,50,1000,100,46738,3.4555288461538463,0.026414959311621602,0.010018027708637774,0.03620148639966217
i400,Patch_4_9mps,open_gap,50,1000,100,46738,3.5556891025641026,0.025660486248483806,0.009932905477825382,0.034387855667954284
i400,Patch_4_9mps,open_gap,50,1000,100,46738,3.655849358974359,0.02483241962286813,0.012191001792707528,0.03277679289739742
i400,Patch_4_9mps,open_gap,50,1000,100,46738,3.7560096153846154,0.02400826970741908,0.010690856270597331,0.03309769686945105
i400,Patch_4_9mps,open_gap,50,1000,100,46738,3.856169871794872,0.02332844174644601,0.009742545008976634,0.031081242208158437
i400,Patch_4_9mps,open_gap,50,1000,100,46738,3.956330128205128,0.022761302140791993,0.009237943196280247,0.03097125733937875
i400,Patch_4_9mps,open_gap,50,1000,100,46738,4.056490384615385,0.02240299546689216,0.009071728104137025,0.030600808263100493
i400,Patch_4_9mps,open_gap,50,1000,100,46738,4.156650641025641,0.022107001120278684,0.00878333877726643,0.030931943604592914
i400,Patch_4_9mps,open_gap,50,1000,100,46738,4.256810897435898,0.021959548499365288,0.008715243515313513,0.03111252187566303
i400,Patch_4_9mps,open_gap,50,1000,100,46738,4.356971153846154,0.021817033002647958,0.009659520560694985,0.030805491061521553
i400,Patch_4_9mps,open_gap,50,1000,100,46738,4.457131410256411,0.021795307570129353,0.009801993860318645,0.03054104795593493
i400,Patch_4_9mps,open_gap,50,1000,100,46738,4.557291666666667,0.021759677888324308,0.010819242233980945,0.03074455736848127
i400,Patch_4_9mps,open_gap,50,1000,100,46738,4.657451923076923,0.02168442881492618,0.010649672154415226,0.030059402644920817
i400,Patch_4_9mps,open_gap,50,1000,100,46738,4.75761217948718,0.021567520122149325,0.010944538534451615,0.02942273837601746
i400,Patch_4_9mps,open_gap,50,1000,100,46738,4.857772435897436,0.02141847878600176,0.009758446666927403,0.02868460905680943
i400,Patch_4_9mps,open_gap,50,1000,100,46738,4.9579326923076925,0.021200463734099905,0.009903549258292557,0.028520481759204616
i400,Patch_4_9mps,open_gap,50,1000,100,46738,5.058092948717949,0.021008003386952336,0.009284061421494263,0.02950599138058812
i400,Patch_4_9mps,open_gap,50,1000,100,46738,5.158253205128205,0.020887657098781418,0.009558578286764919,0.02953719833240214
i400,Patch_4_9mps,open_gap,50,1000,100,46738,5.258413461538462,0.020867962948247734,0.009741504989126551,0.03001247418507623
i400,Patch_4_9mps,open_gap,50,1000,100,46738,5.358573717948718,0.020982356944449533,0.009113767256888974,0.03093470983503885
i400,Patch_4_9mps,open_gap,50,1000,100,46738,5.4587339743589745,0.021184550150579552,0.008450915039651348,0.03173864195619033
i400,Patch_4_9mps,open_gap,50,1000,100,46738,5.558894230769231,0.021490087810231158,0.008984935098100385,0.031701667697766375
i400,Patch_4_9mps,open_gap,50,1000,100,46738,5.659054487179487,0.02185637086585819,0.008338009695606345,0.0326622131206672
i400,Patch_4_9mps,open_gap,50,1000,100,46738,5.759214743589744,0.02222519946964657,0.008890397621879226,0.033975048045966724
i400,Patch_4_9mps,open_gap,50,1000,100,46738,5.859375,0.02263185544366036,0.008526269367394031,0.034406267373509526
i400,Patch_4_9mps,open_gap,50,1000,100,46738,5.959535256410256,0.02309199753032003,0.008377662507874237,0.034749259842817286
i400,Patch_4_9mps,open_gap,50,1000,100,46738,6.059695512820513,0.02361532519263846,0.009165918278077083,0.035600612141216736
i400,Patch_4_9mps,open_gap,50,1000,100,46738,6.159855769230769,0.024204266174766814,0.009299983037783984,0.035145461014127494
i400,Patch_4_9mps,open_gap,50,1000,100,46738,6.2600160256410255,0.0247853835948379,0.009614776488212686,0.035270830506766465
i400,Patch_4_9mps,open_gap,50,1000,100,46738,6.360176282051282,0.025344641020853396,0.010317929605768357,0.03672290782438386
i400,Patch_4_9mps,open_gap,50,1000,100,46738,6.460336538461538,0.02585418844419156,0.012196434726792901,0.038521123897459424
i400,Patch_4_9mps,open_gap,50,1000,100,46738,6.560496794871795,0.026277674043201207,0.01143907312148628,0.03967620412486559
i400,Patch_4_9mps,open_gap,50,1000,100,46738,6.660657051282051,0.02663075156360236,0.01241051342710729,0.04070582388881455
i400,Patch_4_9mps,open_gap,50,1000,100,46738,6.7608173076923075,0.026966380070573184,0.01254890878789957,0.04225335831254976
i400,Patch_4_9mps,open_gap,50,1000,100,46738,6.860977564102564,0.02736164930810853,0.012976733570711453,0.043118695092095025
i400,Patch_4_9mps,open_gap,50,1000,100,46738,6.96113782051282,0.0277187415131569,0.012372199950474652,0.04369974885859347
i400,Patch_4_9mps,open_gap,50,1000,100,46738,7.061298076923077,0.027991769190128538,0.012444570164752027,0.04368245629341834
i400,Patch_4_9mps,open_gap,50,1000,100,46738,7.161458333333333,0.028169613273416525,0.012305610493822583,0.04297558419751168
i400,Patch_4_9mps,open_gap,50,1000,100,46738,7.261618589743589,0.028307587015768663,0.011713828110230674,0.042110308759394866
i400,Patch_4_9mps,open_gap,50,1000,100,46738,7.361778846153846,0.028449472541433818,0.012252519334818805,0.042599362089338844
i400,Patch_4_9mps,open_gap,50,1000,100,46738,7.461939102564102,0.028590929238066852,0.012007412517372366,0.04270485070134485
i400,Patch_4_9mps,open_gap,50,1000,100,46738,7.562099358974359,0.028707738131647093,0.011629628730527636,0.042890605887360995
i400,Patch_4_9mps,open_gap,50,1000,100,46738,7.662259615384615,0.02877505537819367,0.011452886692602223,0.04284064973764429
i400,Patch_4_9mps,open_gap,50,1000,100,46738,7.762419871794871,0.02880328651113369,0.011330464688325123,0.04230713711321922
i400,Patch_4_9mps,open_gap,50,1000,100,46738,7.862580128205129,0.028784782885511225,0.010529810047089368,0.04194464655402734
i400,Patch_4_9mps,open_gap,50,1000,100,46738,7.962740384615385,0.02876902143815901,0.01001248282566186,0.04184848669961216
i400,Patch_4_9mps,open_gap,50,1000,100,46738,8.06290064102564,0.028763011819166025,0.010598092418310777,0.04171000414033996
i400,Patch_4_9mps,open_gap,50,1000,100,46738,8.163060897435898,0.028787103857182483,0.010640415119618354,0.04152206475402189
i400,Patch_4_9mps,open_gap,50,1000,100,46738,8.263221153846153,0.028896559201518218,0.01070234505962913,0.041853205292640354
i400,Patch_4_9mps,open_gap,50,1000,100,46738,8.36338141025641,0.029051659544151967,0.010506519543378365,0.04216568402242095
i400,Patch_4_9mps,open_gap,50,1000,100,46738,8.463541666666666,0.0291876137114529,0.010862912640358975,0.042015985916260865
i400,Patch_4_9mps,open_gap,50,1000,100,46738,8.563701923076923,0.029263233848824965,0.010438265591950399,0.04154750307194448
i400,Patch_4_9mps,open_gap,50,1000,100,46738,8.663862179487179,0.029257481489992843,0.00967585619565426,0.04095429492726839
i400,Patch_4_9mps,open_gap,50,1000,100,46738,8.764022435897436,0.02916685853359346,0.00931212075929063,0.04079222126758898
i400,Patch_4_9mps,open_gap,50,1000,100,46738,8.864182692307692,0.029051051638856747,0.00983966485201115,0.040587242434054704
i400,Patch_4_9mps,open_gap,50,1000,100,46738,8.964342948717949,0.028940241428339907,0.009077631858800193,0.04074052274944793
i400,Patch_4_9mps,open_gap,50,1000,100,46738,9.064503205128204,0.028798644810326245,0.008521351085253974,0.04077665672304173
i400,Patch_4_9mps,open_gap,50,1000,100,46738,9.164663461538462,0.02864786486690187,0.008390362402919878,0.0411341310088658
i400,Patch_4_9mps,open_gap,50,1000,100,46738,9.264823717948717,0.028634088889715647,0.008130003361031153,0.04072946157339798
i400,Patch_4_9mps,open_gap,50,1000,100,46738,9.364983974358974,0.028714324949767667,0.007919167922357426,0.040761647320001565
i400,Patch_4_9mps,open_gap,50,1000,100,46738,9.46514423076923,0.02879664057469194,0.00812857703357898,0.041370493591898656
i400,Patch_4_9mps,open_gap,50,1000,100,46738,9.565304487179487,0.028813358921734172,0.009227765897343488,0.042066911871013614
i400,Patch_4_9mps,open_gap,50,1000,100,46738,9.665464743589743,0.028769436790633866,0.0093667305870989,0.04239969680473589
i400,Patch_4_9mps,open_gap,50,1000,100,46738,9.765625,0.02873852234539201,0.009575738486892499,0.04240900690043958
i400,Patch_4_9mps,open_gap,50,1000,100,46738,9.865785256410257,0.02875055520485614,0.009792437138298325,0.04327830441243476
i400,Patch_4_9mps,open_gap,50,1000,100,46738,9.965945512820513,0.0288043164269162,0.009158829415826056,0.04364443795168309
i400,Patch_4_9mps,open_gap,100,1000,100,46738,0.05008012820512821,0.033607274636038506,0.013904697735668634,0.05018660637960841
i400,Patch_4_9mps,open_gap,100,1000,100,46738,0.1502403846153846,0.025825391024269874,0.012733061193047158,0.03609324699565723
i400,Patch_4_9mps,open_gap,100,1000,100,46738,0.250400641025641,0.02740326984998109,0.009316839632672564,0.039569778964685554
i400,Patch_4_9mps,open_gap,100,1000,100,46738,0.3505608974358974,0.032536139907392396,0.01190566174199953,0.04910592337633484
i400,Patch_4_9mps,open_gap,100,1000,100,46738,0.45072115384615385,0.03594276829536918,0.014187841357782779,0.0556862128329794
i400,Patch_4_9mps,open_gap,100,1000,100,46738,0.5508814102564102,0.038494771403399464,0.011762761667290907,0.058463933230969684
i400,Patch_4_9mps,open_gap,100,1000,100,46738,0.6510416666666666,0.041016451291035046,0.01240043073895536,0.061509488092877915
i400,Patch_4_9mps,open_gap,100,1000,100,46738,0.7512019230769231,0.04242186128368714,0.013495354541092758,0.06438995872458
i400,Patch_4_9mps,open_gap,100,1000,100,46738,0.8513621794871795,0.04286857051396153,0.01483198359049005,0.06376287269292757
i400,Patch_4_9mps,open_gap,100,1000,100,46738,0.9515224358974359,0.042242232047461664,0.015067228370502558,0.060968234953608307
i400,Patch_4_9mps,open_gap,100,1000,100,46738,1.0516826923076923,0.041179463055167946,0.015886113874546123,0.056842798135276054
i400,Patch_4_9mps,open_gap,100,1000,100,46738,1.1518429487179487,0.04004125427843579,0.01589298034772503,0.05500139732356503
i400,Patch_4_9mps,open_gap,100,1000,100,46738,1.252003205128205,0.03873769337535309,0.014596704070927453,0.053266922601766825
i400,Patch_4_9mps,open_gap,100,1000,100,46738,1.3521634615384615,0.037439107622884465,0.015535116314012061,0.051223308481894145
i400,Patch_4_9mps,open_gap,100,1000,100,46738,1.4523237179487178,0.03606632737291355,0.01635571767653535,0.049180707836921016
i400,Patch_4_9mps,open_gap,100,1000,100,46738,1.5524839743589745,0.03486931548283548,0.01422063993847941,0.04768424496127914
i400,Patch_4_9mps,open_gap,100,1000,100,46738,1.6526442307692308,0.03368320338127393,0.014220093702759777,0.04594825973287106
i400,Patch_4_9mps,open_gap,100,1000,100,46738,1.7528044871794872,0.03240056707802048,0.013752394791793476,0.043907052677562126
i400,Patch_4_9mps,open_gap,100,1000,100,46738,1.8529647435897436,0.030959777390684767,0.012371988227169024,0.04260085799275408
i400,Patch_4_9mps,open_gap,100,1000,100,46738,1.953125,0.029727571070958136,0.012120211794641168,0.041422117038775935
i400,Patch_4_9mps,open_gap,100,1000,100,46738,2.0532852564102564,0.02878847803210817,0.011091281407591667,0.04035747605380447
i400,Patch_4_9mps,open_gap,100,1000,100,46738,2.1534455128205128,0.027913608269295686,0.011172691569475979,0.040387287191608764
i400,Patch_4_9mps,open_gap,100,1000,100,46738,2.253605769230769,0.027076739223650628,0.00947464306118478,0.03998684860986364
i400,Patch_4_9mps,open_gap,100,1000,100,46738,2.3537660256410255,0.026095649959161013,0.008986162266392433,0.037549033970076
i400,Patch_4_9mps,open_gap,100,1000,100,46738,2.453926282051282,0.025091280828242083,0.008373334449730546,0.037210418269799386
i400,Patch_4_9mps,open_gap,100,1000,100,46738,2.5540865384615383,0.024208280856645174,0.007699125896805924,0.03565375913881291
i400,Patch_4_9mps,open_gap,100,1000,100,46738,2.6542467948717947,0.02337668689490776,0.008143591618684685,0.03381249599242722
i400,Patch_4_9mps,open_gap,100,1000,100,46738,2.754407051282051,0.022516499527855113,0.00906437423596147,0.031303028036960945
i400,Patch_4_9mps,open_gap,100,1000,100,46738,2.8545673076923075,0.021599418242948355,0.007564656532297619,0.029832084404598808
i400,Patch_4_9mps,open_gap,100,1000,100,46738,2.9547275641025643,0.020603262028118574,0.007825509972458965,0.028735343224453782
i400,Patch_4_9mps,open_gap,100,1000,100,46738,3.0548878205128207,0.019630382251101478,0.0074640664467458834,0.027669989215786724
i400,Patch_4_9mps,open_gap,100,1000,100,46738,3.155048076923077,0.018713402372307203,0.00793732471936704,0.025921383303742475
i400,Patch_4_9mps,open_gap,100,1000,100,46738,3.2552083333333335,0.017977037079272385,0.007428164005818407,0.025655772716018672
i400,Patch_4_9mps,open_gap,100,1000,100,46738,3.35536858974359,0.017282401438638975,0.006845190422171328,0.024015456938591098
i400,Patch_4_9mps,open_gap,100,1000,100,46738,3.4555288461538463,0.016761588317275134,0.006150276848379639,0.023799041216225156
i400,Patch_4_9mps,open_gap,100,1000,100,46738,3.5556891025641026,0.016432386486917985,0.006191605744503012,0.023081254539045977
i400,Patch_4_9mps,open_gap,100,1000,100,46738,3.655849358974359,0.016096689766799132,0.007627095638632938,0.021999188488642116
i400,Patch_4_9mps,open_gap,100,1000,100,46738,3.7560096153846154,0.01572062384736844,0.00779306831754261,0.020818775887948202
i400,Patch_4_9mps,open_gap,100,1000,100,46738,3.856169871794872,0.015319636863590901,0.007294989802181352,0.020640562048728713
i400,Patch_4_9mps,open_gap,100,1000,100,46738,3.956330128205128,0.014981271744852172,0.007292458169382252,0.02028087350477236
i400,Patch_4_9mps,open_gap,100,1000,100,46738,4.056490384615385,0.014793225513585424,0.006480352363011282,0.020302668658484818
i400,Patch_4_9mps,open_gap,100,1000,100,46738,4.156650641025641,0.01474038509474896,0.006507367594308716,0.01970242441603755
i400,Patch_4_9mps,open_gap,100,1000,100,46738,4.256810897435898,0.014724784073000761,0.0073445303530150635,0.019049609459987668
i400,Patch_4_9mps,open_gap,100,1000,100,46738,4.356971153846154,0.01478553249194143,0.008518735883569974,0.019975939196922844
i400,Patch_4_9mps,open_gap,100,1000,100,46738,4.457131410256411,0.01497057872710439,0.00851203805132171,0.02000568430892661
i400,Patch_4_9mps,open_gap,100,1000,100,46738,4.557291666666667,0.015205287965835722,0.008145046501036675,0.02075465417688314
i400,Patch_4_9mps,open_gap,100,1000,100,46738,4.657451923076923,0.015438138977048588,0.007749569774860102,0.021387538156988878
i400,Patch_4_9mps,open_gap,100,1000,100,46738,4.75761217948718,0.01566126033996157,0.008234619538631437,0.021204876302177034
i400,Patch_4_9mps,open_gap,100,1000,100,46738,4.857772435897436,0.01588818796863213,0.007804796453107999,0.020756947000498283
i400,Patch_4_9mps,open_gap,100,1000,100,46738,4.9579326923076925,0.016086415491345336,0.007817521151358323,0.02010371263632985
i400,Patch_4_9mps,open_gap,100,1000,100,46738,5.058092948717949,0.01630939133794332,0.008005332386604256,0.020756772891159875
i400,Patch_4_9mps,open_gap,100,1000,100,46738,5.158253205128205,0.01650307768346093,0.007859083851537692,0.02107348904442198
i400,Patch_4_9mps,open_gap,100,1000,100,46738,5.258413461538462,0.016661673648866122,0.0076142741621079875,0.022040630041008133
i400,Patch_4_9mps,open_gap,100,1000,100,46738,5.358573717948718,0.016841588328144905,0.0074932481722093216,0.022785447584247033
i400,Patch_4_9mps,open_gap,100,1000,100,46738,5.4587339743589745,0.0171036051056437,0.007341344858901889,0.023126944523435635
i400,Patch_4_9mps,open_gap,100,1000,100,46738,5.558894230769231,0.01743305967967266,0.007300428570223665,0.02412111885627923
i400,Patch_4_9mps,open_gap,100,1000,100,46738,5.659054487179487,0.017808860163747733,0.0077473949833208105,0.02511263013955551
i400,Patch_4_9mps,open_gap,100,1000,100,46738,5.759214743589744,0.018155146286424142,0.008114029228320671,0.02603899632289966
i400,Patch_4_9mps,open_gap,100,1000,100,46738,5.859375,0.018504532202291816,0.00819327914959649,0.025923725344589213
i400,Patch_4_9mps,open_gap,100,1000,100,46738,5.959535256410256,0.01883920577696808,0.00907199956506404,0.025758740667851405
i400,Patch_4_9mps,open_gap,100,1000,100,46738,6.059695512820513,0.0191632939353582,0.008991043457899908,0.026523874832820177
i400,Patch_4_9mps,open_gap,100,1000,100,46738,6.159855769230769,0.01954981036374616,0.009452598446508082,0.027136178701517306
i400,Patch_4_9mps,open_gap,100,1000,100,46738,6.2600160256410255,0.020018866287259972,0.009840094030023158,0.0278550842719366
i400,Patch_4_9mps,open_gap,100,1000,100,46738,6.360176282051282,0.02052403712936275,0.00976096913539217,0.028766071263966877
i400,Patch_4_9mps,open_gap,100,1000,100,46738,6.460336538461538,0.020982509261451527,0.009417798264029824,0.029621661368241924
i400,Patch_4_9mps,open_gap,100,1000,100,46738,6.560496794871795,0.021349340771703727,0.00968875217359962,0.03023377024721687
i400,Patch_4_9mps,open_gap,100,1000,100,46738,6.660657051282051,0.021698668626367653,0.010325208166834632,0.030593301885684373
i400,Patch_4_9mps,open_gap,100,1000,100,46738,6.7608173076923075,0.022108299280644342,0.011463740885731953,0.030896169789800976
i400,Patch_4_9mps,open_gap,100,1000,100,46738,6.860977564102564,0.02260025231143316,0.011225060683886262,0.03170367364453239
i400,Patch_4_9mps,open_gap,100,1000,100,46738,6.96113782051282,0.0230841730668483,0.01138393648088884,0.03241971532476532
i400,Patch_4_9mps,open_gap,100,1000,100,46738,7.061298076923077,0.023493673026468577,0.011926315440719131,0.03283545110604835
i400,Patch_4_9mps,open_gap,100,1000,100,46738,7.161458333333333,0.023863563251151083,0.01222338516999888,0.033350612603951856
i400,Patch_4_9mps,open_gap,100,1000,100,46738,7.261618589743589,0.02421131959098858,0.012168846685805906,0.03353129169318958
i400,Patch_4_9mps,open_gap,100,1000,100,46738,7.361778846153846,0.02448320136254724,0.012433747245036195,0.033595942392088796
i400,Patch_4_9mps,open_gap,100,1000,100,46738,7.461939102564102,0.02468636195725875,0.012149024190568732,0.033855657658361626
i400,Patch_4_9mps,open_gap,100,1000,100,46738,7.562099358974359,0.02485357041862326,0.01207915019941991,0.03396048432485317
i400,Patch_4_9mps,open_gap,100,1000,100,46738,7.662259615384615,0.02500332251918635,0.012094370659287973,0.03411400656520351
i400,Patch_4_9mps,open_gap,100,1000,100,46738,7.762419871794871,0.02512821904254156,0.012120099751243748,0.03426550215691252
i400,Patch_4_9mps,open_gap,100,1000,100,46738,7.862580128205129,0.025202688251547718,0.011905544476026816,0.034460472032010886
i400,Patch_4_9mps,open_gap,100,1000,100,46738,7.962740384615385,0.025193725198845617,0.01219598443790972,0.03442401167806955
i400,Patch_4_9mps,open_gap,100,1000,100,46738,8.06290064102564,0.02511085882314636,0.012399245077074397,0.03439147145287116
i400,Patch_4_9mps,open_gap,100,1000,100,46738,8.163060897435898,0.024991610933230497,0.012378036155893866,0.035082824982556174
i400,Patch_4_9mps,open_gap,100,1000,100,46738,8.263221153846153,0.024910649206174765,0.011633528125931863,0.035242508421670385
i400,Patch_4_9mps,open_gap,100,1000,100,46738,8.36338141025641,0.02488890972312387,0.01105073492739256,0.03569303814806718
i400,Patch_4_9mps,open_gap,100,1000,100,46738,8.463541666666666,0.024899073426219224,0.011816600531089098,0.03579992049354412
i400,Patch_4_9mps,open_gap,100,1000,100,46738,8.563701923076923,0.024877058166271882,0.01193316681726406,0.035888138697062644
i400,Patch_4_9mps,open_gap,100,1000,100,46738,8.663862179487179,0.0247876545857599,0.011224652909245552,0.03612643316380399
i400,Patch_4_9mps,open_gap,100,1000,100,46738,8.764022435897436,0.02463855543124344,0.010822669625082203,0.03614684840180319
i400,Patch_4_9mps,open_gap,100,1000,100,46738,8.864182692307692,0.02445998884620858,0.009912227715810601,0.036239357796537905
i400,Patch_4_9mps,open_gap,100,1000,100,46738,8.964342948717949,0.02426649290910309,0.009584709471351281,0.036251248372373895
i400,Patch_4_9mps,open_gap,100,1000,100,46738,9.064503205128204,0.024067439873934296,0.01002274993939419,0.0366252830657607
i400,Patch_4_9mps,open_gap,100,1000,100,46738,9.164663461538462,0.023887417451709525,0.010409397080494454,0.03720377776254005
i400,Patch_4_9mps,open_gap,100,1000,100,46738,9.264823717948717,0.02370819126571677,0.010649486097510262,0.03751689971588015
i400,Patch_4_9mps,open_gap,100,1000,100,46738,9.364983974358974,0.02353092179245416,0.010629836080835932,0.03735419169743375
i400,Patch_4_9mps,open_gap,100,1000,100,46738,9.46514423076923,0.023350935761213117,0.010563243267740116,0.03687131669594301
i400,Patch_4_9mps,open_gap,100,1000,100,46738,9.565304487179487,0.02319639598735745,0.010667474777030266,0.036231533456767835
i400,Patch_4_9mps,open_gap,100,1000,100,46738,9.665464743589743,0.023080868992142102,0.010491464524452172,0.03549447033095721
i400,Patch_4_9mps,open_gap,100,1000,100,46738,9.765625,0.023002014010944503,0.010948491231180269,0.03461400292552816
i400,Patch_4_9mps,open_gap,100,1000,100,46738,9.865785256410257,0.02297538142471004,0.011012446433915298,0.03470630008799896
i400,Patch_4_9mps,open_gap,100,1000,100,46738,9.965945512820513,0.022991785305291227,0.01088643208975814,0.03417471618210397
i400,Patch_4_9mps,open_gap,500,1000,100,46738,0.05008012820512821,0.014630517506281056,0.005662501421414182,0.021001288945099568
i400,Patch_4_9mps,open_gap,500,1000,100,46738,0.1502403846153846,0.015006813933860242,0.00472535996665128,0.022518225783521275
i400,Patch_4_9mps,open_gap,500,1000,100,46738,0.250400641025641,0.017838075520999093,0.005795080879780409,0.027644893937666934
i400,Patch_4_9mps,open_gap,500,1000,100,46738,0.3505608974358974,0.020205367005131224,0.0085807352341026,0.029632327387998297
i400,Patch_4_9mps,open_gap,500,1000,100,46738,0.45072115384615385,0.021262417161757682,0.0088872495239663,0.03209578753596717
i400,Patch_4_9mps,open_gap,500,1000,100,46738,0.5508814102564102,0.021207127824541747,0.008422220349825819,0.03146340103680123
i400,Patch_4_9mps,open_gap,500,1000,100,46738,0.6510416666666666,0.02071362004407549,0.008418491794588904,0.03050108157726846
i400,Patch_4_9mps,open_gap,500,1000,100,46738,0.7512019230769231,0.02022819959657028,0.007716951249817149,0.02867645732141815
i400,Patch_4_9mps,open_gap,500,1000,100,46738,0.8513621794871795,0.01948995016037264,0.006663405455391644,0.029149261027172517
i400,Patch_4_9mps,open_gap,500,1000,100,46738,0.9515224358974359,0.018647926997157806,0.006874795655608724,0.02839750905646711
i400,Patch_4_9mps,open_gap,500,1000,100,46738,1.0516826923076923,0.017884570791708722,0.006535539088652207,0.027419155702033442
i400,Patch_4_9mps,open_gap,500,1000,100,46738,1.1518429487179487,0.017186026531436964,0.00733579910942437,0.025417534193008535
i400,Patch_4_9mps,open_gap,500,1000,100,46738,1.252003205128205,0.01651435085852605,0.006468879953084339,0.023520238758705098
i400,Patch_4_9mps,open_gap,500,1000,100,46738,1.3521634615384615,0.015921994372246343,0.006829936415810384,0.02347952266055648
i400,Patch_4_9mps,open_gap,500,1000,100,46738,1.4523237179487178,0.0156247671645756,0.007446219690851285,0.0226573495488018
i400,Patch_4_9mps,open_gap,500,1000,100,46738,1.5524839743589745,0.015240337475104242,0.006844840781902858,0.021838749542046332
i400,Patch_4_9mps,open_gap,500,1000,100,46738,1.6526442307692308,0.014757094790328315,0.007114046486292772,0.0214323047723506
i400,Patch_4_9mps,open_gap,500,1000,100,46738,1.7528044871794872,0.014353122133887017,0.00673029971335192,0.020272978820170623
i400,Patch_4_9mps,open_gap,500,1000,100,46738,1.8529647435897436,0.014045878546481068,0.006812159134419381,0.018593560574478946
i400,Patch_4_9mps,open_gap,500,1000,100,46738,1.953125,0.013746693258607516,0.006242799731612585,0.019841569994922897
i400,Patch_4_9mps,open_gap,500,1000,100,46738,2.0532852564102564,0.013382715004845766,0.006342620989058829,0.02057295345922304
i400,Patch_4_9mps,open_gap,500,1000,100,46738,2.1534455128205128,0.013231176920376009,0.005571677762586024,0.0201431784700491
i400,Patch_4_9mps,open_gap,500,1000,100,46738,2.253605769230769,0.013356288168707021,0.005696670164504066,0.020082010585997977
i400,Patch_4_9mps,open_gap,500,1000,100,46738,2.3537660256410255,0.013358265435401554,0.005984494628157259,0.02097786894748399
i400,Patch_4_9mps,open_gap,500,1000,100,46738,2.453926282051282,0.0132957592019383,0.006169878219091568,0.01994694083836798
i400,Patch_4_9mps,open_gap,500,1000,100,46738,2.5540865384615383,0.01306710341423085,0.005838594823181464,0.018556676027136742
i400,Patch_4_9mps,open_gap,500,1000,100,46738,2.6542467948717947,0.01264104084701197,0.005375651097067023,0.016849993426966612
i400,Patch_4_9mps,open_gap,500,1000,100,46738,2.754407051282051,0.01216799350843912,0.005816651972446378,0.016382090973966864
i400,Patch_4_9mps,open_gap,500,1000,100,46738,2.8545673076923075,0.011592360117972274,0.005349454338255592,0.015240073903043088
i400,Patch_4_9mps,open_gap,500,1000,100,46738,2.9547275641025643,0.010960174975935173,0.005418840453268634,0.013744823947631823
i400,Patch_4_9mps,open_gap,500,1000,100,46738,3.0548878205128207,0.010374010153027241,0.005120417137012698,0.013067805472429835
i400,Patch_4_9mps,open_gap,500,1000,100,46738,3.155048076923077,0.009803658319161957,0.004246490381178651,0.013068297304793978
i400,Patch_4_9mps,open_gap,500,1000,100,46738,3.2552083333333335,0.009256093579382028,0.004603578925858068,0.012887214771851424
i400,Patch_4_9mps,open_gap,500,1000,100,46738,3.35536858974359,0.008786913994651643,0.004447249823292668,0.011973174615493506
i400,Patch_4_9mps,open_gap,500,1000,100,46738,3.4555288461538463,0.008385605860915517,0.003904604771683402,0.011892863445538969
i400,Patch_4_9mps,open_gap,500,1000,100,46738,3.5556891025641026,0.00797050606879569,0.003861210673679824,0.011585436856416416
i400,Patch_4_9mps,open_gap,500,1000,100,46738,3.655849358974359,0.007558644621755449,0.0033725480632240566,0.010892224238915865
i400,Patch_4_9mps,open_gap,500,1000,100,46738,3.7560096153846154,0.007179837019153621,0.002880422365352373,0.010099165697920489
i400,Patch_4_9mps,open_gap,500,1000,100,46738,3.856169871794872,0.006811994596710563,0.0023794008520098024,0.009655322987979404
i400,Patch_4_9mps,open_gap,500,1000,100,46738,3.956330128205128,0.006515258864150681,0.002107105773887722,0.009045651590609919
i400,Patch_4_9mps,open_gap,500,1000,100,46738,4.056490384615385,0.0063638486740689925,0.0024246013934605694,0.00904610027079894
i400,Patch_4_9mps,open_gap,500,1000,100,46738,4.156650641025641,0.006265840867286437,0.0027236554061657887,0.00860376631157617
i400,Patch_4_9mps,open_gap,500,1000,100,46738,4.256810897435898,0.006217883734537514,0.0026235665329381536,0.009047039197013084
i400,Patch_4_9mps,open_gap,500,1000,100,46738,4.356971153846154,0.006326566150192331,0.00216632540205201,0.008720356011363072
i400,Patch_4_9mps,open_gap,500,1000,100,46738,4.457131410256411,0.00655850743096001,0.0019397091428447987,0.009181298506059421
i400,Patch_4_9mps,open_gap,500,1000,100,46738,4.557291666666667,0.006952948818740835,0.0015412318425760733,0.009856774742352026
i400,Patch_4_9mps,open_gap,500,1000,100,46738,4.657451923076923,0.007403870320455213,0.0022189313711692095,0.010192471890234981
i400,Patch_4_9mps,open_gap,500,1000,100,46738,4.75761217948718,0.007815703338845872,0.0028685229217391447,0.011284511889943087
i400,Patch_4_9mps,open_gap,500,1000,100,46738,4.857772435897436,0.008210912483026495,0.003384026867665584,0.011967961534713785
i400,Patch_4_9mps,open_gap,500,1000,100,46738,4.9579326923076925,0.008567611788596845,0.0035379213683044723,0.012184524923553333
i400,Patch_4_9mps,open_gap,500,1000,100,46738,5.058092948717949,0.008851962296025551,0.003614499194498696,0.012682320218135226
i400,Patch_4_9mps,open_gap,500,1000,100,46738,5.158253205128205,0.009110389489662293,0.0037637555129087655,0.012829787045811095
i400,Patch_4_9mps,open_gap,500,1000,100,46738,5.258413461538462,0.009381484722009855,0.0038925465691719693,0.013152388460581546
i400,Patch_4_9mps,open_gap,500,1000,100,46738,5.358573717948718,0.009713156256758266,0.004181771986561636,0.013641141268591018
i400,Patch_4_9mps,open_gap,500,1000,100,46738,5.4587339743589745,0.010151847803629141,0.004448824788708464,0.01446321109041701
i400,Patch_4_9mps,open_gap,500,1000,100,46738,5.558894230769231,0.010602622462247895,0.005015604003679763,0.015184999947037842
i400,Patch_4_9mps,open_gap,500,1000,100,46738,5.659054487179487,0.010982622718930348,0.005151870382372736,0.015602648639000509
i400,Patch_4_9mps,open_gap,500,1000,100,46738,5.759214743589744,0.011312465947326544,0.0055343328482732775,0.015614145549527048
i400,Patch_4_9mps,open_gap,500,1000,100,46738,5.859375,0.011617834631907662,0.0057828453121561135,0.01581847562247336
i400,Patch_4_9mps,open_gap,500,1000,100,46738,5.959535256410256,0.01192783067664271,0.006255239145340639,0.015920986932364906
i400,Patch_4_9mps,open_gap,500,1000,100,46738,6.059695512820513,0.012254426457563396,0.006502384354297293,0.016270109125116866
i400,Patch_4_9mps,open_gap,500,1000,100,46738,6.159855769230769,0.012610846631443224,0.006582735367385875,0.016622073867065313
i400,Patch_4_9mps,open_gap,500,1000,100,46738,6.2600160256410255,0.012992664793223923,0.007078036877097333,0.0172153283863005
i400,Patch_4_9mps,open_gap,500,1000,100,46738,6.360176282051282,0.013346023339211643,0.0071001657873990785,0.017866541981683318
i400,Patch_4_9mps,open_gap,500,1000,100,46738,6.460336538461538,0.013583052626116053,0.00686491306483347,0.018361739611097428
i400,Patch_4_9mps,open_gap,500,1000,100,46738,6.560496794871795,0.013719690963240376,0.006920150251555975,0.018722841393425945
i400,Patch_4_9mps,open_gap,500,1000,100,46738,6.660657051282051,0.013879069130478285,0.007051125523848835,0.01910151573629432
i400,Patch_4_9mps,open_gap,500,1000,100,46738,6.7608173076923075,0.014159362268665359,0.007257267557515454,0.019443084028301204
i400,Patch_4_9mps,open_gap,500,1000,100,46738,6.860977564102564,0.014552581730657344,0.007498782950234411,0.02010005186215218
i400,Patch_4_9mps,open_gap,500,1000,100,46738,6.96113782051282,0.014903617783046563,0.0077337058081498175,0.020325838102885234
i400,Patch_4_9mps,open_gap,500,1000,100,46738,7.061298076923077,0.015122998365310185,0.007674632219649258,0.02052800261710319
i400,Patch_4_9mps,open_gap,500,1000,100,46738,7.161458333333333,0.015316028710084157,0.007772899752318948,0.02059769926627488
i400,Patch_4_9mps,open_gap,500,1000,100,46738,7.261618589743589,0.015552059676339934,0.00807182467482682,0.020951382045413202
i400,Patch_4_9mps,open_gap,500,1000,100,46738,7.361778846153846,0.01576073680956145,0.008371620913914567,0.021054642140851378
i400,Patch_4_9mps,open_gap,500,1000,100,46738,7.461939102564102,0.01589939042710393,0.008515580438047649,0.021431391666759985
i400,Patch_4_9mps,open_gap,500,1000,100,46738,7.562099358974359,0.01596556454036628,0.008559192456638842,0.021632250316390992
i400,Patch_4_9mps,open_gap,500,1000,100,46738,7.662259615384615,0.01598996558769724,0.008502528846166566,0.02213790039630347
i400,Patch_4_9mps,open_gap,500,1000,100,46738,7.762419871794871,0.015990057673112068,0.008240212171937333,0.02222703452524937
i400,Patch_4_9mps,open_gap,500,1000,100,46738,7.862580128205129,0.01593593108501862,0.00807605119895466,0.022140847211538417
i400,Patch_4_9mps,open_gap,500,1000,100,46738,7.962740384615385,0.015802485330903532,0.007986153383062966,0.021992338466088914
i400,Patch_4_9mps,open_gap,500,1000,100,46738,8.06290064102564,0.015596254389066087,0.007529216276003181,0.021742520911307798
i400,Patch_4_9mps,open_gap,500,1000,100,46738,8.163060897435898,0.015386130197918109,0.007279193242869086,0.021379663348753374
i400,Patch_4_9mps,open_gap,500,1000,100,46738,8.263221153846153,0.015221989790604075,0.007091949233468643,0.021005832524159752
i400,Patch_4_9mps,open_gap,500,1000,100,46738,8.36338141025641,0.015136961233866202,0.006994003670687047,0.0207229972918537
i400,Patch_4_9mps,open_gap,500,1000,100,46738,8.463541666666666,0.015094645473433407,0.006876428528975688,0.02094036867237429
i400,Patch_4_9mps,open_gap,500,1000,100,46738,8.563701923076923,0.015057885752867645,0.006753758858585115,0.020816595289019857
i400,Patch_4_9mps,open_gap,500,1000,100,46738,8.663862179487179,0.014999971640401647,0.00695429041411716,0.02035752584113646
i400,Patch_4_9mps,open_gap,500,1000,100,46738,8.764022435897436,0.014906178939544646,0.00714920416326406,0.01998404306332923
i400,Patch_4_9mps,open_gap,500,1000,100,46738,8.864182692307692,0.014779160843161254,0.00742364874968992,0.019764561457041075
i400,Patch_4_9mps,open_gap,500,1000,100,46738,8.964342948717949,0.014607310903488284,0.007633721660689436,0.01961502967998703
i400,Patch_4_9mps,open_gap,500,1000,100,46738,9.064503205128204,0.014407626620712663,0.007881338262445123,0.019254800485946005
i400,Patch_4_9mps,open_gap,500,1000,100,46738,9.164663461538462,0.014210785188075305,0.008221284033071385,0.019339988732594893
i400,Patch_4_9mps,open_gap,500,1000,100,46738,9.264823717948717,0.01402648099813638,0.008086932220170057,0.019148036295120418
i400,Patch_4_9mps,open_gap,500,1000,100,46738,9.364983974358974,0.013836298988698212,0.007932979337258284,0.01888152859191686
i400,Patch_4_9mps,open_gap,500,1000,100,46738,9.46514423076923,0.013648245862300673,0.007866741435824099,0.01855518965435097
i400,Patch_4_9mps,open_gap,500,1000,100,46738,9.565304487179487,0.013500867151648428,0.007849980848579975,0.018371796381282966
i400,Patch_4_9mps,open_gap,500,1000,100,46738,9.665464743589743,0.013410028490830183,0.007888211561623136,0.01825972585293251
i400,Patch_4_9mps,open_gap,500,1000,100,46738,9.765625,0.013365833060947675,0.00756065907832793,0.018316962455852077
i400,Patch_4_9mps,open_gap,500,1000,100,46738,9.865785256410257,0.013407666066440373,0.0073873694532712,0.018213869655729693
i400,Patch_4_9mps,open_gap,500,1000,100,46738,9.965945512820513,0.013516262818075919,0.007549027565884629,0.018259754735529665
