    305.135434      305.135434        305.135434        305.135434
    305.135434      305.135434        305.135434        305.135434
    305.135434      305.135434        305.135434        305.135434
    305.135434      305.135434        305.135434        305.135434
    305.135434      305.135434        305.135434        305.135434
    305.135434      305.135434        305.135434        305.135434
    305.135434      305.135434        305.135434        305.135434
    305.135434      305.135434        305.135434        305.135434
    305.135434      305.135434        305.135434        305.135434
    305.135434      305.135434        305.135434        305.135434
    305.135434      305.135434        305.135434        305.135434
    305.135434      305.135434        305.135434        305.135434
    305.135434      305.135434        305.135434        305.135434
    305.135434      305.135434        305.135434        305.135434
    305.135434      305.135434        305.135434        305.135434
    305.135434      305.135434        305.135434        305.135434
    305.135434      305.135434        305.135434        305.135434
    305.135434      305.135434        305.135434        305.135434
    305.135434      305.135434        305.135434        305.135434
    305.135434      305.135434        305.135434        305.135434
    305.135434      305.135434        305.135434        305.135434
    305.135434      305.135434        305.135434        305.135434
    305.135434      305.135434        305.135434        305.135434
    305.135434      305.135434        305.135434        305.135434
    305.135434      305.135434        305.135434        305.135434
    305.135434      305.135434        305.135434        305.135434
    305.135434      305.135434        305.135434        305.135434
    305.135434      305.135434        305.135434        305.135434
    305.135434      305.135434        305.135434        305.135434
    305.135434      305.135434        305.135434        305.135434
    305.135434      305.135434        305.135434        305.135434
    305.135434      305.135434        305.135434        305.135434
    305.135434      305.135434        305.135434        305.135434
    305.135434      305.135434        305.135434        305.135434
    305.135434      305.135434        305.135434        305.135434
    305.135434      305.135434        305.135434        305.135434
    305.135434      305.135434        305.135434        305.135434
    305.135434      305.135434        305.135434        305.135434
    305.135434      305.135434        305.135434        305.135434
    305.135434      305.135434        305.135434        305.135434
    305.135434      305.135434        305.135434        305.135434
    305.135434      305.135434        305.135434        305.135434
    305.135434      305.135434        305.135434        305.135434
    305.135434      305.135434        305.135434        305.135434
    305.135434      305.135434        305.135434        305.135434
    305.135434      305.135434        305.135434        305.135434
    305.135434      305.135434        305.135434        305.135434
    305.135434      305.135434        305.135434        305.135434
    305.135434      305.135434        305.135434        305.135434
    305.135434      305.135434        305.135434        305.135434
    305.135434      305.135434        305.135434        305.135434
    305.135434      305.135434        305.135434        305.135434
    305.135434      305.135434        305.135434        305.135434
    305.135434      305.135434        305.135434        305.135434
    305.135434      305.135434        305.135434        305.135434
    305.135434      305.135434        305.135434        305.135434
    305.135434      305.135434        305.135434        305.135434
    305.135434      305.135434        305.135434        305.135434
    305.135434      305.135434        305.135434        305.135434
    305.135434      305.135434        305.135434        305.135434
    305.135434      305.135434        305.135434        305.135434
    305.135434      305.135434        305.135434        305.135434
    305.135434      305.135434        305.135434        305.135434
    305.135434      305.135434        305.135434        305.135434
    305.135434      305.135434        305.135434        305.135434
    305.135434      305.135434        305.135434        305.135434
    305.135434      305.135434        305.135434        305.135434
    305.135434      305.135434        305.135434        305.135434
    305.135434      305.135434        305.135434        305.135434
    305.135434      305.135434        305.135434        305.135434
    305.135434      305.135434        305.135434        305.135434
    305.135434      305.135434        305.135434        305.135434
    305.135434      305.135434        305.135434        305.135434
    305.135434      305.135434        305.135434        305.135434
    305.135434      305.135434        305.135434        305.135434
    305.135434      305.135434        305.135434        305.135434
    305.135434      305.135434        305.135434        305.135434
    305.135434      305.135434        305.135434        305.135434
    305.135434      305.135434        305.135434        305.135434
    305.135434      305.135434        305.135434        305.135434
    305.135434      305.135434        305.135434        305.135434
    305.135434      305.135434        305.135434        305.135434
    305.135434      305.135434        305.135434        305.135434
    305.135434      305.135434        305.135434        305.135434
    305.135434      305.135434        305.135434        305.135434
    305.135434      305.135434        305.135434        305.135434
    305.135434      305.135434        305.135434        305.135434
    305.135434      305.135434        305.135434        305.135434
    305.135434      305.135434        305.135434        305.135434
    305.135434      305.135434        305.135434        305.135434
    305.135434      305.135434        305.135434        305.135434
    305.135434      305.135434        305.135434        305.135434
    305.135434      305.135434        305.135434        305.135434
    305.135434      305.135434        305.135434        305.135434
    305.135434      305.135434        305.135434        305.135434
    305.135434      305.135434        305.135434        305.135434
    305.135434      305.135434        305.135434        305.135434
    305.135434      305.135434        305.135434        305.135434
    305.135434      305.135434        305.135434        305.135434
    305.135434      305.135434        305.135434        305.135434
    305.135434      305.135434        305.135434        305.135434
    305.135434      305.135434        305.135434        305.135434
    305.135434      305.135434        305.135434        305.135434
    305.135434      305.135434        305.135434        305.135434
    305.135434      305.135434        305.135434        305.135434
    305.135434      305.135434        305.135434        305.135434
    305.135434      305.135434        305.135434        305.135434
    305.135434      305.135434        305.135434        305.135434
    305.135434      305.135434        305.135434        305.135434
    305.135434      305.135434        305.135434        305.135434
    305.135434      305.135434        305.135434        305.135434
    305.135434      305.135434        305.135434        305.135434
    305.135434      305.135434        305.135434        305.135434
    305.135434      305.135434        305.135434        305.135434
    305.135434      305.135434        305.135434        305.135434
    305.135434      305.135434        305.135434        305.135434
    305.135434      305.135434        305.135434        305.135434
    305.135434      305.135434        305.135434        305.135434
    305.135434      305.135434        305.135434        305.135434
    305.135434      305.135434        305.135434        305.135434
    305.135434      305.135434        305.135434        305.135434
    305.135434      305.135434        305.135434        305.135434
    305.135434      305.135434        305.135434        305.135434
    305.135434      305.135434        305.135434        305.135434
    305.135434      305.135434        305.135434        305.135434
    305.135434      305.135434        305.135434        305.135434
    305.135434      305.135434        305.135434        305.135434
    305.135434      305.135434        305.135434        305.135434
    305.135434      305.135434        305.135434        305.135434
    305.135434      305.135434        305.135434        305.135434
    305.135434      305.135434        305.135434        305.135434
    305.135434      305.135434        305.135434        305.135434
    305.135434      305.135434        305.135434        305.135434
    305.135434      305.135434        305.135434        305.135434
    305.135434      305.135434        305.135434        305.135434
    305.135434      305.135434        305.135434        305.135434
    305.135434      305.135434        305.135434        305.135434
    305.135434      305.135434        305.135434        305.135434
    305.135434      305.135434        305.135434        305.135434
    305.135434      305.135434        305.135434        305.135434
    305.135434      305.135434        305.135434        305.135434
    305.135434      305.135434        305.135434        305.135434
    305.135434      305.135434        305.135434        305.135434
    305.135434      305.135434        305.135434        305.135434
    305.135434      305.135434        305.135434        305.135434
    305.135434      305.135434        305.135434        305.135434
    305.135434      305.135434        305.135434        305.135434
    305.135434      305.135434        305.135434        305.135434
    305.135434      305.135434        305.135434        305.135434
    305.135434      305.135434        305.135434        305.135434
    305.135434      305.135434        305.135434        305.135434
    305.135434      305.135434        305.135434        305.135434
    305.135434      305.135434        305.135434        305.135434
    305.135434      305.135434        305.135434        305.135434
    305.135434      305.135434        305.135434        305.135434
    305.135434      305.135434        305.135434        305.135434
    305.135434      305.135434        305.135434        305.135434
    305.135434      305.135434        305.135434        305.135434
    305.135434      305.135434        305.135434        305.135434
    305.135434      305.135434        305.135434        305.135434
    305.135434      305.135434        305.135434        305.135434
    305.135434      305.135434        305.135434        305.135434
    305.135434      305.135434        305.135434        305.135434
    305.135434      305.135434        305.135434        305.135434
    305.135434      305.135434        305.135434        305.135434
    305.135434      305.135434        305.135434        305.135434
    305.135434      305.135434        305.135434        305.135434
    305.135434      305.135434        305.135434        305.135434
    305.135434      305.135434        305.135434        305.135434
    305.135434      305.135434        305.135434        305.135434
    305.135434      305.135434        305.135434        305.135434
    305.135434      305.135434        305.135434        305.135434
    305.135434      305.135434        305.135434        305.135434
    305.135434      305.135434        305.135434        305.135434
    305.135434      305.135434        305.135434        305.135434
    305.135434      305.135434        305.135434        305.135434
    305.135434      305.135434        305.135434        305.135434
    305.135434      305.135434        305.135434        305.135434
    305.135434      305.135434        305.135434        305.135434
    305.135434      305.135434        305.135434        305.135434
    305.135434      305.135434        305.135434        305.135434
    305.135434      305.135434        305.135434        305.135434
    305.135434      305.135434        305.135434        305.135434
    305.135434      305.135434        305.135434        305.135434
    305.135434      305.135434        305.135434        305.135434
    305.135434      305.135434        305.135434        305.135434
    305.135434      305.135434        305.135434        305.135434
    305.135434      305.135434        305.135434        305.135434
    305.135434      305.135434        305.135434        305.135434
    305.135434      305.135434        305.135434        305.135434
    305.135434      305.135434        305.135434        305.135434
    305.135434      305.135434        305.135434        305.135434
    305.135434      305.135434        305.135434        305.135434
    305.135434      305.135434        305.135434        305.135434
    305.135434      305.135434        305.135434        305.135434
    305.135434      305.135434        305.135434        305.135434
    305.135434      305.135434        305.135434        305.135434
    305.135434      305.135434        305.135434        305.135434
    305.135434      305.135434        305.135434        305.135434
    305.135434      305.135434        305.135434        305.135434
    305.135434      305.135434        305.135434        305.135434
    305.135434      305.135434        305.135434        305.135434
    305.135434      305.135434        305.135434        305.135434
    305.135434      305.135434        305.135434        305.135434
    305.135434      305.135434        305.135434        305.135434
    305.135434      305.135434        305.135434        305.135434
    305.135434      305.135434        305.135434        305.135434
    305.135434      305.135434        305.135434        305.135434
    305.135434      305.135434        305.135434        305.135434
    305.135434      305.135434        305.135434        305.135434
    305.135434      305.135434        305.135434        305.135434
    305.135434      305.135434        305.135434        305.135434
    305.135434      305.135434        305.135434        305.135434
    305.135434      305.135434        305.135434        305.135434
    305.135434      305.135434        305.135434        305.135434
    305.135434      305.135434        305.135434        305.135434
    305.135434      305.135434        305.135434        305.135434
    305.135434      305.135434        305.135434        305.135434
    305.135434      305.135434        305.135434        305.135434
    305.135434      305.135434        305.135434        305.135434
    305.135434      305.135434        305.135434        305.135434
    305.135434      305.135434        305.135434        305.135434
    305.135434      305.135434        305.135434        305.135434
    305.135434      305.135434        305.135434        305.135434
    305.135434      305.135434        305.135434        305.135434
    305.135434      305.135434        305.135434        305.135434
    305.135434      305.135434        305.135434        305.135434
    305.135434      305.135434        305.135434        305.135434
    305.135434      305.135434        305.135434        305.135434
    305.135434      305.135434        305.135434        305.135434
    305.135434      305.135434        305.135434        305.135434
    305.135434      305.135434        305.135434        305.135434
    305.135434      305.135434        305.135434        305.135434
    305.135434      305.135434        305.135434        305.135434
    305.135434      305.135434        305.135434        305.135434
    305.135434      305.135434        305.135434        305.135434
    305.135434      305.135434        305.135434        305.135434
    305.135434      305.135434        305.135434        305.135434
    305.135434      305.135434        305.135434        305.135434
    305.135434      305.135434        305.135434        305.135434
    305.135434      305.135434        305.135434        305.135434
    305.135434      305.135434        305.135434        305.135434
    305.135434      305.135434        305.135434        305.135434
    305.135434      305.135434        305.135434        305.135434
    305.135434      305.135434        305.135434        305.135434
    305.135434      305.135434        305.135434        305.135434
    305.135434      305.135434        305.135434        305.135434
    305.135434      305.135434        305.135434        305.135434
    305.135434      305.135434        305.135434        305.135434
    305.135434      305.135434        305.135434        305.135434
    305.135434      305.135434        305.135434        305.135434
    305.135434      305.135434        305.135434        305.135434
    305.135434      305.135434        305.135434        305.135434
    305.135434      305.135434        305.135434        305.135434
    305.135434      305.135434        305.135434        305.135434
    305.135434      305.135434        305.135434        305.135434
    305.135434      305.135434        305.135434        305.135434
    305.135434      305.135434        305.135434        305.135434
    305.135434      305.135434        305.135434        305.135434
    305.135434      305.135434        305.135434        305.135434
    305.135434      305.135434        305.135434        305.135434
    305.135434      305.135434        305.135434        305.135434
    305.135434      305.135434        305.135434        305.135434
    305.135434      305.135434        305.135434        305.135434
    305.135434      305.135434        305.135434        305.135434
    305.135434      305.135434        305.135434        305.135434
    305.135434      305.135434        305.135434        305.135434
    305.135434      305.135434        305.135434        305.135434
    305.135434      305.135434        305.135434        305.135434
    305.135434      305.135434        305.135434        305.135434
    305.135434      305.135434        305.135434        305.135434
    305.135434      305.135434        305.135434        305.135434
    305.135434      305.135434        305.135434        305.135434
    305.135434      305.135434        305.135434        305.135434
    305.135434      305.135434        305.135434        305.135434
    305.135434      305.135434        305.135434        305.135434
    305.135434      305.135434        305.135434        305.135434
    305.135434      305.135434        305.135434        305.135434
    305.135434      305.135434        305.135434        305.135434
    305.135434      305.135434        305.135434        305.135434
    305.135434      305.135434        305.135434        305.135434
    305.135434      305.135434        305.135434        305.135434
    305.135434      305.135434        305.135434        305.135434
    305.135434      305.135434        305.135434        305.135434
    305.135434      305.135434        305.135434        305.135434
    305.135434      305.135434        305.135434        305.135434
    305.135434      305.135434        305.135434        305.135434
    305.135434      305.135434        305.135434        305.135434
    305.135434      305.135434        305.135434        305.135434
    305.135434      305.135434        305.135434        305.135434
    305.135434      305.135434        305.135434        305.135434
    305.135434      305.135434        305.135434        305.135434
    305.135434      305.135434        305.135434        305.135434
    305.135434      305.135434        305.135434        305.135434
    305.135434      305.135434        305.135434        305.135434
    305.135434      305.135434        305.135434        305.135434
    305.135434      305.135434        305.135434        305.135434
    305.135434      305.135434        305.135434        305.135434
    305.135434      305.135434        305.135434        305.135434
    305.135434      305.135434        305.135434        305.135434
    305.135434      305.135434        305.135434        305.135434
    305.135434      305.135434        305.135434        305.135434
    305.135434      305.135434        305.135434        305.135434
    305.135434      305.135434        305.135434        305.135434
    305.135434      305.135434        305.135434        305.135434
    305.135434      305.135434        305.135434        305.135434
    305.135434      305.135434        305.135434        305.135434
    305.135434      305.135434        305.135434        305.135434
    305.135434      305.135434        305.135434        305.135434
    305.135434      305.135434        305.135434        305.135434
    305.135434      305.135434        305.135434        305.135434
    305.135434      305.135434        305.135434        305.135434
    305.135434      305.135434        305.135434        305.135434
    305.135434      305.135434        305.135434        305.135434
    305.135434      305.135434        305.135434        305.135434
    305.135434      305.135434        305.135434        305.135434
    305.135434      305.135434        305.135434        305.135434
    305.135434      305.135434        305.135434        305.135434
    305.135434      305.135434        305.135434        305.135434
    305.135434      305.135434        305.135434        305.135434
    305.135434      305.135434        305.135434        305.135434
    305.135434      305.135434        305.135434        305.135434
    305.135434      305.135434        305.135434        305.135434
    305.135434      305.135434        305.135434        305.135434
    305.135434      305.135434        305.135434        305.135434
    305.135434      305.135434        305.135434        305.135434
    305.135434      305.135434        305.135434        305.135434
    305.135434      305.135434        305.135434        305.135434
    305.135434      305.135434        305.135434        305.135434
    305.135434      305.135434        305.135434        305.135434
    305.135434      305.135434        305.135434        305.135434
    305.135434      305.135434        305.135434        305.135434
    305.135434      305.135434        305.135434        305.135434
    305.135434      305.135434        305.135434        305.135434
    305.135434      305.135434        305.135434        305.135434
    305.135434      305.135434        305.135434        305.135434
    305.135434      305.135434        305.135434        305.135434
    305.135434      305.135434        305.135434        305.135434
    305.135434      305.135434        305.135434        305.135434
    305.135434      305.135434        305.135434        305.135434
    305.135434      305.135434        305.135434        305.135434
    305.135434      305.135434        305.135434        305.135434
    305.135434      305.135434        305.135434        305.135434
    305.135434      305.135434        305.135434        305.135434
    305.135434      305.135434        305.135434        305.135434
    305.135434      305.135434        305.135434        305.135434
    305.135434      305.135434        305.135434        305.135434
    305.135434      305.135434        305.135434        305.135434
    305.135434      305.135434        305.135434        305.135434
    305.135434      305.135434        305.135434        305.135434
    305.135434      305.135434        305.135434        305.135434
    305.135434      305.135434        305.135434        305.135434
    305.135434      305.135434        305.135434        305.135434
    305.135434      305.135434        305.135434        305.135434
    305.135434      305.135434        305.135434        305.135434
    305.135434      305.135434        305.135434        305.135434
    305.135434      305.135434        305.135434        305.135434
    305.135434      305.135434        305.135434        305.135434
    305.135434      305.135434        305.135434        305.135434
    305.135434      305.135434        305.135434        305.135434
    305.135434      305.135434        305.135434        305.135434
    305.135434      305.135434        305.135434        305.135434
    305.135434      305.135434        305.135434        305.135434
    305.135434      305.135434        305.135434        305.135434
    305.135434      305.135434        305.135434        305.135434
    305.135434      305.135434        305.135434        305.135434
    305.135434      305.135434        305.135434        305.135434
    305.135434      305.135434        305.135434        305.135434
    305.135434      305.135434        305.135434        305.135434
    305.135434      305.135434        305.135434        305.135434
    305.135434      305.135434        305.135434        305.135434
    305.135434      305.135434        305.135434        305.135434
    305.135434      305.135434        305.135434        305.135434
    305.135434      305.135434        305.135434        305.135434
    305.135434      305.135434        305.135434        305.135434
    305.135434      305.135434        305.135434        305.135434
    305.135434      305.135434        305.135434        305.135434
    305.135434      305.135434        305.135434        305.135434
    305.135434      305.135434        305.135434        305.135434
    305.135434      305.135434        305.135434        305.135434
    305.135434      305.135434        305.135434        305.135434
    305.135434      305.135434        305.135434        305.135434
    305.135434      305.135434        305.135434        305.135434
    305.135434      305.135434        305.135434        305.135434
    305.135434      305.135434        305.135434        305.135434
    305.135434      305.135434        305.135434        305.135434
    305.135434      305.135434        305.135434        305.135434
    305.135434      305.135434        305.135434        305.135434
    305.135434      305.135434        305.135434        305.135434
    305.135434      305.135434        305.135434        305.135434
    305.135434      305.135434        305.135434        305.135434
    305.135434      305.135434        305.135434        305.135434
    305.135434      305.135434        305.135434        305.135434
    305.135434      305.135434        305.135434        305.135434
    305.135434      305.135434        305.135434        305.135434
    305.135434      305.135434        305.135434        305.135434
    305.135434      305.135434        305.135434        305.135434
    305.135434      305.135434        305.135434        305.135434
    305.135434      305.135434        305.135434        305.135434
    305.135434      305.135434        305.135434        305.135434
    305.135434      305.135434        305.135434        305.135434
    305.135434      305.135434        305.135434        305.135434
    305.135434      305.135434        305.135434        305.135434
    305.135434      305.135434        305.135434        305.135434
    305.135434      305.135434        305.135434        305.135434
    305.135434      305.135434        305.135434        305.135434
    305.135434      305.135434        305.135434        305.135434
    305.135434      305.135434        305.135434        305.135434
    305.135434      305.135434        305.135434        305.135434
    305.135434      305.135434        305.135434        305.135434
    305.135434      305.135434        305.135434        305.135434
    305.135434      305.135434        305.135434        305.135434
    305.135434      305.135434        305.135434        305.135434
    305.135434      305.135434        305.135434        305.135434
    305.135434      305.135434        305.135434        305.135434
    305.135434      305.135434        305.135434        305.135434
    305.135434      305.135434        305.135434        305.135434
    305.135434      305.135434        305.135434        305.135434
    305.135434      305.135434        305.135434        305.135434
    305.135434      305.135434        305.135434        305.135434
    305.135434      305.135434        305.135434        305.135434
    305.135434      305.135434        305.135434        305.135434
    305.135434      305.135434        305.135434        305.135434
    305.135434      305.135434        305.135434        305.135434
    305.135434      305.135434        305.135434        305.135434
    305.135434      305.135434        305.135434        305.135434
    305.135434      305.135434        305.135434        305.135434
    305.135434      305.135434        305.135434        305.135434
    305.135434      305.135434        305.135434        305.135434
    305.135434      305.135434        305.135434        305.135434
    305.135434      305.135434        305.135434        305.135434
    305.135434      305.135434        305.135434        305.135434
    305.135434      305.135434        305.135434        305.135434
    305.135434      305.135434        305.135434        305.135434
    305.135434      305.135434        305.135434        305.135434
    305.135434      305.135434        305.135434        305.135434
    305.135434      305.135434        305.135434        305.135434
    305.135434      305.135434        305.135434        305.135434
    305.135434      305.135434        305.135434        305.135434
    305.135434      305.135434        305.135434        305.135434
    305.135434      305.135434        305.135434        305.135434
    305.135434      305.135434        305.135434        305.135434
    305.135434      305.135434        305.135434        305.135434
    305.135434      305.135434        305.135434        305.135434
    305.135434      305.135434        305.135434        305.135434
    305.135434      305.135434        305.135434        305.135434
    305.135434      305.135434        305.135434        305.135434
    305.135434      305.135434        305.135434        305.135434
    305.135434      305.135434        305.135434        305.135434
    305.135434      305.135434        305.135434        305.135434
    305.135434      305.135434        305.135434        305.135434
    305.135434      305.135434        305.135434        305.135434
    305.135434      305.135434        305.135434        305.135434
    305.135434      305.135434        305.135434        305.135434
    305.135434      305.135434        305.135434        305.135434
    305.135434      305.135434        305.135434        305.135434
    305.135434      305.135434        305.135434        305.135434
    305.135434      305.135434        305.135434        305.135434
    305.135434      305.135434        305.135434        305.135434
    305.135434      305.135434        305.135434        305.135434
    305.135434      305.135434        305.135434        305.135434
    305.135434      305.135434        305.135434        305.135434
    305.135434      305.135434        305.135434        305.135434
    305.135434      305.135434        305.135434        305.135434
    305.135434      305.135434        305.135434        305.135434
    305.135434      305.135434        305.135434        305.135434
    305.135434      305.135434        305.135434        305.135434
    305.135434      305.135434        305.135434        305.135434
    305.135434      305.135434        305.135434        305.135434
    305.135434      305.135434        305.135434        305.135434
    305.135434      305.135434        305.135434        305.135434
    305.135434      305.135434        305.135434        305.135434
    305.135434      305.135434        305.135434        305.135434
    305.135434      305.135434        305.135434        305.135434
    305.135434      305.135434        305.135434        305.135434
    305.135434      305.135434        305.135434        305.135434
    305.135434      305.135434        305.135434        305.135434
    305.135434      305.135434        305.135434        305.135434
    305.135434      305.135434        305.135434        305.135434
    305.135434      305.135434        305.135434        305.135434
    305.135434      305.135434        305.135434        305.135434
    305.135434      305.135434        305.135434        305.135434
    305.135434      305.135434        305.135434        305.135434
    305.135434      305.135434        305.135434        305.135434
    305.135434      305.135434        305.135434        305.135434
    305.135434      305.135434        305.135434        305.135434
    305.135434      305.135434        305.135434        305.135434
    305.135434      305.135434        305.135434        305.135434
    305.135434      305.135434        305.135434        305.135434
    305.135434      305.135434        305.135434        305.135434
    305.135434      305.135434        305.135434        305.135434
    305.135434      305.135434        305.135434        305.135434
    305.135434      305.135434        305.135434        305.135434
    305.135434      305.135434        305.135434        305.135434
    305.135434      305.135434        305.135434        305.135434
    305.135434      305.135434        305.135434        305.135434
    305.135434      305.135434        305.135434        305.135434
    305.135434      305.135434        305.135434        305.135434
    305.135434      305.135434        305.135434        305.135434
    305.135434      305.135434        305.135434        305.135434
    305.135434      305.135434        305.135434        305.135434
    305.135434      305.135434        305.135434        305.135434
    305.135434      305.135434        305.135434        305.135434
    305.135434      305.135434        305.135434        305.135434
    305.135434      305.135434        305.135434        305.135434
    305.135434      305.135434        305.135434        305.135434
    305.135434      305.135434        305.135434        305.135434
    305.135434      305.135434        305.135434        305.135434
    305.135434      305.135434        305.135434        305.135434
    305.135434      305.135434        305.135434        305.135434
    305.135434      305.135434        305.135434        305.135434
    305.135434      305.135434        305.135434        305.135434
    305.135434      305.135434        305.135434        305.135434
    305.135434      305.135434        305.135434        305.135434
    305.135434      305.135434        305.135434        305.135434
    305.135434      305.135434        305.135434        305.135434
    305.135434      305.135434        305.135434        305.135434
    305.135434      305.135434        305.135434        305.135434
    305.135434      305.135434        305.135434        305.135434
    305.135434      305.135434        305.135434        305.135434
    305.135434      305.135434        305.135434        305.135434
    305.135434      305.135434        305.135434        305.135434
    305.135434      305.135434        305.135434        305.135434
    305.135434      305.135434        305.135434        305.135434
    305.135434      305.135434        305.135434        305.135434
    305.135434      305.135434        305.135434        305.135434
    305.135434      305.135434        305.135434        305.135434
    305.135434      305.135434        305.135434        305.135434
    305.135434      305.135434        305.135434        305.135434
    305.135434      305.135434        305.135434        305.135434
    305.135434      305.135434        305.135434        305.135434
    305.135434      305.135434        305.135434        305.135434
    305.135434      305.135434        305.135434        305.135434
    305.135434      305.135434        305.135434        305.135434
    305.135434      305.135434        305.135434        305.135434
    305.135434      305.135434        305.135434        305.135434
    305.135434      305.135434        305.135434        305.135434
    305.135434      305.135434        305.135434        305.135434
    305.135434      305.135434        305.135434        305.135434
    305.135434      305.135434        305.135434        305.135434
    305.135434      305.135434        305.135434        305.135434
    305.135434      305.135434        305.135434        305.135434
    305.135434      305.135434        305.135434        305.135434
    305.135434      305.135434        305.135434        305.135434
    305.135434      305.135434        305.135434        305.135434
    305.135434      305.135434        305.135434        305.135434
    305.135434      305.135434        305.135434        305.135434
    305.135434      305.135434        305.135434        305.135434
    305.135434      305.135434        305.135434        305.135434
    305.135434      305.135434        305.135434        305.135434
    305.135434      305.135434        305.135434        305.135434
    305.135434      305.135434        305.135434        305.135434
    305.135434      305.135434        305.135434        305.135434
    305.135434      305.135434        305.135434        305.135434
    305.135434      305.135434        305.135434        305.135434
    305.135434      305.135434        305.135434        305.135434
    305.135434      305.135434        305.135434        305.135434
    305.135434      305.135434        305.135434        305.135434
    305.135434      305.135434        305.135434        305.135434
    305.135434      305.135434        305.135434        305.135434
    305.135434      305.135434        305.135434        305.135434
    305.135434      305.135434        305.135434        305.135434
    305.135434      305.135434        305.135434        305.135434
    305.135434      305.135434        305.135434        305.135434
    305.135434      305.135434        305.135434        305.135434
    305.135434      305.135434        305.135434        305.135434
    305.135434      305.135434        305.135434        305.135434
    305.135434      305.135434        305.135434        305.135434
    305.135434      305.135434        305.135434        305.135434
    305.135434      305.135434        305.135434        305.135434
    305.135434      305.135434        305.135434        305.135434
    305.135434      305.135434        305.135434        305.135434
    305.135434      305.135434        305.135434        305.135434
    305.135434      305.135434        305.135434        305.135434
    305.135434      305.135434        305.135434        305.135434
    305.135434      305.135434        305.135434        305.135434
    305.135434      305.135434        305.135434        305.135434
    305.135434      305.135434        305.135434        305.135434
    305.135434      305.135434        305.135434        305.135434
    305.135434      305.135434        305.135434        305.135434
    305.135434      305.135434        305.135434        305.135434
    305.135434      305.135434        305.135434        305.135434
    305.135434      305.135434        305.135434        305.135434
    305.135434      305.135434        305.135434        305.135434
    305.135434      305.135434        305.135434        305.135434
    305.135434      305.135434        305.135434        305.135434
    305.135434      305.135434        305.135434        305.135434
    305.135434      305.135434        305.135434        305.135434
    305.135434      305.135434        305.135434        305.135434
    305.135434      305.135434        305.135434        305.135434
    305.135434      305.135434        305.135434        305.135434
    305.135434      305.135434        305.135434        305.135434
    305.135434      305.135434        305.135434        305.135434
    305.135434      305.135434        305.135434        305.135434
    305.135434      305.135434        305.135434        305.135434
    305.135434      305.135434        305.135434        305.135434
    305.135434      305.135434        305.135434        305.135434
    305.135434      305.135434        305.135434        305.135434
    305.135434      305.135434        305.135434        305.135434
    305.135434      305.135434        305.135434        305.135434
    305.135434      305.135434        305.135434        305.135434
    305.135434      305.135434        305.135434        305.135434
    305.135434      305.135434        305.135434        305.135434
    305.135434      305.135434        305.135434        305.135434
    305.135434      305.135434        305.135434        305.135434
    305.135434      305.135434        305.135434        305.135434
    305.135434      305.135434        305.135434        305.135434
    305.135434      305.135434        305.135434        305.135434
    305.135434      305.135434        305.135434        305.135434
    305.135434      305.135434        305.135434        305.135434
    305.135434      305.135434        305.135434        305.135434
    305.135434      305.135434        305.135434        305.135434
    305.135434      305.135434        305.135434        305.135434
    305.135434      305.135434        305.135434        305.135434
    305.135434      305.135434        305.135434        305.135434
    305.135434      305.135434        305.135434        305.135434
    305.135434      305.135434        305.135434        305.135434
    305.135434      305.135434        305.135434        305.135434
    305.135434      305.135434        305.135434        305.135434
    305.135434      305.135434        305.135434        305.135434
    305.135434      305.135434        305.135434        305.135434
    305.135434      305.135434        305.135434        305.135434
    305.135434      305.135434        305.135434        305.135434
    305.135434      305.135434        305.135434        305.135434
    305.135434      305.135434        305.135434        305.135434
    305.135434      305.135434        305.135434        305.135434
    305.135434      305.135434        305.135434        305.135434
    305.135434      305.135434        305.135434        305.135434
    305.135434      305.135434        305.135434        305.135434
    305.135434      305.135434        305.135434        305.135434
    305.135434      305.135434        305.135434        305.135434
    305.135434      305.135434        305.135434        305.135434
    305.135434      305.135434        305.135434        305.135434
    305.135434      305.135434        305.135434        305.135434
    305.135434      305.135434        305.135434        305.135434
    305.135434      305.135434        305.135434        305.135434
    305.135434      305.135434        305.135434        305.135434
    305.135434      305.135434        305.135434        305.135434
    305.135434      305.135434        305.135434        305.135434
    305.135434      305.135434        305.135434        305.135434
    305.135434      305.135434        305.135434        305.135434
    305.135434      305.135434        305.135434        305.135434
    305.135434      305.135434        305.135434        305.135434
    305.135434      305.135434        305.135434        305.135434
    305.135434      305.135434        305.135434        305.135434
    305.135434      305.135434        305.135434        305.135434
    305.135434      305.135434        305.135434        305.135434
    305.135434      305.135434        305.135434        305.135434
    305.135434      305.135434        305.135434        305.135434
    305.135434      305.135434        305.135434        305.135434
    305.135434      305.135434        305.135434        305.135434
    305.135434      305.135434        305.135434        305.135434
    305.135434      305.135434        305.135434        305.135434
    305.135434      305.135434        305.135434        305.135434
    305.135434      305.135434        305.135434        305.135434
    305.135434      305.135434        305.135434        305.135434
    305.135434      305.135434        305.135434        305.135434
    305.135434      305.135434        305.135434        305.135434
    305.135434      305.135434        305.135434        305.135434
    305.135434      305.135434        305.135434        305.135434
    305.135434      305.135434        305.135434        305.135434
    305.135434      305.135434        305.135434        305.135434
    305.135434      305.135434        305.135434        305.135434
    305.135434      305.135434        305.135434        305.135434
    305.135434      305.135434        305.135434        305.135434
    305.135434      305.135434        305.135434        305.135434
    305.135434      305.135434        305.135434        305.135434
    305.135434      305.135434        305.135434        305.135434
    305.135434      305.135434        305.135434        305.135434
    305.135434      305.135434        305.135434        305.135434
    305.135434      305.135434        305.135434        305.135434
    305.135434      305.135434        305.135434        305.135434
    305.135434      305.135434        305.135434        305.135434
    305.135434      305.135434        305.135434        305.135434
    305.135434      305.135434        305.135434        305.135434
    305.135434      305.135434        305.135434        305.135434
    305.135434      305.135434        305.135434        305.135434
    305.135434      305.135434        305.135434        305.135434
    305.135434      305.135434        305.135434        305.135434
    305.135434      305.135434        305.135434        305.135434
    305.135434      305.135434        305.135434        305.135434
    305.135434      305.135434        305.135434        305.135434
    305.135434      305.135434        305.135434        305.135434
    305.135434      305.135434        305.135434        305.135434
    305.135434      305.135434        305.135434        305.135434
    305.135434      305.135434        305.135434        305.135434
    305.135434      305.135434        305.135434        305.135434
    305.135434      305.135434        305.135434        305.135434
    305.135434      305.135434        305.135434        305.135434
    305.135434      305.135434        305.135434        305.135434
    305.135434      305.135434        305.135434        305.135434
    305.135434      305.135434        305.135434        305.135434
    305.135434      305.135434        305.135434        305.135434
    305.135434      305.135434        305.135434        305.135434
    305.135434      305.135434        305.135434        305.135434
    305.135434      305.135434        305.135434        305.135434
    305.135434      305.135434        305.135434        305.135434
    305.135434      305.135434        305.135434        305.135434
    305.135434      305.135434        305.135434        305.135434
    305.135434      305.135434        305.135434        305.135434
    305.135434      305.135434        305.135434        305.135434
    305.135434      305.135434        305.135434        305.135434
    305.135434      305.135434        305.135434        305.135434
    305.135434      305.135434        305.135434        305.135434
    305.135434      305.135434        305.135434        305.135434
    305.135434      305.135434        305.135434        305.135434
    305.135434      305.135434        305.135434        305.135434
    305.135434      305.135434        305.135434        305.135434
    305.135434      305.135434        305.135434        305.135434
    305.135434      305.135434        305.135434        305.135434
    305.135434      305.135434        305.135434        305.135434
    305.135434      305.135434        305.135434        305.135434
    305.135434      305.135434        305.135434        305.135434
    305.135434      305.135434        305.135434        305.135434
    305.135434      305.135434        305.135434        305.135434
    305.135434      305.135434        305.135434        305.135434
    305.135434      305.135434        305.135434        305.135434
    305.135434      305.135434        305.135434        305.135434
    305.135434      305.135434        305.135434        305.135434
    305.135434      305.135434        305.135434        305.135434
    305.135434      305.135434        305.135434        305.135434
    305.135434      305.135434        305.135434        305.135434
    305.135434      305.135434        305.135434        305.135434
    305.135434      305.135434        305.135434        305.135434
    305.135434      305.135434        305.135434        305.135434
    305.135434      305.135434        305.135434        305.135434
    305.135434      305.135434        305.135434        305.135434
    305.135434      305.135434        305.135434        305.135434
    305.135434      305.135434        305.135434        305.135434
    305.135434      305.135434        305.135434        305.135434
    305.135434      305.135434        305.135434        305.135434
    305.135434      305.135434        305.135434        305.135434
    305.135434      305.135434        305.135434        305.135434
    305.135434      305.135434        305.135434        305.135434
    305.135434      305.135434        305.135434        305.135434
    305.135434      305.135434        305.135434        305.135434
    305.135434      305.135434        305.135434        305.135434
    305.135434      305.135434        305.135434        305.135434
    305.135434      305.135434        305.135434        305.135434
    305.135434      305.135434        305.135434        305.135434
    305.135434      305.135434        305.135434        305.135434
    305.135434      305.135434        305.135434        305.135434
    305.135434      305.135434        305.135434        305.135434
    305.135434      305.135434        305.135434        305.135434
    305.135434      305.135434        305.135434        305.135434
    305.135434      305.135434        305.135434        305.135434
    305.135434      305.135434        305.135434        305.135434
    305.135434      305.135434        305.135434        305.135434
    305.135434      305.135434        305.135434        305.135434
    305.135434      305.135434        305.135434        305.135434
    305.135434      305.135434        305.135434        305.135434
    305.135434      305.135434        305.135434        305.135434
    305.135434      305.135434        305.135434        305.135434
    305.135434      305.135434        305.135434        305.135434
    305.135434      305.135434        305.135434        305.135434
    305.135434      305.135434        305.135434        305.135434
    305.135434      305.135434        305.135434        305.135434
    305.135434      305.135434        305.135434        305.135434
    305.135434      305.135434        305.135434        305.135434
    305.135434      305.135434        305.135434        305.135434
    305.135434      305.135434        305.135434        305.135434
    305.135434      305.135434        305.135434        305.135434
    305.135434      305.135434        305.135434        305.135434
    305.135434      305.135434        305.135434        305.135434
    305.135434      305.135434        305.135434        305.135434
    305.135434      305.135434        305.135434        305.135434
    305.135434      305.135434        305.135434        305.135434
    305.135434      305.135434        305.135434        305.135434
    305.135434      305.135434        305.135434        305.135434
    305.135434      305.135434        305.135434        305.135434
    305.135434      305.135434        305.135434        305.135434
    305.135434      305.135434        305.135434        305.135434
    305.135434      305.135434        305.135434        305.135434
    305.135434      305.135434        305.135434        305.135434
    305.135434      305.135434        305.135434        305.135434
    305.135434      305.135434        305.135434        305.135434
    305.135434      305.135434        305.135434        305.135434
    305.135434      305.135434        305.135434        305.135434
    305.135434      305.135434        305.135434        305.135434
    305.135434      305.135434        305.135434        305.135434
    305.135434      305.135434        305.135434        305.135434
    305.135434      305.135434        305.135434        305.135434
    305.135434      305.135434        305.135434        305.135434
    305.135434      305.135434        305.135434        305.135434
    305.135434      305.135434        305.135434        305.135434
    305.135434      305.135434        305.135434        305.135434
    305.135434      305.135434        305.135434        305.135434
    305.135434      305.135434        305.135434        305.135434
    305.135434      305.135434        305.135434        305.135434
    305.135434      305.135434        305.135434        305.135434
    305.135434      305.135434        305.135434        305.135434
    305.135434      305.135434        305.135434        305.135434
    305.135434      305.135434        305.135434        305.135434
    305.135434      305.135434        305.135434        305.135434
    305.135434      305.135434        305.135434        305.135434
    305.135434      305.135434        305.135434        305.135434
    305.135434      305.135434        305.135434        305.135434
    305.135434      305.135434        305.135434        305.135434
    305.135434      305.135434        305.135434        305.135434
    305.135434      305.135434        305.135434        305.135434
    305.135434      305.135434        305.135434        305.135434
    305.135434      305.135434        305.135434        305.135434
    305.135434      305.135434        305.135434        305.135434
    305.135434      305.135434        305.135434        305.135434
    305.135434      305.135434        305.135434        305.135434
    305.135434      305.135434        305.135434        305.135434
    305.135434      305.135434        305.135434        305.135434
    305.135434      305.135434        305.135434        305.135434
    305.135434      305.135434        305.135434        305.135434
    305.135434      305.135434        305.135434        305.135434
    305.135434      305.135434        305.135434        305.135434
    305.135434      305.135434        305.135434        305.135434
    305.135434      305.135434        305.135434        305.135434
    305.135434      305.135434        305.135434        305.135434
    305.135434      305.135434        305.135434        305.135434
    305.135434      305.135434        305.135434        305.135434
    305.135434      305.135434        305.135434        305.135434
    305.135434      305.135434        305.135434        305.135434
    305.135434      305.135434        305.135434        305.135434
    305.135434      305.135434        305.135434        305.135434
    305.135434      305.135434        305.135434        305.135434
    305.135434      305.135434        305.135434        305.135434
    305.135434      305.135434        305.135434        305.135434
    305.135434      305.135434        305.135434        305.135434
    305.135434      305.135434        305.135434        305.135434
    305.135434      305.135434        305.135434        305.135434
    305.135434      305.135434        305.135434        305.135434
    305.135434      305.135434        305.135434        305.135434
    305.135434      305.135434        305.135434        305.135434
    305.135434      305.135434        305.135434        305.135434
    305.135434      305.135434        305.135434        305.135434
    305.135434      305.135434        305.135434        305.135434
    305.135434      305.135434        305.135434        305.135434
    305.135434      305.135434        305.135434        305.135434
    305.135434      305.135434        305.135434        305.135434
    305.135434      305.135434        305.135434        305.135434
    305.135434      305.135434        305.135434        305.135434
    305.135434      305.135434        305.135434        305.135434
    305.135434      305.135434        305.135434        305.135434
    305.135434      305.135434        305.135434        305.135434
    305.135434      305.135434        305.135434        305.135434
    305.135434      305.135434        305.135434        305.135434
    305.135434      305.135434        305.135434        305.135434
    305.135434      305.135434        305.135434        305.135434
    305.135434      305.135434        305.135434        305.135434
    305.135434      305.135434        305.135434        305.135434
    305.135434      305.135434        305.135434        305.135434
    305.135434      305.135434        305.135434        305.135434
    305.135434      305.135434        305.135434        305.135434
    305.135434      305.135434        305.135434        305.135434
    305.135434      305.135434        305.135434        305.135434
    305.135434      305.135434        305.135434        305.135434
    305.135434      305.135434        305.135434        305.135434
    305.135434      305.135434        305.135434        305.135434
    305.135434      305.135434        305.135434        305.135434
    305.135434      305.135434        305.135434        305.135434
    305.135434      305.135434        305.135434        305.135434
    305.135434      305.135434        305.135434        305.135434
    305.135434      305.135434        305.135434        305.135434
    305.135434      305.135434        305.135434        305.135434
    305.135434      305.135434        305.135434        305.135434
    305.135434      305.135434        305.135434        305.135434
    305.135434      305.135434        305.135434        305.135434
    305.135434      305.135434        305.135434        305.135434
    305.135434      305.135434        305.135434        305.135434
    305.135434      305.135434        305.135434        305.135434
    305.135434      305.135434        305.135434        305.135434
    305.135434      305.135434        305.135434        305.135434
    305.135434      305.135434        305.135434        305.135434
    305.135434      305.135434        305.135434        305.135434
    305.135434      305.135434        305.135434        305.135434
    305.135434      305.135434        305.135434        305.135434
    305.135434      305.135434        305.135434        305.135434
    305.135434      305.135434        305.135434        305.135434
    305.135434      305.135434        305.135434        305.135434
    305.135434      305.135434        305.135434        305.135434
    305.135434      305.135434        305.135434        305.135434
    305.135434      305.135434        305.135434        305.135434
    305.135434      305.135434        305.135434        305.135434
    305.135434      305.135434        305.135434        305.135434
    305.135434      305.135434        305.135434        305.135434
    305.135434      305.135434        305.135434        305.135434
    305.135434      305.135434        305.135434        305.135434
    305.135434      305.135434        305.135434        305.135434
    305.135434      305.135434        305.135434        305.135434
    305.135434      305.135434        305.135434        305.135434
    305.135434      305.135434        305.135434        305.135434
    305.135434      305.135434        305.135434        305.135434
    305.135434      305.135434        305.135434        305.135434
    305.135434      305.135434        305.135434        305.135434
    305.135434      305.135434        305.135434        305.135434
    305.135434      305.135434        305.135434        305.135434
    305.135434      305.135434        305.135434        305.135434
    305.135434      305.135434        305.135434        305.135434
    305.135434      305.135434        305.135434        305.135434
    305.135434      305.135434        305.135434        305.135434
    305.135434      305.135434        305.135434        305.135434
    305.135434      305.135434        305.135434        305.135434
    305.135434      305.135434        305.135434        305.135434
    305.135434      305.135434        305.135434        305.135434
    305.135434      305.135434        305.135434        305.135434
    305.135434      305.135434        305.135434        305.135434
    305.135434      305.135434        305.135434        305.135434
    305.135434      305.135434        305.135434        305.135434
    305.135434      305.135434        305.135434        305.135434
    305.135434      305.135434        305.135434        305.135434
    305.135434      305.135434        305.135434        305.135434
    305.135434      305.135434        305.135434        305.135434
    305.135434      305.135434        305.135434        305.135434
    305.135434      305.135434        305.135434        305.135434
    305.135434      305.135434        305.135434        305.135434
    305.135434      305.135434        305.135434        305.135434
    305.135434      305.135434        305.135434        305.135434
    305.135434      305.135434        305.135434        305.135434
    305.135434      305.135434        305.135434        305.135434
    305.135434      305.135434        305.135434        305.135434
    305.135434      305.135434        305.135434        305.135434
    305.135434      305.135434        305.135434        305.135434
    305.135434      305.135434        305.135434        305.135434
    305.135434      305.135434        305.135434        305.135434
    305.135434      305.135434        305.135434        305.135434
    305.135434      305.135434        305.135434        305.135434
    305.135434      305.135434        305.135434        305.135434
    305.135434      305.135434        305.135434        305.135434
    305.135434      305.135434        305.135434        305.135434
    305.135434      305.135434        305.135434        305.135434
    305.135434      305.135434        305.135434        305.135434
    305.135434      305.135434        305.135434        305.135434
    305.135434      305.135434        305.135434        305.135434
    305.135434      305.135434        305.135434        305.135434
    305.135434      305.135434        305.135434        305.135434
    305.135434      305.135434        305.135434        305.135434
    305.135434      305.135434        305.135434        305.135434
    305.135434      305.135434        305.135434        305.135434
    305.135434      305.135434        305.135434        305.135434
    305.135434      305.135434        305.135434        305.135434
    305.135434      305.135434        305.135434        305.135434
    305.135434      305.135434        305.135434        305.135434
    305.135434      305.135434        305.135434        305.135434
    305.135434      305.135434        305.135434        305.135434
    305.135434      305.135434        305.135434        305.135434
    305.135434      305.135434        305.135434        305.135434
    305.135434      305.135434        305.135434        305.135434
    305.135434      305.135434        305.135434        305.135434
    305.135434      305.135434        305.135434        305.135434
    305.135434      305.135434        305.135434        305.135434
    305.135434      305.135434        305.135434        305.135434
    305.135434      305.135434        305.135434        305.135434
    305.135434      305.135434        305.135434        305.135434
    305.135434      305.135434        305.135434        305.135434
    305.135434      305.135434        305.135434        305.135434
    305.135434      305.135434        305.135434        305.135434
    305.135434      305.135434        305.135434        305.135434
    305.135434      305.135434        305.135434        305.135434
    305.135434      305.135434        305.135434        305.135434
    305.135434      305.135434        305.135434        305.135434
    305.135434      305.135434        305.135434        305.135434
    305.135434      305.135434        305.135434        305.135434
    305.135434      305.135434        305.135434        305.135434
    305.135434      305.135434        305.135434        305.135434
    305.135434      305.135434        305.135434        305.135434
    305.135434      305.135434        305.135434        305.135434
    305.135434      305.135434        305.135434        305.135434
    305.135434      305.135434        305.135434        305.135434
    305.135434      305.135434        305.135434        305.135434
    305.135434      305.135434        305.135434        305.135434
    305.135434      305.135434        305.135434        305.135434
    305.135434      305.135434        305.135434        305.135434
    305.135434      305.135434        305.135434        305.135434
    305.135434      305.135434        305.135434        305.135434
    305.135434      305.135434        305.135434        305.135434
    305.135434      305.135434        305.135434        305.135434
    305.135434      305.135434        305.135434        305.135434
    305.135434      305.135434        305.135434        305.135434
    305.135434      305.135434        305.135434        305.135434
    305.135434      305.135434        305.135434        305.135434
    305.135434      305.135434        305.135434        305.135434
    305.135434      305.135434        305.135434        305.135434
    305.135434      305.135434        305.135434        305.135434
    305.135434      305.135434        305.135434        305.135434
    305.135434      305.135434        305.135434        305.135434
    305.135434      305.135434        305.135434        305.135434
    305.135434      305.135434        305.135434        305.135434
    305.135434      305.135434        305.135434        305.135434
    305.135434      305.135434        305.135434        305.135434
    305.135434      305.135434        305.135434        305.135434
    305.135434      305.135434        305.135434        305.135434
    305.135434      305.135434        305.135434        305.135434
    305.135434      305.135434        305.135434        305.135434
    305.135434      305.135434        305.135434        305.135434
    305.135434      305.135434        305.135434        305.135434
    305.135434      305.135434        305.135434        305.135434
    305.135434      305.135434        305.135434        305.135434
    305.135434      305.135434        305.135434        305.135434
    305.135434      305.135434        305.135434        305.135434
    305.135434      305.135434        305.135434        305.135434
    305.135434      305.135434        305.135434        305.135434
    305.135434      305.135434        305.135434        305.135434
    305.135434      305.135434        305.135434        305.135434
    305.135434      305.135434        305.135434        305.135434
    305.135434      305.135434        305.135434        305.135434
    305.135434      305.135434        305.135434        305.135434
    305.135434      305.135434        305.135434        305.135434
    305.135434      305.135434        305.135434        305.135434
    305.135434      305.135434        305.135434        305.135434
    305.135434      305.135434        305.135434        305.135434
    305.135434      305.135434        305.135434        305.135434
    305.135434      305.135434        305.135434        305.135434
    305.135434      305.135434        305.135434        305.135434
    305.135434      305.135434        305.135434        305.135434
    305.135434      305.135434        305.135434        305.135434
    305.135434      305.135434        305.135434        305.135434
    305.135434      305.135434        305.135434        305.135434
    305.135434      305.135434        305.135434        305.135434
    305.135434      305.135434        305.135434        305.135434
    305.135434      305.135434        305.135434        305.135434
    305.135434      305.135434        305.135434        305.135434
    305.135434      305.135434        305.135434        305.135434
    305.135434      305.135434        305.135434        305.135434
    305.135434      305.135434        305.135434        305.135434
    305.135434      305.135434        305.135434        305.135434
    305.135434      305.135434        305.135434        305.135434
    305.135434      305.135434        305.135434        305.135434
    305.135434      305.135434        305.135434        305.135434
    305.135434      305.135434        305.135434        305.135434
    305.135434      305.135434        305.135434        305.135434
    305.135434      305.135434        305.135434        305.135434
    305.135434      305.135434        305.135434        305.135434
    305.135434      305.135434        305.135434        305.135434
    305.135434      305.135434        305.135434        305.135434
    305.135434      305.135434        305.135434        305.135434
    305.135434      305.135434        305.135434        305.135434
    305.135434      305.135434        305.135434        305.135434
    305.135434      305.135434        305.135434        305.135434
    305.135434      305.135434        305.135434        305.135434
    305.135434      305.135434        305.135434        305.135434
    305.135434      305.135434        305.135434        305.135434
    305.135434      305.135434        305.135434        305.135434
    305.135434      305.135434        305.135434        305.135434
    305.135434      305.135434        305.135434        305.135434
    305.135434      305.135434        305.135434        305.135434
    305.135434      305.135434        305.135434        305.135434
    305.135434      305.135434        305.135434        305.135434
    305.135434      305.135434        305.135434        305.135434
    305.135434      305.135434        305.135434        305.135434
    305.135434      305.135434        305.135434        305.135434
    305.135434      305.135434        305.135434        305.135434
    305.135434      305.135434        305.135434        305.135434
    305.135434      305.135434        305.135434        305.135434
    305.135434      305.135434        305.135434        305.135434
    305.135434      305.135434        305.135434        305.135434
    305.135434      305.135434        305.135434        305.135434
    305.135434      305.135434        305.135434        305.135434
    305.135434      305.135434        305.135434        305.135434
    305.135434      305.135434        305.135434        305.135434
    305.135434      305.135434        305.135434        305.135434
    305.135434      305.135434        305.135434        305.135434
    305.135434      305.135434        305.135434        305.135434
    305.135434      305.135434        305.135434        305.135434
    305.135434      305.135434        305.135434        305.135434
    305.135434      305.135434        305.135434        305.135434
    305.135434      305.135434        305.135434        305.135434
    305.135434      305.135434        305.135434        305.135434
    305.135434      305.135434        305.135434        305.135434
    305.135434      305.135434        305.135434        305.135434
    305.135434      305.135434        305.135434        305.135434
    305.135434      305.135434        305.135434        305.135434
    305.135434      305.135434        305.135434        305.135434
    305.135434      305.135434        305.135434        305.135434
    305.135434      305.135434        305.135434        305.135434
    305.135434      305.135434        305.135434        305.135434
    305.135434      305.135434        305.135434        305.135434
    305.135434      305.135434        305.135434        305.135434
    305.135434      305.135434        305.135434        305.135434
    305.135434      305.135434        305.135434        305.135434
    305.135434      305.135434        305.135434        305.135434
    305.135434      305.135434        305.135434        305.135434
    305.135434      305.135434        305.135434        305.135434
    305.135434      305.135434        305.135434        305.135434
    305.135434      305.135434        305.135434        305.135434
    305.135434      305.135434        305.135434        305.135434
    305.135434      305.135434        305.135434        305.135434
    305.135434      305.135434        305.135434        305.135434
    305.135434      305.135434        305.135434        305.135434
    305.135434      305.135434        305.135434        305.135434
    305.135434      305.135434        305.135434        305.135434
    305.135434      305.135434        305.135434        305.135434
    305.135434      305.135434        305.135434        305.135434
    305.135434      305.135434        305.135434        305.135434
    305.135434      305.135434        305.135434        305.135434
    305.135434      305.135434        305.135434        305.135434
    305.135434      305.135434        305.135434        305.135434
    305.135434      305.135434        305.135434        305.135434
    305.135434      305.135434        305.135434        305.135434
    305.135434      305.135434        305.135434        305.135434
    305.135434      305.135434        305.135434        305.135434
    305.135434      305.135434        305.135434        305.135434
    305.135434      305.135434        305.135434        305.135434
    305.135434      305.135434        305.135434        305.135434
    305.135434      305.135434        305.135434        305.135434
    305.135434      305.135434        305.135434        305.135434
    305.135434      305.135434        305.135434        305.135434
    305.135434      305.135434        305.135434        305.135434
    305.135434      305.135434        305.135434        305.135434
    305.135434      305.135434        305.135434        305.135434
    305.135434      305.135434        305.135434        305.135434
    305.135434      305.135434        305.135434        305.135434
    305.135434      305.135434        305.135434        305.135434
    305.135434      305.135434        305.135434        305.135434
    305.135434      305.135434        305.135434        305.135434
    305.135434      305.135434        305.135434        305.135434
    305.135434      305.135434        305.135434        305.135434
    305.135434      305.135434        305.135434        305.135434
    305.135434      305.135434        305.135434        305.135434
    305.135434      305.135434        305.135434        305.135434
    305.135434      305.135434        305.135434        305.135434
    305.135434      305.135434        305.135434        305.135434
    305.135434      305.135434        305.135434        305.135434
    305.135434      305.135434        305.135434        305.135434
    305.135434      305.135434        305.135434        305.135434
    305.135434      305.135434        305.135434        305.135434
    305.135434      305.135434        305.135434        305.135434
    305.135434      305.135434        305.135434        305.135434
    305.135434      305.135434        305.135434        305.135434
    305.135434      305.135434        305.135434        305.135434
    305.135434      305.135434        305.135434        305.135434
    305.135434      305.135434        305.135434        305.135434
    305.135434      305.135434        305.135434        305.135434
    305.135434      305.135434        305.135434        305.135434
    305.135434      305.135434        305.135434        305.135434
    305.135434      305.135434        305.135434        305.135434
    305.135434      305.135434        305.135434        305.135434
    305.135434      305.135434        305.135434        305.135434
    305.135434      305.135434        305.135434        305.135434
    305.135434      305.135434        305.135434        305.135434
    305.135434      305.135434        305.135434        305.135434
    305.135434      305.135434        305.135434        305.135434
    305.135434      305.135434        305.135434        305.135434
    305.135434      305.135434        305.135434        305.135434
    305.135434      305.135434        305.135434        305.135434
    305.135434      305.135434        305.135434        305.135434
    305.135434      305.135434        305.135434        305.135434
    305.135434      305.135434        305.135434        305.135434
    305.135434      305.135434        305.135434        305.135434
    305.135434      305.135434        305.135434        305.135434
    305.135434      305.135434        305.135434        305.135434
    305.135434      305.135434        305.135434        305.135434
    305.135434      305.135434        305.135434        305.135434
    305.135434      305.135434        305.135434        305.135434
    305.135434      305.135434        305.135434        305.135434
    305.135434      305.135434        305.135434        305.135434
    305.135434      305.135434        305.135434        305.135434
    305.135434      305.135434        305.135434        305.135434
    305.135434      305.135434        305.135434        305.135434
    305.135434      305.135434        305.135434        305.135434
    305.135434      305.135434        305.135434        305.135434
    305.135434      305.135434        305.135434        305.135434
    305.135434      305.135434        305.135434        305.135434
    305.135434      305.135434        305.135434        305.135434
    305.135434      305.135434        305.135434        305.135434
    305.135434      305.135434        305.135434        305.135434
    305.135434      305.135434        305.135434        305.135434
    305.135434      305.135434        305.135434        305.135434
    305.135434      305.135434        305.135434        305.135434
    305.135434      305.135434        305.135434        305.135434
    305.135434      305.135434        305.135434        305.135434
    305.135434      305.135434        305.135434        305.135434
    305.135434      305.135434        305.135434        305.135434
    305.135434      305.135434        305.135434        305.135434
    305.135434      305.135434        305.135434        305.135434
    305.135434      305.135434        305.135434        305.135434
    305.135434      305.135434        305.135434        305.135434
    305.135434      305.135434        305.135434        305.135434
    305.135434      305.135434        305.135434        305.135434
    305.135434      305.135434        305.135434        305.135434
    305.135434      305.135434        305.135434        305.135434
    305.135434      305.135434        305.135434        305.135434
    305.135434      305.135434        305.135434        305.135434
    305.135434      305.135434        305.135434        305.135434
    305.135434      305.135434        305.135434        305.135434
    305.135434      305.135434        305.135434        305.135434
    305.135434      305.135434        305.135434        305.135434
    305.135434      305.135434        305.135434        305.135434
    305.135434      305.135434        305.135434        305.135434
    305.135434      305.135434        305.135434        305.135434
    305.135434      305.135434        305.135434        305.135434
    305.135434      305.135434        305.135434        305.135434
    305.135434      305.135434        305.135434        305.135434
    305.135434      305.135434        305.135434        305.135434
    305.135434      305.135434        305.135434        305.135434
    305.135434      305.135434        305.135434        305.135434
    305.135434      305.135434        305.135434        305.135434
    305.135434      305.135434        305.135434        305.135434
    305.135434      305.135434        305.135434        305.135434
    305.135434      305.135434        305.135434        305.135434
    305.135434      305.135434        305.135434        305.135434
    305.135434      305.135434        305.135434        305.135434
    305.135434      305.135434        305.135434        305.135434
    305.135434      305.135434        305.135434        305.135434
    305.135434      305.135434        305.135434        305.135434
    305.135434      305.135434        305.135434        305.135434
    305.135434      305.135434        305.135434        305.135434
    305.135434      305.135434        305.135434        305.135434
    305.135434      305.135434        305.135434        305.135434
    305.135434      305.135434        305.135434        305.135434
    305.135434      305.135434        305.135434        305.135434
    305.135434      305.135434        305.135434        305.135434
    305.135434      305.135434        305.135434        305.135434
    305.135434      305.135434        305.135434        305.135434
    305.135434      305.135434        305.135434        305.135434
    305.135434      305.135434        305.135434        305.135434
    305.135434      305.135434        305.135434        305.135434
    305.135434      305.135434        305.135434        305.135434
    305.135434      305.135434        305.135434        305.135434
    305.135434      305.135434        305.135434        305.135434
    305.135434      305.135434        305.135434        305.135434
    305.135434      305.135434        305.135434        305.135434
    305.135434      305.135434        305.135434        305.135434
    305.135434      305.135434        305.135434        305.135434
    305.135434      305.135434        305.135434        305.135434
    305.135434      305.135434        305.135434        305.135434
    305.135434      305.135434        305.135434        305.135434
    305.135434      305.135434        305.135434        305.135434
    305.135434      305.135434        305.135434        305.135434
    305.135434      305.135434        305.135434        305.135434
    305.135434      305.135434        305.135434        305.135434
    305.135434      305.135434        305.135434        305.135434
    305.135434      305.135434        305.135434        305.135434
    305.135434      305.135434        305.135434        305.135434
    305.135434      305.135434        305.135434        305.135434
    305.135434      305.135434        305.135434        305.135434
    305.135434      305.135434        305.135434        305.135434
    305.135434      305.135434        305.135434        305.135434
    305.135434      305.135434        305.135434        305.135434
    305.135434      305.135434        305.135434        305.135434
    305.135434      305.135434        305.135434        305.135434
    305.135434      305.135434        305.135434        305.135434
    305.135434      305.135434        305.135434        305.135434
    305.135434      305.135434        305.135434        305.135434
    305.135434      305.135434        305.135434        305.135434
    305.135434      305.135434        305.135434        305.135434
    305.135434      305.135434        305.135434        305.135434
    305.135434      305.135434        305.135434        305.135434
    305.135434      305.135434        305.135434        305.135434
    305.135434      305.135434        305.135434        305.135434
    305.135434      305.135434        305.135434        305.135434
    305.135434      305.135434        305.135434        305.135434
    305.135434      305.135434        305.135434        305.135434
    305.135434      305.135434        305.135434        305.135434
    305.135434      305.135434        305.135434        305.135434
    305.135434      305.135434        305.135434        305.135434
    305.135434      305.135434        305.135434        305.135434
    305.135434      305.135434        305.135434        305.135434
    305.135434      305.135434        305.135434        305.135434
    305.135434      305.135434        305.135434        305.135434
    305.135434      305.135434        305.135434        305.135434
    305.135434      305.135434        305.135434        305.135434
    305.135434      305.135434        305.135434        305.135434
    305.135434      305.135434        305.135434        305.135434
    305.135434      305.135434        305.135434        305.135434
    305.135434      305.135434        305.135434        305.135434
    305.135434      305.135434        305.135434        305.135434
    305.135434      305.135434        305.135434        305.135434
    305.135434      305.135434        305.135434        305.135434
    305.135434      305.135434        305.135434        305.135434
    305.135434      305.135434        305.135434        305.135434
    305.135434      305.135434        305.135434        305.135434
    305.135434      305.135434        305.135434        305.135434
    305.135434      305.135434        305.135434        305.135434
    305.135434      305.135434        305.135434        305.135434
    305.135434      305.135434        305.135434        305.135434
    305.135434      305.135434        305.135434        305.135434
    305.135434      305.135434        305.135434        305.135434
    305.135434      305.135434        305.135434        305.135434
    305.135434      305.135434        305.135434        305.135434
    305.135434      305.135434        305.135434        305.135434
    305.135434      305.135434        305.135434        305.135434
    305.135434      305.135434        305.135434        305.135434
    305.135434      305.135434        305.135434        305.135434
    305.135434      305.135434        305.135434        305.135434
    305.135434      305.135434        305.135434        305.135434
    305.135434      305.135434        305.135434        305.135434
    305.135434      305.135434        305.135434        305.135434
    305.135434      305.135434        305.135434        305.135434
    305.135434      305.135434        305.135434        305.135434
    305.135434      305.135434        305.135434        305.135434
    305.135434      305.135434        305.135434        305.135434
    305.135434      305.135434        305.135434        305.135434
    305.135434      305.135434        305.135434        305.135434
    305.135434      305.135434        305.135434        305.135434
    305.135434      305.135434        305.135434        305.135434
    305.135434      305.135434        305.135434        305.135434
    305.135434      305.135434        305.135434        305.135434
    305.135434      305.135434        305.135434        305.135434
    305.135434      305.135434        305.135434        305.135434
    305.135434      305.135434        305.135434        305.135434
    305.135434      305.135434        305.135434        305.135434
    305.135434      305.135434        305.135434        305.135434
    305.135434      305.135434        305.135434        305.135434
    305.135434      305.135434        305.135434        305.135434
    305.135434      305.135434        305.135434        305.135434
    305.135434      305.135434        305.135434        305.135434
    305.135434      305.135434        305.135434        305.135434
    305.135434      305.135434        305.135434        305.135434
    305.135434      305.135434        305.135434        305.135434
    305.135434      305.135434        305.135434        305.135434
    305.135434      305.135434        305.135434        305.135434
    305.135434      305.135434        305.135434        305.135434
    305.135434      305.135434        305.135434        305.135434
    305.135434      305.135434        305.135434        305.135434
    305.135434      305.135434        305.135434        305.135434
    305.135434      305.135434        305.135434        305.135434
    305.135434      305.135434        305.135434        305.135434
    305.135434      305.135434        305.135434        305.135434
    305.135434      305.135434        305.135434        305.135434
    305.135434      305.135434        305.135434        305.135434
    305.135434      305.135434        305.135434        305.135434
    305.135434      305.135434        305.135434        305.135434
    305.135434      305.135434        305.135434        305.135434
    305.135434      305.135434        305.135434        305.135434
    305.135434      305.135434        305.135434        305.135434
    305.135434      305.135434        305.135434        305.135434
    305.135434      305.135434        305.135434        305.135434
    305.135434      305.135434        305.135434        305.135434
    305.135434      305.135434        305.135434        305.135434
    305.135434      305.135434        305.135434        305.135434
    305.135434      305.135434        305.135434        305.135434
    305.135434      305.135434        305.135434        305.135434
    305.135434      305.135434        305.135434        305.135434
    305.135434      305.135434        305.135434        305.135434
    305.135434      305.135434        305.135434        305.135434
    305.135434      305.135434        305.135434        305.135434
    305.135434      305.135434        305.135434        305.135434
    305.135434      305.135434        305.135434        305.135434
    305.135434      305.135434        305.135434        305.135434
    305.135434      305.135434        305.135434        305.135434
    305.135434      305.135434        305.135434        305.135434
    305.135434      305.135434        305.135434        305.135434
    305.135434      305.135434        305.135434        305.135434
    305.135434      305.135434        305.135434        305.135434
    305.135434      305.135434        305.135434        305.135434
    305.135434      305.135434        305.135434        305.135434
    305.135434      305.135434        305.135434        305.135434
    305.135434      305.135434        305.135434        305.135434
    305.135434      305.135434        305.135434        305.135434
    305.135434      305.135434        305.135434        305.135434
    305.135434      305.135434        305.135434        305.135434
    305.135434      305.135434        305.135434        305.135434
    305.135434      305.135434        305.135434        305.135434
    305.135434      305.135434        305.135434        305.135434
    305.135434      305.135434        305.135434        305.135434
    305.135434      305.135434        305.135434        305.135434
    305.135434      305.135434        305.135434        305.135434
    305.135434      305.135434        305.135434        305.135434
    305.135434      305.135434        305.135434        305.135434
    305.135434      305.135434        305.135434        305.135434
    305.135434      305.135434        305.135434        305.135434
    305.135434      305.135434        305.135434        305.135434
    305.135434      305.135434        305.135434        305.135434
    305.135434      305.135434        305.135434        305.135434
    305.135434      305.135434        305.135434        305.135434
    305.135434      305.135434        305.135434        305.135434
    305.135434      305.135434        305.135434        305.135434
    305.135434      305.135434        305.135434        305.135434
    305.135434      305.135434        305.135434        305.135434
    305.135434      305.135434        305.135434        305.135434
    305.135434      305.135434        305.135434        305.135434
    305.135434      305.135434        305.135434        305.135434
    305.135434      305.135434        305.135434        305.135434
    305.135434      305.135434        305.135434        305.135434
    305.135434      305.135434        305.135434        305.135434
    305.135434      305.135434        305.135434        305.135434
    305.135434      305.135434        305.135434        305.135434
    305.135434      305.135434        305.135434        305.135434
    305.135434      305.135434        305.135434        305.135434
    305.135434      305.135434        305.135434        305.135434
    305.135434      305.135434        305.135434        305.135434
    305.135434      305.135434        305.135434        305.135434
    305.135434      305.135434        305.135434        305.135434
    305.135434      305.135434        305.135434        305.135434
    305.135434      305.135434        305.135434        305.135434
    305.135434      305.135434        305.135434        305.135434
    305.135434      305.135434        305.135434        305.135434
    305.135434      305.135434        305.135434        305.135434
    305.135434      305.135434        305.135434        305.135434
    305.135434      305.135434        305.135434        305.135434
    305.135434      305.135434        305.135434        305.135434
    305.135434      305.135434        305.135434        305.135434
    305.135434      305.135434        305.135434        305.135434
    305.135434      305.135434        305.135434        305.135434
    305.135434      305.135434        305.135434        305.135434
    305.135434      305.135434        305.135434        305.135434
    305.135434      305.135434        305.135434        305.135434
    305.135434      305.135434        305.135434        305.135434
    305.135434      305.135434        305.135434        305.135434
    305.135434      305.135434        305.135434        305.135434
    305.135434      305.135434        305.135434        305.135434
    305.135434      305.135434        305.135434        305.135434
    305.135434      305.135434        305.135434        305.135434
    305.135434      305.135434        305.135434        305.135434
    305.135434      305.135434        305.135434        305.135434
    305.135434      305.135434        305.135434        305.135434
    305.135434      305.135434        305.135434        305.135434
    305.135434      305.135434        305.135434        305.135434
    305.135434      305.135434        305.135434        305.135434
    305.135434      305.135434        305.135434        305.135434
    305.135434      305.135434        305.135434        305.135434
    305.135434      305.135434        305.135434        305.135434
    305.135434      305.135434        305.135434        305.135434
    305.135434      305.135434        305.135434        305.135434
    305.135434      305.135434        305.135434        305.135434
    305.135434      305.135434        305.135434        305.135434
    305.135434      305.135434        305.135434        305.135434
    305.135434      305.135434        305.135434        305.135434
    305.135434      305.135434        305.135434        305.135434
    305.135434      305.135434        305.135434        305.135434
    305.135434      305.135434        305.135434        305.135434
    305.135434      305.135434        305.135434        305.135434
    305.135434      305.135434        305.135434        305.135434
    305.135434      305.135434        305.135434        305.135434
    305.135434      305.135434        305.135434        305.135434
    305.135434      305.135434        305.135434        305.135434
    305.135434      305.135434        305.135434        305.135434
    305.135434      305.135434        305.135434        305.135434
    305.135434      305.135434        305.135434        305.135434
    305.135434      305.135434        305.135434        305.135434
    305.135434      305.135434        305.135434        305.135434
    305.135434      305.135434        305.135434        305.135434
    305.135434      305.135434        305.135434        305.135434
    305.135434      305.135434        305.135434        305.135434
    305.135434      305.135434        305.135434        305.135434
    305.135434      305.135434        305.135434        305.135434
    305.135434      305.135434        305.135434        305.135434
    305.135434      305.135434        305.135434        305.135434
    305.135434      305.135434        305.135434        305.135434
    305.135434      305.135434        305.135434        305.135434
    305.135434      305.135434        305.135434        305.135434
    305.135434      305.135434        305.135434        305.135434
    305.135434      305.135434        305.135434        305.135434
    305.135434      305.135434        305.135434        305.135434
    305.135434      305.135434        305.135434        305.135434
    305.135434      305.135434        305.135434        305.135434
    305.135434      305.135434        305.135434        305.135434
    305.135434      305.135434        305.135434        305.135434
    305.135434      305.135434        305.135434        305.135434
    305.135434      305.135434        305.135434        305.135434
    305.135434      305.135434        305.135434        305.135434
    305.135434      305.135434        305.135434        305.135434
    305.135434      305.135434        305.135434        305.135434
    305.135434      305.135434        305.135434        305.135434
    305.135434      305.135434        305.135434        305.135434
    305.135434      305.135434        305.135434        305.135434
    305.135434      305.135434        305.135434        305.135434
    305.135434      305.135434        305.135434        305.135434
    305.135434      305.135434        305.135434        305.135434
    305.135434      305.135434        305.135434        305.135434
    305.135434      305.135434        305.135434        305.135434
    305.135434      305.135434        305.135434        305.135434
    305.135434      305.135434        305.135434        305.135434
    305.135434      305.135434        305.135434        305.135434
    305.135434      305.135434        305.135434        305.135434
    305.135434      305.135434        305.135434        305.135434
    305.135434      305.135434        305.135434        305.135434
    305.135434      305.135434        305.135434        305.135434
    305.135434      305.135434        305.135434        305.135434
    305.135434      305.135434        305.135434        305.135434
    305.135434      305.135434        305.135434        305.135434
    305.135434      305.135434        305.135434        305.135434
    305.135434      305.135434        305.135434        305.135434
    305.135434      305.135434        305.135434        305.135434
    305.135434      305.135434        305.135434        305.135434
    305.135434      305.135434        305.135434        305.135434
    305.135434      305.135434        305.135434        305.135434
    305.135434      305.135434        305.135434        305.135434
    305.135434      305.135434        305.135434        305.135434
    305.135434      305.135434        305.135434        305.135434
    305.135434      305.135434        305.135434        305.135434
    305.135434      305.135434        305.135434        305.135434
    305.135434      305.135434        305.135434        305.135434
    305.135434      305.135434        305.135434        305.135434
    305.135434      305.135434        305.135434        305.135434
    305.135434      305.135434        305.135434        305.135434
    305.135434      305.135434        305.135434        305.135434
    305.135434      305.135434        305.135434        305.135434
    305.135434      305.135434        305.135434        305.135434
    305.135434      305.135434        305.135434        305.135434
    305.135434      305.135434        305.135434        305.135434
    305.135434      305.135434        305.135434        305.135434
    305.135434      305.135434        305.135434        305.135434
    305.135434      305.135434        305.135434        305.135434
    305.135434      305.135434        305.135434        305.135434
    305.135434      305.135434        305.135434        305.135434
    305.135434      305.135434        305.135434        305.135434
    305.135434      305.135434        305.135434        305.135434
    305.135434      305.135434        305.135434        305.135434
    305.135434      305.135434        305.135434        305.135434
    305.135434      305.135434        305.135434        305.135434
    305.135434      305.135434        305.135434        305.135434
    305.135434      305.135434        305.135434        305.135434
    305.135434      305.135434        305.135434        305.135434
    305.135434      305.135434        305.135434        305.135434
    305.135434      305.135434        305.135434        305.135434
    305.135434      305.135434        305.135434        305.135434
    305.135434      305.135434        305.135434        305.135434
    305.135434      305.135434        305.135434        305.135434
    305.135434      305.135434        305.135434        305.135434
    305.135434      305.135434        305.135434        305.135434
    305.135434      305.135434        305.135434        305.135434
    305.135434      305.135434        305.135434        305.135434
    305.135434      305.135434        305.135434        305.135434
    305.135434      305.135434        305.135434        305.135434
    305.135434      305.135434        305.135434        305.135434
    305.135434      305.135434        305.135434        305.135434
    305.135434      305.135434        305.135434        305.135434
    305.135434      305.135434        305.135434        305.135434
    305.135434      305.135434        305.135434        305.135434
    305.135434      305.135434        305.135434        305.135434
    305.135434      305.135434        305.135434        305.135434
    305.135434      305.135434        305.135434        305.135434
    305.135434      305.135434        305.135434        305.135434
    305.135434      305.135434        305.135434        305.135434
    305.135434      305.135434        305.135434        305.135434
    305.135434      305.135434        305.135434        305.135434
    305.135434      305.135434        305.135434        305.135434
    305.135434      305.135434        305.135434        305.135434
    305.135434      305.135434        305.135434        305.135434
    305.135434      305.135434        305.135434        305.135434
    305.135434      305.135434        305.135434        305.135434
    305.135434      305.135434        305.135434        305.135434
    305.135434      305.135434        305.135434        305.135434
    305.135434      305.135434        305.135434        305.135434
    305.135434      305.135434        305.135434        305.135434
    305.135434      305.135434        305.135434        305.135434
    305.135434      305.135434        305.135434        305.135434
    305.135434      305.135434        305.135434        305.135434
    305.135434      305.135434        305.135434        305.135434
    305.135434      305.135434        305.135434        305.135434
    305.135434      305.135434        305.135434        305.135434
    305.135434      305.135434        305.135434        305.135434
    305.135434      305.135434        305.135434        305.135434
    305.135434      305.135434        305.135434        305.135434
    305.135434      305.135434        305.135434        305.135434
    305.135434      305.135434        305.135434        305.135434
    305.135434      305.135434        305.135434        305.135434
    305.135434      305.135434        305.135434        305.135434
    305.135434      305.135434        305.135434        305.135434
    305.135434      305.135434        305.135434        305.135434
    305.135434      305.135434        305.135434        305.135434
    305.135434      305.135434        305.135434        305.135434
    305.135434      305.135434        305.135434        305.135434
    305.135434      305.135434        305.135434        305.135434
    305.135434      305.135434        305.135434        305.135434
    305.135434      305.135434        305.135434        305.135434
    305.135434      305.135434        305.135434        305.135434
    305.135434      305.135434        305.135434        305.135434
    305.135434      305.135434        305.135434        305.135434
    305.135434      305.135434        305.135434        305.135434
    305.135434      305.135434        305.135434        305.135434
    305.135434      305.135434        305.135434        305.135434
    305.135434      305.135434        305.135434        305.135434
    305.135434      305.135434        305.135434        305.135434
    305.135434      305.135434        305.135434        305.135434
    305.135434      305.135434        305.135434        305.135434
    305.135434      305.135434        305.135434        305.135434
    305.135434      305.135434        305.135434        305.135434
    305.135434      305.135434        305.135434        305.135434
    305.135434      305.135434        305.135434        305.135434
    305.135434      305.135434        305.135434        305.135434
    305.135434      305.135434        305.135434        305.135434
    305.135434      305.135434        305.135434        305.135434
    305.135434      305.135434        305.135434        305.135434
    305.135434      305.135434        305.135434        305.135434
    305.135434      305.135434        305.135434        305.135434
    305.135434      305.135434        305.135434        305.135434
    305.135434      305.135434        305.135434        305.135434
    305.135434      305.135434        305.135434        305.135434
    305.135434      305.135434        305.135434        305.135434
    305.135434      305.135434        305.135434        305.135434
    305.135434      305.135434        305.135434        305.135434
    305.135434      305.135434        305.135434        305.135434
    305.135434      305.135434        305.135434        305.135434
    305.135434      305.135434        305.135434        305.135434
    305.135434      305.135434        305.135434        305.135434
    305.135434      305.135434        305.135434        305.135434
    305.135434      305.135434        305.135434        305.135434
    305.135434      305.135434        305.135434        305.135434
    305.135434      305.135434        305.135434        305.135434
    305.135434      305.135434        305.135434        305.135434
    305.135434      305.135434        305.135434        305.135434
    305.135434      305.135434        305.135434        305.135434
    305.135434      305.135434        305.135434        305.135434
    305.135434      305.135434        305.135434        305.135434
    305.135434      305.135434        305.135434        305.135434
    305.135434      305.135434        305.135434        305.135434
    305.135434      305.135434        305.135434        305.135434
    305.135434      305.135434        305.135434        305.135434
    305.135434      305.135434        305.135434        305.135434
    305.135434      305.135434        305.135434        305.135434
    305.135434      305.135434        305.135434        305.135434
    305.135434      305.135434        305.135434        305.135434
    305.135434      305.135434        305.135434        305.135434
    305.135434      305.135434        305.135434        305.135434
    305.135434      305.135434        305.135434        305.135434
    305.135434      305.135434        305.135434        305.135434
    305.135434      305.135434        305.135434        305.135434
    305.135434      305.135434        305.135434        305.135434
    305.135434      305.135434        305.135434        305.135434
    305.135434      305.135434        305.135434        305.135434
    305.135434      305.135434        305.135434        305.135434
    305.135434      305.135434        305.135434        305.135434
    305.135434      305.135434        305.135434        305.135434
    305.135434      305.135434        305.135434        305.135434
    305.135434      305.135434        305.135434        305.135434
    305.135434      305.135434        305.135434        305.135434
    305.135434      305.135434        305.135434        305.135434
    305.135434      305.135434        305.135434        305.135434
    305.135434      305.135434        305.135434        305.135434
    305.135434      305.135434        305.135434        305.135434
    305.135434      305.135434        305.135434        305.135434
    305.135434      305.135434        305.135434        305.135434
    305.135434      305.135434        305.135434        305.135434
    305.135434      305.135434        305.135434        305.135434
    305.135434      305.135434        305.135434        305.135434
    305.135434      305.135434        305.135434        305.135434
    305.135434      305.135434        305.135434        305.135434
    305.135434      305.135434        305.135434        305.135434
    305.135434      305.135434        305.135434        305.135434
    305.135434      305.135434        305.135434        305.135434
    305.135434      305.135434        305.135434        305.135434
    305.135434      305.135434        305.135434        305.135434
    305.135434      305.135434        305.135434        305.135434
    305.135434      305.135434        305.135434        305.135434
    305.135434      305.135434        305.135434        305.135434
    305.135434      305.135434        305.135434        305.135434
    305.135434      305.135434        305.135434        305.135434
    305.135434      305.135434        305.135434        305.135434
    305.135434      305.135434        305.135434        305.135434
    305.135434      305.135434        305.135434        305.135434
    305.135434      305.135434        305.135434        305.135434
    305.135434      305.135434        305.135434        305.135434
    305.135434      305.135434        305.135434        305.135434
    305.135434      305.135434        305.135434        305.135434
    305.135434      305.135434        305.135434        305.135434
    305.135434      305.135434        305.135434        305.135434
    305.135434      305.135434        305.135434        305.135434
    305.135434      305.135434        305.135434        305.135434
    305.135434      305.135434        305.135434        305.135434
    305.135434      305.135434        305.135434        305.135434
    305.135434      305.135434        305.135434        305.135434
    305.135434      305.135434        305.135434        305.135434
    305.135434      305.135434        305.135434        305.135434
    305.135434      305.135434        305.135434        305.135434
    305.135434      305.135434        305.135434        305.135434
    305.135434      305.135434        305.135434        305.135434
    305.135434      305.135434        305.135434        305.135434
    305.135434      305.135434        305.135434        305.135434
    305.135434      305.135434        305.135434        305.135434
    305.135434      305.135434        305.135434        305.135434
    305.135434      305.135434        305.135434        305.135434
    305.135434      305.135434        305.135434        305.135434
    305.135434      305.135434        305.135434        305.135434
    305.135434      305.135434        305.135434        305.135434
    305.135434      305.135434        305.135434        305.135434
    305.135434      305.135434        305.135434        305.135434
    305.135434      305.135434        305.135434        305.135434
    305.135434      305.135434        305.135434        305.135434
    305.135434      305.135434        305.135434        305.135434
    305.135434      305.135434        305.135434        305.135434
    305.135434      305.135434        305.135434        305.135434
    305.135434      305.135434        305.135434        305.135434
    305.135434      305.135434        305.135434        305.135434
    305.135434      305.135434        305.135434        305.135434
    305.135434      305.135434        305.135434        305.135434
    305.135434      305.135434        305.135434        305.135434
    305.135434      305.135434        305.135434        305.135434
    305.135434      305.135434        305.135434        305.135434
    305.135434      305.135434        305.135434        305.135434
    305.135434      305.135434        305.135434        305.135434
    305.135434      305.135434        305.135434        305.135434
    305.135434      305.135434        305.135434        305.135434
    305.135434      305.135434        305.135434        305.135434
    305.135434      305.135434        305.135434        305.135434
    305.135434      305.135434        305.135434        305.135434
    305.135434      305.135434        305.135434        305.135434
    305.135434      305.135434        305.135434        305.135434
    305.135434      305.135434        305.135434        305.135434
    305.135434      305.135434        305.135434        305.135434
    305.135434      305.135434        305.135434        305.135434
    305.135434      305.135434        305.135434        305.135434
    305.135434      305.135434        305.135434        305.135434
    305.135434      305.135434        305.135434        305.135434
    305.135434      305.135434        305.135434        305.135434
    305.135434      305.135434        305.135434        305.135434
    305.135434      305.135434        305.135434        305.135434
    305.135434      305.135434        305.135434        305.135434
    305.135434      305.135434        305.135434        305.135434
    305.135434      305.135434        305.135434        305.135434
    305.135434      305.135434        305.135434        305.135434
    305.135434      305.135434        305.135434        305.135434
    305.135434      305.135434        305.135434        305.135434
    305.135434      305.135434        305.135434        305.135434
    305.135434      305.135434        305.135434        305.135434
    305.135434      305.135434        305.135434        305.135434
    305.135434      305.135434        305.135434        305.135434
    305.135434      305.135434        305.135434        305.135434
    305.135434      305.135434        305.135434        305.135434
    305.135434      305.135434        305.135434        305.135434
    305.135434      305.135434        305.135434        305.135434
    305.135434      305.135434        305.135434        305.135434
    305.135434      305.135434        305.135434        305.135434
    305.135434      305.135434        305.135434        305.135434
    305.135434      305.135434        305.135434        305.135434
    305.135434      305.135434        305.135434        305.135434
    305.135434      305.135434        305.135434        305.135434
    305.135434      305.135434        305.135434        305.135434
    305.135434      305.135434        305.135434        305.135434
    305.135434      305.135434        305.135434        305.135434
    305.135434      305.135434        305.135434        305.135434
    305.135434      305.135434        305.135434        305.135434
    305.135434      305.135434        305.135434        305.135434
    305.135434      305.135434        305.135434        305.135434
    305.135434      305.135434        305.135434        305.135434
    305.135434      305.135434        305.135434        305.135434
    305.135434      305.135434        305.135434        305.135434
    305.135434      305.135434        305.135434        305.135434
    305.135434      305.135434        305.135434        305.135434
    305.135434      305.135434        305.135434        305.135434
    305.135434      305.135434        305.135434        305.135434
    305.135434      305.135434        305.135434        305.135434
    305.135434      305.135434        305.135434        305.135434
    305.135434      305.135434        305.135434        305.135434
    305.135434      305.135434        305.135434        305.135434
    305.135434      305.135434        305.135434        305.135434
    305.135434      305.135434        305.135434        305.135434
    305.135434      305.135434        305.135434        305.135434
    305.135434      305.135434        305.135434        305.135434
    305.135434      305.135434        305.135434        305.135434
    305.135434      305.135434        305.135434        305.135434
    305.135434      305.135434        305.135434        305.135434
    305.135434      305.135434        305.135434        305.135434
    305.135434      305.135434        305.135434        305.135434
    305.135434      305.135434        305.135434        305.135434
    305.135434      305.135434        305.135434        305.135434
    305.135434      305.135434        305.135434        305.135434
    305.135434      305.135434        305.135434        305.135434
    305.135434      305.135434        305.135434        305.135434
    305.135434      305.135434        305.135434        305.135434
    305.135434      305.135434        305.135434        305.135434
    305.135434      305.135434        305.135434        305.135434
    305.135434      305.135434        305.135434        305.135434
    305.135434      305.135434        305.135434        305.135434
    305.135434      305.135434        305.135434        305.135434
    305.135434      305.135434        305.135434        305.135434
    305.135434      305.135434        305.135434        305.135434
    305.135434      305.135434        305.135434        305.135434
    305.135434      305.135434        305.135434        305.135434
    305.135434      305.135434        305.135434        305.135434
    305.135434      305.135434        305.135434        305.135434
    305.135434      305.135434        305.135434        305.135434
    305.135434      305.135434        305.135434        305.135434
    305.135434      305.135434        305.135434        305.135434
    305.135434      305.135434        305.135434        305.135434
    305.135434      305.135434        305.135434        305.135434
    305.135434      305.135434        305.135434        305.135434
    305.135434      305.135434        305.135434        305.135434
    305.135434      305.135434        305.135434        305.135434
    305.135434      305.135434        305.135434        305.135434
    305.135434      305.135434        305.135434        305.135434
    305.135434      305.135434        305.135434        305.135434
    305.135434      305.135434        305.135434        305.135434
    305.135434      305.135434        305.135434        305.135434
    305.135434      305.135434        305.135434        305.135434
    305.135434      305.135434        305.135434        305.135434
    305.135434      305.135434        305.135434        305.135434
    305.135434      305.135434        305.135434        305.135434
    305.135434      305.135434        305.135434        305.135434
    305.135434      305.135434        305.135434        305.135434
    305.135434      305.135434        305.135434        305.135434
    305.135434      305.135434        305.135434        305.135434
    305.135434      305.135434        305.135434        305.135434
    305.135434      305.135434        305.135434        305.135434
    305.135434      305.135434        305.135434        305.135434
    305.135434      305.135434        305.135434        305.135434
    305.135434      305.135434        305.135434        305.135434
    305.135434      305.135434        305.135434        305.135434
    305.135434      305.135434        305.135434        305.135434
    305.135434      305.135434        305.135434        305.135434
    305.135434      305.135434        305.135434        305.135434
    305.135434      305.135434        305.135434        305.135434
    305.135434      305.135434        305.135434        305.135434
    305.135434      305.135434        305.135434        305.135434
    305.135434      305.135434        305.135434        305.135434
    305.135434      305.135434        305.135434        305.135434
    305.135434      305.135434        305.135434        305.135434
    305.135434      305.135434        305.135434        305.135434
    305.135434      305.135434        305.135434        305.135434
    305.135434      305.135434        305.135434        305.135434
    305.135434      305.135434        305.135434        305.135434
    305.135434      305.135434        305.135434        305.135434
    305.135434      305.135434        305.135434        305.135434
    305.135434      305.135434        305.135434        305.135434
    305.135434      305.135434        305.135434        305.135434
    305.135434      305.135434        305.135434        305.135434
    305.135434      305.135434        305.135434        305.135434
    305.135434      305.135434        305.135434        305.135434
    305.135434      305.135434        305.135434        305.135434
    305.135434      305.135434        305.135434        305.135434
    305.135434      305.135434        305.135434        305.135434
    305.135434      305.135434        305.135434        305.135434
    305.135434      305.135434        305.135434        305.135434
    305.135434      305.135434        305.135434        305.135434
    305.135434      305.135434        305.135434        305.135434
    305.135434      305.135434        305.135434        305.135434
    305.135434      305.135434        305.135434        305.135434
    305.135434      305.135434        305.135434        305.135434
    305.135434      305.135434        305.135434        305.135434
    305.135434      305.135434        305.135434        305.135434
    305.135434      305.135434        305.135434        305.135434
    305.135434      305.135434        305.135434        305.135434
    305.135434      305.135434        305.135434        305.135434
    305.135434      305.135434        305.135434        305.135434
    305.135434      305.135434        305.135434        305.135434
    305.135434      305.135434        305.135434        305.135434
    305.135434      305.135434        305.135434        305.135434
    305.135434      305.135434        305.135434        305.135434
    305.135434      305.135434        305.135434        305.135434
    305.135434      305.135434        305.135434        305.135434
    305.135434      305.135434        305.135434        305.135434
    305.135434      305.135434        305.135434        305.135434
    305.135434      305.135434        305.135434        305.135434
    305.135434      305.135434        305.135434        305.135434
    305.135434      305.135434        305.135434        305.135434
    305.135434      305.135434        305.135434        305.135434
    305.135434      305.135434        305.135434        305.135434
    305.135434      305.135434        305.135434        305.135434
    305.135434      305.135434        305.135434        305.135434
    305.135434      305.135434        305.135434        305.135434
    305.135434      305.135434        305.135434        305.135434
    305.135434      305.135434        305.135434        305.135434
    305.135434      305.135434        305.135434        305.135434
    305.135434      305.135434        305.135434        305.135434
    305.135434      305.135434        305.135434        305.135434
    305.135434      305.135434        305.135434        305.135434
    305.135434      305.135434        305.135434        305.135434
    305.135434      305.135434        305.135434        305.135434
    305.135434      305.135434        305.135434        305.135434
    305.135434      305.135434        305.135434        305.135434
    305.135434      305.135434        305.135434        305.135434
    305.135434      305.135434        305.135434        305.135434
    305.135434      305.135434        305.135434        305.135434
    305.135434      305.135434        305.135434        305.135434
    305.135434      305.135434        305.135434        305.135434
    305.135434      305.135434        305.135434        305.135434
    305.135434      305.135434        305.135434        305.135434
    305.135434      305.135434        305.135434        305.135434
    305.135434      305.135434        305.135434        305.135434
    305.135434      305.135434        305.135434        305.135434
    305.135434      305.135434        305.135434        305.135434
    305.135434      305.135434        305.135434        305.135434
    305.135434      305.135434        305.135434        305.135434
    305.135434      305.135434        305.135434        305.135434
    305.135434      305.135434        305.135434        305.135434
    305.135434      305.135434        305.135434        305.135434
    305.135434      305.135434        305.135434        305.135434
    305.135434      305.135434        305.135434        305.135434
    305.135434      305.135434        305.135434        305.135434
    305.135434      305.135434        305.135434        305.135434
    305.135434      305.135434        305.135434        305.135434
    305.135434      305.135434        305.135434        305.135434
    305.135434      305.135434        305.135434        305.135434
    305.135434      305.135434        305.135434        305.135434
    305.135434      305.135434        305.135434        305.135434
    305.135434      305.135434        305.135434        305.135434
    305.135434      305.135434        305.135434        305.135434
    305.135434      305.135434        305.135434        305.135434
    305.135434      305.135434        305.135434        305.135434
    305.135434      305.135434        305.135434        305.135434
    305.135434      305.135434        305.135434        305.135434
    305.135434      305.135434        305.135434        305.135434
    305.135434      305.135434        305.135434        305.135434
    305.135434      305.135434        305.135434        305.135434
    305.135434      305.135434        305.135434        305.135434
    305.135434      305.135434        305.135434        305.135434
    305.135434      305.135434        305.135434        305.135434
    305.135434      305.135434        305.135434        305.135434
    305.135434      305.135434        305.135434        305.135434
    305.135434      305.135434        305.135434        305.135434
    305.135434      305.135434        305.135434        305.135434
    305.135434      305.135434        305.135434        305.135434
    305.135434      305.135434        305.135434        305.135434
    305.135434      305.135434        305.135434        305.135434
    305.135434      305.135434        305.135434        305.135434
    305.135434      305.135434        305.135434        305.135434
    305.135434      305.135434        305.135434        305.135434
    305.135434      305.135434        305.135434        305.135434
    305.135434      305.135434        305.135434        305.135434
    305.135434      305.135434        305.135434        305.135434
    305.135434      305.135434        305.135434        305.135434
    305.135434      305.135434        305.135434        305.135434
    305.135434      305.135434        305.135434        305.135434
    305.135434      305.135434        305.135434        305.135434
    305.135434      305.135434        305.135434        305.135434
    305.135434      305.135434        305.135434        305.135434
    305.135434      305.135434        305.135434        305.135434
    305.135434      305.135434        305.135434        305.135434
    305.135434      305.135434        305.135434        305.135434
    305.135434      305.135434        305.135434        305.135434
    305.135434      305.135434        305.135434        305.135434
    305.135434      305.135434        305.135434        305.135434
    305.135434      305.135434        305.135434        305.135434
    305.135434      305.135434        305.135434        305.135434
    305.135434      305.135434        305.135434        305.135434
    305.135434      305.135434        305.135434        305.135434
    305.135434      305.135434        305.135434        305.135434
    305.135434      305.135434        305.135434        305.135434
    305.135434      305.135434        305.135434        305.135434
    305.135434      305.135434        305.135434        305.135434
    305.135434      305.135434        305.135434        305.135434
    305.135434      305.135434        305.135434        305.135434
    305.135434      305.135434        305.135434        305.135434
    305.135434      305.135434        305.135434        305.135434
    305.135434      305.135434        305.135434        305.135434
    305.135434      305.135434        305.135434        305.135434
    305.135434      305.135434        305.135434        305.135434
    305.135434      305.135434        305.135434        305.135434
    305.135434      305.135434        305.135434        305.135434
    305.135434      305.135434        305.135434        305.135434
    305.135434      305.135434        305.135434        305.135434
    305.135434      305.135434        305.135434        305.135434
    305.135434      305.135434        305.135434        305.135434
    305.135434      305.135434        305.135434        305.135434
    305.135434      305.135434        305.135434        305.135434
    305.135434      305.135434        305.135434        305.135434
    305.135434      305.135434        305.135434        305.135434
    305.135434      305.135434        305.135434        305.135434
    305.135434      305.135434        305.135434        305.135434
    305.135434      305.135434        305.135434        305.135434
    305.135434      305.135434        305.135434        305.135434
    305.135434      305.135434        305.135434        305.135434
    305.135434      305.135434        305.135434        305.135434
    305.135434      305.135434        305.135434        305.135434
    305.135434      305.135434        305.135434        305.135434
    305.135434      305.135434        305.135434        305.135434
    305.135434      305.135434        305.135434        305.135434
    305.135434      305.135434        305.135434        305.135434
    305.135434      305.135434        305.135434        305.135434
    305.135434      305.135434        305.135434        305.135434
    305.135434      305.135434        305.135434        305.135434
    305.135434      305.135434        305.135434        305.135434
    305.135434      305.135434        305.135434        305.135434
    305.135434      305.135434        305.135434        305.135434
    305.135434      305.135434        305.135434        305.135434
    305.135434      305.135434        305.135434        305.135434
    305.135434      305.135434        305.135434        305.135434
    305.135434      305.135434        305.135434        305.135434
    305.135434      305.135434        305.135434        305.135434
    305.135434      305.135434        305.135434        305.135434
    305.135434      305.135434        305.135434        305.135434
    305.135434      305.135434        305.135434        305.135434
    305.135434      305.135434        305.135434        305.135434
    305.135434      305.135434        305.135434        305.135434
    305.135434      305.135434        305.135434        305.135434
    305.135434      305.135434        305.135434        305.135434
    305.135434      305.135434        305.135434        305.135434
    305.135434      305.135434        305.135434        305.135434
    305.135434      305.135434        305.135434        305.135434
    305.135434      305.135434        305.135434        305.135434
    305.135434      305.135434        305.135434        305.135434
    305.135434      305.135434        305.135434        305.135434
    305.135434      305.135434        305.135434        305.135434
    305.135434      305.135434        305.135434        305.135434
    305.135434      305.135434        305.135434        305.135434
    305.135434      305.135434        305.135434        305.135434
    305.135434      305.135434        305.135434        305.135434
    305.135434      305.135434        305.135434        305.135434
    305.135434      305.135434        305.135434        305.135434
    305.135434      305.135434        305.135434        305.135434
    305.135434      305.135434        305.135434        305.135434
    305.135434      305.135434        305.135434        305.135434
    305.135434      305.135434        305.135434        305.135434
    305.135434      305.135434        305.135434        305.135434
    305.135434      305.135434        305.135434        305.135434
    305.135434      305.135434        305.135434        305.135434
    305.135434      305.135434        305.135434        305.135434
    305.135434      305.135434        305.135434        305.135434
    305.135434      305.135434        305.135434        305.135434
    305.135434      305.135434        305.135434        305.135434
    305.135434      305.135434        305.135434        305.135434
    305.135434      305.135434        305.135434        305.135434
    305.135434      305.135434        305.135434        305.135434
    305.135434      305.135434        305.135434        305.135434
    305.135434      305.135434        305.135434        305.135434
    305.135434      305.135434        305.135434        305.135434
    305.135434      305.135434        305.135434        305.135434
    305.135434      305.135434        305.135434        305.135434
    305.135434      305.135434        305.135434        305.135434
    305.135434      305.135434        305.135434        305.135434
    305.135434      305.135434        305.135434        305.135434
    305.135434      305.135434        305.135434        305.135434
    305.135434      305.135434        305.135434        305.135434
    305.135434      305.135434        305.135434        305.135434
    305.135434      305.135434        305.135434        305.135434
    305.135434      305.135434        305.135434        305.135434
    305.135434      305.135434        305.135434        305.135434
    305.135434      305.135434        305.135434        305.135434
    305.135434      305.135434        305.135434        305.135434
    305.135434      305.135434        305.135434        305.135434
    305.135434      305.135434        305.135434        305.135434
    305.135434      305.135434        305.135434        305.135434
    305.135434      305.135434        305.135434        305.135434
    305.135434      305.135434        305.135434        305.135434
    305.135434      305.135434        305.135434        305.135434
    305.135434      305.135434        305.135434        305.135434
    305.135434      305.135434        305.135434        305.135434
    305.135434      305.135434        305.135434        305.135434
    305.135434      305.135434        305.135434        305.135434
    305.135434      305.135434        305.135434        305.135434
    305.135434      305.135434        305.135434        305.135434
    305.135434      305.135434        305.135434        305.135434
    305.135434      305.135434        305.135434        305.135434
    305.135434      305.135434        305.135434        305.135434
    305.135434      305.135434        305.135434        305.135434
    305.135434      305.135434        305.135434        305.135434
    305.135434      305.135434        305.135434        305.135434
    305.135434      305.135434        305.135434        305.135434
    305.135434      305.135434        305.135434        305.135434
    305.135434      305.135434        305.135434        305.135434
    305.135434      305.135434        305.135434        305.135434
    305.135434      305.135434        305.135434        305.135434
    305.135434      305.135434        305.135434        305.135434
    305.135434      305.135434        305.135434        305.135434
    305.135434      305.135434        305.135434        305.135434
    305.135434      305.135434        305.135434        305.135434
    305.135434      305.135434        305.135434        305.135434
    305.135434      305.135434        305.135434        305.135434
    305.135434      305.135434        305.135434        305.135434
    305.135434      305.135434        305.135434        305.135434
    305.135434      305.135434        305.135434        305.135434
    305.135434      305.135434        305.135434        305.135434
    305.135434      305.135434        305.135434        305.135434
    305.135434      305.135434        305.135434        305.135434
    305.135434      305.135434        305.135434        305.135434
    305.135434      305.135434        305.135434        305.135434
    305.135434      305.135434        305.135434        305.135434
    305.135434      305.135434        305.135434        305.135434
    305.135434      305.135434        305.135434        305.135434
    305.135434      305.135434        305.135434        305.135434
    305.135434      305.135434        305.135434        305.135434
    305.135434      305.135434        305.135434        305.135434
    305.135434      305.135434        305.135434        305.135434
    305.135434      305.135434        305.135434        305.135434
    305.135434      305.135434        305.135434        305.135434
    305.135434      305.135434        305.135434        305.135434
    305.135434      305.135434        305.135434        305.135434
    305.135434      305.135434        305.135434        305.135434
    305.135434      305.135434        305.135434        305.135434
    305.135434      305.135434        305.135434        305.135434
    305.135434      305.135434        305.135434        305.135434
    305.135434      305.135434        305.135434        305.135434
    305.135434      305.135434        305.135434        305.135434
    305.135434      305.135434        305.135434        305.135434
    305.135434      305.135434        305.135434        305.135434
    305.135434      305.135434        305.135434        305.135434
    305.135434      305.135434        305.135434        305.135434
    305.135434      305.135434        305.135434        305.135434
    305.135434      305.135434        305.135434        305.135434
    305.135434      305.135434        305.135434        305.135434
    305.135434      305.135434        305.135434        305.135434
    305.135434      305.135434        305.135434        305.135434
    305.135434      305.135434        305.135434        305.135434
    305.135434      305.135434        305.135434        305.135434
    305.135434      305.135434        305.135434        305.135434
    305.135434      305.135434        305.135434        305.135434
    305.135434      305.135434        305.135434        305.135434
    305.135434      305.135434        305.135434        305.135434
    305.135434      305.135434        305.135434        305.135434
    305.135434      305.135434        305.135434        305.135434
    305.135434      305.135434        305.135434        305.135434
    305.135434      305.135434        305.135434        305.135434
    305.135434      305.135434        305.135434        305.135434
    305.135434      305.135434        305.135434        305.135434
    305.135434      305.135434        305.135434        305.135434
    305.135434      305.135434        305.135434        305.135434
    305.135434      305.135434        305.135434        305.135434
    305.135434      305.135434        305.135434        305.135434
    305.135434      305.135434        305.135434        305.135434
    305.135434      305.135434        305.135434        305.135434
    305.135434      305.135434        305.135434        305.135434
    305.135434      305.135434        305.135434        305.135434
    305.135434      305.135434        305.135434        305.135434
    305.135434      305.135434        305.135434        305.135434
    305.135434      305.135434        305.135434        305.135434
    305.135434      305.135434        305.135434        305.135434
    305.135434      305.135434        305.135434        305.135434
    305.135434      305.135434        305.135434        305.135434
    305.135434      305.135434        305.135434        305.135434
    305.135434      305.135434        305.135434        305.135434
    305.135434      305.135434        305.135434        305.135434
    305.135434      305.135434        305.135434        305.135434
    305.135434      305.135434        305.135434        305.135434
    305.135434      305.135434        305.135434        305.135434
    305.135434      305.135434        305.135434        305.135434
    305.135434      305.135434        305.135434        305.135434
    305.135434      305.135434        305.135434        305.135434
    305.135434      305.135434        305.135434        305.135434
    305.135434      305.135434        305.135434        305.135434
    305.135434      305.135434        305.135434        305.135434
    305.135434      305.135434        305.135434        305.135434
    305.135434      305.135434        305.135434        305.135434
    305.135434      305.135434        305.135434        305.135434
    305.135434      305.135434        305.135434        305.135434
    305.135434      305.135434        305.135434        305.135434
    305.135434      305.135434        305.135434        305.135434
    305.135434      305.135434        305.135434        305.135434
    305.135434      305.135434        305.135434        305.135434
    305.135434      305.135434        305.135434        305.135434
    305.135434      305.135434        305.135434        305.135434
    305.135434      305.135434        305.135434        305.135434
    305.135434      305.135434        305.135434        305.135434
    305.135434      305.135434        305.135434        305.135434
    305.135434      305.135434        305.135434        305.135434
    305.135434      305.135434        305.135434        305.135434
    305.135434      305.135434        305.135434        305.135434
    305.135434      305.135434        305.135434        305.135434
    305.135434      305.135434        305.135434        305.135434
    305.135434      305.135434        305.135434        305.135434
    305.135434      305.135434        305.135434        305.135434
    305.135434      305.135434        305.135434        305.135434
    305.135434      305.135434        305.135434        305.135434
    305.135434      305.135434        305.135434        305.135434
    305.135434      305.135434        305.135434        305.135434
    305.135434      305.135434        305.135434        305.135434
    305.135434      305.135434        305.135434        305.135434
    305.135434      305.135434        305.135434        305.135434
    305.135434      305.135434        305.135434        305.135434
    305.135434      305.135434        305.135434        305.135434
    305.135434      305.135434        305.135434        305.135434
    305.135434      305.135434        305.135434        305.135434
    305.135434      305.135434        305.135434        305.135434
    305.135434      305.135434        305.135434        305.135434
    305.135434      305.135434        305.135434        305.135434
    305.135434      305.135434        305.135434        305.135434
    305.135434      305.135434        305.135434        305.135434
    305.135434      305.135434        305.135434        305.135434
    305.135434      305.135434        305.135434        305.135434
    305.135434      305.135434        305.135434        305.135434
    305.135434      305.135434        305.135434        305.135434
    305.135434      305.135434        305.135434        305.135434
    305.135434      305.135434        305.135434        305.135434
    305.135434      305.135434        305.135434        305.135434
    305.135434      305.135434        305.135434        305.135434
    305.135434      305.135434        305.135434        305.135434
    305.135434      305.135434        305.135434        305.135434
    305.135434      305.135434        305.135434        305.135434
    305.135434      305.135434        305.135434        305.135434
    305.135434      305.135434        305.135434        305.135434
    305.135434      305.135434        305.135434        305.135434
    305.135434      305.135434        305.135434        305.135434
    305.135434      305.135434        305.135434        305.135434
    305.135434      305.135434        305.135434        305.135434
    305.135434      305.135434        305.135434        305.135434
    305.135434      305.135434        305.135434        305.135434
    305.135434      305.135434        305.135434        305.135434
    305.135434      305.135434        305.135434        305.135434
    305.135434      305.135434        305.135434        305.135434
    305.135434      305.135434        305.135434        305.135434
    305.135434      305.135434        305.135434        305.135434
    305.135434      305.135434        305.135434        305.135434
    305.135434      305.135434        305.135434        305.135434
    305.135434      305.135434        305.135434        305.135434
    305.135434      305.135434        305.135434        305.135434
    305.135434      305.135434        305.135434        305.135434
    305.135434      305.135434        305.135434        305.135434
    305.135434      305.135434        305.135434        305.135434
    305.135434      305.135434        305.135434        305.135434
    305.135434      305.135434        305.135434        305.135434
    305.135434      305.135434        305.135434        305.135434
    305.135434      305.135434        305.135434        305.135434
    305.135434      305.135434        305.135434        305.135434
    305.135434      305.135434        305.135434        305.135434
    305.135434      305.135434        305.135434        305.135434
    305.135434      305.135434        305.135434        305.135434
    305.135434      305.135434        305.135434        305.135434
    305.135434      305.135434        305.135434        305.135434
    305.135434      305.135434        305.135434        305.135434
    305.135434      305.135434        305.135434        305.135434
    305.135434      305.135434        305.135434        305.135434
    305.135434      305.135434        305.135434        305.135434
    305.135434      305.135434        305.135434        305.135434
    305.135434      305.135434        305.135434        305.135434
    305.135434      305.135434        305.135434        305.135434
    305.135434      305.135434        305.135434        305.135434
    305.135434      305.135434        305.135434        305.135434
    305.135434      305.135434        305.135434        305.135434
    305.135434      305.135434        305.135434        305.135434
    305.135434      305.135434        305.135434        305.135434
    305.135434      305.135434        305.135434        305.135434
    305.135434      305.135434        305.135434        305.135434
    305.135434      305.135434        305.135434        305.135434
    305.135434      305.135434        305.135434        305.135434
    305.135434      305.135434        305.135434        305.135434
    305.135434      305.135434        305.135434        305.135434
    305.135434      305.135434        305.135434        305.135434
    305.135434      305.135434        305.135434        305.135434
    305.135434      305.135434        305.135434        305.135434
    305.135434      305.135434        305.135434        305.135434
    305.135434      305.135434        305.135434        305.135434
    305.135434      305.135434        305.135434        305.135434
    305.135434      305.135434        305.135434        305.135434
    305.135434      305.135434        305.135434        305.135434
    305.135434      305.135434        305.135434        305.135434
    305.135434      305.135434        305.135434        305.135434
    305.135434      305.135434        305.135434        305.135434
    305.135434      305.135434        305.135434        305.135434
    305.135434      305.135434        305.135434        305.135434
    305.135434      305.135434        305.135434        305.135434
    305.135434      305.135434        305.135434        305.135434
    305.135434      305.135434        305.135434        305.135434
    305.135434      305.135434        305.135434        305.135434
    305.135434      305.135434        305.135434        305.135434
    305.135434      305.135434        305.135434        305.135434
    305.135434      305.135434        305.135434        305.135434
    305.135434      305.135434        305.135434        305.135434
    305.135434      305.135434        305.135434        305.135434
    305.135434      305.135434        305.135434        305.135434
    305.135434      305.135434        305.135434        305.135434
    305.135434      305.135434        305.135434        305.135434
    305.135434      305.135434        305.135434        305.135434
    305.135434      305.135434        305.135434        305.135434
    305.135434      305.135434        305.135434        305.135434
    305.135434      305.135434        305.135434        305.135434
    305.135434      305.135434        305.135434        305.135434
    305.135434      305.135434        305.135434        305.135434
    305.135434      305.135434        305.135434        305.135434
    305.135434      305.135434        305.135434        305.135434
    305.135434      305.135434        305.135434        305.135434
    305.135434      305.135434        305.135434        305.135434
    305.135434      305.135434        305.135434        305.135434
    305.135434      305.135434        305.135434        305.135434
    305.135434      305.135434        305.135434        305.135434
    305.135434      305.135434        305.135434        305.135434
    305.135434      305.135434        305.135434        305.135434
    305.135434      305.135434        305.135434        305.135434
    305.135434      305.135434        305.135434        305.135434
    305.135434      305.135434        305.135434        305.135434
    305.135434      305.135434        305.135434        305.135434
    305.135434      305.135434        305.135434        305.135434
    305.135434      305.135434        305.135434        305.135434
    305.135434      305.135434        305.135434        305.135434
    305.135434      305.135434        305.135434        305.135434
    305.135434      305.135434        305.135434        305.135434
    305.135434      305.135434        305.135434        305.135434
    305.135434      305.135434        305.135434        305.135434
    305.135434      305.135434        305.135434        305.135434
    305.135434      305.135434        305.135434        305.135434
    305.135434      305.135434        305.135434        305.135434
    305.135434      305.135434        305.135434        305.135434
    305.135434      305.135434        305.135434        305.135434
    305.135434      305.135434        305.135434        305.135434
    305.135434      305.135434        305.135434        305.135434
    305.135434      305.135434        305.135434        305.135434
    305.135434      305.135434        305.135434        305.135434
    305.135434      305.135434        305.135434        305.135434
    305.135434      305.135434        305.135434        305.135434
    305.135434      305.135434        305.135434        305.135434
    305.135434      305.135434        305.135434        305.135434
    305.135434      305.135434        305.135434        305.135434
    305.135434      305.135434        305.135434        305.135434
    305.135434      305.135434        305.135434        305.135434
    305.135434      305.135434        305.135434        305.135434
    305.135434      305.135434        305.135434        305.135434
    305.135434      305.135434        305.135434        305.135434
    305.135434      305.135434        305.135434        305.135434
    305.135434      305.135434        305.135434        305.135434
    305.135434      305.135434        305.135434        305.135434
    305.135434      305.135434        305.135434        305.135434
    305.135434      305.135434        305.135434        305.135434
    305.135434      305.135434        305.135434        305.135434
    305.135434      305.135434        305.135434        305.135434
    305.135434      305.135434        305.135434        305.135434
    305.135434      305.135434        305.135434        305.135434
    305.135434      305.135434        305.135434        305.135434
    305.135434      305.135434        305.135434        305.135434
    305.135434      305.135434        305.135434        305.135434
    305.135434      305.135434        305.135434        305.135434
    305.135434      305.135434        305.135434        305.135434
    305.135434      305.135434        305.135434        305.135434
    305.135434      305.135434        305.135434        305.135434
    305.135434      305.135434        305.135434        305.135434
    305.135434      305.135434        305.135434        305.135434
    305.135434      305.135434        305.135434        305.135434
    305.135434      305.135434        305.135434        305.135434
    305.135434      305.135434        305.135434        305.135434
    305.135434      305.135434        305.135434        305.135434
    305.135434      305.135434        305.135434        305.135434
    305.135434      305.135434        305.135434        305.135434
    305.135434      305.135434        305.135434        305.135434
    305.135434      305.135434        305.135434        305.135434
    305.135434      305.135434        305.135434        305.135434
    305.135434      305.135434        305.135434        305.135434
    305.135434      305.135434        305.135434        305.135434
    305.135434      305.135434        305.135434        305.135434
    305.135434      305.135434        305.135434        305.135434
    305.135434      305.135434        305.135434        305.135434
    305.135434      305.135434        305.135434        305.135434
    305.135434      305.135434        305.135434        305.135434
    305.135434      305.135434        305.135434        305.135434
    305.135434      305.135434        305.135434        305.135434
    305.135434      305.135434        305.135434        305.135434
    305.135434      305.135434        305.135434        305.135434
    305.135434      305.135434        305.135434        305.135434
    305.135434      305.135434        305.135434        305.135434
    305.135434      305.135434        305.135434        305.135434
    305.135434      305.135434        305.135434        305.135434
    305.135434      305.135434        305.135434        305.135434
    305.135434      305.135434        305.135434        305.135434
    305.135434      305.135434        305.135434        305.135434
    305.135434      305.135434        305.135434        305.135434
    305.135434      305.135434        305.135434        305.135434
    305.135434      305.135434        305.135434        305.135434
    305.135434      305.135434        305.135434        305.135434
    305.135434      305.135434        305.135434        305.135434
    305.135434      305.135434        305.135434        305.135434
    305.135434      305.135434        305.135434        305.135434
    305.135434      305.135434        305.135434        305.135434
    305.135434      305.135434        305.135434        305.135434
    305.135434      305.135434        305.135434        305.135434
    305.135434      305.135434        305.135434        305.135434
    305.135434      305.135434        305.135434        305.135434
    305.135434      305.135434        305.135434        305.135434
    305.135434      305.135434        305.135434        305.135434
    305.135434      305.135434        305.135434        305.135434
    305.135434      305.135434        305.135434        305.135434
    305.135434      305.135434        305.135434        305.135434
    305.135434      305.135434        305.135434        305.135434
    305.135434      305.135434        305.135434        305.135434
    305.135434      305.135434        305.135434        305.135434
    305.135434      305.135434        305.135434        305.135434
    305.135434      305.135434        305.135434        305.135434
    305.135434      305.135434        305.135434        305.135434
    305.135434      305.135434        305.135434        305.135434
    305.135434      305.135434        305.135434        305.135434
    305.135434      305.135434        305.135434        305.135434
    305.135434      305.135434        305.135434        305.135434
    305.135434      305.135434        305.135434        305.135434
    305.135434      305.135434        305.135434        305.135434
    305.135434      305.135434        305.135434        305.135434
    305.135434      305.135434        305.135434        305.135434
    305.135434      305.135434        305.135434        305.135434
    305.135434      305.135434        305.135434        305.135434
    305.135434      305.135434        305.135434        305.135434
    305.135434      305.135434        305.135434        305.135434
    305.135434      305.135434        305.135434        305.135434
    305.135434      305.135434        305.135434        305.135434
    305.135434      305.135434        305.135434        305.135434
    305.135434      305.135434        305.135434        305.135434
    305.135434      305.135434        305.135434        305.135434
    305.135434      305.135434        305.135434        305.135434
    305.135434      305.135434        305.135434        305.135434
    305.135434      305.135434        305.135434        305.135434
    305.135434      305.135434        305.135434        305.135434
    305.135434      305.135434        305.135434        305.135434
    305.135434      305.135434        305.135434        305.135434
    305.135434      305.135434        305.135434        305.135434
    305.135434      305.135434        305.135434        305.135434
    305.135434      305.135434        305.135434        305.135434
    305.135434      305.135434        305.135434        305.135434
    305.135434      305.135434        305.135434        305.135434
    305.135434      305.135434        305.135434        305.135434
    305.135434      305.135434        305.135434        305.135434
    305.135434      305.135434        305.135434        305.135434
    305.135434      305.135434        305.135434        305.135434
    305.135434      305.135434        305.135434        305.135434
    305.135434      305.135434        305.135434        305.135434
    305.135434      305.135434        305.135434        305.135434
    305.135434      305.135434        305.135434        305.135434
    305.135434      305.135434        305.135434        305.135434
    305.135434      305.135434        305.135434        305.135434
    305.135434      305.135434        305.135434        305.135434
    305.135434      305.135434        305.135434        305.135434
    305.135434      305.135434        305.135434        305.135434
    305.135434      305.135434        305.135434        305.135434
    305.135434      305.135434        305.135434        305.135434
    305.135434      305.135434        305.135434        305.135434
    305.135434      305.135434        305.135434        305.135434
    305.135434      305.135434        305.135434        305.135434
    305.135434      305.135434        305.135434        305.135434
    305.135434      305.135434        305.135434        305.135434
    305.135434      305.135434        305.135434        305.135434
    305.135434      305.135434        305.135434        305.135434
    305.135434      305.135434        305.135434        305.135434
    305.135434      305.135434        305.135434        305.135434
    305.135434      305.135434        305.135434        305.135434
    305.135434      305.135434        305.135434        305.135434
    305.135434      305.135434        305.135434        305.135434
    305.135434      305.135434        305.135434        305.135434
    305.135434      305.135434        305.135434        305.135434
    305.135434      305.135434        305.135434        305.135434
    305.135434      305.135434        305.135434        305.135434
    305.135434      305.135434        305.135434        305.135434
    305.135434      305.135434        305.135434        305.135434
    305.135434      305.135434        305.135434        305.135434
    305.135434      305.135434        305.135434        305.135434
    305.135434      305.135434        305.135434        305.135434
    305.135434      305.135434        305.135434        305.135434
    305.135434      305.135434        305.135434        305.135434
    305.135434      305.135434        305.135434        305.135434
    305.135434      305.135434        305.135434        305.135434
    305.135434      305.135434        305.135434        305.135434
    305.135434      305.135434        305.135434        305.135434
    305.135434      305.135434        305.135434        305.135434
    305.135434      305.135434        305.135434        305.135434
    305.135434      305.135434        305.135434        305.135434
    305.135434      305.135434        305.135434        305.135434
    305.135434      305.135434        305.135434        305.135434
    305.135434      305.135434        305.135434        305.135434
    305.135434      305.135434        305.135434        305.135434
    305.135434      305.135434        305.135434        305.135434
    305.135434      305.135434        305.135434        305.135434
    305.135434      305.135434        305.135434        305.135434
    305.135434      305.135434        305.135434        305.135434
    305.135434      305.135434        305.135434        305.135434
    305.135434      305.135434        305.135434        305.135434
    305.135434      305.135434        305.135434        305.135434
    305.135434      305.135434        305.135434        305.135434
    305.135434      305.135434        305.135434        305.135434
    305.135434      305.135434        305.135434        305.135434
    305.135434      305.135434        305.135434        305.135434
    305.135434      305.135434        305.135434        305.135434
    305.135434      305.135434        305.135434        305.135434
    305.135434      305.135434        305.135434        305.135434
    305.135434      305.135434        305.135434        305.135434
    305.135434      305.135434        305.135434        305.135434
    305.135434      305.135434        305.135434        305.135434
    305.135434      305.135434        305.135434        305.135434
    305.135434      305.135434        305.135434        305.135434
    305.135434      305.135434        305.135434        305.135434
    305.135434      305.135434        305.135434        305.135434
    305.135434      305.135434        305.135434        305.135434
    305.135434      305.135434        305.135434        305.135434
    305.135434      305.135434        305.135434        305.135434
    305.135434      305.135434        305.135434        305.135434
    305.135434      305.135434        305.135434        305.135434
    305.135434      305.135434        305.135434        305.135434
    305.135434      305.135434        305.135434        305.135434
    305.135434      305.135434        305.135434        305.135434
    305.135434      305.135434        305.135434        305.135434
    305.135434      305.135434        305.135434        305.135434
    305.135434      305.135434        305.135434        305.135434
    305.135434      305.135434        305.135434        305.135434
    305.135434      305.135434        305.135434        305.135434
    305.135434      305.135434        305.135434        305.135434
    305.135434      305.135434        305.135434        305.135434
    305.135434      305.135434        305.135434        305.135434
    305.135434      305.135434        305.135434        305.135434
    305.135434      305.135434        305.135434        305.135434
    305.135434      305.135434        305.135434        305.135434
    305.135434      305.135434        305.135434        305.135434
    305.135434      305.135434        305.135434        305.135434
    305.135434      305.135434        305.135434        305.135434
    305.135434      305.135434        305.135434        305.135434
    305.135434      305.135434        305.135434        305.135434
    305.135434      305.135434        305.135434        305.135434
    305.135434      305.135434        305.135434        305.135434
    305.135434      305.135434        305.135434        305.135434
    305.135434      305.135434        305.135434        305.135434
    305.135434      305.135434        305.135434        305.135434
    305.135434      305.135434        305.135434        305.135434
    305.135434      305.135434        305.135434        305.135434
    305.135434      305.135434        305.135434        305.135434
    305.135434      305.135434        305.135434        305.135434
    305.135434      305.135434        305.135434        305.135434
    305.135434      305.135434        305.135434        305.135434
    305.135434      305.135434        305.135434        305.135434
    305.135434      305.135434        305.135434        305.135434
    305.135434      305.135434        305.135434        305.135434
    305.135434      305.135434        305.135434        305.135434
    305.135434      305.135434        305.135434        305.135434
    305.135434      305.135434        305.135434        305.135434
    305.135434      305.135434        305.135434        305.135434
    305.135434      305.135434        305.135434        305.135434
    305.135434      305.135434        305.135434        305.135434
    305.135434      305.135434        305.135434        305.135434
    305.135434      305.135434        305.135434        305.135434
    305.135434      305.135434        305.135434        305.135434
    305.135434      305.135434        305.135434        305.135434
    305.135434      305.135434        305.135434        305.135434
    305.135434      305.135434        305.135434        305.135434
    305.135434      305.135434        305.135434        305.135434
    305.135434      305.135434        305.135434        305.135434
    305.135434      305.135434        305.135434        305.135434
    305.135434      305.135434        305.135434        305.135434
    305.135434      305.135434        305.135434        305.135434
    305.135434      305.135434        305.135434        305.135434
    305.135434      305.135434        305.135434        305.135434
    305.135434      305.135434        305.135434        305.135434
    306.097923      306.097923        306.097923        306.097922
    306.097922      306.097921        306.097919        306.097918
    306.097915      306.097911        306.097905        306.097897
    306.097886      306.097872        306.097853        306.097827
    306.097794      306.097751        306.097695        306.097622
    306.097526      306.097400        306.097235        306.097019
    306.096737      306.096372        306.095905        306.095317
    306.094589      306.093705        306.092656        306.091439
    306.090066      306.088558        306.086955        306.085309
    306.083687      306.082166        306.080829        306.079755
    306.079018      306.078672        306.078751        306.079259
    306.080171      306.081434        306.082974        306.084700
    306.086516      306.088330        306.090062        306.091647
    306.093043      306.094226        306.095189        306.095941
    306.096498      306.096879        306.097104        306.097189
    306.097142      306.096963        306.096643        306.096161
    306.095487      306.094581        306.093397        306.091887
    306.090002      306.087702        306.084960        306.081771
    306.078158      306.074178        306.069925        306.065531
    306.061157      306.056992        306.053232        306.050071
    306.047683      306.046205        306.045726        306.046274
    306.047821      306.050277        306.053506        306.057332
    306.061561      306.065993        306.070439        306.074734
    306.078746      306.082377        306.085570        306.088302
    306.088302      306.085570        306.082377        306.078746
    306.074734      306.070439        306.065993        306.061561
    306.057332      306.053506        306.050277        306.047821
    306.046274      306.045726        306.046205        306.047683
    306.050071      306.053232        306.056992        306.061157
    306.065531      306.069925        306.074178        306.078158
    306.081771      306.084960        306.087702        306.090002
    306.091887      306.093397        306.094581        306.095487
    306.096161      306.096643        306.096963        306.097142
    306.097189      306.097104        306.096879        306.096498
    306.095941      306.095189        306.094226        306.093043
    306.091647      306.090062        306.088330        306.086516
    306.084700      306.082974        306.081434        306.080171
    306.079259      306.078751        306.078672        306.079018
    306.079755      306.080829        306.082166        306.083687
    306.085309      306.086955        306.088558        306.090066
    306.091439      306.092656        306.093705        306.094589
    306.095317      306.095905        306.096372        306.096737
    306.097019      306.097235        306.097400        306.097526
    306.097622      306.097695        306.097751        306.097794
    306.097827      306.097853        306.097872        306.097886
    306.097897      306.097905        306.097911        306.097915
    306.097918      306.097919        306.097921        306.097922
    306.097922      306.097923        306.097923        306.097923
    307.060411      307.060411        307.060411        307.060410
    307.060409      307.060407        307.060405        307.060401
    307.060395      307.060387        307.060376        307.060360
    307.060338      307.060309        307.060271        307.060220
    307.060154      307.060068        307.059956        307.059809
    307.059618      307.059366        307.059036        307.058604
    307.058039      307.057309        307.056376        307.055200
    307.053744      307.051976        307.049877        307.047444
    307.044697      307.041682        307.038475        307.035183
    307.031940      307.028898        307.026223        307.024076
    307.022601      307.021910        307.022068        307.023083
    307.024907      307.027434        307.030514        307.033966
    307.037598      307.041226        307.044689        307.047859
    307.050651      307.053017        307.054944        307.056448
    307.057561      307.058323        307.058773        307.058943
    307.058849      307.058492        307.057852        307.056888
    307.055539      307.053727        307.051360        307.048340
    307.044570      307.039970        307.034485        307.028107
    307.020881      307.012921        307.004416        306.995627
    306.986880      306.978549        306.971029        306.964708
    306.959932      306.956977        306.956017        306.957114
    306.960207      306.965120        306.971577        306.979230
    306.987688      306.996552        307.005444        307.014035
    307.022057      307.029319        307.035706        307.041170
    307.041170      307.035706        307.029319        307.022057
    307.014035      307.005444        306.996552        306.987688
    306.979230      306.971577        306.965120        306.960207
    306.957114      306.956017        306.956977        306.959932
    306.964708      306.971029        306.978549        306.986880
    306.995627      307.004416        307.012921        307.020881
    307.028107      307.034485        307.039970        307.044570
    307.048340      307.051360        307.053727        307.055539
    307.056888      307.057852        307.058492        307.058849
    307.058943      307.058773        307.058323        307.057561
    307.056448      307.054944        307.053017        307.050651
    307.047859      307.044689        307.041226        307.037598
    307.033966      307.030514        307.027434        307.024907
    307.023083      307.022068        307.021910        307.022601
    307.024076      307.026223        307.028898        307.031940
    307.035183      307.038475        307.041682        307.044697
    307.047444      307.049877        307.051976        307.053744
    307.055200      307.056376        307.057309        307.058039
    307.058604      307.059036        307.059366        307.059618
    307.059809      307.059956        307.060068        307.060154
    307.060220      307.060271        307.060309        307.060338
    307.060360      307.060376        307.060387        307.060395
    307.060401      307.060405        307.060407        307.060409
    307.060410      307.060411        307.060411        307.060411
    308.022900      308.022899        308.022899        308.022898
    308.022896      308.022893        308.022890        308.022884
    308.022875      308.022863        308.022846        308.022822
    308.022790      308.022747        308.022689        308.022613
    308.022514      308.022385        308.022216        308.021997
    308.021709      308.021332        308.020837        308.020188
    308.019342      308.018247        308.016847        308.015083
    308.012898      308.010247        308.007099        308.003449
    307.999328      307.994805        307.989995        307.985058
    307.980192      307.975630        307.971617        307.968397
    307.966185      307.965148        307.965384        307.966907
    307.969643      307.973434        307.978054        307.983232
    307.988680      307.994122        307.999316        308.004072
    308.008259      308.011808        308.014699        308.016955
    308.018625      308.019768        308.020443        308.020697
    308.020556      308.020021        308.019060        308.017614
    308.015591      308.012874        308.009323        308.004793
    307.999138      307.992237        307.984011        307.974443
    307.963604      307.951664        307.938907        307.925723
    307.912603      307.900107        307.888827        307.879345
    307.872181      307.867748        307.866308        307.867954
    307.872594      307.879963        307.889649        307.901128
    307.913815      307.927111        307.940449        307.953335
    307.965368      307.976262        307.985842        307.994037
    307.994037      307.985842        307.976262        307.965368
    307.953335      307.940449        307.927111        307.913815
    307.901128      307.889649        307.879963        307.872594
    307.867954      307.866308        307.867748        307.872181
    307.879345      307.888827        307.900107        307.912603
    307.925723      307.938907        307.951664        307.963604
    307.974443      307.984011        307.992237        307.999138
    308.004793      308.009323        308.012874        308.015591
    308.017614      308.019060        308.020021        308.020556
    308.020697      308.020443        308.019768        308.018625
    308.016955      308.014699        308.011808        308.008259
    308.004072      307.999316        307.994122        307.988680
    307.983232      307.978054        307.973434        307.969643
    307.966907      307.965384        307.965148        307.966185
    307.968397      307.971617        307.975630        307.980192
    307.985058      307.989995        307.994805        307.999328
    308.003449      308.007099        308.010247        308.012898
    308.015083      308.016847        308.018247        308.019342
    308.020188      308.020837        308.021332        308.021709
    308.021997      308.022216        308.022385        308.022514
    308.022613      308.022689        308.022747        308.022790
    308.022822      308.022846        308.022863        308.022875
    308.022884      308.022890        308.022893        308.022896
    308.022898      308.022899        308.022899        308.022900
    308.985388      308.985387        308.985387        308.985385
    308.985383      308.985380        308.985375        308.985367
    308.985356      308.985339        308.985317        308.985285
    308.985242      308.985184        308.985107        308.985006
    308.984874      308.984701        308.984477        308.984184
    308.983801      308.983298        308.982638        308.981773
    308.980644      308.979184        308.977318        308.974966
    308.972053      308.968518        308.964320        308.959454
    308.953959      308.947929        308.941516        308.934932
    308.928445      308.922362        308.917012        308.912718
    308.909768      308.908386        308.908701        308.910732
    308.914380      308.919434        308.925594        308.932498
    308.939762      308.947018        308.953943        308.960284
    308.965867      308.970599        308.974454        308.977462
    308.979688      308.981212        308.982112        308.982451
    308.982264      308.981549        308.980269        308.978341
    308.975644      308.972020        308.967286        308.961245
    308.953706      308.944505        308.933536        308.920779
    308.906327      308.890408        308.873398        308.855820
    308.838326      308.821664        308.806624        308.793982
    308.784430      308.778519        308.776599        308.778794
    308.784980      308.794806        308.807720        308.823026
    308.839942      308.857670        308.875454        308.892635
    308.908679      308.923204        308.935977        308.946905
    308.946905      308.935977        308.923204        308.908679
    308.892635      308.875454        308.857670        308.839942
    308.823026      308.807720        308.794806        308.784980
    308.778794      308.776599        308.778519        308.784430
    308.793982      308.806624        308.821664        308.838326
    308.855820      308.873398        308.890408        308.906327
    308.920779      308.933536        308.944505        308.953706
    308.961245      308.967286        308.972020        308.975644
    308.978341      308.980269        308.981549        308.982264
    308.982451      308.982112        308.981212        308.979688
    308.977462      308.974454        308.970599        308.965867
    308.960284      308.953943        308.947018        308.939762
    308.932498      308.925594        308.919434        308.914380
    308.910732      308.908701        308.908386        308.909768
    308.912718      308.917012        308.922362        308.928445
    308.934932      308.941516        308.947929        308.953959
    308.959454      308.964320        308.968518        308.972053
    308.974966      308.977318        308.979184        308.980644
    308.981773      308.982638        308.983298        308.983801
    308.984184      308.984477        308.984701        308.984874
    308.985006      308.985107        308.985184        308.985242
    308.985285      308.985317        308.985339        308.985356
    308.985367      308.985375        308.985380        308.985383
    308.985385      308.985387        308.985387        308.985388
    309.947876      309.947876        309.947875        309.947873
    309.947870      309.947866        309.947860        309.947850
    309.947836      309.947816        309.947787        309.947748
    309.947694      309.947621        309.947525        309.947399
    309.947234      309.947018        309.946738        309.946371
    309.945892      309.945264        309.944439        309.943358
    309.941947      309.940122        309.937788        309.934848
    309.931208      309.926789        309.921542        309.915459
    309.908591      309.901053        309.893036        309.884807
    309.876698      309.869094        309.862406        309.857038
    309.853352      309.851624        309.852017        309.854556
    309.859116      309.865434        309.873134        309.881763
    309.890844      309.899914        309.908570        309.916496
    309.923475      309.929390        309.934209        309.937969
    309.940752      309.942657        309.943782        309.944205
    309.943971      309.943078        309.941478        309.939067
    309.935696      309.931166        309.925249        309.917698
    309.908274      309.896772        309.883061        309.867115
    309.849050      309.829151        309.807888        309.785916
    309.764049      309.743221        309.724421        309.708618
    309.696679      309.689290        309.686890        309.689633
    309.697367      309.709649        309.725792        309.744924
    309.766069      309.788228        309.810459        309.831935
    309.851990      309.870147        309.886113        309.899772
    309.899772      309.886113        309.870147        309.851990
    309.831935      309.810459        309.788228        309.766069
    309.744924      309.725792        309.709649        309.697367
    309.689633      309.686890        309.689290        309.696679
    309.708618      309.724421        309.743221        309.764049
    309.785916      309.807888        309.829151        309.849050
    309.867115      309.883061        309.896772        309.908274
    309.917698      309.925249        309.931166        309.935696
    309.939067      309.941478        309.943078        309.943971
    309.944205      309.943782        309.942657        309.940752
    309.937969      309.934209        309.929390        309.923475
    309.916496      309.908570        309.899914        309.890844
    309.881763      309.873134        309.865434        309.859116
    309.854556      309.852017        309.851624        309.853352
    309.857038      309.862406        309.869094        309.876698
    309.884807      309.893036        309.901053        309.908591
    309.915459      309.921542        309.926789        309.931208
    309.934848      309.937788        309.940122        309.941947
    309.943358      309.944439        309.945264        309.945892
    309.946371      309.946738        309.947018        309.947234
    309.947399      309.947525        309.947621        309.947694
    309.947748      309.947787        309.947816        309.947836
    309.947850      309.947860        309.947866        309.947870
    309.947873      309.947875        309.947876        309.947876
    310.910365      310.910364        310.910363        310.910361
    310.910357      310.910352        310.910345        310.910333
    310.910316      310.910292        310.910258        310.910210
    310.910146      310.910059        310.909943        310.909792
    310.909593      310.909335        310.908998        310.908559
    310.907984      310.907230        310.906240        310.904942
    310.903249      310.901059        310.898259        310.894731
    310.890362      310.885060        310.878763        310.871464
    310.863222      310.854176        310.844556        310.834681
    310.824950      310.815826        310.807800        310.801359
    310.796935      310.794861        310.795334        310.798380
    310.803852      310.811434        310.820674        310.831029
    310.841926      310.852809        310.863197        310.872709
    310.881084      310.888181        310.893963        310.898476
    310.901815      310.904101        310.905451        310.905960
    310.905678      310.904607        310.902686        310.899794
    310.895748      310.890313        310.883212        310.874151
    310.862841      310.849040        310.832587        310.813452
    310.791773      310.767894        310.742379        310.716012
    310.689772      310.664779        310.642219        310.623255
    310.608928      310.600061        310.597181        310.600473
    310.609753      310.624492        310.643863        310.666821
    310.692195      310.718787        310.745464        310.771235
    310.795301      310.817089        310.836249        310.852640
    310.852640      310.836249        310.817089        310.795301
    310.771235      310.745464        310.718787        310.692195
    310.666821      310.643863        310.624492        310.609753
    310.600473      310.597181        310.600061        310.608928
    310.623255      310.642219        310.664779        310.689772
    310.716012      310.742379        310.767894        310.791773
    310.813452      310.832587        310.849040        310.862841
    310.874151      310.883212        310.890313        310.895748
    310.899794      310.902686        310.904607        310.905678
    310.905960      310.905451        310.904101        310.901815
    310.898476      310.893963        310.888181        310.881084
    310.872709      310.863197        310.852809        310.841926
    310.831029      310.820674        310.811434        310.803852
    310.798380      310.795334        310.794861        310.796935
    310.801359      310.807800        310.815826        310.824950
    310.834681      310.844556        310.854176        310.863222
    310.871464      310.878763        310.885060        310.890362
    310.894731      310.898259        310.901059        310.903249
    310.904942      310.906240        310.907230        310.907984
    310.908559      310.908998        310.909335        310.909593
    310.909792      310.909943        310.910059        310.910146
    310.910210      310.910258        310.910292        310.910316
    310.910333      310.910345        310.910352        310.910357
    310.910361      310.910363        310.910364        310.910365
    311.872853      311.872852        311.872851        311.872848
    311.872845      311.872839        311.872830        311.872816
    311.872796      311.872768        311.872728        311.872673
    311.872597      311.872496        311.872362        311.872185
    311.871953      311.871652        311.871259        311.870746
    311.870076      311.869196        311.868041        311.866527
    311.864552      311.861997        311.858730        311.854614
    311.849517      311.843330        311.835984        311.827469
    311.817853      311.807300        311.796077        311.784555
    311.773203      311.762558        311.753195        311.745680
    311.740518      311.738099        311.738650        311.742205
    311.748589      311.757434        311.768213        311.780295
    311.793007      311.805705        311.817824        311.828921
    311.838692      311.846972        311.853718        311.858983
    311.862879      311.865546        311.867121        311.867714
    311.867385      311.866136        311.863895        311.860521
    311.855800      311.849459        311.841175        311.830604
    311.817409      311.801307        311.782112        311.759788
    311.734496      311.706638        311.676870        311.646109
    311.615495      311.586336        311.560016        311.537892
    311.521177      311.510832        311.507473        311.511313
    311.522139      311.539335        311.561935        311.588719
    311.618322      311.649346        311.680469        311.710535
    311.738612      311.764031        311.786385        311.805507
    311.805507      311.786385        311.764031        311.738612
    311.710535      311.680469        311.649346        311.618322
    311.588719      311.561935        311.539335        311.522139
    311.511313      311.507473        311.510832        311.521177
    311.537892      311.560016        311.586336        311.615495
    311.646109      311.676870        311.706638        311.734496
    311.759788      311.782112        311.801307        311.817409
    311.830604      311.841175        311.849459        311.855800
    311.860521      311.863895        311.866136        311.867385
    311.867714      311.867121        311.865546        311.862879
    311.858983      311.853718        311.846972        311.838692
    311.828921      311.817824        311.805705        311.793007
    311.780295      311.768213        311.757434        311.748589
    311.742205      311.738650        311.738099        311.740518
    311.745680      311.753195        311.762558        311.773203
    311.784555      311.796077        311.807300        311.817853
    311.827469      311.835984        311.843330        311.849517
    311.854614      311.858730        311.861997        311.864552
    311.866527      311.868041        311.869196        311.870076
    311.870746      311.871259        311.871652        311.871953
    311.872185      311.872362        311.872496        311.872597
    311.872673      311.872728        311.872768        311.872796
    311.872816      311.872830        311.872839        311.872845
    311.872848      311.872851        311.872852        311.872853
    312.835341      312.835340        312.835339        312.835336
    312.835332      312.835325        312.835315        312.835299
    312.835277      312.835244        312.835199        312.835135
    312.835049      312.834933        312.834780        312.834578
    312.834313      312.833968        312.833519        312.832934
    312.832167      312.831162        312.829842        312.828111
    312.825854      312.822934        312.819201        312.814497
    312.808672      312.801601        312.793206        312.783474
    312.772484      312.760423        312.747597        312.734430
    312.721456      312.709290        312.698589        312.690001
    312.684102      312.681337        312.681967        312.686029
    312.693325      312.703434        312.715753        312.729561
    312.744089      312.758601        312.772451        312.785134
    312.796300      312.805763        312.813473        312.819490
    312.823942      312.826990        312.828790        312.829468
    312.829093      312.827664        312.825103        312.821247
    312.815853      312.808605        312.799138        312.787056
    312.771977      312.753575        312.731638        312.706124
    312.677219      312.645381        312.611361        312.576205
    312.541218      312.507893        312.477813        312.452529
    312.433426      312.421603        312.417764        312.422153
    312.434526      312.454178        312.480006        312.510617
    312.544449      312.579905        312.615474        312.649835
    312.681923      312.710974        312.736520        312.758375
    312.758375      312.736520        312.710974        312.681923
    312.649835      312.615474        312.579905        312.544449
    312.510617      312.480006        312.454178        312.434526
    312.422153      312.417764        312.421603        312.433426
    312.452529      312.477813        312.507893        312.541218
    312.576205      312.611361        312.645381        312.677219
    312.706124      312.731638        312.753575        312.771977
    312.787056      312.799138        312.808605        312.815853
    312.821247      312.825103        312.827664        312.829093
    312.829468      312.828790        312.826990        312.823942
    312.819490      312.813473        312.805763        312.796300
    312.785134      312.772451        312.758601        312.744089
    312.729561      312.715753        312.703434        312.693325
    312.686029      312.681967        312.681337        312.684102
    312.690001      312.698589        312.709290        312.721456
    312.734430      312.747597        312.760423        312.772484
    312.783474      312.793206        312.801601        312.808672
    312.814497      312.819201        312.822934        312.825854
    312.828111      312.829842        312.831162        312.832167
    312.832934      312.833519        312.833968        312.834313
    312.834578      312.834780        312.834933        312.835049
    312.835135      312.835199        312.835244        312.835277
    312.835299      312.835315        312.835325        312.835332
    312.835336      312.835339        312.835340        312.835341
    313.797830      313.797829        313.797827        313.797824
    313.797819      313.797811        313.797800        313.797782
    313.797757      313.797720        313.797669        313.797598
    313.797501      313.797371        313.797198        313.796970
    313.796673      313.796285        313.795780        313.795121
    313.794259      313.793128        313.791642        313.789696
    313.787157      313.783872        313.779672        313.774379
    313.767826      313.759872        313.750427        313.739479
    313.727116      313.713547        313.699117        313.684304
    313.669708      313.656021        313.643983        313.634322
    313.627685      313.624575        313.625283        313.629853
    313.638061      313.649434        313.663293        313.678827
    313.695171      313.711497        313.727079        313.741346
    313.753908      313.764554        313.773228        313.779997
    313.785005      313.788434        313.790460        313.791222
    313.790800      313.789193        313.786312        313.781974
    313.775905      313.767752        313.757101        313.743509
    313.726545      313.705843        313.681163        313.652460
    313.619943      313.584124        313.545851        313.506301
    313.466941      313.429451        313.395611        313.367165
    313.345675      313.332374        313.328055        313.332992
    313.346912      313.369020        313.398077        313.432515
    313.470576      313.510464        313.550479        313.589135
    313.625235      313.657916        313.686656        313.711242
    313.711242      313.686656        313.657916        313.625235
    313.589135      313.550479        313.510464        313.470576
    313.432515      313.398077        313.369020        313.346912
    313.332992      313.328055        313.332374        313.345675
    313.367165      313.395611        313.429451        313.466941
    313.506301      313.545851        313.584124        313.619943
    313.652460      313.681163        313.705843        313.726545
    313.743509      313.757101        313.767752        313.775905
    313.781974      313.786312        313.789193        313.790800
    313.791222      313.790460        313.788434        313.785005
    313.779997      313.773228        313.764554        313.753908
    313.741346      313.727079        313.711497        313.695171
    313.678827      313.663293        313.649434        313.638061
    313.629853      313.625283        313.624575        313.627685
    313.634322      313.643983        313.656021        313.669708
    313.684304      313.699117        313.713547        313.727116
    313.739479      313.750427        313.759872        313.767826
    313.774379      313.779672        313.783872        313.787157
    313.789696      313.791642        313.793128        313.794259
    313.795121      313.795780        313.796285        313.796673
    313.796970      313.797198        313.797371        313.797501
    313.797598      313.797669        313.797720        313.797757
    313.797782      313.797800        313.797811        313.797819
    313.797824      313.797827        313.797829        313.797830
    314.760318      314.760317        314.760315        314.760311
    314.760306      314.760297        314.760285        314.760265
    314.760237      314.760197        314.760140        314.760061
    314.759953      314.759808        314.759616        314.759363
    314.759033      314.758602        314.758041        314.757308
    314.756350      314.755093        314.753443        314.751281
    314.748459      314.744809        314.740142        314.734262
    314.726981      314.718143        314.707649        314.695484
    314.681747      314.666671        314.650637        314.634179
    314.617961      314.602753        314.589378        314.578642
    314.571269      314.567813        314.568600        314.573678
    314.582798      314.595434        314.610833        314.628092
    314.646253      314.664393        314.681706        314.697558
    314.711517      314.723345        314.732983        314.740504
    314.746069      314.749879        314.752129        314.752976
    314.752507      314.750722        314.747521        314.742700
    314.735957      314.726898        314.715064        314.699962
    314.681113      314.658110        314.630688        314.598796
    314.562666      314.522867        314.480342        314.436398
    314.392664      314.351008        314.313408        314.281802
    314.257924      314.243145        314.238346        314.243832
    314.259299      314.283863        314.316149        314.354413
    314.396703      314.441022        314.485484        314.528435
    314.568546      314.604859        314.636792        314.664110
    314.664110      314.636792        314.604859        314.568546
    314.528435      314.485484        314.441022        314.396703
    314.354413      314.316149        314.283863        314.259299
    314.243832      314.238346        314.243145        314.257924
    314.281802      314.313408        314.351008        314.392664
    314.436398      314.480342        314.522867        314.562666
    314.598796      314.630688        314.658110        314.681113
    314.699962      314.715064        314.726898        314.735957
    314.742700      314.747521        314.750722        314.752507
    314.752976      314.752129        314.749879        314.746069
    314.740504      314.732983        314.723345        314.711517
    314.697558      314.681706        314.664393        314.646253
    314.628092      314.610833        314.595434        314.582798
    314.573678      314.568600        314.567813        314.571269
    314.578642      314.589378        314.602753        314.617961
    314.634179      314.650637        314.666671        314.681747
    314.695484      314.707649        314.718143        314.726981
    314.734262      314.740142        314.744809        314.748459
    314.751281      314.753443        314.755093        314.756350
    314.757308      314.758041        314.758602        314.759033
    314.759363      314.759616        314.759808        314.759953
    314.760061      314.760140        314.760197        314.760237
    314.760265      314.760285        314.760297        314.760306
    314.760311      314.760315        314.760317        314.760318
    315.722807      315.722805        315.722803        315.722799
    315.722793      315.722784        315.722770        315.722748
    315.722717      315.722673        315.722610        315.722523
    315.722405      315.722246        315.722034        315.721756
    315.721393      315.720919        315.720301        315.719496
    315.718442      315.717059        315.715244        315.712865
    315.709762      315.705747        315.700613        315.694145
    315.686136      315.676414        315.664870        315.651489
    315.636378      315.619794        315.602158        315.584053
    315.566214      315.549485        315.534772        315.522963
    315.514852      315.511050        315.511916        315.517502
    315.527534      315.541434        315.558373        315.577358
    315.597335      315.617289        315.636333        315.653771
    315.669125      315.682136        315.692738        315.701011
    315.707132      315.711323        315.713799        315.714731
    315.714215      315.712251        315.708729        315.703427
    315.696009      315.686044        315.673027        315.656414
    315.635681      315.610378        315.580214        315.545133
    315.505389      315.461611        315.414833        315.366494
    315.318387      315.272565        315.231205        315.196439
    315.170172      315.153916        315.148637        315.154672
    315.171685      315.198706        315.234220        315.276310
    315.322829      315.371581        315.420489        315.467735
    315.511857      315.551801        315.586928        315.616978
    315.616978      315.586928        315.551801        315.511857
    315.467735      315.420489        315.371581        315.322829
    315.276310      315.234220        315.198706        315.171685
    315.154672      315.148637        315.153916        315.170172
    315.196439      315.231205        315.272565        315.318387
    315.366494      315.414833        315.461611        315.505389
    315.545133      315.580214        315.610378        315.635681
    315.656414      315.673027        315.686044        315.696009
    315.703427      315.708729        315.712251        315.714215
    315.714731      315.713799        315.711323        315.707132
    315.701011      315.692738        315.682136        315.669125
    315.653771      315.636333        315.617289        315.597335
    315.577358      315.558373        315.541434        315.527534
    315.517502      315.511916        315.511050        315.514852
    315.522963      315.534772        315.549485        315.566214
    315.584053      315.602158        315.619794        315.636378
    315.651489      315.664870        315.676414        315.686136
    315.694145      315.700613        315.705747        315.709762
    315.712865      315.715244        315.717059        315.718442
    315.719496      315.720301        315.720919        315.721393
    315.721756      315.722034        315.722246        315.722405
    315.722523      315.722610        315.722673        315.722717
    315.722748      315.722770        315.722784        315.722793
    315.722799      315.722803        315.722805        315.722807
    316.685295      316.685293        316.685291        316.685287
    316.685280      316.685270        316.685255        316.685231
    316.685198      316.685149        316.685081        316.684986
    316.684857      316.684683        316.684452        316.684149
    316.683752      316.683235        316.682562        316.681683
    316.680533      316.679025        316.677045        316.674450
    316.671064      316.666684        316.661084        316.654028
    316.645290      316.634685        316.622092        316.607494
    316.591009      316.572918        316.553678        316.533928
    316.514466      316.496217        316.480166        316.467284
    316.458435      316.454288        316.455233        316.461326
    316.472270      316.487434        316.505913        316.526624
    316.548417      316.570184        316.590960        316.609983
    316.626733      316.640927        316.652492        316.661518
    316.668196      316.672768        316.675468        316.676485
    316.675922      316.673779        316.669938        316.664154
    316.656062      316.645191        316.630990        316.612867
    316.590248      316.562645        316.529739        316.491469
    316.448112      316.400354        316.349324        316.296590
    316.244110      316.194123        316.149003        316.111076
    316.082421      316.064687        316.058928        316.065512
    316.084072      316.113549        316.152292        316.198208
    316.248956      316.302140        316.355494        316.407035
    316.455168      316.498744        316.537063        316.569845
    316.569845      316.537063        316.498744        316.455168
    316.407035      316.355494        316.302140        316.248956
    316.198208      316.152292        316.113549        316.084072
    316.065512      316.058928        316.064687        316.082421
    316.111076      316.149003        316.194123        316.244110
    316.296590      316.349324        316.400354        316.448112
    316.491469      316.529739        316.562645        316.590248
    316.612867      316.630990        316.645191        316.656062
    316.664154      316.669938        316.673779        316.675922
    316.676485      316.675468        316.672768        316.668196
    316.661518      316.652492        316.640927        316.626733
    316.609983      316.590960        316.570184        316.548417
    316.526624      316.505913        316.487434        316.472270
    316.461326      316.455233        316.454288        316.458435
    316.467284      316.480166        316.496217        316.514466
    316.533928      316.553678        316.572918        316.591009
    316.607494      316.622092        316.634685        316.645290
    316.654028      316.661084        316.666684        316.671064
    316.674450      316.677045        316.679025        316.680533
    316.681683      316.682562        316.683235        316.683752
    316.684149      316.684452        316.684683        316.684857
    316.684986      316.685081        316.685149        316.685198
    316.685231      316.685255        316.685270        316.685280
    316.685287      316.685291        316.685293        316.685295
    317.647783      317.647782        317.647779        317.647774
    317.647767      317.647756        317.647740        317.647715
    317.647678      317.647625        317.647551        317.647448
    317.647308      317.647120        317.646871        317.646542
    317.646112      317.645552        317.644823        317.643871
    317.642625      317.640991        317.638846        317.636034
    317.632367      317.627622        317.621555        317.613910
    317.604445      317.592956        317.579313        317.563499
    317.545640      317.526042        317.505198        317.483802
    317.462719      317.442949        317.425561        317.411605
    317.402019      317.397526        317.398550        317.405151
    317.417007      317.433434        317.453453        317.475890
    317.499499      317.523080        317.545587        317.566195
    317.584341      317.599718        317.612247        317.622024
    317.629259      317.634212        317.637138        317.638239
    317.637629      317.635308        317.631147        317.624880
    317.616114      317.604337        317.588953        317.569320
    317.544816      317.514913        317.479265        317.437805
    317.390835      317.339097        317.283815        317.226687
    317.169833      317.115680        317.066800        317.025712
    316.994670      316.975458        316.969220        316.976351
    316.996458      317.028392        317.070363        317.120106
    317.175083      317.232699        317.290499        317.346335
    317.398479      317.445686        317.487199        317.522713
    317.522713      317.487199        317.445686        317.398479
    317.346335      317.290499        317.232699        317.175083
    317.120106      317.070363        317.028392        316.996458
    316.976351      316.969220        316.975458        316.994670
    317.025712      317.066800        317.115680        317.169833
    317.226687      317.283815        317.339097        317.390835
    317.437805      317.479265        317.514913        317.544816
    317.569320      317.588953        317.604337        317.616114
    317.624880      317.631147        317.635308        317.637629
    317.638239      317.637138        317.634212        317.629259
    317.622024      317.612247        317.599718        317.584341
    317.566195      317.545587        317.523080        317.499499
    317.475890      317.453453        317.433434        317.417007
    317.405151      317.398550        317.397526        317.402019
    317.411605      317.425561        317.442949        317.462719
    317.483802      317.505198        317.526042        317.545640
    317.563499      317.579313        317.592956        317.604445
    317.613910      317.621555        317.627622        317.632367
    317.636034      317.638846        317.640991        317.642625
    317.643871      317.644823        317.645552        317.646112
    317.646542      317.646871        317.647120        317.647308
    317.647448      317.647551        317.647625        317.647678
    317.647715      317.647740        317.647756        317.647767
    317.647774      317.647779        317.647782        317.647783
    318.610272      318.610270        318.610267        318.610262
    318.610255      318.610243        318.610225        318.610198
    318.610158      318.610102        318.610022        318.609911
    318.609760      318.609558        318.609289        318.608935
    318.608472      318.607869        318.607083        318.606058
    318.604717      318.602957        318.600647        318.597619
    318.593669      318.588559        318.582026        318.573793
    318.563600      318.551227        318.536534        318.519504
    318.500272      318.479165        318.456719        318.433676
    318.410971      318.389681        318.370955        318.355926
    318.345602      318.340764        318.341866        318.348975
    318.361743      318.379434        318.400992        318.425155
    318.450580      318.475976        318.500214        318.522408
    318.541949      318.558509        318.572002        318.582531
    318.590323      318.595657        318.598807        318.599993
    318.599336      318.596837        318.592355        318.585607
    318.576166      318.563483        318.546915        318.525773
    318.499384      318.467180        318.428790        318.384141
    318.333558      318.277841        318.218305        318.156783
    318.095556      318.037237        317.984598        317.940349
    317.906919      317.886229        317.879511        317.887191
    317.908845      317.943235        317.988435        318.042004
    318.101210      318.163258        318.225504        318.285635
    318.341790      318.392628        318.437335        318.475580
    318.475580      318.437335        318.392628        318.341790
    318.285635      318.225504        318.163258        318.101210
    318.042004      317.988435        317.943235        317.908845
    317.887191      317.879511        317.886229        317.906919
    317.940349      317.984598        318.037237        318.095556
    318.156783      318.218305        318.277841        318.333558
    318.384141      318.428790        318.467180        318.499384
    318.525773      318.546915        318.563483        318.576166
    318.585607      318.592355        318.596837        318.599336
    318.599993      318.598807        318.595657        318.590323
    318.582531      318.572002        318.558509        318.541949
    318.522408      318.500214        318.475976        318.450580
    318.425155      318.400992        318.379434        318.361743
    318.348975      318.341866        318.340764        318.345602
    318.355926      318.370955        318.389681        318.410971
    318.433676      318.456719        318.479165        318.500272
    318.519504      318.536534        318.551227        318.563600
    318.573793      318.582026        318.588559        318.593669
    318.597619      318.600647        318.602957        318.604717
    318.606058      318.607083        318.607869        318.608472
    318.608935      318.609289        318.609558        318.609760
    318.609911      318.610022        318.610102        318.610158
    318.610198      318.610225        318.610243        318.610255
    318.610262      318.610267        318.610270        318.610272
    319.572760      319.572758        319.572755        319.572750
    319.572742      319.572729        319.572710        319.572681
    319.572638      319.572578        319.572492        319.572374
    319.572212      319.571995        319.571707        319.571328
    319.570832      319.570186        319.569344        319.568245
    319.566808      319.564923        319.562448        319.559204
    319.554972      319.549497        319.542496        319.533676
    319.522754      319.509497        319.493756        319.475508
    319.454903      319.432289        319.408239        319.383551
    319.359224      319.336413        319.316349        319.300246
    319.289186      319.284002        319.285183        319.292799
    319.306479      319.325434        319.348532        319.374421
    319.401662      319.428872        319.454841        319.478620
    319.499558      319.517300        319.531757        319.543038
    319.551386      319.557101        319.560477        319.561747
    319.561044      319.558366        319.553564        319.546333
    319.536218      319.522630        319.504878        319.482225
    319.453952      319.419448        319.378315        319.330477
    319.276281      319.216584        319.152796        319.086879
    319.021279      318.958795        318.902395        318.854986
    318.819168      318.797000        318.789802        318.798031
    318.821231      318.858078        318.906506        318.963902
    319.027337      319.093816        319.160509        319.224935
    319.285101      319.339571        319.387471        319.428448
    319.428448      319.387471        319.339571        319.285101
    319.224935      319.160509        319.093816        319.027337
    318.963902      318.906506        318.858078        318.821231
    318.798031      318.789802        318.797000        318.819168
    318.854986      318.902395        318.958795        319.021279
    319.086879      319.152796        319.216584        319.276281
    319.330477      319.378315        319.419448        319.453952
    319.482225      319.504878        319.522630        319.536218
    319.546333      319.553564        319.558366        319.561044
    319.561747      319.560477        319.557101        319.551386
    319.543038      319.531757        319.517300        319.499558
    319.478620      319.454841        319.428872        319.401662
    319.374421      319.348532        319.325434        319.306479
    319.292799      319.285183        319.284002        319.289186
    319.300246      319.316349        319.336413        319.359224
    319.383551      319.408239        319.432289        319.454903
    319.475508      319.493756        319.509497        319.522754
    319.533676      319.542496        319.549497        319.554972
    319.559204      319.562448        319.564923        319.566808
    319.568245      319.569344        319.570186        319.570832
    319.571328      319.571707        319.571995        319.572212
    319.572374      319.572492        319.572578        319.572638
    319.572681      319.572710        319.572729        319.572742
    319.572750      319.572755        319.572758        319.572760
    319.572760      319.572758        319.572755        319.572750
    319.572742      319.572729        319.572710        319.572681
    319.572638      319.572578        319.572492        319.572374
    319.572212      319.571995        319.571707        319.571328
    319.570832      319.570186        319.569344        319.568245
    319.566808      319.564923        319.562448        319.559204
    319.554972      319.549497        319.542496        319.533676
    319.522754      319.509497        319.493756        319.475508
    319.454903      319.432289        319.408239        319.383551
    319.359224      319.336413        319.316349        319.300246
    319.289186      319.284002        319.285183        319.292799
    319.306479      319.325434        319.348532        319.374421
    319.401662      319.428872        319.454841        319.478620
    319.499558      319.517300        319.531757        319.543038
    319.551386      319.557101        319.560477        319.561747
    319.561044      319.558366        319.553564        319.546333
    319.536218      319.522630        319.504878        319.482225
    319.453952      319.419448        319.378315        319.330477
    319.276281      319.216584        319.152796        319.086879
    319.021279      318.958795        318.902395        318.854986
    318.819168      318.797000        318.789802        318.798031
    318.821231      318.858078        318.906506        318.963902
    319.027337      319.093816        319.160509        319.224935
    319.285101      319.339571        319.387471        319.428448
    319.428448      319.387471        319.339571        319.285101
    319.224935      319.160509        319.093816        319.027337
    318.963902      318.906506        318.858078        318.821231
    318.798031      318.789802        318.797000        318.819168
    318.854986      318.902395        318.958795        319.021279
    319.086879      319.152796        319.216584        319.276281
    319.330477      319.378315        319.419448        319.453952
    319.482225      319.504878        319.522630        319.536218
    319.546333      319.553564        319.558366        319.561044
    319.561747      319.560477        319.557101        319.551386
    319.543038      319.531757        319.517300        319.499558
    319.478620      319.454841        319.428872        319.401662
    319.374421      319.348532        319.325434        319.306479
    319.292799      319.285183        319.284002        319.289186
    319.300246      319.316349        319.336413        319.359224
    319.383551      319.408239        319.432289        319.454903
    319.475508      319.493756        319.509497        319.522754
    319.533676      319.542496        319.549497        319.554972
    319.559204      319.562448        319.564923        319.566808
    319.568245      319.569344        319.570186        319.570832
    319.571328      319.571707        319.571995        319.572212
    319.572374      319.572492        319.572578        319.572638
    319.572681      319.572710        319.572729        319.572742
    319.572750      319.572755        319.572758        319.572760
    318.328950      318.328947        318.328942        318.328934
    318.328922      318.328904        318.328875        318.328833
    318.328772      318.328685        318.328564        318.328399
    318.328180      318.327895        318.327534        318.327088
    318.326552      318.325929        318.325232        318.324492
    318.323762      318.323127        318.322720        318.322728
    318.323411      318.325116        318.328287        318.333469
    318.341303      318.352497        318.367785        318.387865
    318.413321      318.444533        318.481599        318.524270
    318.571912      318.623504        318.677666        318.732711
    318.786717      318.837599        318.883201        318.921397
    318.950208      318.967960        318.973438        318.966047
    318.945929      318.914010        318.871954        318.822022
    318.766850      318.709187        318.651630        318.596404
    318.545198      318.499091        318.458543        318.423447
    318.393217      318.366890        318.343222        318.320783
    318.298022      318.273338        318.245133        318.211880
    318.172207      318.124991        318.069477        318.005403
    317.933122      317.853697        317.768951        317.681454
    317.594429      317.511575        317.436818        317.374006
    317.326578      317.297262        317.287806        317.298816
    317.329689      317.378673        317.443033        317.519304
    317.603605      317.691962        317.780615        317.866268
    317.946271      318.018710        318.082420        318.136930
    318.136930      318.082420        318.018710        317.946271
    317.866268      317.780615        317.691962        317.603605
    317.519304      317.443033        317.378673        317.329689
    317.298816      317.287806        317.297262        317.326578
    317.374006      317.436818        317.511575        317.594429
    317.681454      317.768951        317.853697        317.933122
    318.005403      318.069477        318.124991        318.172207
    318.211880      318.245133        318.273338        318.298022
    318.320783      318.343222        318.366890        318.393217
    318.423447      318.458543        318.499091        318.545198
    318.596404      318.651630        318.709187        318.766850
    318.822022      318.871954        318.914010        318.945929
    318.966047      318.973438        318.967960        318.950208
    318.921397      318.883201        318.837599        318.786717
    318.732711      318.677666        318.623504        318.571912
    318.524270      318.481599        318.444533        318.413321
    318.387865      318.367785        318.352497        318.341303
    318.333469      318.328287        318.325116        318.323411
    318.322728      318.322720        318.323127        318.323762
    318.324492      318.325232        318.325929        318.326552
    318.327088      318.327534        318.327895        318.328180
    318.328399      318.328564        318.328685        318.328772
    318.328833      318.328875        318.328904        318.328922
    318.328934      318.328942        318.328947        318.328950
    317.130715      317.130711        317.130704        317.130694
    317.130676      317.130650        317.130609        317.130550
    317.130463      317.130340        317.130170        317.129939
    317.129636      317.129247        317.128762        317.128180
    317.127510      317.126778        317.126044        317.125405
    317.125020      317.125126        317.126065        317.128311
    317.132496      317.139433        317.150130        317.165777
    317.187709      317.217338        317.256031        317.304969
    317.364971      317.436325        317.518648        317.610795
    317.710856      317.816222        317.923721        318.029789
    318.130654      318.222487        318.301551        318.364338
    318.407725      318.429187        318.427036        318.400677
    318.350811      318.279519        318.190186        318.087240
    317.975749      317.860935        317.747678        317.640112
    317.541335      317.453285        317.376750        317.311491
    317.256429      317.209856        317.169639        317.133392
    317.098614      317.062792        317.023495        316.978456
    316.925673      316.863525        316.790916        316.707424
    316.613448      316.510329        316.400403        316.286983
    316.174232      316.066931        315.970154        315.888876
    315.827545      315.789683        315.777553        315.791941
    315.832070      315.895679        315.979234        316.078256
    316.187720      316.302475        316.417644        316.528946
    316.632933      316.727113        316.809962        316.880861
    316.880861      316.809962        316.727113        316.632933
    316.528946      316.417644        316.302475        316.187720
    316.078256      315.979234        315.895679        315.832070
    315.791941      315.777553        315.789683        315.827545
    315.888876      315.970154        316.066931        316.174232
    316.286983      316.400403        316.510329        316.613448
    316.707424      316.790916        316.863525        316.925673
    316.978456      317.023495        317.062792        317.098614
    317.133392      317.169639        317.209856        317.256429
    317.311491      317.376750        317.453285        317.541335
    317.640112      317.747678        317.860935        317.975749
    318.087240      318.190186        318.279519        318.350811
    318.400677      318.427036        318.429187        318.407725
    318.364338      318.301551        318.222487        318.130654
    318.029789      317.923721        317.816222        317.710856
    317.610795      317.518648        317.436325        317.364971
    317.304969      317.256031        317.217338        317.187709
    317.165777      317.150130        317.139433        317.132496
    317.128311      317.126065        317.125126        317.125020
    317.125405      317.126044        317.126778        317.127510
    317.128180      317.128762        317.129247        317.129636
    317.129939      317.130170        317.130340        317.130463
    317.130550      317.130609        317.130650        317.130676
    317.130694      317.130704        317.130711        317.130715
    315.977334      315.977329        315.977320        315.977305
    315.977281      315.977245        315.977189        315.977107
    315.976988      315.976820        315.976586        315.976271
    315.975855      315.975323        315.974661        315.973868
    315.972957      315.971969        315.970985        315.970144
    315.969667      315.969886        315.971274        315.974482
    315.980378      315.990065        316.004898        316.026457
    316.056489      316.096791        316.149047        316.214617
    316.294309      316.388170        316.495334        316.613972
    316.741359      316.874051        317.008125        317.139433
    317.263795      317.377114        317.475403        317.554803
    317.611641      317.642613        317.645105        317.617605
    317.560120      317.474454        317.364265        317.234822
    317.092522      316.944220        316.796529        316.655191
    316.524630      316.407720        316.305765        316.218651
    316.145092      316.082926        316.029401        315.981416
    315.935715      315.889036        315.838228        315.780368
    315.712877      315.633676        315.541356        315.435372
    315.316220      315.185591        315.046436        314.902942
    314.760367      314.624745        314.502481        314.399846
    314.322448      314.274727        314.259538        314.277872
    314.328762      314.409367        314.515238        314.640729
    314.779498      314.925033        315.071154        315.212431
    315.344479      315.464119        315.569402        315.659526
    315.659526      315.569402        315.464119        315.344479
    315.212431      315.071154        314.925033        314.779498
    314.640729      314.515238        314.409367        314.328762
    314.277872      314.259538        314.274727        314.322448
    314.399846      314.502481        314.624745        314.760367
    314.902942      315.046436        315.185591        315.316220
    315.435372      315.541356        315.633676        315.712877
    315.780368      315.838228        315.889036        315.935715
    315.981416      316.029401        316.082926        316.145092
    316.218651      316.305765        316.407720        316.524630
    316.655191      316.796529        316.944220        317.092522
    317.234822      317.364265        317.474454        317.560120
    317.617605      317.645105        317.642613        317.611641
    317.554803      317.475403        317.377114        317.263795
    317.139433      317.008125        316.874051        316.741359
    316.613972      316.495334        316.388170        316.294309
    316.214617      316.149047        316.096791        316.056489
    316.026457      316.004898        315.990065        315.980378
    315.974482      315.971274        315.969886        315.969667
    315.970144      315.970985        315.971969        315.972957
    315.973868      315.974661        315.975323        315.975855
    315.976271      315.976586        315.976820        315.976988
    315.977107      315.977189        315.977245        315.977281
    315.977305      315.977320        315.977329        315.977334
    314.868085      314.868077        314.868065        314.868046
    314.868015      314.867967        314.867895        314.867787
    314.867631      314.867409        314.867102        314.866686
    314.866136      314.865429        314.864545        314.863475
    314.862227      314.860840        314.859396        314.858043
    314.857017      314.856676        314.857534        314.860299
    314.865910      314.875563        314.890712        314.913041
    314.944379      314.986559        315.041223        315.109578
    315.192153      315.288599        315.397588        315.516853
    315.643388      315.773758        315.904448        316.032145
    316.153850      316.266802        316.368226        316.455044
    316.523697      316.570212        316.590584        316.581422
    316.540691      316.468366        316.366781        316.240572
    316.096209      315.941221        315.783291        315.629400
    315.485166      315.354457        315.239292        315.139956
    315.055279      314.982977        314.919993        314.862796
    314.807617      314.750641        314.688152        314.616679
    314.533151      314.435088        314.320816        314.189709
    314.042418      313.881052        313.709270        313.532242
    313.356449      313.189322        313.038734        312.912388
    312.817167      312.758518        312.739948        312.762684
    312.825554      312.925091        313.055852        313.210916
    313.382484      313.562535        313.743435        313.918457
    314.082151      314.230550        314.361212        314.473112
    314.473112      314.361212        314.230550        314.082151
    313.918457      313.743435        313.562535        313.382484
    313.210916      313.055852        312.925091        312.825554
    312.762684      312.739948        312.758518        312.817167
    312.912388      313.038734        313.189322        313.356449
    313.532242      313.709270        313.881052        314.042418
    314.189709      314.320816        314.435088        314.533151
    314.616679      314.688152        314.750641        314.807617
    314.862796      314.919993        314.982977        315.055279
    315.139956      315.239292        315.354457        315.485166
    315.629400      315.783291        315.941221        316.096209
    316.240572      316.366781        316.468366        316.540691
    316.581422      316.590584        316.570212        316.523697
    316.455044      316.368226        316.266802        316.153850
    316.032145      315.904448        315.773758        315.643388
    315.516853      315.397588        315.288599        315.192153
    315.109578      315.041223        314.986559        314.944379
    314.913041      314.890712        314.875563        314.865910
    314.860299      314.857534        314.856676        314.857017
    314.858043      314.859396        314.860840        314.862227
    314.863475      314.864545        314.865429        314.866136
    314.866686      314.867102        314.867409        314.867631
    314.867787      314.867895        314.867967        314.868015
    314.868046      314.868065        314.868077        314.868085
    313.802244      313.802235        313.802220        313.802196
    313.802158      313.802099        313.802009        313.801876
    313.801682      313.801407        313.801025        313.800506
    313.799818      313.798926        313.797802        313.796422
    313.794780      313.792899        313.790838        313.788718
    313.786743      313.785227        313.784626        313.785578
    313.788928      313.795755        313.807362        313.825240
    313.850969      313.886067        313.931778        313.988836
    314.057242      314.136121        314.223732        314.317649
    314.415137      314.513622        314.611134        314.706572
    314.799644      314.890457        314.978840        315.063590
    315.141922      315.209340        315.260061        315.287939
    315.287652      315.255868        315.192055        315.098753
    314.981236      314.846702        314.703194        314.558499
    314.419249      314.290331        314.174640        314.073129
    313.985064      313.908377        313.840035        313.776378
    313.713394      313.646933        313.572892        313.487391
    313.386972      313.268830        313.131091        312.973102
    312.795719      312.601531        312.394969        312.182261
    311.971191      311.770663        311.590091        311.438672
    311.324613      311.254408        311.232241        311.259594
    311.335100      311.454662        311.611826        311.798353
    312.004933      312.221950        312.440220        312.651614
    312.849518      313.029091        313.187324        313.322928
    313.322928      313.187324        313.029091        312.849518
    312.651614      312.440220        312.221950        312.004933
    311.798353      311.611826        311.454662        311.335100
    311.259594      311.232241        311.254408        311.324613
    311.438672      311.590091        311.770663        311.971191
    312.182261      312.394969        312.601531        312.795719
    312.973102      313.131091        313.268830        313.386972
    313.487391      313.572892        313.646933        313.713394
    313.776378      313.840035        313.908377        313.985064
    314.073129      314.174640        314.290331        314.419249
    314.558499      314.703194        314.846702        314.981236
    315.098753      315.192055        315.255868        315.287652
    315.287939      315.260061        315.209340        315.141922
    315.063590      314.978840        314.890457        314.799644
    314.706572      314.611134        314.513622        314.415137
    314.317649      314.223732        314.136121        314.057242
    313.988836      313.931778        313.886067        313.850969
    313.825240      313.807362        313.795755        313.788928
    313.785578      313.784626        313.785227        313.786743
    313.788718      313.790838        313.792899        313.794780
    313.796422      313.797802        313.798926        313.799818
    313.800506      313.801025        313.801407        313.801682
    313.801876      313.802009        313.802099        313.802158
    313.802196      313.802220        313.802235        313.802244
    312.779090      312.779080        312.779063        312.779036
    312.778992      312.778925        312.778823        312.778670
    312.778449      312.778134        312.777695        312.777097
    312.776299      312.775258        312.773932        312.772282
    312.770278      312.767911        312.765198        312.762201
    312.759040      312.755917        312.753141        312.751152
    312.750546      312.752088        312.756694        312.765392
    312.779212      312.799045        312.825434        312.858376
    312.897155      312.940306        312.985765        313.031245
    313.074804      313.115484        313.153837        313.192114
    313.233963      313.283594        313.344553        313.418405
    313.503713      313.595648        313.686433        313.766551
    313.826456      313.858340        313.857529        313.823196
    313.758274      313.668677        313.562086        313.446629
    313.329707      313.217176        313.112913        313.018754
    312.934676      312.859134        312.789435        312.722086
    312.653095      312.578210        312.493135        312.393740
    312.276303      312.137796        311.976218        311.790951
    311.583105      311.355783        311.114217        310.865709
    310.619346      310.385491        310.175066        309.998716
    309.865922      309.784183        309.758338        309.790129
    309.878031      310.017382        310.200790        310.418770
    310.660551      310.914949        311.171220        311.419795
    311.652838      311.864569        312.051353        312.211582
    312.211582      312.051353        311.864569        311.652838
    311.419795      311.171220        310.914949        310.660551
    310.418770      310.200790        310.017382        309.878031
    309.790129      309.758338        309.784183        309.865922
    309.998716      310.175066        310.385491        310.619346
    310.865709      311.114217        311.355783        311.583105
    311.790951      311.976218        312.137796        312.276303
    312.393740      312.493135        312.578210        312.653095
    312.722086      312.789435        312.859134        312.934676
    313.018754      313.112913        313.217176        313.329707
    313.446629      313.562086        313.668677        313.758274
    313.823196      313.857529        313.858340        313.826456
    313.766551      313.686433        313.595648        313.503713
    313.418405      313.344553        313.283594        313.233963
    313.192114      313.153837        313.115484        313.074804
    313.031245      312.985765        312.940306        312.897155
    312.858376      312.825434        312.799045        312.779212
    312.765392      312.756694        312.752088        312.750546
    312.751152      312.753141        312.755917        312.759040
    312.762201      312.765198        312.767911        312.770278
    312.772282      312.773932        312.775258        312.776299
    312.777097      312.777695        312.778134        312.778449
    312.778670      312.778823        312.778925        312.778992
    312.779036      312.779063        312.779080        312.779090
    311.797902      311.797892        311.797875        311.797848
    311.797804      311.797737        311.797634        311.797481
    311.797258      311.796940        311.796495        311.795886
    311.795068      311.793992        311.792603        311.790846
    311.788664      311.786004        311.782824        311.779095
    311.774810      311.769997        311.764733        311.759152
    311.753464      311.747951        311.742949        311.738800
    311.735756      311.733842        311.732694        311.731406
    311.728462      311.721828        311.709272        311.688942
    311.660133      311.624075        311.584507        311.547759
    311.522154      311.516711        311.539340        311.594921
    311.683781      311.801007        311.936867        312.078290
    312.211072      312.322282        312.402296        312.446024
    312.453158      312.427507        312.375717        312.305748
    312.225455      312.141520        312.058811        311.980160
    311.906458      311.836929        311.769481        311.701054
    311.627925      311.545966        311.450890        311.338488
    311.204921      311.047052        310.862847        310.651787
    310.415269      310.156922        309.882749        309.601064
    309.322155      309.057702        308.819962        308.620838
    308.470904      308.378509        308.349060        308.384546
    308.483359      308.640421        308.847601        309.094391
    309.368766      309.658138        309.950316        310.234348
    310.501181      310.744063        310.958677        311.143039
    311.143039      310.958677        310.744063        310.501181
    310.234348      309.950316        309.658138        309.368766
    309.094391      308.847601        308.640421        308.483359
    308.384546      308.349060        308.378509        308.470904
    308.620838      308.819962        309.057702        309.322155
    309.601064      309.882749        310.156922        310.415269
    310.651787      310.862847        311.047052        311.204921
    311.338488      311.450890        311.545966        311.627925
    311.701054      311.769481        311.836929        311.906458
    311.980160      312.058811        312.141520        312.225455
    312.305748      312.375717        312.427507        312.453158
    312.446024      312.402296        312.322282        312.211072
    312.078290      311.936867        311.801007        311.683781
    311.594921      311.539340        311.516711        311.522154
    311.547759      311.584507        311.624075        311.660133
    311.688942      311.709272        311.721828        311.728462
    311.731406      311.732694        311.733842        311.735756
    311.738800      311.742949        311.747951        311.753464
    311.759152      311.764733        311.769997        311.774810
    311.779095      311.782824        311.786004        311.788664
    311.790846      311.792603        311.793992        311.795068
    311.795886      311.796495        311.796940        311.797258
    311.797481      311.797634        311.797737        311.797804
    311.797848      311.797875        311.797892        311.797902
    310.857959      310.857951        310.857938        310.857917
    310.857884      310.857832        310.857754        310.857636
    310.857465      310.857218        310.856870        310.856389
    310.855734      310.854857        310.853701        310.852195
    310.850257      310.847786        310.844664        310.840748
    310.835865      310.829818        310.822377        310.813286
    310.802256      310.788965        310.773029        310.753961
    310.731090      310.703456        310.669697        310.627977
    310.576026      310.511371        310.431828        310.336268
    310.225538      310.103364        309.976924        309.856792
    309.756052      309.688563        309.666630        309.698549
    309.786619      309.926157        310.105850        310.309421
    310.518242      310.714299        310.882827        311.014081
    311.103964      311.153565        311.167889        311.154206
    311.120428      311.073805        311.020073        310.963062
    310.904663      310.845023        310.782846        310.715712
    310.640386      310.553076        310.449698        310.326151
    310.178635      310.004045        309.800413        309.567385
    309.306670      309.022383        308.721212        308.412322
    308.106979      307.817885        307.558295        307.341004
    307.177328      307.076185        307.043371        307.081089
    307.187766      307.358159        307.583756        307.853426
    308.154285      308.472690        308.795266        309.109848
    309.406250      309.676758        309.916334        310.122544
    310.122544      309.916334        309.676758        309.406250
    309.109848      308.795266        308.472690        308.154285
    307.853426      307.583756        307.358159        307.187766
    307.081089      307.043371        307.076185        307.177328
    307.341004      307.558295        307.817885        308.106979
    308.412322      308.721212        309.022383        309.306670
    309.567385      309.800413        310.004045        310.178635
    310.326151      310.449698        310.553076        310.640386
    310.715712      310.782846        310.845023        310.904663
    310.963062      311.020073        311.073805        311.120428
    311.154206      311.167889        311.153565        311.103964
    311.014081      310.882827        310.714299        310.518242
    310.309421      310.105850        309.926157        309.786619
    309.698549      309.666630        309.688563        309.756052
    309.856792      309.976924        310.103364        310.225538
    310.336268      310.431828        310.511371        310.576026
    310.627977      310.669697        310.703456        310.731090
    310.753961      310.773029        310.788965        310.802256
    310.813286      310.822377        310.829818        310.835865
    310.840748      310.844664        310.847786        310.850257
    310.852195      310.853701        310.854857        310.855734
    310.856389      310.856870        310.857218        310.857465
    310.857636      310.857754        310.857832        310.857884
    310.857917      310.857938        310.857951        310.857959
    309.958539      309.958538        309.958537        309.958534
    309.958529      309.958521        309.958509        309.958489
    309.958459      309.958411        309.958339        309.958226
    309.958054      309.957790        309.957386        309.956773
    309.955847      309.954462        309.952413        309.949425
    309.945128      309.939053        309.930611        309.919082
    309.903610      309.883190        309.856647        309.822605
    309.779435      309.725193        309.657575        309.573930
    309.471417      309.347364        309.199908        309.028885
    308.836857      308.630040        308.418833        308.217608
    308.043575      307.914731        307.847154        307.852174
    307.934038      308.088674        308.303913        308.561197
    308.838422      309.113282        309.366383        309.583499
    309.756617      309.883739        309.967735        310.014664
    310.032019      310.027240        310.006675        309.975013
    309.935111      309.888082        309.833529        309.769821
    309.694375      309.603923        309.494773        309.363112
    309.205358      309.018581        308.800994        308.552469
    308.275026      307.973196        307.654185        307.327757
    307.005793      306.701571        306.428817        306.200664
    306.028640      305.921796        305.886042        305.923725
    306.033464      306.210220        306.445620        306.728514
    307.045771      307.383237        307.726790        308.063360
    308.381799      308.673496        308.932671        309.156361
    309.156361      308.932671        308.673496        308.381799
    308.063360      307.726790        307.383237        307.045771
    306.728514      306.445620        306.210220        306.033464
    305.923725      305.886042        305.921796        306.028640
    306.200664      306.428817        306.701571        307.005793
    307.327757      307.654185        307.973196        308.275026
    308.552469      308.800994        309.018581        309.205358
    309.363112      309.494773        309.603923        309.694375
    309.769821      309.833529        309.888082        309.935111
    309.975013      310.006675        310.027240        310.032019
    310.014664      309.967735        309.883739        309.756617
    309.583499      309.366383        309.113282        308.838422
    308.561197      308.303913        308.088674        307.934038
    307.852174      307.847154        307.914731        308.043575
    308.217608      308.418833        308.630040        308.836857
    309.028885      309.199908        309.347364        309.471417
    309.573930      309.657575        309.725193        309.779435
    309.822605      309.856647        309.883190        309.903610
    309.919082      309.930611        309.939053        309.945128
    309.949425      309.952413        309.954462        309.955847
    309.956773      309.957386        309.957790        309.958054
    309.958226      309.958339        309.958411        309.958459
    309.958489      309.958509        309.958521        309.958529
    309.958534      309.958537        309.958538        309.958539
    309.098925      309.098938        309.098958        309.098991
    309.099042      309.099122        309.099242        309.099419
    309.099672      309.100027        309.100509        309.101147
    309.101962      309.102965        309.104143        309.105446
    309.106769      309.107925        309.108624        309.108439
    309.106779      309.102863        309.095695        309.084048
    309.066451      309.041187        309.006281        308.959495
    308.898310      308.819926        308.721281        308.599163
    308.450462      308.272636        308.064439        307.826856
    307.564143      307.284690        307.001442        306.731545
    306.495057      306.312746        306.203252        306.180121
    306.249312      306.407780        306.643516        306.937116
    307.264592      307.600839        307.923013        308.213157
    308.459637      308.657293        308.806508        308.911638
    308.979230      309.016442        309.029851        309.024734
    309.004749      308.971910        308.926727        308.868425
    308.795193      308.704425        308.592995        308.457556
    308.294914      308.102469        307.878728        307.623847
    307.340131      307.032416        306.708201        306.377501
    306.052341      305.745975        305.471909        305.242873
    305.069898      304.961572        304.923531        304.958156
    305.064442      305.238021        305.471336        305.754025
    306.073529      306.415936        306.766991        307.113166
    307.442631      307.746001        308.016759        308.251330
    308.251330      308.016759        307.746001        307.442631
    307.113166      306.766991        306.415936        306.073529
    305.754025      305.471336        305.238021        305.064442
    304.958156      304.923531        304.961572        305.069898
    305.242873      305.471909        305.745975        306.052341
    306.377501      306.708201        307.032416        307.340131
    307.623847      307.878728        308.102469        308.294914
    308.457556      308.592995        308.704425        308.795193
    308.868425      308.926727        308.971910        309.004749
    309.024734      309.029851        309.016442        308.979230
    308.911638      308.806508        308.657293        308.459637
    308.213157      307.923013        307.600839        307.264592
    306.937116      306.643516        306.407780        306.249312
    306.180121      306.203252        306.312746        306.495057
    306.731545      307.001442        307.284690        307.564143
    307.826856      308.064439        308.272636        308.450462
    308.599163      308.721281        308.819926        308.898310
    308.959495      309.006281        309.041187        309.066451
    309.084048      309.095695        309.102863        309.106779
    309.108439      309.108624        309.107925        309.106769
    309.105446      309.104143        309.102965        309.101962
    309.101147      309.100509        309.100027        309.099672
    309.099419      309.099242        309.099122        309.099042
    309.098991      309.098958        309.098938        309.098925
    308.278398      308.278434        308.278492        308.278587
    308.278736      308.278968        308.279317        308.279834
    308.280581      308.281635        308.283086        308.285034
    308.287580      308.290815        308.294798        308.299533
    308.304939      308.310805        308.316757        308.322205
    308.326310      308.327939        308.325648        308.317659
    308.301865      308.275837        308.236845        308.181882
    308.107698      308.010860        307.887843        307.735225
    307.550015      307.330174        307.075354        306.787795
    306.473243      306.141678        305.807559        305.489358
    305.208233      304.985903        304.841953        304.791011
    304.840333      304.988299        305.224228        305.529619
    305.880642      306.251403        306.617325        306.957961
    307.258766      307.511630        307.714287        307.868975
    307.980777      308.056031        308.101072        308.121383
    308.121153      308.103122        308.068621        308.017723
    307.949433      307.861911        307.752725        307.619151
    307.458542      307.268769        307.048740        306.798934
    306.521911      306.222662        305.908722        305.589952
    305.277973      304.985317        304.724449        304.506809
    304.342060      304.237588        304.198255        304.226295
    304.321266      304.479998        304.696556        304.962325
    305.266322      305.595805        305.937172        306.277019
    306.603218      306.905807        307.177571        307.414251
    307.414251      307.177571        306.905807        306.603218
    306.277019      305.937172        305.595805        305.266322
    304.962325      304.696556        304.479998        304.321266
    304.226295      304.198255        304.237588        304.342060
    304.506809      304.724449        304.985317        305.277973
    305.589952      305.908722        306.222662        306.521911
    306.798934      307.048740        307.268769        307.458542
    307.619151      307.752725        307.861911        307.949433
    308.017723      308.068621        308.103122        308.121153
    308.121383      308.101072        308.056031        307.980777
    307.868975      307.714287        307.511630        307.258766
    306.957961      306.617325        306.251403        305.880642
    305.529619      305.224228        304.988299        304.840333
    304.791011      304.841953        304.985903        305.208233
    305.489358      305.807559        306.141678        306.473243
    306.787795      307.075354        307.330174        307.550015
    307.735225      307.887843        308.010860        308.107698
    308.181882      308.236845        308.275837        308.301865
    308.317659      308.325648        308.327939        308.326310
    308.322205      308.316757        308.310805        308.304939
    308.299533      308.294798        308.290815        308.287580
    308.285034      308.283086        308.281635        308.280581
    308.279834      308.279317        308.278968        308.278736
    308.278587      308.278492        308.278434        308.278398
    307.496241      307.496313        307.496432        307.496625
    307.496930      307.497401        307.498116        307.499173
    307.500704      307.502869        307.505862        307.509898
    307.515209      307.522016        307.530504        307.540781
    307.552823      307.566424        307.581127        307.596170
    307.610426      307.622369        307.630048        307.631091
    307.622726      307.601829        307.564979        307.508536
    307.428730      307.321779        307.184054        307.012329
    306.804146      306.558340        306.275696        305.959704
    305.617267      305.259181        304.900194        304.558461
    304.254326      304.008482        303.839697        303.762419
    303.784646      303.906477        304.119670        304.408399
    304.751164      305.123537        305.501237        305.862925
    306.192201      306.478519        306.717025        306.907578
    307.053339      307.159305        307.231052        307.273828
    307.291992      307.288746        307.266075        307.224800
    307.164722      307.084798        306.983370        306.858444
    306.708041      306.530620        306.325566        306.093719
    305.837842      305.562945        305.276340        304.987337
    304.706595      304.445204        304.213713        304.021302
    303.875289      303.780999        303.741902        303.759821
    303.835018      303.966052        304.149455        304.379411
    304.647626      304.943592        305.255264        305.570071
    305.876068      306.162986        306.423010        306.651152
    306.651152      306.423010        306.162986        305.876068
    305.570071      305.255264        304.943592        304.647626
    304.379411      304.149455        303.966052        303.835018
    303.759821      303.741902        303.780999        303.875289
    304.021302      304.213713        304.445204        304.706595
    304.987337      305.276340        305.562945        305.837842
    306.093719      306.325566        306.530620        306.708041
    306.858444      306.983370        307.084798        307.164722
    307.224800      307.266075        307.288746        307.291992
    307.273828      307.231052        307.159305        307.053339
    306.907578      306.717025        306.478519        306.192201
    305.862925      305.501237        305.123537        304.751164
    304.408399      304.119670        303.906477        303.784646
    303.762419      303.839697        304.008482        304.254326
    304.558461      304.900194        305.259181        305.617267
    305.959704      306.275696        306.558340        306.804146
    307.012329      307.184054        307.321779        307.428730
    307.508536      307.564979        307.601829        307.622726
    307.631091      307.630048        307.622369        307.610426
    307.596170      307.581127        307.566424        307.552823
    307.540781      307.530504        307.522016        307.515209
    307.509898      307.505862        307.502869        307.500704
    307.499173      307.498116        307.497401        307.496930
    307.496625      307.496432        307.496313        307.496241
    306.751736      306.751863        306.752072        306.752411
    306.752947      306.753776        306.755033        306.756894
    306.759592      306.763413        306.768702        306.775853
    306.785290      306.797437        306.812674        306.831270
    306.853317      306.878638        306.906705        306.936558
    306.966737      306.995250        307.019561        307.036628
    307.042962      307.034734        307.007891        306.958294
    306.881873      306.774803        306.633720        306.456000
    306.240120      305.986104        305.696033        305.374554
    305.029292      304.671040        304.313612        303.973294
    303.667857      303.415186        303.231631        303.130251
    303.119161      303.200245        303.368510        303.612272
    303.914292      304.253752        304.608750        304.958828
    305.287048      305.581233        305.834271        306.043595
    306.210144      306.337131        306.428890        306.489965
    306.524480      306.535771        306.526220        306.497225
    306.449271      306.382060        306.294705        306.185977
    306.054621      305.899743        305.721261        305.520389
    305.300069      305.065232        304.822775        304.581146
    304.349573      304.137054        303.951394        303.798547
    303.682470      303.605490        303.568969        303.573943
    303.621412      303.712110        303.845836        304.020598
    304.231923      304.472638        304.733235        305.002765
    305.270034      305.524828        305.758891        305.966514
    305.966514      305.758891        305.524828        305.270034
    305.002765      304.733235        304.472638        304.231923
    304.020598      303.845836        303.712110        303.621412
    303.573943      303.568969        303.605490        303.682470
    303.798547      303.951394        304.137054        304.349573
    304.581146      304.822775        305.065232        305.300069
    305.520389      305.721261        305.899743        306.054621
    306.185977      306.294705        306.382060        306.449271
    306.497225      306.526220        306.535771        306.524480
    306.489965      306.428890        306.337131        306.210144
    306.043595      305.834271        305.581233        305.287048
    304.958828      304.608750        304.253752        303.914292
    303.612272      303.368510        303.200245        303.119161
    303.130251      303.231631        303.415186        303.667857
    303.973294      304.313612        304.671040        305.029292
    305.374554      305.696033        305.986104        306.240120
    306.456000      306.633720        306.774803        306.881873
    306.958294      307.007891        307.034734        307.042962
    307.036628      307.019561        306.995250        306.966737
    306.936558      306.906705        306.878638        306.853317
    306.831270      306.812674        306.797437        306.785290
    306.775853      306.768702        306.763413        306.759592
    306.756894      306.755033        306.753776        306.752947
    306.752411      306.752072        306.751863        306.751736
    306.044168      306.044372        306.044709        306.045253
    306.046115      306.047449        306.049471        306.052468
    306.056814      306.062973        306.071507        306.083059
    306.098331      306.118037        306.142835        306.173240
    306.209513      306.251548        306.298745        306.349914
    306.403190      306.456009        306.505123        306.546687
    306.576390      306.589633        306.581737        306.548157
    306.484713      306.387813        306.254705        306.083742
    305.874682      305.628991        305.350125        305.043728
    304.717696      304.382063        304.048701        303.730825
    303.442341      303.197047        303.007705        302.885014
    302.836544      302.865730        302.971102        303.145954
    303.378654      303.653700        303.953411        304.259969
    304.557369      304.832875        305.077750        305.287238
    305.459981      305.597124        305.701365        305.776111
    305.824833      305.850623        305.855940        305.842493
    305.811241      305.762476        305.695969        305.611185
    305.507554      305.384821        305.243447        305.085048
    304.912762      304.731448        304.547540        304.368485
    304.201794      304.053904        303.929193        303.829523
    303.754516      303.702541        303.672053        303.662801
    303.676394      303.716017        303.785358        303.887132
    304.021712      304.186306        304.374914        304.579031
    304.788858      304.994670        305.188022        305.362568
    305.362568      305.188022        304.994670        304.788858
    304.579031      304.374914        304.186306        304.021712
    303.887132      303.785358        303.716017        303.676394
    303.662801      303.672053        303.702541        303.754516
    303.829523      303.929193        304.053904        304.201794
    304.368485      304.547540        304.731448        304.912762
    305.085048      305.243447        305.384821        305.507554
    305.611185      305.695969        305.762476        305.811241
    305.842493      305.855940        305.850623        305.824833
    305.776111      305.701365        305.597124        305.459981
    305.287238      305.077750        304.832875        304.557369
    304.259969      303.953411        303.653700        303.378654
    303.145954      302.971102        302.865730        302.836544
    302.885014      303.007705        303.197047        303.442341
    303.730825      304.048701        304.382063        304.717696
    305.043728      305.350125        305.628991        305.874682
    306.083742      306.254705        306.387813        306.484713
    306.548157      306.581737        306.589633        306.576390
    306.546687      306.505123        306.456009        306.403190
    306.349914      306.298745        306.251548        306.209513
    306.173240      306.142835        306.118037        306.098331
    306.083059      306.071507        306.062973        306.056814
    306.052468      306.049471        306.047449        306.046115
    306.045253      306.044709        306.044372        306.044168
    305.372820      305.373128        305.373636        305.374458
    305.375759      305.377774        305.380829        305.385358
    305.391925      305.401239        305.414151        305.431643
    305.454794      305.484710        305.522432        305.568809
    305.624347      305.689044        305.762228        305.842422
    305.927251      306.013422        306.096784        306.172480
    306.235180      306.279361        306.299637        306.291079
    306.249520      306.171834        306.056182        305.902230
    305.711313      305.486532        305.232738        304.956378
    304.665212      304.367944        304.073836        303.792370
    303.532979      303.304818        303.116504        302.975778
    302.889017      302.860611        302.892224        302.982123
    303.124772      303.310970        303.528634        303.764139
    304.003927      304.235989        304.450905        304.642288
    304.806696      304.943145        305.052445        305.136508
    305.197749      305.238613        305.261249        305.267324
    305.257951      305.233725        305.194828        305.141213
    305.072848      304.990025        304.893729        304.786027
    304.670381      304.551738        304.436239        304.330444
    304.240134      304.168967        304.117446        304.082650
    304.059007      304.040009        304.020366        303.997905
    303.974521      303.955868        303.949869        303.964564
    304.005966      304.076547        304.174693        304.295148
    304.430180      304.571072        304.709531        304.838748
    304.838748      304.709531        304.571072        304.430180
    304.295148      304.174693        304.076547        304.005966
    303.964564      303.949869        303.955868        303.974521
    303.997905      304.020366        304.040009        304.059007
    304.082650      304.117446        304.168967        304.240134
    304.330444      304.436239        304.551738        304.670381
    304.786027      304.893729        304.990025        305.072848
    305.141213      305.194828        305.233725        305.257951
    305.267324      305.261249        305.238613        305.197749
    305.136508      305.052445        304.943145        304.806696
    304.642288      304.450905        304.235989        304.003927
    303.764139      303.528634        303.310970        303.124772
    302.982123      302.892224        302.860611        302.889017
    302.975778      303.116504        303.304818        303.532979
    303.792370      304.073836        304.367944        304.665212
    304.956378      305.232738        305.486532        305.711313
    305.902230      306.056182        306.171834        306.249520
    306.291079      306.299637        306.279361        306.235180
    306.172480      306.096784        306.013422        305.927251
    305.842422      305.762228        305.689044        305.624347
    305.568809      305.522432        305.484710        305.454794
    305.431643      305.414151        305.401239        305.391925
    305.385358      305.380829        305.377774        305.375759
    305.374458      305.373636        305.373128        305.372820
    304.736974      304.737416        304.738146        304.739328
    304.741197      304.744094        304.748484        304.754995
    304.764438      304.777834        304.796413        304.821596
    304.854948      304.898088        304.952553        305.019630
    305.100144      305.194237        305.301149        305.419034
    305.544858      305.674383        305.802282        305.922384
    306.028028      306.112504        306.169529        306.193711
    306.180956      306.128790        306.036570        305.905591
    305.739050      305.541846        305.320217        305.081221
    304.832154      304.580033        304.331258        304.091523
    303.865937      303.659248        303.476067        303.321006
    303.198678      303.113500        303.069209        303.068130
    303.110350      303.193090        303.310586        303.454605
    303.615471      303.783332        303.949299        304.106248
    304.249171      304.375144        304.483014        304.572947
    304.645938      304.703363        304.746619        304.776885
    304.794990      304.801402        304.796320        304.779836
    304.752180      304.714027        304.666857        304.613309
    304.557434      304.504653        304.461257        304.433329
    304.425207      304.437854        304.467706        304.506602
    304.543089      304.564962        304.562353        304.530439
    304.470873      304.391502        304.304484        304.223437
    304.160483      304.123981        304.117412        304.139493
    304.185232      304.247485        304.318545        304.391417
    304.391417      304.318545        304.247485        304.185232
    304.139493      304.117412        304.123981        304.160483
    304.223437      304.304484        304.391502        304.470873
    304.530439      304.562353        304.564962        304.543089
    304.506602      304.467706        304.437854        304.425207
    304.433329      304.461257        304.504653        304.557434
    304.613309      304.666857        304.714027        304.752180
    304.779836      304.796320        304.801402        304.794990
    304.776885      304.746619        304.703363        304.645938
    304.572947      304.483014        304.375144        304.249171
    304.106248      303.949299        303.783332        303.615471
    303.454605      303.310586        303.193090        303.110350
    303.068130      303.069209        303.113500        303.198678
    303.321006      303.476067        303.659248        303.865937
    304.091523      304.331258        304.580033        304.832154
    305.081221      305.320217        305.541846        305.739050
    305.905591      306.036570        306.128790        306.180956
    306.193711      306.169529        306.112504        306.028028
    305.922384      305.802282        305.674383        305.544858
    305.419034      305.301149        305.194237        305.100144
    305.019630      304.952553        304.898088        304.854948
    304.821596      304.796413        304.777834        304.764438
    304.754995      304.748484        304.744094        304.741197
    304.739328      304.738146        304.737416        304.736974
    304.135911      304.136520        304.137527        304.139155
    304.141733      304.145726        304.151778        304.160755
    304.173779      304.192256        304.217889        304.252646
    304.298700      304.358305        304.433620        304.526476
    304.638096      304.768797        304.917695        305.082474
    305.259241      305.442532        305.625488        305.800211
    305.958288      306.091429        306.192156        306.254455
    306.274316      306.250088        306.182635        306.075244
    305.933288      305.763646        305.573931        305.371625
    305.163300      304.954122        304.747743        304.546567
    304.352215      304.166000        303.989300        303.823861
    303.672089      303.537285        303.423655        303.335892
    303.278315      303.253809        303.262943        303.303597
    303.371220      303.459583        303.561759        303.671055
    303.781713      303.889307        303.990829        304.084554
    304.169741      304.246272        304.314303        304.373991
    304.425323      304.468084        304.501941        304.526640
    304.542293      304.549739        304.550940        304.549339
    304.550031      304.559547        304.585054        304.632866
    304.706452      304.804418        304.919197        305.037149
    305.140460      305.210564        305.232258        305.197306
    305.106428      304.969112        304.801386        304.622304
    304.450181      304.299565        304.179511        304.093291
    304.039278      304.012491        304.006299        304.013891
    304.013891      304.006299        304.012491        304.039278
    304.093291      304.179511        304.299565        304.450181
    304.622304      304.801386        304.969112        305.106428
    305.197306      305.232258        305.210564        305.140460
    305.037149      304.919197        304.804418        304.706452
    304.632866      304.585054        304.559547        304.550031
    304.549339      304.550940        304.549739        304.542293
    304.526640      304.501941        304.468084        304.425323
    304.373991      304.314303        304.246272        304.169741
    304.084554      303.990829        303.889307        303.781713
    303.671055      303.561759        303.459583        303.371220
    303.303597      303.262943        303.253809        303.278315
    303.335892      303.423655        303.537285        303.672089
    303.823861      303.989300        304.166000        304.352215
    304.546567      304.747743        304.954122        305.163300
    305.371625      305.573931        305.763646        305.933288
    306.075244      306.182635        306.250088        306.274316
    306.254455      306.192156        306.091429        305.958288
    305.800211      305.625488        305.442532        305.259241
    305.082474      304.917695        304.768797        304.638096
    304.526476      304.433620        304.358305        304.298700
    304.252646      304.217889        304.192256        304.173779
    304.160755      304.151778        304.145726        304.141733
    304.139155      304.137527        304.136520        304.135911
    303.568909      303.569719        303.571057        303.573221
    303.576646      303.581953        303.589999        303.601932
    303.619246      303.643815        303.677903        303.724137
    303.785418      303.864762        303.965072        304.088829
    304.237727      304.412276        304.611426        304.832246
    305.069754      305.316919        305.564913        305.803607
    306.022304      306.210644        306.359570        306.462234
    306.514710      306.516404        306.470080        306.381479
    306.258555      306.110391        305.945959        305.772951
    305.596967      305.421266        305.247117        305.074529
    304.902981      304.731860        304.560579        304.388649
    304.216001      304.043641        303.874350        303.712973
    303.565999      303.442819        303.349218        303.289817
    303.266361      303.277609        303.319799        303.387466
    303.474377      303.574385        303.682043        303.792925
    303.903676      304.011839        304.115586        304.213439
    304.304067      304.386219        304.458793        304.521051
    304.572935      304.615484        304.651275        304.684804
    304.722633      304.773062        304.845066        304.946398
    305.081045      305.246645        305.432784        305.621094
    305.787640      305.907333        305.959288        305.931557
    305.823708      305.646914        305.421287        305.171473
    304.921853      304.692597        304.497307        304.342442
    304.228201      304.150270        304.101835        304.075354
    304.075354      304.101835        304.150270        304.228201
    304.342442      304.497307        304.692597        304.921853
    305.171473      305.421287        305.646914        305.823708
    305.931557      305.959288        305.907333        305.787640
    305.621094      305.432784        305.246645        305.081045
    304.946398      304.845066        304.773062        304.722633
    304.684804      304.651275        304.615484        304.572935
    304.521051      304.458793        304.386219        304.304067
    304.213439      304.115586        304.011839        303.903676
    303.792925      303.682043        303.574385        303.474377
    303.387466      303.319799        303.277609        303.266361
    303.289817      303.349218        303.442819        303.565999
    303.712973      303.874350        304.043641        304.216001
    304.388649      304.560579        304.731860        304.902981
    305.074529      305.247117        305.421266        305.596967
    305.772951      305.945959        306.110391        306.258555
    306.381479      306.470080        306.516404        306.514710
    306.462234      306.359570        306.210644        306.022304
    305.803607      305.564913        305.316919        305.069754
    304.832246      304.611426        304.412276        304.237727
    304.088829      303.965072        303.864762        303.785418
    303.724137      303.677903        303.643815        303.619246
    303.601932      303.589999        303.581953        303.576646
    303.573221      303.571057        303.569719        303.568909
    303.035243      303.036284        303.038004        303.040786
    303.045191      303.052016        303.062362        303.077709
    303.099978      303.131580        303.175433        303.234920
    303.313784      303.415921        303.545089        303.704516
    303.896426      304.121535        304.378556        304.663794
    304.970906      305.290918        305.612543        305.922857
    306.208285      306.455843        306.654469        306.796272
    306.877473      306.898861        306.865636        306.786601
    306.672800      306.535778        306.385813        306.230520
    306.074204      305.918161        305.761743        305.603665
    305.442874      305.278631        305.109928        304.934915
    304.750992      304.555824        304.348888        304.132813
    303.913840      303.703881        303.513218        303.352707
    303.230901      303.152855        303.119720        303.129089
    303.175893      303.253534        303.354971        303.473527
    303.603335      303.739434        303.877634        304.014277
    304.146046      304.269904        304.383216        304.484062
    304.571704      304.647151        304.713726        304.777489
    304.847283      304.934134        305.049738        305.203953
    305.401587      305.639242        305.903299        306.170129
    306.409066      306.587808        306.678963        306.665803
    306.545746      306.330490        306.043114        305.713015
    305.370307      305.041084        304.744424        304.491381
    304.285656      304.125302        304.004817        303.917077
    303.917077      304.004817        304.125302        304.285656
    304.491381      304.744424        305.041084        305.370307
    305.713015      306.043114        306.330490        306.545746
    306.665803      306.678963        306.587808        306.409066
    306.170129      305.903299        305.639242        305.401587
    305.203953      305.049738        304.934134        304.847283
    304.777489      304.713726        304.647151        304.571704
    304.484062      304.383216        304.269904        304.146046
    304.014277      303.877634        303.739434        303.603335
    303.473527      303.354971        303.253534        303.175893
    303.129089      303.119720        303.152855        303.230901
    303.352707      303.513218        303.703881        303.913840
    304.132813      304.348888        304.555824        304.750992
    304.934915      305.109928        305.278631        305.442874
    305.603665      305.761743        305.918161        306.074204
    306.230520      306.385813        306.535778        306.672800
    306.786601      306.865636        306.898861        306.877473
    306.796272      306.654469        306.455843        306.208285
    305.922857      305.612543        305.290918        304.970906
    304.663794      304.378556        304.121535        303.896426
    303.704516      303.545089        303.415921        303.313784
    303.234920      303.175433        303.131580        303.099978
    303.077709      303.062362        303.052016        303.045191
    303.040786      303.038004        303.036284        303.035243
    302.534182      302.535480        302.537626        302.541096
    302.546589      302.555101        302.568005        302.587147
    302.614924      302.654346        302.709054        302.783276
    302.881687      303.009161        303.170405        303.369465
    303.609144      303.890355        304.211504        304.567961
    304.951760      305.351594        305.753229        306.140371
    306.495966      306.803859        307.050588        307.227066
    307.329819      307.361480        307.330368        307.249084
    307.132342      306.994402        306.846718        306.696400
    306.546009      306.394734        306.240452        306.081693
    305.918519      305.751883        305.581936        305.406441
    305.220403      305.017369        304.791921        304.542294
    304.272092      303.993478        303.719677        303.467119
    303.251426      303.084923        302.975032        302.923796
    302.928458      302.982737        303.078359        303.206410
    303.358271      303.526071        303.702748        303.881901
    304.057631      304.224512        304.377808        304.513941
    304.631170      304.730395        304.815894        304.895799
    304.982004      305.089197        305.232760        305.425535
    305.673861      305.973820        306.308937        306.650535
    306.961332      307.201815        307.337915        307.347683
    307.225874      306.983939        306.647038        306.248453
    305.823296      305.403068        305.012066        304.665939
    304.372076      304.131207        303.939499        303.790594
    303.790594      303.939499        304.131207        304.372076
    304.665939      305.012066        305.403068        305.823296
    306.248453      306.647038        306.983939        307.225874
    307.347683      307.337915        307.201815        306.961332
    306.650535      306.308937        305.973820        305.673861
    305.425535      305.232760        305.089197        304.982004
    304.895799      304.815894        304.730395        304.631170
    304.513941      304.377808        304.224512        304.057631
    303.881901      303.702748        303.526071        303.358271
    303.206410      303.078359        302.982737        302.928458
    302.923796      302.975032        303.084923        303.251426
    303.467119      303.719677        303.993478        304.272092
    304.542294      304.791921        305.017369        305.220403
    305.406441      305.581936        305.751883        305.918519
    306.081693      306.240452        306.394734        306.546009
    306.696400      306.846718        306.994402        307.132342
    307.249084      307.330368        307.361480        307.329819
    307.227066      307.050588        306.803859        306.495966
    306.140371      305.753229        305.351594        304.951760
    304.567961      304.211504        303.890355        303.609144
    303.369465      303.170405        303.009161        302.881687
    302.783276      302.709054        302.654346        302.614924
    302.587147      302.568005        302.555101        302.546589
    302.541096      302.537626        302.535480        302.534182
    302.064993      302.066566        302.069166        302.073371
    302.080028      302.090342        302.105981        302.129179
    302.162842      302.210621        302.276931        302.366900
    302.486199      302.640747        302.836259        303.077648
    303.368316      303.709358        304.098794        304.530915
    304.995884      305.479725        305.964822        306.431002
    306.857212      307.223660        307.514183        307.718447
    307.833545      307.864526        307.823594        307.727932
    307.596497      307.446451        307.290160        307.133669
    306.977211      306.817612        306.651608        306.478532
    306.301024      306.123344        305.948207        305.773906
    305.593314      305.395422        305.168778        304.905517
    304.604561      304.276220        303.935079        303.602256
    303.300385      303.049714        302.865014        302.753959
    302.717107      302.749183        302.840999        302.981411
    303.158830      303.362109        303.580874        303.805499
    304.026997      304.237058        304.428373        304.595320
    304.734921      304.847935        304.939827        305.021292
    305.107978      305.219041        305.374351        305.590419
    305.875653      306.226013        306.622499        307.031737
    307.410205      307.711537        307.895232        307.934111
    307.819920      307.563192        307.190261        306.737289
    306.243440      305.744862        305.270571        304.840568
    304.465924      304.150200        303.891484        303.684464
    303.684464      303.891484        304.150200        304.465924
    304.840568      305.270571        305.744862        306.243440
    306.737289      307.190261        307.563192        307.819920
    307.934111      307.895232        307.711537        307.410205
    307.031737      306.622499        306.226013        305.875653
    305.590419      305.374351        305.219041        305.107978
    305.021292      304.939827        304.847935        304.734921
    304.595320      304.428373        304.237058        304.026997
    303.805499      303.580874        303.362109        303.158830
    302.981411      302.840999        302.749183        302.717107
    302.753959      302.865014        303.049714        303.300385
    303.602256      303.935079        304.276220        304.604561
    304.905517      305.168778        305.395422        305.593314
    305.773906      305.948207        306.123344        306.301024
    306.478532      306.651608        306.817612        306.977211
    307.133669      307.290160        307.446451        307.596497
    307.727932      307.823594        307.864526        307.833545
    307.718447      307.514183        307.223660        306.857212
    306.431002      305.964822        305.479725        304.995884
    304.530915      304.098794        303.709358        303.368316
    303.077648      302.836259        302.640747        302.486199
    302.366900      302.276931        302.210621        302.162842
    302.129179      302.105981        302.090342        302.080028
    302.073371      302.069166        302.066566        302.064993
    301.626939      301.628794        301.631859        301.636816
    301.644665      301.656827        301.675265        301.702618
    301.742311      301.798650        301.876845        301.982944
    302.123640      302.305918        302.536520        302.821243
    303.164080      303.566283        304.025425        304.534603
    305.081942      305.650554        306.219133        306.763276
    307.257569      307.678287        308.006405        308.230411
    308.348297      308.368110        308.306670        308.186430
    308.031038      307.860604        307.688037        307.517669
    307.346765      307.169469        306.981585        306.784011
    306.583098      306.387646        306.204011        306.031753
    305.861943      305.678875        305.464437        305.203553
    304.889002      304.527560        304.133858        303.732806
    303.353783      303.025282        302.770135        302.602478
    302.526927      302.539696        302.630897        302.787127
    302.993628      303.235689        303.499293        303.771251
    304.039158      304.291493        304.518090        304.711049
    304.866025      304.983657        305.070787        305.141037
    305.214291      305.314704        305.467113        305.692090
    306.000392      306.388119        306.834077        307.300672
    307.738790      308.095940        308.325836        308.396539
    308.296660      308.035339        307.639263        307.146453
    306.599077      306.037005        305.493258        304.991728
    304.546946      304.165267        303.846798        303.587451
    303.587451      303.846798        304.165267        304.546946
    304.991728      305.493258        306.037005        306.599077
    307.146453      307.639263        308.035339        308.296660
    308.396539      308.325836        308.095940        307.738790
    307.300672      306.834077        306.388119        306.000392
    305.692090      305.467113        305.314704        305.214291
    305.141037      305.070787        304.983657        304.866025
    304.711049      304.518090        304.291493        304.039158
    303.771251      303.499293        303.235689        302.993628
    302.787127      302.630897        302.539696        302.526927
    302.602478      302.770135        303.025282        303.353783
    303.732806      304.133858        304.527560        304.889002
    305.203553      305.464437        305.678875        305.861943
    306.031753      306.204011        306.387646        306.583098
    306.784011      306.981585        307.169469        307.346765
    307.517669      307.688037        307.860604        308.031038
    308.186430      308.306670        308.368110        308.348297
    308.230411      308.006405        307.678287        307.257569
    306.763276      306.219133        305.650554        305.081942
    304.534603      304.025425        303.566283        303.164080
    302.821243      302.536520        302.305918        302.123640
    301.982944      301.876845        301.798650        301.742311
    301.702618      301.675265        301.656827        301.644665
    301.636816      301.631859        301.628794        301.626939
    301.219279      301.221409        301.224929        301.230622
    301.239635      301.253601        301.274776        301.306188
    301.351774      301.416478        301.506285        301.628145
    301.789748      301.999118        302.263998        302.591039
    302.984800      303.446656        303.973697        304.557783
    305.184934      305.835269        306.483682        307.101420
    307.658593      308.127473        308.486196        308.722233
    308.834797      308.835391        308.745954        308.594638
    308.409977      308.214909        308.022460        307.834656
    307.645254      307.445436        307.230178        307.002406
    306.772870      306.555649        306.361386        306.191411
    306.035313      305.872795        305.678917        305.430907
    305.114625      304.732257        304.297645        303.838779
    303.391430      302.992349        302.672712        302.453512
    302.343772      302.341413        302.435904        302.611501
    302.850116      303.133293        303.443206        303.762966
    304.076645      304.369440        304.628269        304.842924
    305.007688      305.123117        305.197517        305.247557
    305.297484      305.376554        305.514629        305.736347
    306.054850      306.466519        306.948336        307.459141
    307.945145      308.348801        308.619049        308.720064
    308.637469      308.378782        307.970386        307.451225
    306.865414      306.255531        305.657735        305.099154
    304.597335      304.161193        303.792774        303.489259
    303.489259      303.792774        304.161193        304.597335
    305.099154      305.657735        306.255531        306.865414
    307.451225      307.970386        308.378782        308.637469
    308.720064      308.619049        308.348801        307.945145
    307.459141      306.948336        306.466519        306.054850
    305.736347      305.514629        305.376554        305.297484
    305.247557      305.197517        305.123117        305.007688
    304.842924      304.628269        304.369440        304.076645
    303.762966      303.443206        303.133293        302.850116
    302.611501      302.435904        302.341413        302.343772
    302.453512      302.672712        302.992349        303.391430
    303.838779      304.297645        304.732257        305.114625
    305.430907      305.678917        305.872795        306.035313
    306.191411      306.361386        306.555649        306.772870
    307.002406      307.230178        307.445436        307.645254
    307.834656      308.022460        308.214909        308.409977
    308.594638      308.745954        308.835391        308.834797
    308.722233      308.486196        308.127473        307.658593
    307.101420      306.483682        305.835269        305.184934
    304.557783      303.973697        303.446656        302.984800
    302.591039      302.263998        301.999118        301.789748
    301.628145      301.506285        301.416478        301.351774
    301.306188      301.274776        301.253601        301.239635
    301.230622      301.224929        301.221409        301.219279
    300.841271      300.843655        300.847595        300.853968
    300.864058      300.879692        300.903397        300.938562
    300.989595      301.062032        301.162576        301.299007
    301.479938      301.714352        302.010917        302.377066
    302.817872      303.334804        303.924472        304.577536
    305.277996      306.003089        306.724059        307.407976
    308.020662      308.530586        308.913257        309.155336
    309.257466      309.234778        309.114441        308.930296
    308.715612      308.495868        308.283837        308.078880
    307.870988      307.648281        307.404942        307.146047
    306.886889      306.646975        306.441411        306.273523
    306.131701      305.991358        305.820959        305.590141
    305.277782      304.881183        304.413122        303.904268
    303.396418      302.934296        302.557233        302.292968
    302.154841      302.142389        302.244324        302.442442
    302.715240      303.040473        303.396538        303.762953
    304.120435      304.451100        304.739157        304.972271
    305.143476      305.253277        305.311361        305.337239
    305.359200      305.411188        305.527645        305.736900
    306.054275      306.476523        306.979271        307.518663
    308.037430      308.474329        308.774837        308.900347
    308.833963      308.581595        308.168872        307.634860
    307.024634      306.382439        305.746606        305.146679
    304.602592      304.125383        303.718789        303.381156
    303.381156      303.718789        304.125383        304.602592
    305.146679      305.746606        306.382439        307.024634
    307.634860      308.168872        308.581595        308.833963
    308.900347      308.774837        308.474329        308.037430
    307.518663      306.979271        306.476523        306.054275
    305.736900      305.527645        305.411188        305.359200
    305.337239      305.311361        305.253277        305.143476
    304.972271      304.739157        304.451100        304.120435
    303.762953      303.396538        303.040473        302.715240
    302.442442      302.244324        302.142389        302.154841
    302.292968      302.557233        302.934296        303.396418
    303.904268      304.413122        304.881183        305.277782
    305.590141      305.820959        305.991358        306.131701
    306.273523      306.441411        306.646975        306.886889
    307.146047      307.404942        307.648281        307.870988
    308.078880      308.283837        308.495868        308.715612
    308.930296      309.114441        309.234778        309.257466
    309.155336      308.913257        308.530586        308.020662
    307.407976      306.724059        306.003089        305.277996
    304.577536      303.924472        303.334804        302.817872
    302.377066      302.010917        301.714352        301.479938
    301.299007      301.162576        301.062032        300.989595
    300.938562      300.903397        300.879692        300.864058
    300.853968      300.847595        300.843655        300.841271
    300.492173      300.494776        300.499079        300.506038
    300.517056      300.534128        300.560013        300.598413
    300.654142      300.733246        300.843044        300.992037
    301.189630      301.445636        301.769516        302.169377
    302.650730      303.215117        303.858717        304.571131
    305.334571      306.123736        306.906651        307.646701
    308.305938      308.849511        309.250676        309.495503
    309.586058      309.540875        309.391924        309.178188
    308.937122      308.696317        308.468090        308.249176
    308.026000      307.783815        307.516039        307.229650
    306.944026      306.683588        306.467545        306.301148
    306.171827      306.051183        305.901728        305.686208
    305.377194      304.967594        304.469386        303.915825
    303.354324      302.836965        302.410550        302.108916
    301.949197      301.932160        302.045517        302.268499
    302.576197      302.942718        303.342934        303.753122
    304.151080      304.516315        304.830794        305.080437
    305.257257      305.361714        305.404606        305.407730
    305.402618      305.426964        305.518860        305.709581
    306.016240      306.436056        306.943917        307.494378
    308.028141      308.481867        308.799091        308.939572
    308.884698      308.638990        308.227068        307.687480
    307.065364      306.405617        305.747719        305.122693
    304.552080      304.048443        303.616802        303.256451
    303.256451      303.616802        304.048443        304.552080
    305.122693      305.747719        306.405617        307.065364
    307.687480      308.227068        308.638990        308.884698
    308.939572      308.799091        308.481867        308.028141
    307.494378      306.943917        306.436056        306.016240
    305.709581      305.518860        305.426964        305.402618
    305.407730      305.404606        305.361714        305.257257
    305.080437      304.830794        304.516315        304.151080
    303.753122      303.342934        302.942718        302.576197
    302.268499      302.045517        301.932160        301.949197
    302.108916      302.410550        302.836965        303.354324
    303.915825      304.469386        304.967594        305.377194
    305.686208      305.901728        306.051183        306.171827
    306.301148      306.467545        306.683588        306.944026
    307.229650      307.516039        307.783815        308.026000
    308.249176      308.468090        308.696317        308.937122
    309.178188      309.391924        309.540875        309.586058
    309.495503      309.250676        308.849511        308.305938
    307.646701      306.906651        306.123736        305.334571
    304.571131      303.858717        303.215117        302.650730
    302.169377      301.769516        301.445636        301.189630
    300.992037      300.843044        300.733246        300.654142
    300.598413      300.560013        300.534128        300.517056
    300.506038      300.499079        300.494776        300.492173
    300.171244      300.174019        300.178604        300.186021
    300.197763      300.215958        300.243545        300.284472
    300.343867      300.428176        300.545202        300.704005
    300.914612      301.187481        301.532700        301.958901
    302.471939      303.073416        303.759179        304.518003
    305.330707      306.170006        307.001408        307.785419
    308.481150      309.051166        309.466991        309.714276
    309.796264      309.734215        309.563901        309.328340
    309.068228      308.812740        308.573757        308.345900
    308.112765      307.857318        307.572281        307.265966
    306.960759      306.684788        306.460414        306.294393
    306.173377      306.065874        305.929564        305.721682
    305.409912      304.984010        304.455819        303.861239
    303.252725      302.688696        302.222213        301.892076
    301.718311      301.702325        301.830537        302.079572
    302.421284      302.826457        303.266902        303.716237
    304.149997      304.545784        304.883989        305.149333
    305.333121      305.435739        305.468658        305.455103
    305.428643      305.429333        305.497575        305.666550
    305.954638      306.359642        306.856486        307.399443
    307.928853      308.381045        308.699253        308.842639
    308.791980      308.550776        308.142527        307.604765
    306.981893      306.318481        305.654117        305.020307
    304.439313      303.924514        303.481704        303.110813
    303.110813      303.481704        303.924514        304.439313
    305.020307      305.654117        306.318481        306.981893
    307.604765      308.142527        308.550776        308.791980
    308.842639      308.699253        308.381045        307.928853
    307.399443      306.856486        306.359642        305.954638
    305.666550      305.497575        305.429333        305.428643
    305.455103      305.468658        305.435739        305.333121
    305.149333      304.883989        304.545784        304.149997
    303.716237      303.266902        302.826457        302.421284
    302.079572      301.830537        301.702325        301.718311
    301.892076      302.222213        302.688696        303.252725
    303.861239      304.455819        304.984010        305.409912
    305.721682      305.929564        306.065874        306.173377
    306.294393      306.460414        306.684788        306.960759
    307.265966      307.572281        307.857318        308.112765
    308.345900      308.573757        308.812740        309.068228
    309.328340      309.563901        309.734215        309.796264
    309.714276      309.466991        309.051166        308.481150
    307.785419      307.001408        306.170006        305.330707
    304.518003      303.759179        303.073416        302.471939
    301.958901      301.532700        301.187481        300.914612
    300.704005      300.545202        300.428176        300.343867
    300.284472      300.243545        300.215958        300.197763
    300.186021      300.178604        300.174019        300.171244
    299.877749      299.880636        299.885408        299.893126
    299.905346      299.924280        299.952989        299.995579
    300.057390      300.145129        300.266917        300.432186
    300.651372      300.935364        301.294662        301.738252
    302.272229      302.898247        303.611960        304.401629
    305.247201      306.120140        306.984366        307.798560
    308.519971      309.109522        309.537630        309.789657
    309.869549      309.800224        309.619774        309.373667
    309.104563      308.842604        308.599456        308.368552
    308.131884      307.871077        307.578334        307.262501
    306.947402      306.663020        306.433330        306.265801
    306.146440      306.041684        305.906099        305.693528
    305.368924      304.920700        304.361393        303.729507
    303.081621      302.480978        301.985204        301.636529
    301.456734      301.447198        301.592810        301.867694
    302.240808      302.680132        303.155057        303.637279
    304.100887      304.522416        304.881474        305.162226
    305.355630      305.461951        305.492792        305.471753
    305.432973      305.417192        305.465519        305.611808
    305.875095      306.253903        306.724059        307.241001
    307.746482      308.178345        308.481193        308.614426
    308.559544      308.319462        307.916546        307.386897
    306.773462      306.119554        305.463847        304.837310
    304.262009      303.751384        303.311443        302.942396
    302.942396      303.311443        303.751384        304.262009
    304.837310      305.463847        306.119554        306.773462
    307.386897      307.916546        308.319462        308.559544
    308.614426      308.481193        308.178345        307.746482
    307.241001      306.724059        306.253903        305.875095
    305.611808      305.465519        305.417192        305.432973
    305.471753      305.492792        305.461951        305.355630
    305.162226      304.881474        304.522416        304.100887
    303.637279      303.155057        302.680132        302.240808
    301.867694      301.592810        301.447198        301.456734
    301.636529      301.985204        302.480978        303.081621
    303.729507      304.361393        304.920700        305.368924
    305.693528      305.906099        306.041684        306.146440
    306.265801      306.433330        306.663020        306.947402
    307.262501      307.578334        307.871077        308.131884
    308.368552      308.599456        308.842604        309.104563
    309.373667      309.619774        309.800224        309.869549
    309.789657      309.537630        309.109522        308.519971
    307.798560      306.984366        306.120140        305.247201
    304.401629      303.611960        302.898247        302.272229
    301.738252      301.294662        300.935364        300.651372
    300.432186      300.266917        300.145129        300.057390
    299.995579      299.952989        299.924280        299.905346
    299.893126      299.885408        299.880636        299.877749
    299.610955      299.613890        299.618740        299.626585
    299.639007      299.658253        299.687436        299.730730
    299.793562      299.882752        300.006555        300.174562
    300.397385      300.686099        301.051386        301.502396
    302.045343      302.681937        303.407796        304.211037
    305.071330      305.959735        306.839646        307.669142
    308.404839      309.007090        309.445895        309.706428
    309.792732      309.728082        309.551102        309.307827
    309.041383      308.782186        308.541985        308.314170
    308.080631      307.822850        307.532809        307.219026
    306.904922      306.620081        306.388124        306.216152
    306.089666      305.974393        305.824107        305.592060
    305.243153      304.766498        304.176027        303.512447
    302.835045      302.209904        301.697146        301.340692
    301.162898      301.164529        301.328870        301.627841
    302.028035      302.495298        302.997360        303.504814
    303.991164      304.432752        304.809227        305.104855
    305.310623      305.426629        305.464044        305.445749
    305.404932      305.381265        305.414888        305.539035
    305.772748      306.115395        306.544573        307.018335
    307.481610      307.875567        308.147793        308.258527
    308.191446      307.949316        307.553375        307.037917
    306.443759      305.812080        305.179660        304.575950
    304.021933      303.530369        303.106934        302.751772
    302.751772      303.106934        303.530369        304.021933
    304.575950      305.179660        305.812080        306.443759
    307.037917      307.553375        307.949316        308.191446
    308.258527      308.147793        307.875567        307.481610
    307.018335      306.544573        306.115395        305.772748
    305.539035      305.414888        305.381265        305.404932
    305.445749      305.464044        305.426629        305.310623
    305.104855      304.809227        304.432752        303.991164
    303.504814      302.997360        302.495298        302.028035
    301.627841      301.328870        301.164529        301.162898
    301.340692      301.697146        302.209904        302.835045
    303.512447      304.176027        304.766498        305.243153
    305.592060      305.824107        305.974393        306.089666
    306.216152      306.388124        306.620081        306.904922
    307.219026      307.532809        307.822850        308.080631
    308.314170      308.541985        308.782186        309.041383
    309.307827      309.551102        309.728082        309.792732
    309.706428      309.445895        309.007090        308.404839
    307.669142      306.839646        305.959735        305.071330
    304.211037      303.407796        302.681937        302.045343
    301.502396      301.051386        300.686099        300.397385
    300.174562      300.006555        299.882752        299.793562
    299.730730      299.687436        299.658253        299.639007
    299.626585      299.618740        299.613890        299.610955
    299.370136      299.373051        299.377869        299.385661
    299.397998      299.417114        299.446099        299.489101
    299.551509      299.640098        299.763069        299.929950
    300.151287      300.438087        300.800977        301.249068
    301.788575      302.421263        303.142880        303.941772
    304.797956      305.682957        306.560750        307.390061
    308.128155      308.735921        309.183655        309.456462
    309.557858      309.510144        309.350641        309.124010
    308.872271      308.625339        308.395270        308.176490
    307.952266      307.705161        307.427317        307.126168
    306.822964      306.544631        306.312413        306.131945
    305.988474      305.848679        305.668252        305.402981
    305.020480      304.512342        303.894176        303.207949
    302.513769      301.878252        301.361828        301.008422
    300.839950      300.856212        301.039054        301.358697
    301.780061      302.267623        302.788241        303.312208
    303.813255      304.268332        304.657868        304.966840
    305.186605      305.317067        305.368471        305.362002
    305.328514      305.305020        305.329141        305.432285
    305.632870      305.931183        306.307361        306.723377
    307.128949      307.470216        307.699211        307.777434
    307.692148      307.446336        307.060079        306.565489
    306.000610      305.403663        304.808629        304.242552
    303.724527      303.265982        302.871781        302.541700
    302.541700      302.871781        303.265982        303.724527
    304.242552      304.808629        305.403663        306.000610
    306.565489      307.060079        307.446336        307.692148
    307.777434      307.699211        307.470216        307.128949
    306.723377      306.307361        305.931183        305.632870
    305.432285      305.329141        305.305020        305.328514
    305.362002      305.368471        305.317067        305.186605
    304.966840      304.657868        304.268332        303.813255
    303.312208      302.788241        302.267623        301.780061
    301.358697      301.039054        300.856212        300.839950
    301.008422      301.361828        301.878252        302.513769
    303.207949      303.894176        304.512342        305.020480
    305.402981      305.668252        305.848679        305.988474
    306.131945      306.312413        306.544631        306.822964
    307.126168      307.427317        307.705161        307.952266
    308.176490      308.395270        308.625339        308.872271
    309.124010      309.350641        309.510144        309.557858
    309.456462      309.183655        308.735921        308.128155
    307.390061      306.560750        305.682957        304.797956
    303.941772      303.142880        302.421263        301.788575
    301.249068      300.800977        300.438087        300.151287
    299.929950      299.763069        299.640098        299.551509
    299.489101      299.446099        299.417114        299.397998
    299.385661      299.377869        299.373051        299.370136
    299.154573      299.157403        299.162079        299.169644
    299.181620      299.200177        299.228315        299.270059
    299.330643      299.416644        299.536025        299.698037
    299.912924      300.191382        300.543746        300.978898
    301.502928      302.117651        302.819096        303.596190
    304.429870      305.292945        306.150998        306.964581
    307.692806      308.298148        308.751898        309.039247
    309.162682      309.142371        309.012708        308.815216
    308.589329      308.363639        308.150517        307.946179
    307.736403      307.505834        307.247154        306.966197
    306.680702      306.413173        306.180912        305.987347
    305.817977      305.642206        305.420297        305.113383
    304.694010      304.157241        303.520031        302.824156
    302.128398      301.497622        300.990600        300.649909
    300.496377      300.528806        300.728027        301.063241
    301.498476      301.997622        302.527406        303.058519
    303.565577      304.026776        304.423914        304.743147
    304.976489      305.123644        305.193570        305.205017
    305.185440      305.167941        305.186390        305.269382
    305.434165      305.681966        305.996045        306.343338
    306.679667      306.957504        307.134539        307.173863
    307.067494      306.818882        306.446845        305.980920
    305.455753      304.905863        304.361636        303.846954
    303.378360      302.965422        302.611818        302.316736
    302.316736      302.611818        302.965422        303.378360
    303.846954      304.361636        304.905863        305.455753
    305.980920      306.446845        306.818882        307.067494
    307.173863      307.134539        306.957504        306.679667
    306.343338      305.996045        305.681966        305.434165
    305.269382      305.186390        305.167941        305.185440
    305.205017      305.193570        305.123644        304.976489
    304.743147      304.423914        304.026776        303.565577
    303.058519      302.527406        301.997622        301.498476
    301.063241      300.728027        300.528806        300.496377
    300.649909      300.990600        301.497622        302.128398
    302.824156      303.520031        304.157241        304.694010
    305.113383      305.420297        305.642206        305.817977
    305.987347      306.180912        306.413173        306.680702
    306.966197      307.247154        307.505834        307.736403
    307.946179      308.150517        308.363639        308.589329
    308.815216      309.012708        309.142371        309.162682
    309.039247      308.751898        308.298148        307.692806
    306.964581      306.150998        305.292945        304.429870
    303.596190      302.819096        302.117651        301.502928
    300.978898      300.543746        300.191382        299.912924
    299.698037      299.536025        299.416644        299.330643
    299.270059      299.228315        299.200177        299.181620
    299.169644      299.162079        299.157403        299.154573
    298.963552      298.966238        298.970676        298.977854
    298.989220      299.006831        299.033534        299.073149
    299.130645      299.212262        299.325560        299.479322
    299.683274      299.947581        300.282072        300.695218
    301.192873      301.776883        302.443679        303.183053
    303.977348      304.801344        305.623096        306.405974
    307.111954      307.706008        308.161058        308.462595
    308.611772      308.625803        308.534929        308.376163
    308.185122      307.988256        307.797998        307.612630
    307.421029      307.210511        306.974587        306.717297
    306.452222      306.196590        305.963092        305.752889
    305.552516      305.335677        305.069172        304.721269
    304.270483      303.715190        303.072769        302.383096
    301.701646      301.089688        300.602954        300.281898
    300.146075      300.193596        300.404899        300.748935
    301.189617      301.690959        302.220167        302.748848
    303.252964      303.712367        304.110585        304.435261
    304.679249      304.842074        304.931204        304.962517
    304.959419      304.950317        304.964537        305.027196
    305.153985      305.347041        305.593115        305.864815
    306.124984      306.333411        306.454319        306.452729
    306.326156      306.078606        305.727445        305.299206
    304.824571      304.333699        303.852739        303.401816
    302.994430      302.637920        302.334536        302.082758
    302.082758      302.334536        302.637920        302.994430
    303.401816      303.852739        304.333699        304.824571
    305.299206      305.727445        306.078606        306.326156
    306.452729      306.454319        306.333411        306.124984
    305.864815      305.593115        305.347041        305.153985
    305.027196      304.964537        304.950317        304.959419
    304.962517      304.931204        304.842074        304.679249
    304.435261      304.110585        303.712367        303.252964
    302.748848      302.220167        301.690959        301.189617
    300.748935      300.404899        300.193596        300.146075
    300.281898      300.602954        301.089688        301.701646
    302.383096      303.072769        303.715190        304.270483
    304.721269      305.069172        305.335677        305.552516
    305.752889      305.963092        306.196590        306.452222
    306.717297      306.974587        307.210511        307.421029
    307.612630      307.797998        307.988256        308.185122
    308.376163      308.534929        308.625803        308.611772
    308.462595      308.161058        307.706008        307.111954
    306.405974      305.623096        304.801344        303.977348
    303.183053      302.443679        301.776883        301.192873
    300.695218      300.282072        299.947581        299.683274
    299.479322      299.325560        299.212262        299.130645
    299.073149      299.033534        299.006831        298.989220
    298.977854      298.970676        298.966238        298.963552
    298.796364      298.798856        298.802974        298.809635
    298.820181      298.836523        298.861302        298.898062
    298.951415      299.027152        299.132289        299.274979
    299.464255      299.709560        300.020041        300.403603
    300.865759      301.408359        302.028311        302.716481
    303.456972      304.227032        304.997836        305.736304
    306.408041      306.981215        307.430914        307.743194
    307.917803      307.968578        307.920908        307.806426
    307.656071      307.493442        307.330573        307.167616
    306.996567      306.807551        306.595070        306.361516
    306.116445      305.872007        305.636663        305.409947
    305.180319      304.926742        304.623306        304.245647
    303.777810      303.220221        302.589417        301.921849
    301.268322      300.685515        300.225570        299.926714
    299.807509      299.865930        300.082728        300.427339
    300.864241      301.358127        301.877112        302.394025
    302.886396      303.335893        303.727913        304.051688
    304.300989      304.475181        304.580197        304.628909
    304.640457      304.638271        304.646820        304.687467
    304.774158      304.909912        305.085132        305.278444
    305.460208      305.598069        305.663285        305.623242
    305.481095      305.241332        304.919587        304.538970
    304.125686      303.705024        303.298410        302.921810
    302.585382      302.294028        302.048464        301.846438
    301.846438      302.048464        302.294028        302.585382
    302.921810      303.298410        303.705024        304.125686
    304.538970      304.919587        305.241332        305.481095
    305.623242      305.663285        305.598069        305.460208
    305.278444      305.085132        304.909912        304.774158
    304.687467      304.646820        304.638271        304.640457
    304.628909      304.580197        304.475181        304.300989
    304.051688      303.727913        303.335893        302.886396
    302.394025      301.877112        301.358127        300.864241
    300.427339      300.082728        299.865930        299.807509
    299.926714      300.225570        300.685515        301.268322
    301.921849      302.589417        303.220221        303.777810
    304.245647      304.623306        304.926742        305.180319
    305.409947      305.636663        305.872007        306.116445
    306.361516      306.595070        306.807551        306.996567
    307.167616      307.330573        307.493442        307.656071
    307.806426      307.920908        307.968578        307.917803
    307.743194      307.430914        306.981215        306.408041
    305.736304      304.997836        304.227032        303.456972
    302.716481      302.028311        301.408359        300.865759
    300.403603      300.020041        299.709560        299.464255
    299.274979      299.132289        299.027152        298.951415
    298.898062      298.861302        298.836523        298.820181
    298.809635      298.802974        298.798856        298.796364
    298.652303      298.654564        298.658301        298.664346
    298.673916      298.688746        298.711231        298.744591
    298.793007      298.861738        298.957151        299.086648
    299.258432      299.481086        299.762933        300.111193
    300.530951      301.024023        301.587828        302.214419
    302.889868      303.594197        304.302080        304.984440
    305.610986      306.153543        306.589757        306.906537
    307.102368      307.187691        307.182863        307.113820
    307.006397      306.880847        306.748280        306.610222
    306.461386      306.294498        306.105130        305.894456
    305.668788      305.436247        305.202211        304.965592
    304.717387      304.441805        304.119498        303.732106
    303.267487      302.726222        302.122829        301.489461
    300.871882      300.322224        299.889370        299.609824
    299.501762      299.563670        299.777254        300.113024
    300.536512      301.013451        301.513081        302.009550
    302.481947      302.913700        303.291984        303.607542
    303.855018      304.033628        304.147835        304.207628
    304.228043      304.227703        304.226366        304.241738
    304.286061      304.363247        304.467352        304.583054
    304.688308      304.758732        304.772718        304.700598
    304.550643      304.327583        304.044988        303.722148
    303.380394      303.039778        302.716711        302.422796
    302.164720      301.944908        301.762557        301.614740
    301.614740      301.762557        301.944908        302.164720
    302.422796      302.716711        303.039778        303.380394
    303.722148      304.044988        304.327583        304.550643
    304.700598      304.772718        304.758732        304.688308
    304.583054      304.467352        304.363247        304.286061
    304.241738      304.226366        304.227703        304.228043
    304.207628      304.147835        304.033628        303.855018
    303.607542      303.291984        302.913700        302.481947
    302.009550      301.513081        301.013451        300.536512
    300.113024      299.777254        299.563670        299.501762
    299.609824      299.889370        300.322224        300.871882
    301.489461      302.122829        302.726222        303.267487
    303.732106      304.119498        304.441805        304.717387
    304.965592      305.202211        305.436247        305.668788
    305.894456      306.105130        306.294498        306.461386
    306.610222      306.748280        306.880847        307.006397
    307.113820      307.182863        307.187691        307.102368
    306.906537      306.589757        306.153543        305.610986
    304.984440      304.302080        303.594197        302.889868
    302.214419      301.587828        301.024023        300.530951
    300.111193      299.762933        299.481086        299.258432
    299.086648      298.957151        298.861738        298.793007
    298.744591      298.711231        298.688746        298.673916
    298.664346      298.658301        298.654564        298.652303
    298.530664      298.532671        298.535988        298.541353
    298.549848      298.563011        298.582969        298.612579
    298.655554      298.716561        298.801253        298.916203
    299.068697      299.266366        299.516620        299.825910
    300.198826      300.637109        301.138681        301.696813
    302.299612      302.929982        303.566238        304.183471
    304.755687      305.258580        305.672603        305.985787
    306.195653      306.309561        306.343109        306.316727
    306.251171      306.163154        306.062452        305.951396
    305.826846      305.683771        305.518870        305.332697
    305.129428      304.914557        304.691695        304.459936
    304.212718      303.938363        303.622048        303.248937
    302.808340      302.299250        301.733510        301.139076
    300.557397      300.037068        299.624736        299.356073
    299.249585      299.304836        299.504938        299.821837
    300.222375      300.673473        301.145523        301.613902
    302.059080      302.465997        302.823348        303.123159
    303.360798      303.535308        303.649818        303.711735
    303.732426      303.726220        303.708674        303.694251
    303.693753      303.712049        303.746756        303.788398
    303.822258      303.831656        303.801868        303.706878
    303.558909      303.362574        303.129027        302.873412
    302.611920      302.359174        302.126468        301.921016
    301.746079      301.601694        301.485652        301.394475
    301.394475      301.485652        301.601694        301.746079
    301.921016      302.126468        302.359174        302.611920
    302.873412      303.129027        303.362574        303.558909
    303.706878      303.801868        303.831656        303.822258
    303.788398      303.746756        303.712049        303.693753
    303.694251      303.708674        303.726220        303.732426
    303.711735      303.649818        303.535308        303.360798
    303.123159      302.823348        302.465997        302.059080
    301.613902      301.145523        300.673473        300.222375
    299.821837      299.504938        299.304836        299.249585
    299.356073      299.624736        300.037068        300.557397
    301.139076      301.733510        302.299250        302.808340
    303.248937      303.622048        303.938363        304.212718
    304.459936      304.691695        304.914557        305.129428
    305.332697      305.518870        305.683771        305.826846
    305.951396      306.062452        306.163154        306.251171
    306.316727      306.343109        306.309561        306.195653
    305.985787      305.672603        305.258580        304.755687
    304.183471      303.566238        302.929982        302.299612
    301.696813      301.138681        300.637109        300.198826
    299.825910      299.516620        299.266366        299.068697
    298.916203      298.801253        298.716561        298.655554
    298.612579      298.582969        298.563011        298.549848
    298.541353      298.535988        298.532671        298.530664
    298.430744      298.432486        298.435366        298.440025
    298.447400      298.458829        298.476158        298.501868
    298.539182      298.592154        298.665693        298.765509
    298.897932      299.069599        299.286965        299.555667
    299.879759      300.260869        300.697380        301.183740
    301.710041      302.262008        302.821526        303.367779
    303.879017      304.334800        304.718474        305.019424
    305.234597      305.368804        305.433514        305.444241
    305.417092      305.365401        305.297436        305.215910
    305.119328      305.004565        304.869517        304.714705
    304.543197      304.359026        304.164890        303.960136
    303.739626      303.493710        303.209324        302.872351
    302.471406      302.003002        301.476445        300.916608
    300.362232      299.860018        299.455749        299.185238
    299.067926      299.104803        299.280587        299.568763
    299.937525      300.354950        300.792464        301.226464
    301.638501      302.014676        302.344833        302.621954
    302.841905      303.003498        303.108685        303.162675
    303.173760      303.152697        303.111588        303.062290
    303.014580      302.974431        302.942878        302.915912
    302.885634      302.842497        302.778119        302.670899
    302.535365      302.375590        302.199981        302.019322
    301.844550      301.684849        301.546473        301.432387
    301.342606      301.274966        301.226035        301.191944
    301.191944      301.226035        301.274966        301.342606
    301.432387      301.546473        301.684849        301.844550
    302.019322      302.199981        302.375590        302.535365
    302.670899      302.778119        302.842497        302.885634
    302.915912      302.942878        302.974431        303.014580
    303.062290      303.111588        303.152697        303.173760
    303.162675      303.108685        303.003498        302.841905
    302.621954      302.344833        302.014676        301.638501
    301.226464      300.792464        300.354950        299.937525
    299.568763      299.280587        299.104803        299.067926
    299.185238      299.455749        299.860018        300.362232
    300.916608      301.476445        302.003002        302.471406
    302.872351      303.209324        303.493710        303.739626
    303.960136      304.164890        304.359026        304.543197
    304.714705      304.869517        305.004565        305.119328
    305.215910      305.297436        305.365401        305.417092
    305.444241      305.433514        305.368804        305.234597
    305.019424      304.718474        304.334800        303.879017
    303.367779      302.821526        302.262008        301.710041
    301.183740      300.697380        300.260869        299.879759
    299.555667      299.286965        299.069599        298.897932
    298.765509      298.665693        298.592154        298.539182
    298.501868      298.476158        298.458829        298.447400
    298.440025      298.435366        298.432486        298.430744
    298.351836      298.353316        298.355762        298.359720
    298.365985      298.375693        298.390414        298.412253
    298.443951      298.488950        298.551421        298.636217
    298.748721      298.894577        299.079285        299.307669
    299.583226      299.907439        300.279093        300.693718
    301.143252      301.616053        302.097345        302.570148
    303.016706      303.420267        303.767028        304.047889
    304.259635      304.405188        304.492713        304.533680
    304.540298      304.522991        304.488656        304.440215
    304.377508      304.299085        304.204081        304.093366
    303.969497      303.835541        303.693284        303.541473
    303.374597      303.182501        302.951134        302.664816
    302.310193      301.881590        301.386699        300.849144
    300.306993      299.806853        299.394949        299.108006
    298.966750      298.973674        299.115047        299.365796
    299.695353      300.072809        300.470432        300.865376
    301.239942      301.580998        301.879133        302.127909
    302.323429      302.464185        302.551097        302.587578
    302.579482      302.534796        302.463004        302.374098
    302.277343      302.179999        302.086356        301.997405
    301.911384      301.825117        301.735818        301.626990
    301.513602      301.398753        301.287855        301.187247
    301.102667      301.038026        300.994774        300.971902
    300.966458      300.974340        300.991114        301.012685
    301.012685      300.991114        300.974340        300.966458
    300.971902      300.994774        301.038026        301.102667
    301.187247      301.287855        301.398753        301.513602
    301.626990      301.735818        301.825117        301.911384
    301.997405      302.086356        302.179999        302.277343
    302.374098      302.463004        302.534796        302.579482
    302.587578      302.551097        302.464185        302.323429
    302.127909      301.879133        301.580998        301.239942
    300.865376      300.470432        300.072809        299.695353
    299.365796      299.115047        298.973674        298.966750
    299.108006      299.394949        299.806853        300.306993
    300.849144      301.386699        301.881590        302.310193
    302.664816      302.951134        303.182501        303.374597
    303.541473      303.693284        303.835541        303.969497
    304.093366      304.204081        304.299085        304.377508
    304.440215      304.488656        304.522991        304.540298
    304.533680      304.492713        304.405188        304.259635
    304.047889      303.767028        303.420267        303.016706
    302.570148      302.097345        301.616053        301.143252
    300.693718      300.279093        299.907439        299.583226
    299.307669      299.079285        298.894577        298.748721
    298.636217      298.551421        298.488950        298.443951
    298.412253      298.390414        298.375693        298.365985
    298.359720      298.355762        298.353316        298.351836
    298.293232      298.294462        298.296495        298.299784
    298.304992      298.313061        298.325296        298.343448
    298.369793      298.407195        298.459120        298.529603
    298.623122      298.744375        298.897948        299.087874
    299.317109      299.586962        299.896555        300.242370
    300.617999      301.014161        301.419080        301.819234
    302.200482      302.549455        302.855052        303.109776
    303.310631      303.459321        303.561616        303.625950
    303.661566      303.676683        303.677215        303.666370
    303.645203      303.613781        303.572404        303.522321
    303.465569      303.403957        303.337511        303.262857
    303.172008      303.051986        302.885739        302.654797
    302.343710      301.945894        301.468878        300.937064
    300.389755      299.874932        299.440174        299.123518
    298.947005      298.914470        299.013508        299.220280
    299.505280      299.838446        300.192702        300.545716
    300.880236      301.183542        301.446580        301.663143
    301.829305      301.943139        302.004649        302.015820
    301.980666      301.905171        301.797022        301.665084
    301.518617      301.366359        301.215668        301.072022
    300.939029      300.819010        300.713926        300.612838
    300.529382      300.465312        300.422908        300.404130
    300.409740      300.438701        300.488030        300.553127
    300.628425      300.708181        300.787189        300.861290
    300.861290      300.787189        300.708181        300.628425
    300.553127      300.488030        300.438701        300.409740
    300.404130      300.422908        300.465312        300.529382
    300.612838      300.713926        300.819010        300.939029
    301.072022      301.215668        301.366359        301.518617
    301.665084      301.797022        301.905171        301.980666
    302.015820      302.004649        301.943139        301.829305
    301.663143      301.446580        301.183542        300.880236
    300.545716      300.192702        299.838446        299.505280
    299.220280      299.013508        298.914470        298.947005
    299.123518      299.440174        299.874932        300.389755
    300.937064      301.468878        301.945894        302.343710
    302.654797      302.885739        303.051986        303.172008
    303.262857      303.337511        303.403957        303.465569
    303.522321      303.572404        303.613781        303.645203
    303.666370      303.677215        303.676683        303.661566
    303.625950      303.561616        303.459321        303.310631
    303.109776      302.855052        302.549455        302.200482
    301.819234      301.419080        301.014161        300.617999
    300.242370      299.896555        299.586962        299.317109
    299.087874      298.897948        298.744375        298.623122
    298.529603      298.459120        298.407195        298.369793
    298.343448      298.325296        298.313061        298.304992
    298.299784      298.296495        298.294462        298.293232
    298.254220      298.255220        298.256874        298.259549
    298.263784      298.270347        298.280297        298.295060
    298.316488      298.346907        298.389139        298.446468
    298.522536      298.621170        298.746113        298.900663
    299.087261      299.307036        299.559373        299.841569
    300.148642      300.473361        300.806557        301.137717
    301.455869      301.750644        302.013415        302.238297
    302.422820      302.568087        302.678340        302.759981
    302.820267      302.866023        302.902697        302.934014
    302.962220      302.988720        303.014718        303.041479
    303.069963      303.099827        303.128026        303.147406
    303.145737      303.105709        303.006392        302.826500
    302.549312      302.169042        301.694629        301.152901
    300.585692      300.043170        299.574597        299.219287
    299.000353      298.922659        298.974844        299.134093
    299.371812      299.658679        299.968151        300.278257
    300.571970      300.836710        301.063473        301.245988
    301.380080      301.463309        301.494858        301.475590
    301.408193      301.297305        301.149532        300.973249
    300.778157      300.574601        300.372798        300.182157
    300.010869      299.865837        299.752890        299.666725
    299.618262      299.607643        299.634017        299.695187
    299.787318      299.904883        300.040955        300.187800
    300.337633      300.483383        300.619296        300.741285
    300.741285      300.619296        300.483383        300.337633
    300.187800      300.040955        299.904883        299.787318
    299.695187      299.634017        299.607643        299.618262
    299.666725      299.752890        299.865837        300.010869
    300.182157      300.372798        300.574601        300.778157
    300.973249      301.149532        301.297305        301.408193
    301.475590      301.494858        301.463309        301.380080
    301.245988      301.063473        300.836710        300.571970
    300.278257      299.968151        299.658679        299.371812
    299.134093      298.974844        298.922659        299.000353
    299.219287      299.574597        300.043170        300.585692
    301.152901      301.694629        302.169042        302.549312
    302.826500      303.006392        303.105709        303.145737
    303.147406      303.128026        303.099827        303.069963
    303.041479      303.014718        302.988720        302.962220
    302.934014      302.902697        302.866023        302.820267
    302.759981      302.678340        302.568087        302.422820
    302.238297      302.013415        301.750644        301.455869
    301.137717      300.806557        300.473361        300.148642
    299.841569      299.559373        299.307036        299.087261
    298.900663      298.746113        298.621170        298.522536
    298.446468      298.389139        298.346907        298.316488
    298.295060      298.280297        298.270347        298.263784
    298.259549      298.256874        298.255220        298.254220
    298.234084      298.234881        298.236197        298.238326
    298.241697      298.246920        298.254840        298.266589
    298.283644      298.307855        298.341469        298.387099
    298.447649      298.526167        298.625641        298.748711
    298.897348      299.072498        299.273751        299.499075
    299.744685      300.005074        300.273271        300.541307
    300.800899      301.044264        301.264965        301.458666
    301.623630      301.760859        301.873811        301.967742
    302.048825      302.123254        302.196543        302.273169
    302.356537      302.449123        302.552569        302.667500
    302.792919      302.925234        303.057076        303.176288
    303.265468      303.302599        303.263174        303.124020
    302.868479      302.493056        302.009383        301.447592
    300.852471      300.276391        299.770030        299.373568
    299.110758      298.987130        298.992122        299.103806
    299.294456      299.535482        299.800871        300.068966
    300.322867      300.549971        300.741130        300.889807
    300.991417      301.042952        301.042853        300.991108
    300.889479      300.741780        300.554091        300.334789
    300.094321      299.844688        299.598691        299.369103
    299.167896      299.005665        298.891251        298.824585
    298.813101      298.855197        298.947037        299.082635
    299.254067      299.451894        299.665815        299.885475
    300.101294      300.305192        300.491072        300.655024
    300.655024      300.491072        300.305192        300.101294
    299.885475      299.665815        299.451894        299.254067
    299.082635      298.947037        298.855197        298.813101
    298.824585      298.891251        299.005665        299.167896
    299.369103      299.598691        299.844688        300.094321
    300.334789      300.554091        300.741780        300.889479
    300.991108      301.042853        301.042952        300.991417
    300.889807      300.741130        300.549971        300.322867
    300.068966      299.800871        299.535482        299.294456
    299.103806      298.992122        298.987130        299.110758
    299.373568      299.770030        300.276391        300.852471
    301.447592      302.009383        302.493056        302.868479
    303.124020      303.263174        303.302599        303.265468
    303.176288      303.057076        302.925234        302.792919
    302.667500      302.552569        302.449123        302.356537
    302.273169      302.196543        302.123254        302.048825
    301.967742      301.873811        301.760859        301.623630
    301.458666      301.264965        301.044264        300.800899
    300.541307      300.273271        300.005074        299.744685
    299.499075      299.273751        299.072498        298.897348
    298.748711      298.625641        298.526167        298.447649
    298.387099      298.341469        298.307855        298.283644
    298.266589      298.254840        298.246920        298.241697
    298.238326      298.236197        298.234881        298.234084
    298.232107      298.232727        298.233753        298.235411
    298.238036      298.242105        298.248274        298.257426
    298.270710      298.289569        298.315753        298.351298
    298.398466      298.459637        298.537143        298.633053
    298.748923      298.885525        299.042598        299.218653
    299.410878      299.615178        299.826382        300.038610
    300.245802      300.442328        300.623633        300.786796
    300.930915      301.057237        301.168999        301.271011
    301.369081      301.469389        301.577936        301.700112
    301.840361      302.001866        302.186126        302.392362
    302.616743      302.851519        303.084233        303.297296
    303.468236      303.571025        303.578778        303.467887
    303.223108      302.844111        302.345942        301.762020
    301.139647      300.532708        299.992544        299.559519
    299.257497      299.092334        299.054098        299.121728
    299.268437      299.466484        299.690498        299.919216
    300.135884      300.327843        300.485718        300.602612
    300.673459      300.694665        300.664015        300.580814
    300.446200      300.263537        300.038758        299.780556
    299.500281      299.211512        298.929294        298.669163
    298.446097      298.273527        298.162520        298.117308
    298.141802      298.232660        298.383341        298.584561
    298.824926      299.091745        299.371977        299.653198
    299.924474      300.177030        300.404616        300.603573
    300.603573      300.404616        300.177030        299.924474
    299.653198      299.371977        299.091745        298.824926
    298.584561      298.383341        298.232660        298.141802
    298.117308      298.162520        298.273527        298.446097
    298.669163      298.929294        299.211512        299.500281
    299.780556      300.038758        300.263537        300.446200
    300.580814      300.664015        300.694665        300.673459
    300.602612      300.485718        300.327843        300.135884
    299.919216      299.690498        299.466484        299.268437
    299.121728      299.054098        299.092334        299.257497
    299.559519      299.992544        300.532708        301.139647
    301.762020      302.345942        302.844111        303.223108
    303.467887      303.578778        303.571025        303.468236
    303.297296      303.084233        302.851519        302.616743
    302.392362      302.186126        302.001866        301.840361
    301.700112      301.577936        301.469389        301.369081
    301.271011      301.168999        301.057237        300.930915
    300.786796      300.623633        300.442328        300.245802
    300.038610      299.826382        299.615178        299.410878
    299.218653      299.042598        298.885525        298.748923
    298.633053      298.537143        298.459637        298.398466
    298.351298      298.315753        298.289569        298.270710
    298.257426      298.248274        298.242105        298.238036
    298.235411      298.233753        298.232727        298.232107
    298.247566      298.248039        298.248820        298.250084
    298.252086      298.255187        298.259890        298.266868
    298.276995      298.291372        298.311335        298.338434
    298.374397      298.421039        298.480143        298.553294
    298.641695      298.745959        298.865932        299.000546
    299.147762      299.304608        299.467347        299.631767
    299.793583      299.948909        300.094739        300.229381
    300.352763      300.466565        300.574165        300.680400
    300.791205      300.913165        301.053018        301.217106
    301.410726      301.637369        301.897834        302.189305
    302.504506      302.831092        303.151423        303.442875
    303.678857      303.830744        303.870912        303.776818
    303.535683      303.150559        302.639963        302.039864
    301.399009      300.771643        300.208719        299.749951
    299.418752      299.220995        299.147291        299.177511
    299.285978      299.446013        299.633102        299.826551
    300.009888      300.170466        300.298720        300.387397
    300.430963      300.425283        300.367578        300.256630
    300.093167      299.880342        299.624166        299.333786
    299.021454      298.702125        298.392669        298.110769
    297.873647      297.696778        297.592739        297.568635
    297.625540      297.758500        297.958658        298.214015
    298.510400      298.832597        299.165497        299.495191
    299.809842      300.100292        300.360314        300.586556
    300.586556      300.360314        300.100292        299.809842
    299.495191      299.165497        298.832597        298.510400
    298.214015      297.958658        297.758500        297.625540
    297.568635      297.592739        297.696778        297.873647
    298.110769      298.392669        298.702125        299.021454
    299.333786      299.624166        299.880342        300.093167
    300.256630      300.367578        300.425283        300.430963
    300.387397      300.298720        300.170466        300.009888
    299.826551      299.633102        299.446013        299.285978
    299.177511      299.147291        299.220995        299.418752
    299.749951      300.208719        300.771643        301.399009
    302.039864      302.639963        303.150559        303.535683
    303.776818      303.870912        303.830744        303.678857
    303.442875      303.151423        302.831092        302.504506
    302.189305      301.897834        301.637369        301.410726
    301.217106      301.053018        300.913165        300.791205
    300.680400      300.574165        300.466565        300.352763
    300.229381      300.094739        299.948909        299.793583
    299.631767      299.467347        299.304608        299.147762
    299.000546      298.865932        298.745959        298.641695
    298.553294      298.480143        298.421039        298.374397
    298.338434      298.311335        298.291372        298.276995
    298.266868      298.259890        298.255187        298.252086
    298.250084      298.248820        298.248039        298.247566
    298.279736      298.280089        298.280672        298.281615
    298.283109      298.285423        298.288933        298.294139
    298.301696      298.312424        298.327320        298.347542
    298.374379      298.409187        298.453300        298.507906
    298.573911      298.651794        298.741469        298.842188
    298.952506      299.070318        299.192995        299.317612
    299.441257      299.561395        299.676243        299.785105
    299.888639      299.989007        300.089896        300.196422
    300.314912      300.452564        300.616944        300.815286
    301.053531      301.335156        301.659890        302.022552
    302.412252      302.812170        303.199997        303.549051
    303.830007      304.013278        304.072082        303.986167
    303.745839      303.357358        302.842174        302.237692
    301.592770      300.960683        300.390843        299.921443
    299.574869      299.356724        299.258099        299.259909
    299.337797      299.466409        299.622361        299.785775
    299.940664      300.074560        300.177826        300.242950
    300.264017      300.236448        300.157017        300.024120
    299.838225      299.602408        299.322846        299.009132
    298.674279      298.334311        298.007436        297.712842
    297.469266      297.293488        297.198961        297.193825
    297.277623      297.444008        297.682273        297.978344
    298.316018      298.678306        299.048742        299.412527
    299.757389      300.074098        300.356624        300.601960
    300.601960      300.356624        300.074098        299.757389
    299.412527      299.048742        298.678306        298.316018
    297.978344      297.682273        297.444008        297.277623
    297.193825      297.198961        297.293488        297.469266
    297.712842      298.007436        298.334311        298.674279
    299.009132      299.322846        299.602408        299.838225
    300.024120      300.157017        300.236448        300.264017
    300.242950      300.177826        300.074560        299.940664
    299.785775      299.622361        299.466409        299.337797
    299.259909      299.258099        299.356724        299.574869
    299.921443      300.390843        300.960683        301.592770
    302.237692      302.842174        303.357358        303.745839
    303.986167      304.072082        304.013278        303.830007
    303.549051      303.199997        302.812170        302.412252
    302.022552      301.659890        301.335156        301.053531
    300.815286      300.616944        300.452564        300.314912
    300.196422      300.089896        299.989007        299.888639
    299.785105      299.676243        299.561395        299.441257
    299.317612      299.192995        299.070318        298.952506
    298.842188      298.741469        298.651794        298.573911
    298.507906      298.453300        298.409187        298.374379
    298.347542      298.327320        298.312424        298.301696
    298.294139      298.288933        298.285423        298.283109
    298.281615      298.280672        298.280089        298.279736
    298.327892      298.328150        298.328576        298.329265
    298.330356      298.332046        298.334609        298.338412
    298.343931      298.351767        298.362647        298.377417
    298.397019      298.422444        298.454667        298.494560
    298.542790      298.599717        298.665299        298.739020
    298.819877      298.906410        298.996815        299.089122
    299.181435      299.272214        299.360573        299.446562
    299.531401      299.617660        299.709349        299.811923
    299.932174      300.077943        300.257594        300.479142
    300.749015      301.070519        301.442236        301.856698
    302.299715      302.750592        303.183272        303.568209
    303.874730      304.073667        304.140260        304.057317
    303.818445      303.432898        302.924111        302.329803
    301.697677      301.078793        300.519944        300.056961
    299.710641      299.486012        299.374565        299.358347
    299.414523      299.519329        299.650787        299.790115
    299.922054      300.034529        300.118017        300.164910
    300.169060      300.125585        300.030949        299.883292
    299.682925      299.432906        299.139562        298.812817
    298.466195      298.116397        297.782433        297.484352
    297.241696      297.071878        296.988659        296.999117
    297.102996      297.292841        297.556597        297.878790
    298.241941      298.628060        299.020039        299.402805
    299.764123      300.095016        300.389817        300.645905
    300.645905      300.389817        300.095016        299.764123
    299.402805      299.020039        298.628060        298.241941
    297.878790      297.556597        297.292841        297.102996
    296.999117      296.988659        297.071878        297.241696
    297.484352      297.782433        298.116397        298.466195
    298.812817      299.139562        299.432906        299.682925
    299.883292      300.030949        300.125585        300.169060
    300.164910      300.118017        300.034529        299.922054
    299.790115      299.650787        299.519329        299.414523
    299.358347      299.374565        299.486012        299.710641
    300.056961      300.519944        301.078793        301.697677
    302.329803      302.924111        303.432898        303.818445
    304.057317      304.140260        304.073667        303.874730
    303.568209      303.183272        302.750592        302.299715
    301.856698      301.442236        301.070519        300.749015
    300.479142      300.257594        300.077943        299.932174
    299.811923      299.709349        299.617660        299.531401
    299.446562      299.360573        299.272214        299.181435
    299.089122      298.996815        298.906410        298.819877
    298.739020      298.665299        298.599717        298.542790
    298.494560      298.454667        298.422444        298.397019
    298.377417      298.362647        298.351767        298.343931
    298.338412      298.334609        298.332046        298.330356
    298.329265      298.328576        298.328150        298.327892
    298.391307      298.391491        298.391796        298.392288
    298.393068      298.394277        298.396110        298.398829
    298.402775      298.408377        298.416155        298.426715
    298.440728      298.458903        298.481938        298.510456
    298.544936      298.585639        298.632541        298.685291
    298.743197      298.805260        298.870261        298.936902
    299.003991      299.070666        299.136640        299.202443
    299.269652      299.341089        299.420982        299.515049
    299.630470      299.775643        299.959613        300.191067
    300.476855      300.820166        301.218669        301.663087
    302.136654      302.615747        303.071648        303.473087
    303.789096      303.991806        304.059081        303.977064
    303.742587      303.367852        302.877152        302.307640
    301.704873      301.116715        300.586432        300.146754
    299.816351      299.599349        299.487515        299.464058
    299.507817      299.596833        299.710795        299.832273
    299.946994      300.043512        300.112636        300.146863
    300.139999      300.087033        299.984277        299.829735
    299.623637      299.369035        299.072323        298.743563
    298.396473      298.047985        297.717350        297.424835
    297.190124      297.030632        296.959924        296.981845
    297.098280      297.300978        297.577055        297.910305
    298.282727      298.676098        299.073384        299.459851
    299.823781      300.156783        300.453730        300.712418
    300.712418      300.453730        300.156783        299.823781
    299.459851      299.073384        298.676098        298.282727
    297.910305      297.577055        297.300978        297.098280
    296.981845      296.959924        297.030632        297.190124
    297.424835      297.717350        298.047985        298.396473
    298.743563      299.072323        299.369035        299.623637
    299.829735      299.984277        300.087033        300.139999
    300.146863      300.112636        300.043512        299.946994
    299.832273      299.710795        299.596833        299.507817
    299.464058      299.487515        299.599349        299.816351
    300.146754      300.586432        301.116715        301.704873
    302.307640      302.877152        303.367852        303.742587
    303.977064      304.059081        303.991806        303.789096
    303.473087      303.071648        302.615747        302.136654
    301.663087      301.218669        300.820166        300.476855
    300.191067      299.959613        299.775643        299.630470
    299.515049      299.420982        299.341089        299.269652
    299.202443      299.136640        299.070666        299.003991
    298.936902      298.870261        298.805260        298.743197
    298.685291      298.632541        298.585639        298.544936
    298.510456      298.481938        298.458903        298.440728
    298.426715      298.416155        298.408377        298.402775
    298.398829      298.396110        298.394277        298.393068
    298.392288      298.391796        298.391491        298.391307
    298.469253      298.469382        298.469595        298.469940
    298.470487      298.471333        298.472616        298.474519
    298.477281      298.481202        298.486645        298.494034
    298.503838      298.516552        298.532663        298.552605
    298.576708      298.605154        298.637920        298.674760
    298.715188      298.758515        298.803909        298.850508
    298.897562      298.944613        298.991703        299.039591
    299.089981      299.145752        299.211172        299.292057
    299.395809      299.531211        299.707839        299.934956
    300.219864      300.565867        300.970217        301.422602
    301.904691      302.391072        302.851476        303.253840
    303.567554      303.766382        303.830875        303.750356
    303.524590      303.168838        302.707176        302.175599
    301.616872      301.074969        300.588958        300.187864
    299.887754      299.691532        299.591074        299.570726
    299.611082      299.692151        299.795487        299.905242
    300.008359      300.094254        300.154290        300.181288
    300.169216      300.113123        300.009328        299.855822
    299.652819      299.403337        299.113722        298.793938
    298.457544      298.121235        297.803942        297.525527
    297.305189      297.159776        297.102209        297.131043
    297.252222      297.457021        297.732241        298.061591
    298.427277      298.811587        299.198262        299.573514
    299.926624      300.250114        300.539580        300.793274
    300.793274      300.539580        300.250114        299.926624
    299.573514      299.198262        298.811587        298.427277
    298.061591      297.732241        297.457021        297.252222
    297.131043      297.102209        297.159776        297.305189
    297.525527      297.803942        298.121235        298.457544
    298.793938      299.113722        299.403337        299.652819
    299.855822      300.009328        300.113123        300.169216
    300.181288      300.154290        300.094254        300.008359
    299.905242      299.795487        299.692151        299.611082
    299.570726      299.591074        299.691532        299.887754
    300.187864      300.588958        301.074969        301.616872
    302.175599      302.707176        303.168838        303.524590
    303.750356      303.830875        303.766382        303.567554
    303.253840      302.851476        302.391072        301.904691
    301.422602      300.970217        300.565867        300.219864
    299.934956      299.707839        299.531211        299.395809
    299.292057      299.211172        299.145752        299.089981
    299.039591      298.991703        298.944613        298.897562
    298.850508      298.803909        298.758515        298.715188
    298.674760      298.637920        298.605154        298.576708
    298.552605      298.532663        298.516552        298.503838
    298.494034      298.486645        298.481202        298.477281
    298.474519      298.472616        298.471333        298.470487
    298.469940      298.469595        298.469382        298.469253
    298.561003      298.561092        298.561239        298.561475
    298.561850      298.562430        298.563310        298.564614
    298.566507      298.569194        298.572923        298.577983
    298.584695      298.593396        298.604415        298.618044
    298.634504      298.653903        298.676214        298.701242
    298.728632      298.757877        298.788376        298.819511
    298.850759      298.881841        298.912893        298.944674
    298.978796      299.017984        299.066338        299.129558
    299.215054      299.331784        299.489678        299.698493
    299.966071      300.296160        300.686232        301.125872
    301.596337      302.071631        302.521007        302.912366
    303.215803      303.406672        303.467883        303.391489
    303.179723      302.850964        302.428204        301.945897
    301.443609      300.960990        300.532456        300.182893
    299.925395      299.761376        299.682657        299.674670
    299.719790      299.800090        299.899136        300.002833
    300.099536      300.179725        300.235530        300.260305
    300.248384      300.195067        300.096844        299.951808
    299.760202      299.524982        299.252303        298.951788
    298.636473      298.322351        298.027493        297.770771
    297.570321      297.441906        297.397409        297.428358
    297.546441      297.742781        298.004352        298.315397
    298.659019      299.018724        299.379695        299.729679
    300.059418      300.362677        300.635949        300.877976
    300.877976      300.635949        300.362677        300.059418
    299.729679      299.379695        299.018724        298.659019
    298.315397      298.004352        297.742781        297.546441
    297.428358      297.397409        297.441906        297.570321
    297.770771      298.027493        298.322351        298.636473
    298.951788      299.252303        299.524982        299.760202
    299.951808      300.096844        300.195067        300.248384
    300.260305      300.235530        300.179725        300.099536
    300.002833      299.899136        299.800090        299.719790
    299.674670      299.682657        299.761376        299.925395
    300.182893      300.532456        300.960990        301.443609
    301.945897      302.428204        302.850964        303.179723
    303.391489      303.467883        303.406672        303.215803
    302.912366      302.521007        302.071631        301.596337
    301.125872      300.686232        300.296160        299.966071
    299.698493      299.489678        299.331784        299.215054
    299.129558      299.066338        299.017984        298.978796
    298.944674      298.912893        298.881841        298.850759
    298.819511      298.788376        298.757877        298.728632
    298.701242      298.676214        298.653903        298.634504
    298.618044      298.604415        298.593396        298.584695
    298.577983      298.572923        298.569194        298.566507
    298.564614      298.563310        298.562430        298.561850
    298.561475      298.561239        298.561092        298.561003
    298.665832      298.665891        298.665990        298.666150
    298.666402      298.666792        298.667383        298.668260
    298.669531      298.671334        298.673835        298.677226
    298.681721      298.687543        298.694907        298.703999
    298.714954      298.727826        298.742564        298.758998
    298.776832      298.795652        298.814961        298.834239
    298.853022      298.871024        298.888287        298.905376
    298.923617      298.945379        298.974385        299.016002
    299.077410      299.167514        299.296408        299.474253
    299.709508      300.006708        300.364186        300.772364
    301.213237      301.661426        302.086739        302.457731
    302.745446      302.926645        302.986107        302.917986
    302.726382      302.432541        302.057786        301.634676
    301.199284      300.786652        300.426271        300.138640
    299.933667      299.811108        299.762630        299.774696
    299.831471      299.917140        300.017365        300.119925
    300.214728      300.293484        300.349268        300.376153
    300.369028      300.323620        300.236738        300.106686
    299.933778      299.720866        299.473779        299.201550
    298.916348      298.633028        298.368290        298.139483
    297.963158      297.853544        297.821150        297.849217
    297.956470      298.134185        298.369974        298.649192
    298.956483      299.277224        299.598665        299.910632
    300.205769      300.479386        300.729043        300.954000
    300.954000      300.729043        300.479386        300.205769
    299.910632      299.598665        299.277224        298.956483
    298.649192      298.369974        298.134185        297.956470
    297.849217      297.821150        297.853544        297.963158
    298.139483      298.368290        298.633028        298.916348
    299.201550      299.473779        299.720866        299.933778
    300.106686      300.236738        300.323620        300.369028
    300.376153      300.349268        300.293484        300.214728
    300.119925      300.017365        299.917140        299.831471
    299.774696      299.762630        299.811108        299.933667
    300.138640      300.426271        300.786652        301.199284
    301.634676      302.057786        302.432541        302.726382
    302.917986      302.986107        302.926645        302.745446
    302.457731      302.086739        301.661426        301.213237
    300.772364      300.364186        300.006708        299.709508
    299.474253      299.296408        299.167514        299.077410
    299.016002      298.974385        298.945379        298.923617
    298.905376      298.888287        298.871024        298.853022
    298.834239      298.814961        298.795652        298.776832
    298.758998      298.742564        298.727826        298.714954
    298.703999      298.694907        298.687543        298.681721
    298.677226      298.673835        298.671334        298.669531
    298.668260      298.667383        298.666792        298.666402
    298.666150      298.665990        298.665891        298.665832
    298.783011      298.783051        298.783117        298.783223
    298.783391      298.783649        298.784040        298.784618
    298.785456      298.786643        298.788286        298.790512
    298.793457      298.797262        298.802062        298.807967
    298.815046      298.823304        298.832665        298.842954
    298.853887      298.865073        298.876031        298.886224
    298.895122      298.902296        298.907549        298.911099
    298.913827      298.917577        298.925512        298.942454
    298.975131      299.032163        299.123605        299.259895
    299.450144      299.699928        300.008979        300.369382
    300.764915      301.171934        301.561820        301.904504
    302.172300      302.343265        302.403585        302.348846
    302.184286      301.933323        301.615264        301.260327
    300.900763      300.566795        300.282861        300.065004
    299.919910      299.845669        299.833776        299.871726
    299.945473      300.041331        300.147096        300.252481
    300.349036      300.429815        300.488971        300.521450
    300.522850      300.489478        300.418593        300.308800
    300.160519      299.976459        299.761991        299.525335
    299.277474      299.031726        298.802970        298.606557
    298.457001      298.366614        298.344262        298.364266
    298.453132      298.602596        298.801340        299.036360
    299.294423      299.563373        299.833087        300.095960
    300.346932      300.583139        300.803352        301.007368
    301.007368      300.803352        300.583139        300.346932
    300.095960      299.833087        299.563373        299.294423
    299.036360      298.801340        298.602596        298.453132
    298.364266      298.344262        298.366614        298.457001
    298.606557      298.802970        299.031726        299.277474
    299.525335      299.761991        299.976459        300.160519
    300.308800      300.418593        300.489478        300.522850
    300.521450      300.488971        300.429815        300.349036
    300.252481      300.147096        300.041331        299.945473
    299.871726      299.833776        299.845669        299.919910
    300.065004      300.282861        300.566795        300.900763
    301.260327      301.615264        301.933323        302.184286
    302.348846      302.403585        302.343265        302.172300
    301.904504      301.561820        301.171934        300.764915
    300.369382      300.008979        299.699928        299.450144
    299.259895      299.123605        299.032163        298.975131
    298.942454      298.925512        298.917577        298.913827
    298.911099      298.907549        298.902296        298.895122
    298.886224      298.876031        298.865073        298.853887
    298.842954      298.832665        298.823304        298.815046
    298.807967      298.802062        298.797262        298.793457
    298.790512      298.788286        298.786643        298.785456
    298.784618      298.784040        298.783649        298.783391
    298.783223      298.783117        298.783051        298.783011
    298.911817      298.911844        298.911889        298.911960
    298.912071      298.912241        298.912498        298.912876
    298.913421      298.914190        298.915252        298.916684
    298.918572      298.921001        298.924045        298.927762
    298.932168      298.937230        298.942840        298.948800
    298.954806      298.960442        298.965177        298.968383
    298.969378      298.967495        298.962194        298.953246
    298.940969      298.926557        298.912462        298.902791
    298.903619      298.923063        298.970925        299.057763
    299.193287      299.384241        299.632122        299.931304
    300.268200      300.621892        300.966310        301.273560
    301.517699      301.678158        301.742215        301.706265
    301.575883      301.375568        301.122395        300.843639
    300.567329      300.318679        300.117067        299.974177
    299.893632      299.871989        299.900682        299.968283
    300.062552      300.171921        300.286314        300.397384
    300.498353      300.583676        300.648668        300.689252
    300.701854      300.683478        300.631939        300.546217
    300.426866      300.276410        300.099649        299.903795
    299.698368      299.494806        299.305781        299.144248
    299.022314      298.950068        298.934535        298.941176
    299.004410      299.116714        299.268235        299.448084
    299.645661      299.851795        300.059473        300.264091
    300.463230      300.656091        300.842787        301.023660
    301.023660      300.842787        300.656091        300.463230
    300.264091      300.059473        299.851795        299.645661
    299.448084      299.268235        299.116714        299.004410
    298.941176      298.934535        298.950068        299.022314
    299.144248      299.305781        299.494806        299.698368
    299.903795      300.099649        300.276410        300.426866
    300.546217      300.631939        300.683478        300.701854
    300.689252      300.648668        300.583676        300.498353
    300.397384      300.286314        300.171921        300.062552
    299.968283      299.900682        299.871989        299.893632
    299.974177      300.117067        300.318679        300.567329
    300.843639      301.122395        301.375568        301.575883
    301.706265      301.742215        301.678158        301.517699
    301.273560      300.966310        300.621892        300.268200
    299.931304      299.632122        299.384241        299.193287
    299.057763      298.970925        298.923063        298.903619
    298.902791      298.912462        298.926557        298.940969
    298.953246      298.962194        298.967495        298.969378
    298.968383      298.965177        298.960442        298.954806
    298.948800      298.942840        298.937230        298.932168
    298.927762      298.924045        298.921001        298.918572
    298.916684      298.915252        298.914190        298.913421
    298.912876      298.912498        298.912241        298.912071
    298.911960      298.911889        298.911844        298.911817
    299.051525      299.051545        299.051577        299.051627
    299.051703      299.051819        299.051990        299.052240
    299.052596      299.053094        299.053775        299.054686
    299.055876      299.057390        299.059264        299.061512
    299.064116      299.067005        299.070040        299.072988
    299.075508      299.077123        299.077215        299.075022
    299.069654      299.060152        299.045582        299.025200
    298.998700      298.966545        298.930380        298.893470
    298.861079      298.840627        298.841463        298.874069
    298.948625      299.073033        299.250723        299.478745
    299.746764      300.037384        300.327958        300.593586
    300.810674      300.960287        301.030658        301.018466
    300.928829      300.786073        300.604797        300.408633
    300.220951      300.061809        299.945622        299.879985
    299.865763      299.898266        299.969059        300.067896
    300.184360      300.308970        300.433721        300.552156
    300.659141      300.750526        300.822821        300.872979
    300.898325      300.896641        300.866376        300.806939
    300.719037      300.604977        300.468897        300.316840
    300.156641      299.997586        299.849834        299.723634
    299.628402      299.571786        299.558839        299.546936
    299.577873      299.645116        299.740614        299.855984
    299.983691      300.117971        300.255334        300.394534
    300.536094      300.681497        300.832314        300.989441
    300.989441      300.832314        300.681497        300.536094
    300.394534      300.255334        300.117971        299.983691
    299.855984      299.740614        299.645116        299.577873
    299.546936      299.558839        299.571786        299.628402
    299.723634      299.849834        299.997586        300.156641
    300.316840      300.468897        300.604977        300.719037
    300.806939      300.866376        300.896641        300.898325
    300.872979      300.822821        300.750526        300.659141
    300.552156      300.433721        300.308970        300.184360
    300.067896      299.969059        299.898266        299.865763
    299.879985      299.945622        300.061809        300.220951
    300.408633      300.604797        300.786073        300.928829
    301.018466      301.030658        300.960287        300.810674
    300.593586      300.327958        300.037384        299.746764
    299.478745      299.250723        299.073033        298.948625
    298.874069      298.841463        298.840627        298.861079
    298.893470      298.930380        298.966545        298.998700
    299.025200      299.045582        299.060152        299.069654
    299.075022      299.077215        299.077123        299.075508
    299.072988      299.070040        299.067005        299.064116
    299.061512      299.059264        299.057390        299.055876
    299.054686      299.053775        299.053094        299.052596
    299.052240      299.051990        299.051819        299.051703
    299.051627      299.051577        299.051545        299.051525
    299.201413      299.201430        299.201457        299.201497
    299.201557      299.201643        299.201767        299.201943
    299.202188      299.202522        299.202969        299.203555
    299.204304      299.205234        299.206353        299.207645
    299.209063      299.210505        299.211800        299.212677
    299.212745      299.211454        299.208082        299.201706
    299.191214      299.175334        299.152717        299.122096
    299.082520      299.033696        298.976417        298.913037
    298.847901      298.787590        298.740815        298.717786
    298.728964      298.783282        298.886086        299.037253
    299.230047      299.451141        299.682001        299.901446
    300.088847      300.227266        300.305880        300.321259
    300.277357      300.197243        300.092620        299.982808
    299.886142      299.817477        299.786498        299.797104
    299.847847      299.933165        300.045013        300.174447
    300.312879      300.452849        300.588318        300.714607
    300.828135      300.926088        301.006136        301.066265
    301.104729      301.120132        301.111602        301.079019
    301.023257      300.946390        300.851828        300.744333
    300.629898      300.515467        300.408472        300.316247
    300.245334      300.200801        300.185668        300.150620
    300.143651      300.159393        300.191839        300.235403
    300.285930      300.341397        300.402162        300.470654
    300.550606      300.645997        300.759983        300.894046
    300.894046      300.759983        300.645997        300.550606
    300.470654      300.402162        300.341397        300.285930
    300.235403      300.191839        300.159393        300.143651
    300.150620      300.185668        300.200801        300.245334
    300.316247      300.408472        300.515467        300.629898
    300.744333      300.851828        300.946390        301.023257
    301.079019      301.111602        301.120132        301.104729
    301.066265      301.006136        300.926088        300.828135
    300.714607      300.588318        300.452849        300.312879
    300.174447      300.045013        299.933165        299.847847
    299.797104      299.786498        299.817477        299.886142
    299.982808      300.092620        300.197243        300.277357
    300.321259      300.305880        300.227266        300.088847
    299.901446      299.682001        299.451141        299.230047
    299.037253      298.886086        298.783282        298.728964
    298.717786      298.740815        298.787590        298.847901
    298.913037      298.976417        299.033696        299.082520
    299.122096      299.152717        299.175334        299.191214
    299.201706      299.208082        299.211454        299.212745
    299.212677      299.211800        299.210505        299.209063
    299.207645      299.206353        299.205234        299.204304
    299.203555      299.202969        299.202522        299.202188
    299.201943      299.201767        299.201643        299.201557
    299.201497      299.201457        299.201430        299.201413
    299.360758      299.360778        299.360808        299.360849
    299.360907      299.360987        299.361096        299.361243
    299.361437      299.361690        299.362014        299.362420
    299.362914      299.363498        299.364158        299.364856
    299.365520      299.366024        299.366166        299.365638
    299.363996      299.360618        299.354670        299.345077
    299.330505      299.309383        299.279970        299.240497
    299.189397      299.125647        299.049203        298.961495
    298.865906      298.768092        298.675989        298.599351
    298.548714      298.533832        298.561800        298.635255
    298.751137      298.900440        299.069159        299.240343
    299.396814      299.523957        299.611949        299.656977
    299.661287      299.646093        299.619509        299.596059
    299.588847      299.607646        299.657795        299.740014
    299.851065      299.984942        300.134258        300.291479
    300.449824      300.603734        300.748972        300.882471
    301.002043      301.106086        301.193348        301.262799
    301.313606      301.345209        301.357441        301.350685
    301.326005      301.285243        301.231055        301.166868
    301.096754      301.025208        300.956834        300.895946
    300.846127      300.809807        300.787952        300.726443
    300.677690      300.637558        300.602185        300.568930
    300.537201      300.508947        300.488635        300.482653
    300.498228      300.542081        300.619129        300.731519
    300.731519      300.619129        300.542081        300.498228
    300.482653      300.488635        300.508947        300.537201
    300.568930      300.602185        300.637558        300.677690
    300.726443      300.787952        300.809807        300.846127
    300.895946      300.956834        301.025208        301.096754
    301.166868      301.231055        301.285243        301.326005
    301.350685      301.357441        301.345209        301.313606
    301.262799      301.193348        301.106086        301.002043
    300.882471      300.748972        300.603734        300.449824
    300.291479      300.134258        299.984942        299.851065
    299.740014      299.657795        299.607646        299.588847
    299.596059      299.619509        299.646093        299.661287
    299.656977      299.611949        299.523957        299.396814
    299.240343      299.069159        298.900440        298.751137
    298.635255      298.561800        298.533832        298.548714
    298.599351      298.675989        298.768092        298.865906
    298.961495      299.049203        299.125647        299.189397
    299.240497      299.279970        299.309383        299.330505
    299.345077      299.354670        299.360618        299.363996
    299.365638      299.366166        299.366024        299.365520
    299.364856      299.364158        299.363498        299.362914
    299.362420      299.362014        299.361690        299.361437
    299.361243      299.361096        299.360987        299.360907
    299.360849      299.360808        299.360778        299.360758
    299.528842      299.528871        299.528911        299.528966
    299.529040      299.529136        299.529262        299.529421
    299.529619      299.529863        299.530155        299.530496
    299.530881      299.531297        299.531714        299.532077
    299.532295      299.532220        299.531623        299.530163
    299.527349      299.522492        299.514663        299.502647
    299.484921      299.459651        299.424755        299.378023
    299.317344      299.241035        299.148280        299.039640
    298.917555      298.786731        298.654255        298.529288
    298.422235      298.343420        298.301414        298.301361
    298.343699      298.423684        298.531919        298.655877
    298.782075      298.898408        298.996086        299.070756
    299.122619      299.171113        299.219793        299.278203
    299.354294      299.453109        299.576178        299.721664
    299.885104      300.060476        300.241296        300.421511
    300.596062      300.761116        300.914016        301.053068
    301.177264      301.286031        301.379058        301.456206
    301.517512      301.563237        301.593944        301.610550
    301.614353      301.607000        301.590416        301.566703
    301.538010      301.506381        301.473584        301.440918
    301.409014      301.377677        301.345815        301.256651
    301.164757      301.067125        300.961955        300.849507
    300.732783      300.617821        300.513412        300.430197
    300.379231      300.370307        300.410375        300.502410
    300.502410      300.410375        300.370307        300.379231
    300.430197      300.513412        300.617821        300.732783
    300.849507      300.961955        301.067125        301.164757
    301.256651      301.345815        301.377677        301.409014
    301.440918      301.473584        301.506381        301.538010
    301.566703      301.590416        301.607000        301.614353
    301.610550      301.593944        301.563237        301.517512
    301.456206      301.379058        301.286031        301.177264
    301.053068      300.914016        300.761116        300.596062
    300.421511      300.241296        300.060476        299.885104
    299.721664      299.576178        299.453109        299.354294
    299.278203      299.219793        299.171113        299.122619
    299.070756      298.996086        298.898408        298.782075
    298.655877      298.531919        298.423684        298.343699
    298.301361      298.301414        298.343420        298.422235
    298.529288      298.654255        298.786731        298.917555
    299.039640      299.148280        299.241035        299.317344
    299.378023      299.424755        299.459651        299.484921
    299.502647      299.514663        299.522492        299.527349
    299.530163      299.531623        299.532220        299.532295
    299.532077      299.531714        299.531297        299.530881
    299.530496      299.530155        299.529863        299.529619
    299.529421      299.529262        299.529136        299.529040
    299.528966      299.528911        299.528871        299.528842
    299.704948      299.704994        299.705057        299.705142
    299.705253      299.705395        299.705573        299.705791
    299.706053      299.706359        299.706708        299.707090
    299.707493      299.707890        299.708237        299.708465
    299.708466      299.708073        299.707036        299.704987
    299.701397      299.695526        299.686372        299.672615
    299.652583      299.624243        299.585243        299.533024
    299.465034      299.379045        299.273584        299.148445
    299.005208      298.847677        298.682074        298.516881
    298.362203      298.228669        298.125984        298.061399
    298.038446      298.056282        298.109850        298.190888
    298.289543      298.396199        298.503072        298.605198
    298.700639      298.807811        298.924565        299.055635
    299.204219      299.371217        299.555047        299.752001
    299.956971      300.164317        300.368653        300.565407
    300.751104      300.923397        301.080921        301.223059
    301.349709      301.461096        301.557665        301.640046
    301.709076      301.765825        301.811611        301.847951
    301.876453      301.898652        301.915827        301.928829
    301.937956      301.942881        301.942623        301.935558
    301.919452      301.891542        301.848685        301.733599
    301.600455      301.447062        301.273362        301.082250
    300.880166      300.677240        300.486772        300.323985
    300.204202      300.140744        300.142997        300.215054
    300.215054      300.142997        300.140744        300.204202
    300.323985      300.486772        300.677240        300.880166
    301.082250      301.273362        301.447062        301.600455
    301.733599      301.848685        301.891542        301.919452
    301.935558      301.942623        301.942881        301.937956
    301.928829      301.915827        301.898652        301.876453
    301.847951      301.811611        301.765825        301.709076
    301.640046      301.557665        301.461096        301.349709
    301.223059      301.080921        300.923397        300.751104
    300.565407      300.368653        300.164317        299.956971
    299.752001      299.555047        299.371217        299.204219
    299.055635      298.924565        298.807811        298.700639
    298.605198      298.503072        298.396199        298.289543
    298.190888      298.109850        298.056282        298.038446
    298.061399      298.125984        298.228669        298.362203
    298.516881      298.682074        298.847677        299.005208
    299.148445      299.273584        299.379045        299.465034
    299.533024      299.585243        299.624243        299.652583
    299.672615      299.686372        299.695526        299.701397
    299.704987      299.707036        299.708073        299.708466
    299.708465      299.708237        299.707890        299.707493
    299.707090      299.706708        299.706359        299.706053
    299.705791      299.705573        299.705395        299.705253
    299.705142      299.705057        299.704994        299.704948
    299.888363      299.888439        299.888543        299.888680
    299.888859      299.889086        299.889366        299.889706
    299.890105      299.890562        299.891069        299.891612
    299.892164      299.892687        299.893126        299.893394
    299.893367      299.892863        299.891614        299.889232
    299.885165      299.878643        299.868620        299.853713
    299.832161      299.801803        299.760111        299.704290
    299.631477      299.539042        299.425007        299.288549
    299.130526      298.953935        298.764187        298.569055
    298.378210      298.202332        298.051874        297.935691
    297.859822      297.826705        297.835040        297.880337
    297.956004      298.054684        298.169491        298.294858
    298.426829      298.584099        298.757650        298.947930
    299.154076      299.373651        299.602776        299.836602
    300.069935      300.297865        300.516232        300.721888
    300.912734      301.087612        301.246103        301.388323
    301.514750      301.626128        301.723444        301.807952
    301.881215      301.945114        302.001785        302.053452
    302.102167      302.149500        302.196222        302.242068
    302.285612      302.324282        302.354492        302.371846
    302.371390      302.347885        302.296139        302.160295
    301.991480      301.787793        301.550343        301.284135
    300.998692      300.708117        300.430360        300.185626
    299.994056      299.873118        299.835204        299.885956
    299.885956      299.835204        299.873118        299.994056
    300.185626      300.430360        300.708117        300.998692
    301.284135      301.550343        301.787793        301.991480
    302.160295      302.296139        302.347885        302.371390
    302.371846      302.354492        302.324282        302.285612
    302.242068      302.196222        302.149500        302.102167
    302.053452      302.001785        301.945114        301.881215
    301.807952      301.723444        301.626128        301.514750
    301.388323      301.246103        301.087612        300.912734
    300.721888      300.516232        300.297865        300.069935
    299.836602      299.602776        299.373651        299.154076
    298.947930      298.757650        298.584099        298.426829
    298.294858      298.169491        298.054684        297.956004
    297.880337      297.835040        297.826705        297.859822
    297.935691      298.051874        298.202332        298.378210
    298.569055      298.764187        298.953935        299.130526
    299.288549      299.425007        299.539042        299.631477
    299.704290      299.760111        299.801803        299.832161
    299.853713      299.868620        299.878643        299.885165
    299.889232      299.891614        299.892863        299.893367
    299.893394      299.893126        299.892687        299.892164
    299.891612      299.891069        299.890562        299.890105
    299.889706      299.889366        299.889086        299.888859
    299.888680      299.888543        299.888439        299.888363
    300.078379      300.078505        300.078675        300.078901
    300.079193      300.079562        300.080017        300.080564
    300.081204      300.081933        300.082735        300.083587
    300.084451      300.085274        300.085981        300.086470
    300.086598      300.086167        300.084894        300.082382
    300.078070      300.071180        300.060659        300.045110
    300.022746      299.991365        299.948367        299.890848
    299.815778      299.720292        299.602084        299.459894
    299.294027      299.106826        298.902983        298.689577
    298.475754      298.272007        298.089132        297.937020
    297.823494      297.753468        297.728569        297.747321
    297.805782      297.898448        298.019167        298.161840
    298.320809      298.516611        298.732404        298.965151
    299.210858      299.464703        299.721398        299.975679
    300.222787      300.458827        300.680935        300.887264
    301.076838      301.249343        301.404921        301.544025
    301.667349      301.775846        301.870804        301.953950
    302.027518      302.094239        302.157184        302.219459
    302.283774      302.351945        302.424428        302.500003
    302.575655      302.646699        302.707083        302.749803
    302.767351      302.752148        302.696965        302.548918
    302.353626      302.108766        301.815800        301.481075
    301.116616      300.740227        300.374611        300.045377
    299.778156      299.595327        299.513015        299.538993
    299.538993      299.513015        299.595327        299.778156
    300.045377      300.374611        300.740227        301.116616
    301.481075      301.815800        302.108766        302.353626
    302.548918      302.696965        302.752148        302.767351
    302.749803      302.707083        302.646699        302.575655
    302.500003      302.424428        302.351945        302.283774
    302.219459      302.157184        302.094239        302.027518
    301.953950      301.870804        301.775846        301.667349
    301.544025      301.404921        301.249343        301.076838
    300.887264      300.680935        300.458827        300.222787
    299.975679      299.721398        299.464703        299.210858
    298.965151      298.732404        298.516611        298.320809
    298.161840      298.019167        297.898448        297.805782
    297.747321      297.728569        297.753468        297.823494
    297.937020      298.089132        298.272007        298.475754
    298.689577      298.902983        299.106826        299.294027
    299.459894      299.602084        299.720292        299.815778
    299.890848      299.948367        299.991365        300.022746
    300.045110      300.060659        300.071180        300.078070
    300.082382      300.084894        300.086167        300.086598
    300.086470      300.085981        300.085274        300.084451
    300.083587      300.082735        300.081933        300.081204
    300.080564      300.080017        300.079562        300.079193
    300.078901      300.078675        300.078505        300.078379
    300.274296      300.274500        300.274776        300.275141
    300.275614      300.276211        300.276946        300.277829
    300.278860      300.280031        300.281320        300.282691
    300.284087      300.285435        300.286637        300.287565
    300.288053      300.287884        300.286764        300.284291
    300.279912      300.272867        300.262132        300.246349
    300.223777      300.192260        300.149239        300.091831
    300.016995      299.921803        299.803810        299.661515
    299.494865      299.305715        299.098166        298.878655
    298.655734      298.439490        298.240661        298.069565
    297.935026      297.843506        297.798585        297.800876
    297.848326      297.936776        298.060610        298.213345
    298.388072      298.608686        298.849989        299.106453
    299.372009      299.640470        299.906027        300.163694
    300.409603      300.641100        300.856627        301.055480
    301.237515      301.402888        301.551887        301.684879
    301.802379      301.905210        301.994711        302.072940
    302.142780      302.207903        302.272513        302.340870
    302.416635      302.502144        302.597766        302.701472
    302.808750      302.912855        303.005337        303.076704
    303.117064      303.116669        303.066343        302.917271
    302.707562      302.433668        302.096423        301.702524
    301.265696      300.807007        300.353901        299.937801
    299.590540      299.340265        299.207674        299.203368
    299.203368      299.207674        299.340265        299.590540
    299.937801      300.353901        300.807007        301.265696
    301.702524      302.096423        302.433668        302.707562
    302.917271      303.066343        303.116669        303.117064
    303.076704      303.005337        302.912855        302.808750
    302.701472      302.597766        302.502144        302.416635
    302.340870      302.272513        302.207903        302.142780
    302.072940      301.994711        301.905210        301.802379
    301.684879      301.551887        301.402888        301.237515
    301.055480      300.856627        300.641100        300.409603
    300.163694      299.906027        299.640470        299.372009
    299.106453      298.849989        298.608686        298.388072
    298.213345      298.060610        297.936776        297.848326
    297.800876      297.798585        297.843506        297.935026
    298.069565      298.240661        298.439490        298.655734
    298.878655      299.098166        299.305715        299.494865
    299.661515      299.803810        299.921803        300.016995
    300.091831      300.149239        300.192260        300.223777
    300.246349      300.262132        300.272867        300.279912
    300.284291      300.286764        300.287884        300.288053
    300.287565      300.286637        300.285435        300.284087
    300.282691      300.281320        300.280031        300.278860
    300.277829      300.276946        300.276211        300.275614
    300.275141      300.274776        300.274500        300.274296
    300.475421      300.475745        300.476185        300.476767
    300.477519      300.478469        300.479639        300.481042
    300.482682      300.484544        300.486596        300.488781
    300.491020      300.493207        300.495209        300.496862
    300.497968      300.498283        300.497499        300.495216
    300.490902      300.483841        300.473075        300.457342
    300.435017      300.404081        300.362125        300.306422
    300.234073      300.142257        300.028578        299.891492
    299.730779      299.547985        299.346755        299.132944
    298.914464      298.700793        298.502219        298.328885
    298.189816      298.092065        298.040141        298.035764
    298.077958      298.163375        298.286760        298.441446
    298.619823      298.850320        299.099443        299.360247
    299.625674      299.889170        300.145230        300.389756
    300.620159      300.835185        301.034557        301.218532
    301.387496      301.541692        301.681121        301.805624
    301.915121      302.009950        302.091250        302.161280
    302.223597      302.282982        302.345063        302.415617
    302.499638      302.600318        302.718154        302.850404
    302.991026      303.131124        303.259775        303.365012
    303.434709      303.457189        303.421559        303.283781
    303.073161      302.784179        302.416003        301.974550
    301.474254      300.938800        300.400195        299.895959
    299.464765      299.141363        298.951881        298.910483
    298.910483      298.951881        299.141363        299.464765
    299.895959      300.400195        300.938800        301.474254
    301.974550      302.416003        302.784179        303.073161
    303.283781      303.421559        303.457189        303.434709
    303.365012      303.259775        303.131124        302.991026
    302.850404      302.718154        302.600318        302.499638
    302.415617      302.345063        302.282982        302.223597
    302.161280      302.091250        302.009950        301.915121
    301.805624      301.681121        301.541692        301.387496
    301.218532      301.034557        300.835185        300.620159
    300.389756      300.145230        299.889170        299.625674
    299.360247      299.099443        298.850320        298.619823
    298.441446      298.286760        298.163375        298.077958
    298.035764      298.040141        298.092065        298.189816
    298.328885      298.502219        298.700793        298.914464
    299.132944      299.346755        299.547985        299.730779
    299.891492      300.028578        300.142257        300.234073
    300.306422      300.362125        300.404081        300.435017
    300.457342      300.473075        300.483841        300.490902
    300.495216      300.497499        300.498283        300.497968
    300.496862      300.495209        300.493207        300.491020
    300.488781      300.486596        300.484544        300.482682
    300.481042      300.479639        300.478469        300.477519
    300.476767      300.476185        300.475745        300.475421
    300.681073      300.681579        300.682265        300.683174
    300.684348      300.685830        300.687655        300.689844
    300.692403      300.695310        300.698516        300.701938
    300.705457      300.708922        300.712146        300.714915
    300.716979      300.718057        300.717820        300.715869
    300.711706      300.704683        300.693949        300.678388
    300.656563      300.626683        300.586597        300.533860
    300.465859      300.380043        300.274237        300.147037
    299.998236      299.829237        299.643351        299.445916
    299.244153      299.046747        298.863167        298.702819
    298.574163      298.483936        298.436589        298.434017
    298.475548      298.558159        298.676827        298.824952
    298.994823      299.220014        299.459491        299.705940
    299.952333      300.192642        300.422379        300.638842
    300.841017      301.029165        301.204237        301.367266
    301.518876      301.659022        301.786988        301.901640
    302.001869      302.087166        302.158212        302.217367
    302.268930      302.319037        302.375122        302.444945
    302.535289      302.650557        302.791569        302.954851
    303.132631      303.313560        303.483963        303.629279
    303.735256      303.788623        303.777201        303.662195
    303.463709      303.173727        302.788827        302.312992
    301.760242      301.156028        300.536493        299.945286
    299.428332      299.027631        298.775462        298.690229
    298.690229      298.775462        299.027631        299.428332
    299.945286      300.536493        301.156028        301.760242
    302.312992      302.788827        303.173727        303.463709
    303.662195      303.777201        303.788623        303.735256
    303.629279      303.483963        303.313560        303.132631
    302.954851      302.791569        302.650557        302.535289
    302.444945      302.375122        302.319037        302.268930
    302.217367      302.158212        302.087166        302.001869
    301.901640      301.786988        301.659022        301.518876
    301.367266      301.204237        301.029165        300.841017
    300.638842      300.422379        300.192642        299.952333
    299.705940      299.459491        299.220014        298.994823
    298.824952      298.676827        298.558159        298.475548
    298.434017      298.436589        298.483936        298.574163
    298.702819      298.863167        299.046747        299.244153
    299.445916      299.643351        299.829237        299.998236
    300.147037      300.274237        300.380043        300.465859
    300.533860      300.586597        300.626683        300.656563
    300.678388      300.693949        300.704683        300.711706
    300.715869      300.717820        300.718057        300.716979
    300.714915      300.712146        300.708922        300.705457
    300.701938      300.698516        300.695310        300.692403
    300.689844      300.687655        300.685830        300.684348
    300.683174      300.682265        300.681579        300.681073
    300.890585      300.891359        300.892408        300.893796
    300.895591      300.897856        300.900645        300.903993
    300.907905      300.912351        300.917258        300.922502
    300.927909      300.933259        300.938290        300.942706
    300.946187      300.948390        300.948952        300.947476
    300.943502      300.936473        300.925682        300.910212
    300.888887      300.860226        300.822440        300.773483
    300.711161      300.633337        300.538211        300.424673
    300.292685      300.143641        299.980623        299.808489
    299.633727      299.464052        299.307784        299.173087
    299.067187      298.995698        298.962159        298.967820
    299.011659      299.090587        299.199753        299.332907
    299.482822      299.688163        299.901798        300.116983
    300.327596      300.528869        300.717899        300.893764
    301.057245      301.210191        301.354728        301.492496
    301.624091      301.748827        301.864857        301.969617
    302.060532      302.135867        302.195590        302.242075
    302.280474      302.318583        302.366108        302.433325
    302.529315      302.660059        302.826824        303.025257
    303.245467      303.473121        303.691305        303.882580
    304.030636      304.121041        304.141007        304.057356
    303.881567      303.602993        303.214974        302.718547
    302.126174      301.464045        300.771717        300.098628
    299.497966      299.019258        298.701354        298.567367
    298.567367      298.701354        299.019258        299.497966
    300.098628      300.771717        301.464045        302.126174
    302.718547      303.214974        303.602993        303.881567
    304.057356      304.141007        304.121041        304.030636
    303.882580      303.691305        303.473121        303.245467
    303.025257      302.826824        302.660059        302.529315
    302.433325      302.366108        302.318583        302.280474
    302.242075      302.195590        302.135867        302.060532
    301.969617      301.864857        301.748827        301.624091
    301.492496      301.354728        301.210191        301.057245
    300.893764      300.717899        300.528869        300.327596
    300.116983      299.901798        299.688163        299.482822
    299.332907      299.199753        299.090587        299.011659
    298.967820      298.962159        298.995698        299.067187
    299.173087      299.307784        299.464052        299.633727
    299.808489      299.980623        300.143641        300.292685
    300.424673      300.538211        300.633337        300.711161
    300.773483      300.822440        300.860226        300.888887
    300.910212      300.925682        300.936473        300.943502
    300.947476      300.948952        300.948390        300.946187
    300.942706      300.938290        300.933259        300.927909
    300.922502      300.917258        300.912351        300.907905
    300.903993      300.900645        300.897856        300.895591
    300.893796      300.892408        300.891359        300.890585
    301.103304      301.104462        301.106032        301.108110
    301.110797      301.114188        301.118363        301.123375
    301.129232      301.135891        301.143243        301.151106
    301.159228      301.167288        301.174915        301.181695
    301.187202      301.191004        301.192682        301.191828
    301.188026      301.180830        301.169712        301.154009
    301.132869      301.105209        301.069698        301.024794
    300.968839      300.900232        300.817675        300.720478
    300.608889      300.484392        300.349908        300.209835
    300.069867      299.936593        299.816904        299.717306
    299.643243      299.598566        299.585218        299.603168
    299.650552      299.723939        299.818649        299.929069
    300.048978      300.221411        300.395150        300.564787
    300.725786      300.875195        301.012101        301.137641
    301.254546      301.366308        301.476190        301.586308
    301.697005      301.806638        301.911830        302.008145
    302.091095      302.157329        302.205836        302.238922
    302.262719      302.287023        302.324310        302.387949
    302.489837      302.637873        302.833837        303.072232
    303.340494      303.620604        303.891735        304.133169
    304.326556      304.456804        304.511404        304.463196
    304.316529      304.058478        303.678944        303.175309
    302.557457      301.851200        301.098496        300.353775
    299.676966      299.124849        298.742797        298.558757
    298.558757      298.742797        299.124849        299.676966
    300.353775      301.098496        301.851200        302.557457
    303.175309      303.678944        304.058478        304.316529
    304.463196      304.511404        304.456804        304.326556
    304.133169      303.891735        303.620604        303.340494
    303.072232      302.833837        302.637873        302.489837
    302.387949      302.324310        302.287023        302.262719
    302.238922      302.205836        302.157329        302.091095
    302.008145      301.911830        301.806638        301.697005
    301.586308      301.476190        301.366308        301.254546
    301.137641      301.012101        300.875195        300.725786
    300.564787      300.395150        300.221411        300.048978
    299.929069      299.818649        299.723939        299.650552
    299.603168      299.585218        299.598566        299.643243
    299.717306      299.816904        299.936593        300.069867
    300.209835      300.349908        300.484392        300.608889
    300.720478      300.817675        300.900232        300.968839
    301.024794      301.069698        301.105209        301.132869
    301.154009      301.169712        301.180830        301.188026
    301.191828      301.192682        301.191004        301.187202
    301.181695      301.174915        301.167288        301.159228
    301.151106      301.143243        301.135891        301.129232
    301.123375      301.118363        301.114188        301.110797
    301.108110      301.106032        301.104462        301.103304
    301.318592      301.320290        301.322591        301.325637
    301.329576      301.334546        301.340667        301.348013
    301.356600      301.366364        301.377147        301.388686
    301.400616      301.412478        301.423741        301.433831
    301.442163      301.448177        301.451367        301.451295
    301.447590      301.439930        301.428004        301.411454
    301.389824      301.362505        301.328715        301.287515
    301.237884      301.178857        301.109735        301.030339
    300.941279      300.844191        300.741865        300.638227
    300.538112      300.446847        300.369677        300.311138
    300.274504      300.261410        300.271737        300.303749
    300.354419      300.419818        300.495476        300.576650
    300.658526      300.787236        300.909842        301.022824
    301.123696      301.211693        301.288164        301.356493
    301.421486      301.488341        301.561459        301.643355
    301.733945      301.830356        301.927318        302.018089
    302.095816      302.155138        302.193780        302.213872
    302.222639      302.232200        302.258281        302.317890
    302.426227      302.593414        302.821752        303.104283
    303.425159      303.761901        304.089032        304.382077
    304.620624      304.789435        304.877267        304.863425
    304.747330      304.514643        304.152155        303.653357
    303.024810      302.290871        301.494653        300.694323
    299.955412      299.341024        298.902410        298.672025
    298.672025      298.902410        299.341024        299.955412
    300.694323      301.494653        302.290871        303.024810
    303.653357      304.152155        304.514643        304.747330
    304.863425      304.877267        304.789435        304.620624
    304.382077      304.089032        303.761901        303.425159
    303.104283      302.821752        302.593414        302.426227
    302.317890      302.258281        302.232200        302.222639
    302.213872      302.193780        302.155138        302.095816
    302.018089      301.927318        301.830356        301.733945
    301.643355      301.561459        301.488341        301.421486
    301.356493      301.288164        301.211693        301.123696
    301.022824      300.909842        300.787236        300.658526
    300.576650      300.495476        300.419818        300.354419
    300.303749      300.271737        300.261410        300.274504
    300.311138      300.369677        300.446847        300.538112
    300.638227      300.741865        300.844191        300.941279
    301.030339      301.109735        301.178857        301.237884
    301.287515      301.328715        301.362505        301.389824
    301.411454      301.428004        301.439930        301.447590
    301.451295      301.451367        301.448177        301.442163
    301.433831      301.423741        301.412478        301.400616
    301.388686      301.377147        301.366364        301.356600
    301.348013      301.340667        301.334546        301.329576
    301.325637      301.322591        301.320290        301.318592
    301.535827      301.538264        301.541567        301.545939
    301.551593      301.558728        301.567513        301.578058
    301.590385      301.604404        301.619887        301.636461
    301.653606      301.670673        301.686913        301.701523
    301.713703      301.722707        301.727900        301.728787
    301.725037      301.716466        301.703013        301.684681
    301.661474      301.633344        301.600142        301.561621
    301.517483      301.467480        301.411583        301.350181
    301.284286      301.215701        301.147083        301.081848
    301.023906      300.977215        300.945224        300.930316
    300.933371      300.953571        300.988496        301.034498
    301.087237      301.142221        301.195225        301.242512
    301.280897      301.357961        301.421499        301.470185
    301.503841      301.524089        301.534713        301.541488
    301.551422      301.571525        301.607390        301.661920
    301.734498      301.820801        301.913338        302.002655
    302.079100      302.134886        302.166175        302.174772
    302.169042      302.163662        302.177995        302.233130
    302.347977      302.535122        302.797399        303.126115
    303.501618      303.896297        304.279377        304.622178
    304.902170      305.104402        305.219831        305.234614
    305.145835      304.939023        304.598732        304.114860
    303.490332      302.747153        301.928225        301.093809
    300.313304      299.654543        299.173371        298.905925
    298.905925      299.173371        299.654543        300.313304
    301.093809      301.928225        302.747153        303.490332
    304.114860      304.598732        304.939023        305.145835
    305.234614      305.219831        305.104402        304.902170
    304.622178      304.279377        303.896297        303.501618
    303.126115      302.797399        302.535122        302.347977
    302.233130      302.177995        302.163662        302.169042
    302.174772      302.166175        302.134886        302.079100
    302.002655      301.913338        301.820801        301.734498
    301.661920      301.607390        301.571525        301.551422
    301.541488      301.534713        301.524089        301.503841
    301.470185      301.421499        301.357961        301.280897
    301.242512      301.195225        301.142221        301.087237
    301.034498      300.988496        300.953571        300.933371
    300.930316      300.945224        300.977215        301.023906
    301.081848      301.147083        301.215701        301.284286
    301.350181      301.411583        301.467480        301.517483
    301.561621      301.600142        301.633344        301.661474
    301.684681      301.703013        301.716466        301.725037
    301.728787      301.727900        301.722707        301.713703
    301.701523      301.686913        301.670673        301.653606
    301.636461      301.619887        301.604404        301.590385
    301.578058      301.567513        301.558728        301.551593
    301.545939      301.541567        301.538264        301.535827
    301.754397      301.757823        301.762465        301.768611
    301.776557      301.786587        301.798936        301.813759
    301.831088      301.850795        301.872563        301.895869
    301.919987      301.944010        301.966895        301.987536
    302.004835      302.017793        302.025588        302.027636
    302.023628      302.013535        301.997578        301.976177
    301.949872      301.919252        301.884892        301.847319
    301.807034      301.764571        301.720617        301.676154
    301.632605      301.591926        301.556601        301.529486
    301.513499      301.511157        301.524047        301.552339
    301.594478      301.647160        301.705654        301.764392
    301.817717      301.860570        301.888961        301.900148
    301.892569      301.913453        301.913575        301.893862
    301.856503      301.805586        301.747434        301.690355
    301.643724      301.616528        301.615686        301.644552
    301.701935      301.781911        301.874495        301.967165
    302.047058      302.103572        302.130972        302.130532
    302.111695      302.091775        302.093970        302.143714
    302.263880      302.469705        302.764607        303.138057
    303.566346      304.016370        304.451664        304.839055
    305.153825      305.381587        305.516183        305.550794
    305.482754      305.298971        304.983061        304.522169
    303.915750      303.182853        302.364842        301.522168
    300.725904      300.046440        299.542373        299.252234
    299.252234      299.542373        300.046440        300.725904
    301.522168      302.364842        303.182853        303.915750
    304.522169      304.983061        305.298971        305.482754
    305.550794      305.516183        305.381587        305.153825
    304.839055      304.451664        304.016370        303.566346
    303.138057      302.764607        302.469705        302.263880
    302.143714      302.093970        302.091775        302.111695
    302.130532      302.130972        302.103572        302.047058
    301.967165      301.874495        301.781911        301.701935
    301.644552      301.615686        301.616528        301.643724
    301.690355      301.747434        301.805586        301.856503
    301.893862      301.913575        301.913453        301.892569
    301.900148      301.888961        301.860570        301.817717
    301.764392      301.705654        301.647160        301.594478
    301.552339      301.524047        301.511157        301.513499
    301.529486      301.556601        301.591926        301.632605
    301.676154      301.720617        301.764571        301.807034
    301.847319      301.884892        301.919252        301.949872
    301.976177      301.997578        302.013535        302.023628
    302.027636      302.025588        302.017793        302.004835
    301.987536      301.966895        301.944010        301.919987
    301.895869      301.872563        301.850795        301.831088
    301.813759      301.798936        301.786587        301.776557
    301.768611      301.762465        301.757823        301.754397
    301.973695      301.978411        301.984801        301.993261
    302.004200      302.018006        302.035006        302.055411
    302.079265      302.106395        302.136363        302.168453
    302.201667      302.234760        302.266310        302.294803
    302.318754      302.336823        302.347935        302.351369
    302.346821      302.334425        302.314723        302.288608
    302.257234      302.221914        302.184030        302.144972
    302.106106      302.068800        302.034487        302.004748
    301.981396      301.966497        301.962304        301.971054
    301.994617      302.034042        302.089065        302.157710
    302.236104      302.318628        302.398422        302.468169
    302.521006      302.551324        302.555282        302.530948
    302.478138      302.441974        302.378007        302.289239
    302.180116      302.057171        301.929341        301.807630
    301.704004      301.629661        301.593060        301.598143
    301.643190      301.720592        301.817684        301.918592
    302.006907      302.068857        302.096480        302.090241
    302.060443      302.026905        302.016586        302.059260
    302.181815      302.402242        302.724694        303.136982
    303.611511      304.109806        304.589770        305.013718
    305.354715      305.599003        305.743616        305.788524
    305.733525      305.568381        305.277301        304.845913
    304.270815      303.567849        302.775658        301.952916
    301.169923      300.497092        299.993551        299.698619
    299.698619      299.993551        300.497092        301.169923
    301.952916      302.775658        303.567849        304.270815
    304.845913      305.277301        305.568381        305.733525
    305.788524      305.743616        305.599003        305.354715
    305.013718      304.589770        304.109806        303.611511
    303.136982      302.724694        302.402242        302.181815
    302.059260      302.016586        302.026905        302.060443
    302.090241      302.096480        302.068857        302.006907
    301.918592      301.817684        301.720592        301.643190
    301.598143      301.593060        301.629661        301.704004
    301.807630      301.929341        302.057171        302.180116
    302.289239      302.378007        302.441974        302.478138
    302.530948      302.555282        302.551324        302.521006
    302.468169      302.398422        302.318628        302.236104
    302.157710      302.089065        302.034042        301.994617
    301.971054      301.962304        301.966497        301.981396
    302.004748      302.034487        302.068800        302.106106
    302.144972      302.184030        302.221914        302.257234
    302.288608      302.314723        302.334425        302.346821
    302.351369      302.347935        302.336823        302.318754
    302.294803      302.266310        302.234760        302.201667
    302.168453      302.136363        302.106395        302.079265
    302.055411      302.035006        302.018006        302.004200
    301.993261      301.984801        301.978411        301.973695
    302.193112      302.199470        302.208085        302.219490
    302.234237      302.252850        302.275767        302.303276
    302.335436      302.372012        302.412416        302.455683
    302.500469      302.545103        302.587669        302.626140
    302.658528      302.683055        302.698310        302.703379
    302.697942      302.682299        302.657353        302.624535
    302.585691      302.542950        302.498596        302.454958
    302.414340      302.378988        302.351099        302.332843
    302.326385      302.333846        302.357179        302.397936
    302.456905      302.533681        302.626239        302.730628
    302.840923      302.949514        303.047758        303.126892
    303.179039      303.198063        303.180098        303.123672
    303.029507      302.939089        302.813914        302.658684
    302.479841      302.286262        302.089558        301.903611
    301.743244      301.622168        301.550656        301.533450
    301.568416      301.646281        301.751616        301.865037
    301.966370      302.038405        302.070653        302.062428
    302.024522      301.978851        301.955739        301.988957
    302.109202      302.337225        302.678171        303.118708
    303.628040      304.163058        304.676643        305.126970
    305.484961      305.737363        305.884255        305.931642
    305.883335      305.733124        305.467292        305.071364
    304.539987      303.885854        303.143944        302.369308
    301.629026      300.990932        300.512357        300.231686
    300.231686      300.512357        300.990932        301.629026
    302.369308      303.143944        303.885854        304.539987
    305.071364      305.467292        305.733124        305.883335
    305.931642      305.884255        305.737363        305.484961
    305.126970      304.676643        304.163058        303.628040
    303.118708      302.678171        302.337225        302.109202
    301.988957      301.955739        301.978851        302.024522
    302.062428      302.070653        302.038405        301.966370
    301.865037      301.751616        301.646281        301.568416
    301.533450      301.550656        301.622168        301.743244
    301.903611      302.089558        302.286262        302.479841
    302.658684      302.813914        302.939089        303.029507
    303.123672      303.180098        303.198063        303.179039
    303.126892      303.047758        302.949514        302.840923
    302.730628      302.626239        302.533681        302.456905
    302.397936      302.357179        302.333846        302.326385
    302.332843      302.351099        302.378988        302.414340
    302.454958      302.498596        302.542950        302.585691
    302.624535      302.657353        302.682299        302.697942
    302.703379      302.698310        302.683055        302.658528
    302.626140      302.587669        302.545103        302.500469
    302.455683      302.412416        302.372012        302.335436
    302.303276      302.275767        302.252850        302.234237
    302.219490      302.208085        302.199470        302.193112
    302.412022      302.420417        302.431792        302.446851
    302.466322      302.490898        302.521158        302.557481
    302.599945      302.648239        302.701590        302.758723
    302.817865      302.876810        302.933036        302.983870
    303.026700      303.059193        303.079510        303.086485
    303.079747      303.059773        303.027862        302.986050
    302.936959      302.883633        302.829351        302.777471
    302.731299      302.694002        302.668555        302.657701
    302.663911      302.689294        302.735438        302.803150
    302.892125      303.000557        303.124807        303.259209
    303.396147      303.526462        303.640183        303.727496
    303.779750      303.790301        303.755026        303.672443
    303.543547      303.405000        303.224731        303.008602
    302.764677      302.503999        302.240863        301.992205
    301.775977      301.608721        301.502832        301.464115
    301.490217      301.570324        301.686311        301.815286
    301.933264      302.019476        302.060680        302.054673
    302.012205      301.956620        301.920855        301.941978
    302.053992      302.280273        302.627306        303.081439
    303.609884      304.166254        304.699630        305.164860
    305.530998      305.785037        305.929564        305.975291
    305.930795      305.794540        305.556038        305.202013
    304.726148      304.138240        303.468929        302.768071
    302.097357      301.519675        301.088422        300.839479
    300.839479      301.088422        301.519675        302.097357
    302.768071      303.468929        304.138240        304.726148
    305.202013      305.556038        305.794540        305.930795
    305.975291      305.929564        305.785037        305.530998
    305.164860      304.699630        304.166254        303.609884
    303.081439      302.627306        302.280273        302.053992
    301.941978      301.920855        301.956620        302.012205
    302.054673      302.060680        302.019476        301.933264
    301.815286      301.686311        301.570324        301.490217
    301.464115      301.502832        301.608721        301.775977
    301.992205      302.240863        302.503999        302.764677
    303.008602      303.224731        303.405000        303.543547
    303.672443      303.755026        303.790301        303.779750
    303.727496      303.640183        303.526462        303.396147
    303.259209      303.124807        303.000557        302.892125
    302.803150      302.735438        302.689294        302.663911
    302.657701      302.668555        302.694002        302.731299
    302.777471      302.829351        302.883633        302.936959
    302.986050      303.027862        303.059773        303.079747
    303.086485      303.079510        303.059193        303.026700
    302.983870      302.933036        302.876810        302.817865
    302.758723      302.701590        302.648239        302.599945
    302.557481      302.521158        302.490898        302.466322
    302.446851      302.431792        302.420417        302.412022
    302.629769      302.640626        302.655337        302.674813
    302.699995      302.731779        302.770914        302.817889
    302.872808      302.935267        303.004266        303.078157
    303.154648      303.230888        303.303616        303.369379
    303.424805      303.466883        303.493247        303.502409
    303.493913      303.468416        303.427655        303.374335
    303.311946      303.244542        303.176496        303.112281
    303.056279      303.012618        302.985064        302.976914
    302.990902      303.029062        303.092549        303.181388
    303.294182      303.427812        303.577212        303.735309
    303.893215      304.040714        304.167017        304.261692
    304.315588      304.321587        304.275064        304.174023
    304.019043      303.841163        303.614616        303.345783
    303.043879      302.721838        302.396570        302.088153
    301.817880      301.605395        301.465506        301.405363
    301.422655      301.505274        301.632627        301.778537
    301.915376      302.018891        302.072989        302.073607
    302.030827      301.968522        301.921179        301.928107
    302.025822      302.240015        302.578858        303.029424
    303.558538      304.118413        304.656098        305.124389
    305.490995      305.742908        305.884394        305.929043
    305.890182      305.770931        305.564632        305.260139
    304.850994      304.344421        303.766283        303.160078
    302.580423      302.083412        301.716851        301.512910
    301.512910      301.716851        302.083412        302.580423
    303.160078      303.766283        304.344421        304.850994
    305.260139      305.564632        305.770931        305.890182
    305.929043      305.884394        305.742908        305.490995
    305.124389      304.656098        304.118413        303.558538
    303.029424      302.578858        302.240015        302.025822
    301.928107      301.921179        301.968522        302.030827
    302.073607      302.072989        302.018891        301.915376
    301.778537      301.632627        301.505274        301.422655
    301.405363      301.465506        301.605395        301.817880
    302.088153      302.396570        302.721838        303.043879
    303.345783      303.614616        303.841163        304.019043
    304.174023      304.275064        304.321587        304.315588
    304.261692      304.167017        304.040714        303.893215
    303.735309      303.577212        303.427812        303.294182
    303.181388      303.092549        303.029062        302.990902
    302.976914      302.985064        303.012618        303.056279
    303.112281      303.176496        303.244542        303.311946
    303.374335      303.427655        303.468416        303.493913
    303.502409      303.493247        303.466883        303.424805
    303.369379      303.303616        303.230888        303.154648
    303.078157      303.004266        302.935267        302.872808
    302.817889      302.770914        302.731779        302.699995
    302.674813      302.655337        302.640626        302.629769
    302.845654      302.859407        302.878044        302.902717
    302.934619      302.974884        303.024462        303.083973
    303.153546      303.232672        303.320084        303.413692
    303.510596      303.607182        303.699319        303.782636
    303.852858      303.906174        303.939588        303.951213
    303.940479      303.908221        303.856648        303.789204
    303.710332      303.625192        303.539350        303.458482
    303.388111      303.333372        303.298836        303.288339
    303.304836      303.350234        303.425202        303.528954
    303.659026      303.811088        303.978852        304.154157
    304.327262      304.487383        304.623413        304.724737
    304.781989      304.787650        304.736408        304.625325
    304.453934      304.247272        303.985255        303.674116
    303.323678      302.948381        302.567528        302.204275
    301.883309      301.627525        301.454356        301.372557
    301.380169      301.464150        301.601859        301.764278
    301.920560      302.043277        302.113563        302.125244
    302.087082      302.022450        301.966097        301.958255
    302.036889      302.229492        302.546174        302.975819
    303.486662      304.031704        304.558112        305.018287
    305.379411      305.628335        305.770074        305.818882
    305.792239      305.697215        305.530907        305.284679
    304.952431      304.539063        304.065460        303.568059
    303.093371      302.689557        302.397837        302.246003
    302.246003      302.397837        302.689557        303.093371
    303.568059      304.065460        304.539063        304.952431
    305.284679      305.530907        305.697215        305.792239
    305.818882      305.770074        305.628335        305.379411
    305.018287      304.558112        304.031704        303.486662
    302.975819      302.546174        302.229492        302.036889
    301.958255      301.966097        302.022450        302.087082
    302.125244      302.113563        302.043277        301.920560
    301.764278      301.601859        301.464150        301.380169
    301.372557      301.454356        301.627525        301.883309
    302.204275      302.567528        302.948381        303.323678
    303.674116      303.985255        304.247272        304.453934
    304.625325      304.736408        304.787650        304.781989
    304.724737      304.623413        304.487383        304.327262
    304.154157      303.978852        303.811088        303.659026
    303.528954      303.425202        303.350234        303.304836
    303.288339      303.298836        303.333372        303.388111
    303.458482      303.539350        303.625192        303.710332
    303.789204      303.856648        303.908221        303.940479
    303.951213      303.939588        303.906174        303.852858
    303.782636      303.699319        303.607182        303.510596
    303.413692      303.320084        303.232672        303.153546
    303.083973      303.024462        302.974884        302.934619
    302.902717      302.878044        302.859407        302.845654
    303.058915      303.075984        303.099114        303.129735
    303.169327      303.219298        303.280828        303.354684
    303.441028      303.539228        303.647710        303.763882
    303.884143      304.004008        304.118350        304.221741
    304.308874      304.375013        304.416432        304.430779
    304.417327      304.377093        304.312790        304.228659
    304.130176      304.023696        303.916067        303.814251
    303.724974      303.654421        303.607980        303.590019
    303.603682      303.650706        303.731237        303.843668
    303.984503      304.148310        304.327779        304.513948
    304.696598      304.864806        305.007587        305.114533
    305.176355      305.185263        305.135206        305.022049
    304.843838      304.619628        304.334085        303.992689
    303.605282      303.187300        302.760022        302.349383
    301.983292      301.687840        301.483155        301.379792
    301.376469      301.459674        301.605305        301.782177
    301.956898      302.099418        302.188386        302.215415
    302.187377      302.126110        302.065265        302.044538
    302.102091      302.266501        302.549868        302.943816
    303.419698      303.933524        304.434863        304.877596
    305.229445      305.477176        305.625669        305.687452
    305.683223      305.622715        305.506052        305.326894
    305.079595      304.766874        304.404640        304.022086
    303.657283      303.350112        303.134954        303.035129
    303.035129      303.134954        303.350112        303.657283
    304.022086      304.404640        304.766874        305.079595
    305.326894      305.506052        305.622715        305.683223
    305.687452      305.625669        305.477176        305.229445
    304.877596      304.434863        303.933524        303.419698
    302.943816      302.549868        302.266501        302.102091
    302.044538      302.065265        302.126110        302.187377
    302.215415      302.188386        302.099418        301.956898
    301.782177      301.605305        301.459674        301.376469
    301.379792      301.483155        301.687840        301.983292
    302.349383      302.760022        303.187300        303.605282
    303.992689      304.334085        304.619628        304.843838
    305.022049      305.135206        305.185263        305.176355
    305.114533      305.007587        304.864806        304.696598
    304.513948      304.327779        304.148310        303.984503
    303.843668      303.731237        303.650706        303.603682
    303.590019      303.607980        303.654421        303.724974
    303.814251      303.916067        304.023696        304.130176
    304.228659      304.312790        304.377093        304.417327
    304.430779      304.416432        304.375013        304.308874
    304.221741      304.118350        304.004008        303.884143
    303.763882      303.647710        303.539228        303.441028
    303.354684      303.280828        303.219298        303.169327
    303.129735      303.099114        303.075984        303.058915
    303.268724      303.289479        303.317602        303.354836
    303.402977      303.463738        303.538554        303.628357
    303.733344      303.852746        303.984649        304.125902
    304.272123      304.417860        304.556876        304.682567
    304.788475      304.868833        304.919094        304.936376
    304.919766      304.870453        304.791683        304.688541
    304.567601      304.436487        304.303404        304.176663
    304.064247      303.973425        303.910419        303.880118
    303.885838      303.929118        304.009563        304.124746
    304.270192      304.439470        304.624418        304.815508
    305.002334      305.174159        305.320455        305.431342
    305.497882      305.512227        305.467698        305.358953
    305.182390      304.951475        304.654566        304.295893
    303.884748      303.436933        302.975081        302.527339
    302.124382      301.795194        301.562475        301.438665
    301.423465      301.503421        301.653694        301.841791
    302.032660      302.194403        302.303694        302.350027
    302.337983      302.286981        302.228304        302.199677
    302.238150      302.372490        302.616570        302.965339
    303.394633      303.865393        304.331706        304.750799
    305.092121      305.342600        305.506267        305.591600
    305.621506      305.606721        305.549165        305.444100
    305.286088      305.075736        304.824206        304.553749
    304.294350      304.078008        303.932690        303.877667
    303.877667      303.932690        304.078008        304.294350
    304.553749      304.824206        305.075736        305.286088
    305.444100      305.549165        305.606721        305.621506
    305.591600      305.506267        305.342600        305.092121
    304.750799      304.331706        303.865393        303.394633
    302.965339      302.616570        302.372490        302.238150
    302.199677      302.228304        302.286981        302.337983
    302.350027      302.303694        302.194403        302.032660
    301.841791      301.653694        301.503421        301.423465
    301.438665      301.562475        301.795194        302.124382
    302.527339      302.975081        303.436933        303.884748
    304.295893      304.654566        304.951475        305.182390
    305.358953      305.467698        305.512227        305.497882
    305.431342      305.320455        305.174159        305.002334
    304.815508      304.624418        304.439470        304.270192
    304.124746      304.009563        303.929118        303.885838
    303.880118      303.910419        303.973425        304.064247
    304.176663      304.303404        304.436487        304.567601
    304.688541      304.791683        304.870453        304.919766
    304.936376      304.919094        304.868833        304.788475
    304.682567      304.556876        304.417860        304.272123
    304.125902      303.984649        303.852746        303.733344
    303.628357      303.538554        303.463738        303.402977
    303.354836      303.317602        303.289479        303.268724
    303.474173      303.498902        303.532410        303.576771
    303.634129      303.706523        303.795660        303.902655
    304.027738      304.169995        304.327145        304.495430
    304.669631      304.843249        305.008851        305.158565
    305.284687      305.380336        305.440074        305.460438
    305.440298      305.381013        305.286373        305.162339
    305.016625      304.858173        304.696591        304.541582
    304.402421      304.287481        304.203824        304.156861
    304.150065      304.184769        304.260040        304.372658
    304.517224      304.686405        304.871322        305.062046
    305.248169      305.419337        305.565685        305.678086
    305.748200      305.768392        305.731642        305.631648
    305.463302      305.235219        304.938389        304.575482
    304.154723      303.691598        303.209295        302.737362
    302.308503      301.954029        301.698878        301.557317
    301.530273      301.604889        301.756386        301.951933
    302.155850      302.335333        302.465773        302.534861
    302.544738      302.511783        302.463900        302.435611
    302.461619      302.569896        302.775585        303.077086
    303.455511      303.878081        304.305047        304.698549
    305.030877      305.289489        305.477076        305.596121
    305.670822      305.711175        305.719449        305.691550
    305.621837      305.508878        305.359555        305.189924
    305.022803      304.883288        304.793857        304.770520
    304.770520      304.793857        304.883288        305.022803
    305.189924      305.359555        305.508878        305.621837
    305.691550      305.719449        305.711175        305.670822
    305.596121      305.477076        305.289489        305.030877
    304.698549      304.305047        303.878081        303.455511
    303.077086      302.775585        302.569896        302.461619
    302.435611      302.463900        302.511783        302.544738
    302.534861      302.465773        302.335333        302.155850
    301.951933      301.756386        301.604889        301.530273
    301.557317      301.698878        301.954029        302.308503
    302.737362      303.209295        303.691598        304.154723
    304.575482      304.938389        305.235219        305.463302
    305.631648      305.731642        305.768392        305.748200
    305.678086      305.565685        305.419337        305.248169
    305.062046      304.871322        304.686405        304.517224
    304.372658      304.260040        304.184769        304.150065
    304.156861      304.203824        304.287481        304.402421
    304.541582      304.696591        304.858173        305.016625
    305.162339      305.286373        305.381013        305.440298
    305.460438      305.440074        305.380336        305.284687
    305.158565      305.008851        304.843249        304.669631
    304.495430      304.327145        304.169995        304.027738
    303.902655      303.795660        303.706523        303.634129
    303.576771      303.532410        303.498902        303.474173
    303.674281      303.703155        303.742280        303.794077
    303.861049      303.945576        304.049653        304.174579
    304.320624      304.486716        304.670195        304.866669
    305.070043      305.272728        305.466040        305.640784
    305.787959      305.899513        305.969079        305.992579
    305.968644      305.898796        305.787367        305.641204
    305.469170      305.281540        305.089336        304.903664
    304.735092      304.593096        304.485580        304.418466
    304.395391      304.417490        304.483321        304.588919
    304.728036      304.892526        305.072888        305.258889
    305.440195      305.606903        305.749886        305.860882
    305.932350      305.957168        305.928379        305.839170
    305.683337      305.465689        305.178844        304.823815
    304.407384      303.944056        303.456704        302.975294
    302.533616      302.164508        301.894605        301.739785
    301.702343      301.770505        301.920339        302.119671
    302.333274      302.528458        302.680163        302.774789
    302.812172      302.805377        302.778302        302.761366
    302.785907      302.878133        303.053710        303.314123
    303.645871      304.023030        304.412934        304.783658
    305.111160      305.383789        305.602639        305.762989
    305.889554      305.990097        306.065899        306.112580
    306.123908      306.096598        306.033935        305.946846
    305.852265      305.769699        305.717331        305.708828
    305.708828      305.717331        305.769699        305.852265
    305.946846      306.033935        306.096598        306.123908
    306.112580      306.065899        305.990097        305.889554
    305.762989      305.602639        305.383789        305.111160
    304.783658      304.412934        304.023030        303.645871
    303.314123      303.053710        302.878133        302.785907
    302.761366      302.778302        302.805377        302.812172
    302.774789      302.680163        302.528458        302.333274
    302.119671      301.920339        301.770505        301.702343
    301.739785      301.894605        302.164508        302.533616
    302.975294      303.456704        303.944056        304.407384
    304.823815      305.178844        305.465689        305.683337
    305.839170      305.928379        305.957168        305.932350
    305.860882      305.749886        305.606903        305.440195
    305.258889      305.072888        304.892526        304.728036
    304.588919      304.483321        304.417490        304.395391
    304.418466      304.485580        304.593096        304.735092
    304.903664      305.089336        305.281540        305.469170
    305.641204      305.787367        305.898796        305.968644
    305.992579      305.969079        305.899513        305.787959
    305.640784      305.466040        305.272728        305.070043
    304.866669      304.670195        304.486716        304.320624
    304.174579      304.049653        303.945576        303.861049
    303.794077      303.742280        303.703155        303.674281
    303.868000      303.901045        303.945821        304.005100
    304.081746      304.178481        304.297587        304.440551
    304.607680      304.797747        305.007703        305.232522
    305.465225      305.697124        305.918279        306.118162
    306.286465      306.413962        306.493346        306.519916
    306.492057      306.411436        306.282916        306.114204
    305.915290      305.697749        305.473985        305.256468
    305.057029      304.886219        304.752759        304.663081
    304.620994      304.627472        304.680617        304.775804
    304.906026      305.062419        305.234930        305.413054
    305.586517      305.745823        305.882538        305.989280
    306.059424      306.086646        306.064483        305.986165
    305.844948      305.643101        305.373966        305.037024
    304.637422      304.188162        303.710981        303.235260
    302.794815      302.423069        302.147647        301.985661
    301.940777      302.002680        302.148979        302.349075
    302.569219      302.777847        302.950329        303.072443
    303.142112      303.169185        303.173343        303.180424
    303.217694      303.308744        303.468865        303.701834
    303.998960      304.340916        304.702186        305.057089
    305.385639      305.677337        305.931662        306.136540
    306.316559      306.476295        306.615117        306.727707
    306.807039      306.848293        306.851978        306.825079
    306.780027      306.732117        306.696409        306.685079
    306.685079      306.696409        306.732117        306.780027
    306.825079      306.851978        306.848293        306.807039
    306.727707      306.615117        306.476295        306.316559
    306.136540      305.931662        305.677337        305.385639
    305.057089      304.702186        304.340916        303.998960
    303.701834      303.468865        303.308744        303.217694
    303.180424      303.173343        303.169185        303.142112
    303.072443      302.950329        302.777847        302.569219
    302.349075      302.148979        302.002680        301.940777
    301.985661      302.147647        302.423069        302.794815
    303.235260      303.710981        304.188162        304.637422
    305.037024      305.373966        305.643101        305.844948
    305.986165      306.064483        306.086646        306.059424
    305.989280      305.882538        305.745823        305.586517
    305.413054      305.234930        305.062419        304.906026
    304.775804      304.680617        304.627472        304.620994
    304.663081      304.752759        304.886219        305.057029
    305.256468      305.473985        305.697749        305.915290
    306.114204      306.282916        306.411436        306.492057
    306.519916      306.493346        306.413962        306.286465
    306.118162      305.918279        305.697124        305.465225
    305.232522      305.007703        304.797747        304.607680
    304.440551      304.297587        304.178481        304.081746
    304.005100      303.945821        303.901045        303.868000
    304.054233      304.091308        304.141544        304.208051
    304.294039      304.402565        304.536187        304.696569
    304.884055      305.097264        305.332772        305.584936
    305.845925      306.105987        306.353969        306.578057
    306.766681      306.909485        306.998254        307.027687
    306.995923      306.904761        306.759557        306.568826
    306.343614      306.096716        305.841827        305.592698
    305.362343      305.162323        305.002136        304.888713
    304.826054      304.815030        304.853385        304.935946
    305.055070      305.201280        305.364033        305.532538
    305.696510      305.846728        305.975322        306.075710
    306.142227      306.169541        306.152053        306.083541
    305.957302      305.774404        305.528138        305.216768
    304.843858      304.420623        303.967038        303.511010
    303.085366      302.723118        302.452067        302.290044
    302.241935      302.299095        302.441199        302.639979
    302.864045      303.083864        303.276088        303.426613
    303.532034      303.599389        303.644329        303.688040
    303.753349      303.860559        304.023656        304.247597
    304.527371      304.849246        305.194123        305.542169
    305.877380      306.190576        306.479872        306.726981
    306.955802      307.167495        307.359194        307.524400
    307.655306      307.745941        307.794803        307.806003
    307.788666      307.755015        307.717914        307.688641
    307.688641      307.717914        307.755015        307.788666
    307.806003      307.794803        307.745941        307.655306
    307.524400      307.359194        307.167495        306.955802
    306.726981      306.479872        306.190576        305.877380
    305.542169      305.194123        304.849246        304.527371
    304.247597      304.023656        303.860559        303.753349
    303.688040      303.644329        303.599389        303.532034
    303.426613      303.276088        303.083864        302.864045
    302.639979      302.441199        302.299095        302.241935
    302.290044      302.452067        302.723118        303.085366
    303.511010      303.967038        304.420623        304.843858
    305.216768      305.528138        305.774404        305.957302
    306.083541      306.152053        306.169541        306.142227
    306.075710      305.975322        305.846728        305.696510
    305.532538      305.364033        305.201280        305.055070
    304.935946      304.853385        304.815030        304.826054
    304.888713      305.002136        305.162323        305.362343
    305.592698      305.841827        306.096716        306.343614
    306.568826      306.759557        306.904761        306.995923
    307.027687      306.998254        306.909485        306.766681
    306.578057      306.353969        306.105987        305.845925
    305.584936      305.332772        305.097264        304.884055
    304.696569      304.536187        304.402565        304.294039
    304.208051      304.141544        304.091308        304.054233
    304.231863      304.272647        304.327911        304.401071
    304.495661      304.615039        304.762017        304.938422
    305.144629      305.379113        305.638101        305.915379
    306.202328      306.488216        306.760773        307.007006
    307.214189      307.370932        307.468189        307.500112
    307.464612      307.363604        307.202880        306.991675
    306.741971      306.467646        306.183542        305.904547
    305.644727      305.416553        305.230231        305.093170
    305.009595      304.980358        305.002969        305.071868
    305.178936      305.314208        305.466710        305.625345
    305.779700      305.920663        306.040741        306.134012
    306.195719      306.221600        306.207138        306.147007
    306.035004      305.872220        305.651315        305.369795
    305.029939      304.641189        304.221443        303.796499
    303.397330      303.055599        302.798437        302.643777
    302.597408      302.652380        302.790744        302.987094
    303.213062      303.441877        303.652206        303.830786
    303.973564      304.085367        304.178287        304.269107
    304.376145      304.515950        304.700313        304.934119
    305.214552      305.531975        305.872408        306.220979
    306.565306      306.897712        307.215565        307.496804
    307.764148      308.015875        308.247166        308.450457
    308.617277      308.740770        308.817910        308.850603
    308.845420      308.812195        308.762087        308.705710
    308.705710      308.762087        308.812195        308.845420
    308.850603      308.817910        308.740770        308.617277
    308.450457      308.247166        308.015875        307.764148
    307.496804      307.215565        306.897712        306.565306
    306.220979      305.872408        305.531975        305.214552
    304.934119      304.700313        304.515950        304.376145
    304.269107      304.178287        304.085367        303.973564
    303.830786      303.652206        303.441877        303.213062
    302.987094      302.790744        302.652380        302.597408
    302.643777      302.798437        303.055599        303.397330
    303.796499      304.221443        304.641189        305.029939
    305.369795      305.651315        305.872220        306.035004
    306.147007      306.207138        306.221600        306.195719
    306.134012      306.040741        305.920663        305.779700
    305.625345      305.466710        305.314208        305.178936
    305.071868      305.002969        304.980358        305.009595
    305.093170      305.230231        305.416553        305.644727
    305.904547      306.183542        306.467646        306.741971
    306.991675      307.202880        307.363604        307.464612
    307.500112      307.468189        307.370932        307.214189
    307.007006      306.760773        306.488216        306.202328
    305.915379      305.638101        305.379113        305.144629
    304.938422      304.762017        304.615039        304.495661
    304.401071      304.327911        304.272647        304.231863
    304.399776      304.443778        304.503398        304.582325
    304.684366      304.813142        304.971683        305.161954
    305.384349      305.637216        305.916472        306.215406
    306.524709      306.832800        307.126443        307.391628
    307.614639      307.783201        307.887568        307.921423
    307.882491      307.772778        307.598442        307.369310
    307.098136      306.799685        306.489742        306.184127
    305.897779      305.643931        305.433408        305.274061
    305.170380      305.123303        305.130272        305.185539
    305.280707      305.405477        305.548523        305.698417
    305.844502      305.977588        306.090352        306.177348
    306.234600      306.258856        306.246704        306.193842
    306.094816      305.951651        305.756090        305.505429
    305.201164      304.851289        304.471655        304.085627
    303.721706      303.409411        303.174386        303.033981
    302.994448      303.050356        303.186214        303.379754
    303.606046      303.841578        304.067600        304.272298
    304.451626      304.608867        304.753153        304.897290
    305.055209      305.239406        305.458691        305.716635
    306.011053      306.334744        306.677373        307.028021
    307.377606      307.720375        308.054027        308.356185
    308.648045      308.926154        309.184441        309.414560
    309.607391      309.755122        309.853184        309.901356
    309.903772      309.867956        309.803320        309.719629
    309.719629      309.803320        309.867956        309.903772
    309.901356      309.853184        309.755122        309.607391
    309.414560      309.184441        308.926154        308.648045
    308.356185      308.054027        307.720375        307.377606
    307.028021      306.677373        306.334744        306.011053
    305.716635      305.458691        305.239406        305.055209
    304.897290      304.753153        304.608867        304.451626
    304.272298      304.067600        303.841578        303.606046
    303.379754      303.186214        303.050356        302.994448
    303.033981      303.174386        303.409411        303.721706
    304.085627      304.471655        304.851289        305.201164
    305.505429      305.756090        305.951651        306.094816
    306.193842      306.246704        306.258856        306.234600
    306.177348      306.090352        305.977588        305.844502
    305.698417      305.548523        305.405477        305.280707
    305.185539      305.130272        305.123303        305.170380
    305.274061      305.433408        305.643931        305.897779
    306.184127      306.489742        306.799685        307.098136
    307.369310      307.598442        307.772778        307.882491
    307.921423      307.887568        307.783201        307.614639
    307.391628      307.126443        306.832800        306.524709
    306.215406      305.916472        305.637216        305.384349
    305.161954      304.971683        304.813142        304.684366
    304.582325      304.503398        304.443778        304.399776
    304.556900      304.603466        304.666560        304.750081
    304.858056      304.994310        305.162044        305.363325
    305.598559      305.865980        306.161252        306.477254
    306.804123      307.129600        307.439680        307.719557
    307.954745      308.132288        308.241906        308.276939
    308.234973      308.118092        307.932722        307.689127
    307.400621      307.082609        306.751551        306.423944
    306.115364      305.839621        305.608034        305.428856
    305.306877      305.243249        305.235542        305.278055
    305.362349      305.477985        305.613383        305.756779
    305.897162      306.025081        306.133169        306.216244
    306.270906      306.294728        306.285249        306.239100
    306.151620      306.026203        305.853808        305.632088
    305.362401      305.051862        304.714598        304.371537
    304.048349      303.771794        303.565297        303.444935
    303.416879      303.476880        303.611768        303.802450
    304.027593      304.267201        304.505453        304.732429
    304.944623      305.144362        305.338402        305.536023
    305.746964      305.979469        306.238723        306.525907
    306.838092      307.169059        307.510893        307.855930
    308.198432      308.535443        308.866544        309.172939
    309.474250      309.766756        310.043980        310.297008
    310.515797      310.691048        310.816038        310.887825
    310.907540      310.879823        310.811735        310.711557
    310.711557      310.811735        310.879823        310.907540
    310.887825      310.816038        310.691048        310.515797
    310.297008      310.043980        309.766756        309.474250
    309.172939      308.866544        308.535443        308.198432
    307.855930      307.510893        307.169059        306.838092
    306.525907      306.238723        305.979469        305.746964
    305.536023      305.338402        305.144362        304.944623
    304.732429      304.505453        304.267201        304.027593
    303.802450      303.611768        303.476880        303.416879
    303.444935      303.565297        303.771794        304.048349
    304.371537      304.714598        305.051862        305.362401
    305.632088      305.853808        306.026203        306.151620
    306.239100      306.285249        306.294728        306.270906
    306.216244      306.133169        306.025081        305.897162
    305.756779      305.613383        305.477985        305.362349
    305.278055      305.235542        305.243249        305.306877
    305.428856      305.608034        305.839621        306.115364
    306.423944      306.751551        307.082609        307.400621
    307.689127      307.932722        308.118092        308.234973
    308.276939      308.241906        308.132288        307.954745
    307.719557      307.439680        307.129600        306.804123
    306.477254      306.161252        305.865980        305.598559
    305.363325      305.162044        304.994310        304.858056
    304.750081      304.666560        304.603466        304.556900
    304.702226      304.750578        304.816087        304.902798
    305.014888      305.156319        305.330402        305.539267
    305.783314      306.060684        306.366846        306.694382
    307.033031      307.370056        307.690930        307.980309
    308.223208      308.406242        308.518810        308.554054
    308.509498      308.387284        308.194005        307.940175
    307.639416      307.307474        306.961172        306.617368
    306.292000      305.999228        305.750712        305.555043
    305.417356      305.339151        305.318344        305.349550
    305.424563      305.533026        305.663247        305.803142
    305.941254      306.067694        306.174822        306.257461
    306.312516      306.338097        306.332408        306.292783
    306.215255      306.104521        305.951375        305.754377
    305.515445      305.241504        304.945486        304.646098
    304.366052      304.128915        303.955280        303.859293
    303.846454      303.913240        304.048497        304.236130
    304.458335      304.698664        304.944353        305.187615
    305.425832      305.660815        305.897391        306.141692
    306.399436      306.674501        306.967980        307.277882
    307.599567      307.926860        308.253621        308.575334
    308.890210      309.199409        309.506272        309.799128
    310.096363      310.395441        310.690223        310.971246
    311.227000      311.445798        311.617697        311.735911
    311.797418      311.802802        311.755597        311.661488
    311.661488      311.755597        311.802802        311.797418
    311.735911      311.617697        311.445798        311.227000
    310.971246      310.690223        310.395441        310.096363
    309.799128      309.506272        309.199409        308.890210
    308.575334      308.253621        307.926860        307.599567
    307.277882      306.967980        306.674501        306.399436
    306.141692      305.897391        305.660815        305.425832
    305.187615      304.944353        304.698664        304.458335
    304.236130      304.048497        303.913240        303.846454
    303.859293      303.955280        304.128915        304.366052
    304.646098      304.945486        305.241504        305.515445
    305.754377      305.951375        306.104521        306.215255
    306.292783      306.332408        306.338097        306.312516
    306.257461      306.174822        306.067694        305.941254
    305.803142      305.663247        305.533026        305.424563
    305.349550      305.318344        305.339151        305.417356
    305.555043      305.750712        305.999228        306.292000
    306.617368      306.961172        307.307474        307.639416
    307.940175      308.194005        308.387284        308.509498
    308.554054      308.518810        308.406242        308.223208
    307.980309      307.690930        307.370056        307.033031
    306.694382      306.366846        306.060684        305.783314
    305.539267      305.330402        305.156319        305.014888
    304.902798      304.816087        304.750578        304.702226
    304.834837      304.884106        304.950851        305.039188
    305.153364      305.297402        305.474657        305.687274
    305.935624      306.217774        306.529067        306.861901
    307.205794      307.547757        307.873007        308.165964
    308.411449      308.595939        308.708758        308.743032
    308.696309      308.570782        308.373100        308.113819
    307.806585      307.467156        307.112353        306.759047
    306.423213      306.119101        305.858534        305.650365
    305.500101      305.409728        305.377743        305.399369
    305.466942      305.570454        305.698274        305.838059
    305.977833      306.107086        306.217639        306.303993
    306.363001      306.392939        306.392325        306.358923
    306.289346      306.189161        306.050036        305.871967
    305.658098      305.415867        305.157588        304.900084
    304.663129      304.466818        304.328426        304.259576
    304.264514      304.339924        304.476247        304.660052
    304.876819      305.113489        305.360294        305.611629
    305.865930      306.124744        306.391279        306.668787
    306.959132      307.261808        307.573597        307.888969
    308.201156      308.503742        308.792387        309.066211
    309.328396      309.585709        309.847017        310.110166
    310.393019      310.695390        311.012041        311.332939
    311.644588      311.932053        312.181063        312.379693
    312.519295      312.594763        312.604384        312.549588
    312.549588      312.604384        312.594763        312.519295
    312.379693      312.181063        311.932053        311.644588
    311.332939      311.012041        310.695390        310.393019
    310.110166      309.847017        309.585709        309.328396
    309.066211      308.792387        308.503742        308.201156
    307.888969      307.573597        307.261808        306.959132
    306.668787      306.391279        306.124744        305.865930
    305.611629      305.360294        305.113489        304.876819
    304.660052      304.476247        304.339924        304.264514
    304.259576      304.328426        304.466818        304.663129
    304.900084      305.157588        305.415867        305.658098
    305.871967      306.050036        306.189161        306.289346
    306.358923      306.392325        306.392939        306.363001
    306.303993      306.217639        306.107086        305.977833
    305.838059      305.698274        305.570454        305.466942
    305.399369      305.377743        305.409728        305.500101
    305.650365      305.858534        306.119101        306.423213
    306.759047      307.112353        307.467156        307.806585
    308.113819      308.373100        308.570782        308.696309
    308.743032      308.708758        308.595939        308.411449
    308.165964      307.873007        307.547757        307.205794
    306.861901      306.529067        306.217774        305.935624
    305.687274      305.474657        305.297402        305.153364
    305.039188      304.950851        304.884106        304.834837
    304.953918      305.003192        305.069934        305.158253
    305.272380      305.416320        305.593397        305.805716
    306.053599      306.335052        306.645352        306.976839
    307.318985      307.658786        307.981491        308.271602
    308.514077      308.695575        308.805620        308.837523
    308.788969      308.662201        308.463810        308.204180
    307.896682      307.556720        307.200730        306.845207
    306.505814      306.196603        305.929356        305.713087
    305.553691      305.453774        305.412649        305.426454
    305.488401      305.589139        305.717325        305.860459
    306.006001      306.142626        306.261290        306.355755
    306.422360      306.459106        306.464460        306.436400
    306.372088      306.277428        306.146234        305.980440
    305.785006      305.568492        305.343119        305.124159
    304.928533      304.772699        304.670241        304.629766
    304.653726      304.738487        304.875599        305.053870
    305.261702      305.489136        305.729206        305.978401
    306.236243      306.504161        306.783961        307.076276
    307.379352      307.688486        307.996283        308.293775
    308.572222      308.825254        309.050826        309.252440
    309.439192      309.624521        309.823889        310.045276
    310.306903      310.611694        310.955853        311.329097
    311.716042      312.098326        312.456847        312.773614
    313.032948      313.222181        313.332146        313.357726
    313.357726      313.332146        313.222181        313.032948
    312.773614      312.456847        312.098326        311.716042
    311.329097      310.955853        310.611694        310.306903
    310.045276      309.823889        309.624521        309.439192
    309.252440      309.050826        308.825254        308.572222
    308.293775      307.996283        307.688486        307.379352
    307.076276      306.783961        306.504161        306.236243
    305.978401      305.729206        305.489136        305.261702
    305.053870      304.875599        304.738487        304.653726
    304.629766      304.670241        304.772699        304.928533
    305.124159      305.343119        305.568492        305.785006
    305.980440      306.146234        306.277428        306.372088
    306.436400      306.464460        306.459106        306.422360
    306.355755      306.261290        306.142626        306.006001
    305.860459      305.717325        305.589139        305.488401
    305.426454      305.412649        305.453774        305.553691
    305.713087      305.929356        306.196603        306.505814
    306.845207      307.200730        307.556720        307.896682
    308.204180      308.463810        308.662201        308.788969
    308.837523      308.805620        308.695575        308.514077
    308.271602      307.981491        307.658786        307.318985
    306.976839      306.645352        306.335052        306.053599
    305.805716      305.593397        305.416320        305.272380
    305.158253      305.069934        305.003192        304.953918
    305.058758      305.107130        305.172635        305.259294
    305.371241      305.512376        305.685918        305.893875
    306.136489      306.411716        306.714825        307.038211
    307.371474      307.701834        308.014855        308.295451
    308.529059      308.702853        308.806850        308.834773
    308.784569      308.658546        308.463134        308.208328
    307.906919      307.573587        307.223978        306.873812
    306.538069      306.230293        305.962002        305.742247
    305.577306      305.470520        305.422237        305.429821
    305.487706      305.587542        305.718550        305.868224
    306.023452      306.171893        306.303263        306.410082
    306.487622      306.533110        306.544632        306.520255
    306.457808      306.363191        306.233553        306.073240
    305.889521      305.692537        305.494804        305.310307
    305.153208      305.036233        304.969011        304.956744
    304.999628      305.093218        305.229684        305.399610
    305.593903      305.805359        306.029560        306.264962
    306.512179      306.772669        307.047118        307.333924
    307.628184      307.921512        308.202882        308.460449
    308.684076      308.868011        309.013030        309.127425
    309.226418      309.330088        309.460250        309.633691
    309.869671      310.174589        310.546887        310.977185
    311.449538      311.943363        312.435502        312.901953
    313.319154      313.665084        313.920568        314.070989
    314.070989      313.920568        313.665084        313.319154
    312.901953      312.435502        311.943363        311.449538
    310.977185      310.546887        310.174589        309.869671
    309.633691      309.460250        309.330088        309.226418
    309.127425      309.013030        308.868011        308.684076
    308.460449      308.202882        307.921512        307.628184
    307.333924      307.047118        306.772669        306.512179
    306.264962      306.029560        305.805359        305.593903
    305.399610      305.229684        305.093218        304.999628
    304.956744      304.969011        305.036233        305.153208
    305.310307      305.494804        305.692537        305.889521
    306.073240      306.233553        306.363191        306.457808
    306.520255      306.544632        306.533110        306.487622
    306.410082      306.303263        306.171893        306.023452
    305.868224      305.718550        305.587542        305.487706
    305.429821      305.422237        305.470520        305.577306
    305.742247      305.962002        306.230293        306.538069
    306.873812      307.223978        307.573587        307.906919
    308.208328      308.463134        308.658546        308.784569
    308.834773      308.806850        308.702853        308.529059
    308.295451      308.014855        307.701834        307.371474
    307.038211      306.714825        306.411716        306.136489
    305.893875      305.685918        305.512376        305.371241
    305.259294      305.172635        305.107130        305.058758
    305.148747      305.195356        305.258454        305.341894
    305.449632      305.585380        305.752179        305.951880
    306.184610      306.448277        306.738193        307.046907
    307.364314      307.678072        307.974342        308.238764
    308.457599      308.618871        308.713396        308.735540
    308.683659      308.560155        308.371210        308.126232
    307.837131      307.517501        307.181801        306.844568
    306.519730      306.219997        305.956383        305.737831
    305.570966      305.459943        305.406336        305.409013
    305.463975      305.564225        305.699852        305.858545
    306.026652      306.190648        306.338633        306.461359
    306.552456      306.607897        306.625096        306.602198
    306.537925      306.438217        306.304333        306.143437
    305.965458      305.782410        305.607340        305.453118
    305.331221      305.250612        305.216803        305.231320
    305.291735      305.392371        305.525563        305.683226
    305.858363      306.046193        306.244630        306.454027
    306.676202      306.912942        307.164308        307.427137
    307.694189      307.954298        308.193716        308.398577
    308.558035      308.667382        308.730261        308.759288
    308.774782      308.801921        308.867059        308.992834
    309.199646      309.497425        309.888051        310.365283
    310.915489      311.518860        312.150708        312.782570
    313.383208      313.919965        314.361049        314.678859
    314.678859      314.361049        313.919965        313.383208
    312.782570      312.150708        311.518860        310.915489
    310.365283      309.888051        309.497425        309.199646
    308.992834      308.867059        308.801921        308.774782
    308.759288      308.730261        308.667382        308.558035
    308.398577      308.193716        307.954298        307.694189
    307.427137      307.164308        306.912942        306.676202
    306.454027      306.244630        306.046193        305.858363
    305.683226      305.525563        305.392371        305.291735
    305.231320      305.216803        305.250612        305.331221
    305.453118      305.607340        305.782410        305.965458
    306.143437      306.304333        306.438217        306.537925
    306.602198      306.625096        306.607897        306.552456
    306.461359      306.338633        306.190648        306.026652
    305.858545      305.699852        305.564225        305.463975
    305.409013      305.406336        305.459943        305.570966
    305.737831      305.956383        306.219997        306.519730
    306.844568      307.181801        307.517501        307.837131
    308.126232      308.371210        308.560155        308.683659
    308.735540      308.713396        308.618871        308.457599
    308.238764      307.974342        307.678072        307.364314
    307.046907      306.738193        306.448277        306.184610
    305.951880      305.752179        305.585380        305.449632
    305.341894      305.258454        305.195356        305.148747
    305.223355      305.267427        305.327060        305.405871
    305.507558      305.635572        305.792700        305.980577
    306.199182      306.446367        306.717522        307.005438
    307.300441      307.590834        307.863622        308.105472
    308.303791      308.447783        308.529359        308.543773
    308.489941      308.370414        308.191056        307.960514
    307.689550      307.390335        307.075757        306.758791
    306.451938      306.166759        305.913505        305.700841
    305.535665      305.422975        305.365704        305.364450
    305.417068      305.518234        305.659206        305.828090
    306.010777      306.192465        306.359364        306.500046
    306.606050      306.671726        306.693642        306.670073
    306.600879      306.492437        306.350248        306.184518
    306.007987      305.834655        305.678193        305.550451
    305.460311      305.413008        305.409898        305.448682
    305.524064      305.628801        305.755016        305.895563
    306.045201      306.201322        306.364072        306.535797
    306.719843      306.918905        307.133237        307.359143
    307.588203      307.807646        308.002066        308.156363
    308.259382      308.307325        308.305924        308.270599
    308.224499      308.195041        308.210055        308.294200
    308.468341      308.745683        309.132980        309.630129
    310.229935      310.917943        311.672231        312.463165
    313.253513      313.999728        314.655223        315.175767
    315.175767      314.655223        313.999728        313.253513
    312.463165      311.672231        310.917943        310.229935
    309.630129      309.132980        308.745683        308.468341
    308.294200      308.210055        308.195041        308.224499
    308.270599      308.305924        308.307325        308.259382
    308.156363      308.002066        307.807646        307.588203
    307.359143      307.133237        306.918905        306.719843
    306.535797      306.364072        306.201322        306.045201
    305.895563      305.755016        305.628801        305.524064
    305.448682      305.409898        305.413008        305.460311
    305.550451      305.678193        305.834655        306.007987
    306.184518      306.350248        306.492437        306.600879
    306.670073      306.693642        306.671726        306.606050
    306.500046      306.359364        306.192465        306.010777
    305.828090      305.659206        305.518234        305.417068
    305.364450      305.365704        305.422975        305.535665
    305.700841      305.913505        306.166759        306.451938
    306.758791      307.075757        307.390335        307.689550
    307.960514      308.191056        308.370414        308.489941
    308.543773      308.529359        308.447783        308.303791
    308.105472      307.863622        307.590834        307.300441
    307.005438      306.717522        306.446367        306.199182
    305.980577      305.792700        305.635572        305.507558
    305.405871      305.327060        305.267427        305.223355
    305.282118      305.322989        305.378249        305.451217
    305.545264      305.663508        305.808417        305.981356
    306.182112      306.408471        306.655923        306.917567
    307.184279      307.445173        307.688322        307.901688
    308.074116      308.196293        308.261507        308.266139
    308.209826      308.095332        307.928173        307.716093
    307.468481      307.195788        306.908998        306.619167
    306.337029      306.072685        305.835358        305.633239
    305.473379      305.361582        305.302190        305.297658
    305.347888      305.449459        305.595036        305.773347
    305.969962      306.168841        306.354244        306.512434
    306.632719      306.707732        306.733197        306.707601
    306.632078      306.513943        306.362369        306.190504
    306.013774      305.848060        305.707637        305.603401
    305.541775      305.524414        305.548617        305.608261
    305.695068      305.800011        305.914716        306.032689
    306.150203      306.266711        306.384673        306.508754
    306.644435      306.796214        306.965687        307.149922
    307.340634      307.524586        307.685499        307.807332
    307.878325      307.894677        307.862648        307.798251
    307.724624      307.668118        307.654619        307.707120
    307.845588      308.085840        308.440577        308.918679
    309.523719      310.251870        311.089460        312.010540
    312.975275      313.930491        314.813699        315.560847
    315.560847      314.813699        313.930491        312.975275
    312.010540      311.089460        310.251870        309.523719
    308.918679      308.440577        308.085840        307.845588
    307.707120      307.654619        307.668118        307.724624
    307.798251      307.862648        307.894677        307.878325
    307.807332      307.685499        307.524586        307.340634
    307.149922      306.965687        306.796214        306.644435
    306.508754      306.384673        306.266711        306.150203
    306.032689      305.914716        305.800011        305.695068
    305.608261      305.548617        305.524414        305.541775
    305.603401      305.707637        305.848060        306.013774
    306.190504      306.362369        306.513943        306.632078
    306.707601      306.733197        306.707732        306.632719
    306.512434      306.354244        306.168841        305.969962
    305.773347      305.595036        305.449459        305.347888
    305.297658      305.302190        305.361582        305.473379
    305.633239      305.835358        306.072685        306.337029
    306.619167      306.908998        307.195788        307.468481
    307.716093      307.928173        308.095332        308.209826
    308.266139      308.261507        308.196293        308.074116
    307.901688      307.688322        307.445173        307.184279
    306.917567      306.655923        306.408471        306.182112
    305.981356      305.808417        305.663508        305.545264
    305.451217      305.378249        305.322989        305.282118
    305.324605      305.361741        305.411894        305.478031
    305.563140      305.669943        305.800533        305.955948
    306.135746      306.337630        306.557201        306.787912
    307.021282      307.247369        307.455502        307.635156
    307.776873      307.873086        307.918717        307.911487
    307.851917      307.743069        307.590103        307.399772
    307.179921      306.939048        306.685955        306.429481
    306.178289      305.940726        305.724731        305.537799
    305.386962      305.278718        305.218763        305.211409
    305.258660      305.359090        305.506898        305.691579
    305.898558      306.110763        306.310748        306.482757
    306.614183      306.696253        306.724074        306.696446
    306.615683      306.490319        306.332057        306.156450
    305.981132      305.823540        305.698427        305.615814
    305.579890      305.589014        305.636686        305.713122
    305.807090      305.907691        306.005888        306.095657
    306.174683      306.244533        306.310266        306.379436
    306.460543      306.561046        306.685209        306.832200
    306.994971      307.160475        307.311594        307.430734
    307.504348      307.527053        307.503782        307.449052
    307.383659      307.330364        307.310525        307.342834
    307.444749      307.633490        307.927672        308.346597
    308.907663      309.622222        310.490426        311.495802
    312.600880      313.745979        314.853294        315.836952
    315.836952      314.853294        313.745979        312.600880
    311.495802      310.490426        309.622222        308.907663
    308.346597      307.927672        307.633490        307.444749
    307.342834      307.310525        307.330364        307.383659
    307.449052      307.503782        307.527053        307.504348
    307.430734      307.311594        307.160475        306.994971
    306.832200      306.685209        306.561046        306.460543
    306.379436      306.310266        306.244533        306.174683
    306.095657      306.005888        305.907691        305.807090
    305.713122      305.636686        305.589014        305.579890
    305.615814      305.698427        305.823540        305.981132
    306.156450      306.332057        306.490319        306.615683
    306.696446      306.724074        306.696253        306.614183
    306.482757      306.310748        306.110763        305.898558
    305.691579      305.506898        305.359090        305.258660
    305.211409      305.218763        305.278718        305.386962
    305.537799      305.724731        305.940726        306.178289
    306.429481      306.685955        306.939048        307.179921
    307.399772      307.590103        307.743069        307.851917
    307.911487      307.918717        307.873086        307.776873
    307.635156      307.455502        307.247369        307.021282
    306.787912      306.557201        306.337630        306.135746
    305.955948      305.800533        305.669943        305.563140
    305.478031      305.411894        305.361741        305.324605
    305.350402      305.383403        305.427897        305.486456
    305.561638      305.655720        305.770366        305.906243
    306.062646      306.237172        306.425533        306.621572
    306.817510      307.004458        307.173137        307.314714
    307.421630      307.488277        307.511422        307.490317
    307.426515      307.323464        307.186004        307.019855
    306.831216      306.626478        306.412061        306.194355
    305.979704      305.774450        305.584994        305.417896
    305.279956      305.178172        305.119431        305.109773
    305.153198      305.250212        305.396533        305.582498
    305.793582      306.012045        306.219295        306.398279
    306.535275      306.620818        306.649876        306.621644
    306.539289      306.412352        306.253648        306.080164
    305.910924      305.764387        305.655581        305.593753
    305.581175      305.613338        305.680353        305.769087
    305.865531      305.956950        306.033596        306.089860
    306.124871      306.142522        306.150939        306.161342
    306.186312      306.237520        306.323168        306.445535
    306.599293      306.771315        306.942598        307.092336
    307.203305      307.266773        307.284928        307.269727
    307.238789      307.210508        307.200881        307.223284
    307.291413      307.422215        307.638605        307.969368
    308.446182      309.097939        309.942935        310.979883
    312.179675      313.481037        314.793501        316.009241
    316.009241      314.793501        313.481037        312.179675
    310.979883      309.942935        309.097939        308.446182
    307.969368      307.638605        307.422215        307.291413
    307.223284      307.200881        307.210508        307.238789
    307.269727      307.284928        307.266773        307.203305
    307.092336      306.942598        306.771315        306.599293
    306.445535      306.323168        306.237520        306.186312
    306.161342      306.150939        306.142522        306.124871
    306.089860      306.033596        305.956950        305.865531
    305.769087      305.680353        305.613338        305.581175
    305.593753      305.655581        305.764387        305.910924
    306.080164      306.253648        306.412352        306.539289
    306.621644      306.649876        306.620818        306.535275
    306.398279      306.219295        306.012045        305.793582
    305.582498      305.396533        305.250212        305.153198
    305.109773      305.119431        305.178172        305.279956
    305.417896      305.584994        305.774450        305.979704
    306.194355      306.412061        306.626478        306.831216
    307.019855      307.186004        307.323464        307.426515
    307.490317      307.511422        307.488277        307.421630
    307.314714      307.173137        307.004458        306.817510
    306.621572      306.425533        306.237172        306.062646
    305.906243      305.770366        305.655720        305.561638
    305.486456      305.427897        305.383403        305.350402
    305.359089      305.387690        305.426154        305.476628
    305.541201      305.621670        305.719229        305.834139
    305.965396      306.110475        306.265197        306.423807
    306.579275      306.723833        306.849694        306.949838
    307.018745      307.052923        307.051138        307.014319
    306.945176      306.847643        306.726291        306.585831
    306.430790      306.265380        306.093536        305.919051
    305.745775      305.577835        305.419870        305.277265
    305.156332      305.064318        305.009045        304.998032
    305.037041      305.128314        305.268959        305.450161
    305.657647      305.873482        306.078697        306.255952
    306.391524      306.476241        306.505541        306.479088
    306.400396      306.279321        306.128423        305.964893
    305.808129      305.676949        305.586401        305.545071
    305.553695      305.605407        305.687450        305.783779
    305.877894      305.955381        306.005839        306.024132
    306.010976      305.972926        305.921764        305.873245
    305.845111      305.854380        305.914097        306.030018
    306.198071      306.403662        306.623766        306.831968
    307.005299      307.130412        307.206443        307.243270
    307.256294      307.260705        307.268224        307.287581
    307.328357      307.405478        307.543203        307.776381
    308.148276      308.704562        309.483558        310.503596
    311.749982      313.166000        314.653171        316.083781
    316.083781      314.653171        313.166000        311.749982
    310.503596      309.483558        308.704562        308.148276
    307.776381      307.543203        307.405478        307.328357
    307.287581      307.268224        307.260705        307.256294
    307.243270      307.206443        307.130412        307.005299
    306.831968      306.623766        306.403662        306.198071
    306.030018      305.914097        305.854380        305.845111
    305.873245      305.921764        305.972926        306.010976
    306.024132      306.005839        305.955381        305.877894
    305.783779      305.687450        305.605407        305.553695
    305.545071      305.586401        305.676949        305.808129
    305.964893      306.128423        306.279321        306.400396
    306.479088      306.505541        306.476241        306.391524
    306.255952      306.078697        305.873482        305.657647
    305.450161      305.268959        305.128314        305.037041
    304.998032      305.009045        305.064318        305.156332
    305.277265      305.419870        305.577835        305.745775
    305.919051      306.093536        306.265380        306.430790
    306.585831      306.726291        306.847643        306.945176
    307.014319      307.051138        307.052923        307.018745
    306.949838      306.849694        306.723833        306.579275
    306.423807      306.265197        306.110475        305.965396
    305.834139      305.719229        305.621670        305.541201
    305.476628      305.426154        305.387690        305.359089
    305.350227      305.374290        305.406525        305.448633
    305.502213      305.568552        305.648350        305.741433
    305.846478      305.960819        306.080383        306.199826
    306.312889      306.412964        306.493811        306.550290
    306.578999      306.578644        306.550080        306.496004
    306.420374      306.327700        306.222371        306.108156
    305.987965      305.863860        305.737278        305.609370
    305.481396      305.355129        305.233257        305.119759
    305.020199      304.941776        304.892938        304.882359
    304.917259      305.001348        305.132952        305.304077
    305.500908      305.705800        305.900190        306.067481
    306.195046      306.274961        306.303707        306.281452
    306.211536      306.103223        305.967800        305.821496
    305.683102      305.571152        305.500451        305.479017
    305.506413      305.573939        305.666528        305.765709
    305.852862      305.912126        305.932598        305.909748
    305.846096      305.751243        305.641244        305.537203
    305.462938      305.441586        305.491352        305.620990
    305.826219      306.088620        306.378359        306.660927
    306.906112      307.095809        307.227174        307.309869
    307.359318      307.389902        307.411423        307.429873
    307.451465      307.487904        307.561446        307.708062
    307.977380      308.427975        309.117018        310.084564
    311.335255      312.823297        314.448230        316.066594
    316.066594      314.448230        312.823297        311.335255
    310.084564      309.117018        308.427975        307.977380
    307.708062      307.561446        307.487904        307.451465
    307.429873      307.411423        307.389902        307.359318
    307.309869      307.227174        307.095809        306.906112
    306.660927      306.378359        306.088620        305.826219
    305.620990      305.491352        305.441586        305.462938
    305.537203      305.641244        305.751243        305.846096
    305.909748      305.932598        305.912126        305.852862
    305.765709      305.666528        305.573939        305.506413
    305.479017      305.500451        305.571152        305.683102
    305.821496      305.967800        306.103223        306.211536
    306.281452      306.303707        306.274961        306.195046
    306.067481      305.900190        305.705800        305.500908
    305.304077      305.132952        305.001348        304.917259
    304.882359      304.892938        304.941776        305.020199
    305.119759      305.233257        305.355129        305.481396
    305.609370      305.737278        305.863860        305.987965
    306.108156      306.222371        306.327700        306.420374
    306.496004      306.550080        306.578644        306.578999
    306.550290      306.493811        306.412964        306.312889
    306.199826      306.080383        305.960819        305.846478
    305.741433      305.648350        305.568552        305.502213
    305.448633      305.406525        305.374290        305.350227
    305.323353      305.342855        305.368821        305.402494
    305.444974      305.497023        305.558832        305.629778
    305.708207      305.791305        305.875100        305.954664
    306.024517      306.079225        306.114102        306.125903
    306.113351      306.077360        306.020890        305.948434
    305.865248      305.776490        305.686466        305.598126
    305.512887      305.430784        305.350849        305.271645
    305.191840      305.110788        305.029096        304.949143
    304.875490      304.814992        304.776393        304.769188
    304.801742      304.878980        305.000304        305.158545
    305.340541      305.529340        305.707376        305.859507
    305.974929      306.047560        306.075249        306.058648
    306.000553      305.908952        305.793356        305.668278
    305.551243      305.460028        305.408972        305.405566
    305.448476      305.527603        305.626075        305.723476
    305.799463      305.837011        305.824913        305.759417
    305.645076      305.494893        305.329699        305.176570
    305.065960      305.027383        305.083813        305.245710
    305.506359      305.840693        306.209359        306.567964
    306.878773      307.120129        307.289408        307.398589
    307.465636      307.506606        307.531926        307.547171
    307.556746      307.568919        307.601398        307.686459
    307.873918      308.229297        308.824624        309.720897
    310.944799      312.466819        314.190878        315.963382
    315.963382      314.190878        312.466819        310.944799
    309.720897      308.824624        308.229297        307.873918
    307.686459      307.601398        307.568919        307.556746
    307.547171      307.531926        307.506606        307.465636
    307.398589      307.289408        307.120129        306.878773
    306.567964      306.209359        305.840693        305.506359
    305.245710      305.083813        305.027383        305.065960
    305.176570      305.329699        305.494893        305.645076
    305.759417      305.824913        305.837011        305.799463
    305.723476      305.626075        305.527603        305.448476
    305.405566      305.408972        305.460028        305.551243
    305.668278      305.793356        305.908952        306.000553
    306.058648      306.075249        306.047560        305.974929
    305.859507      305.707376        305.529340        305.340541
    305.158545      305.000304        304.878980        304.801742
    304.769188      304.776393        304.814992        304.875490
    304.949143      305.029096        305.110788        305.191840
    305.271645      305.350849        305.430784        305.512887
    305.598126      305.686466        305.776490        305.865248
    305.948434      306.020890        306.077360        306.113351
    306.125903      306.114102        306.079225        306.024517
    305.954664      305.875100        305.791305        305.708207
    305.629778      305.558832        305.497023        305.444974
    305.402494      305.368821        305.342855        305.323353
    305.277972      305.292998        305.312798        305.338164
    305.369694      305.407626        305.451642        305.500667
    305.552720      305.604838        305.653153        305.693154
    305.720136      305.729823        305.719060        305.686451
    305.632783      305.561115        305.476448        305.385033
    305.293420      305.207468        305.131505        305.067813
    305.016514      304.975814        304.942538        304.912813
    304.882811      304.849489        304.811314        304.768927
    304.725671      304.687784        304.663997        304.664318
    304.697993      304.770985        304.883712        305.029909
    305.197247      305.369714        305.530984        305.667555
    305.770542      305.835706        305.862202        305.851076
    305.804491      305.729038        305.632512        305.527609
    305.430426      305.357797        305.323455        305.334337
    305.388342      305.474264        305.573821        305.665086
    305.726370      305.739789        305.694045        305.586329
    305.423404      305.221901        305.007722        304.814188
    304.678492      304.636181        304.713964        304.922157
    305.249103      305.660487        306.105536        306.529491
    306.888226      307.158860        307.341666        307.453310
    307.516172      307.549660        307.566590        307.573967
    307.576022      307.578272        307.592892        307.645298
    307.780261      308.063932        308.577432        309.399227
    310.577948      312.103633        313.890133        315.779860
    315.779860      313.890133        312.103633        310.577948
    309.399227      308.577432        308.063932        307.780261
    307.645298      307.592892        307.578272        307.576022
    307.573967      307.566590        307.549660        307.516172
    307.453310      307.341666        307.158860        306.888226
    306.529491      306.105536        305.660487        305.249103
    304.922157      304.713964        304.636181        304.678492
    304.814188      305.007722        305.221901        305.423404
    305.586329      305.694045        305.739789        305.726370
    305.665086      305.573821        305.474264        305.388342
    305.334337      305.323455        305.357797        305.430426
    305.527609      305.632512        305.729038        305.804491
    305.851076      305.862202        305.835706        305.770542
    305.667555      305.530984        305.369714        305.197247
    305.029909      304.883712        304.770985        304.697993
    304.664318      304.663997        304.687784        304.725671
    304.768927      304.811314        304.849489        304.882811
    304.912813      304.942538        304.975814        305.016514
    305.067813      305.131505        305.207468        305.293420
    305.385033      305.476448        305.561115        305.632783
    305.686451      305.719060        305.729823        305.720136
    305.693154      305.653153        305.604838        305.552720
    305.500667      305.451642        305.407626        305.369694
    305.338164      305.312798        305.292998        305.277972
    305.213566      305.224295        305.238167        305.255534
    305.276505      305.300809        305.327631        305.355461
    305.382002      305.404156        305.418169        305.419944
    305.405538      305.371797        305.317029        305.241592
    305.148216      305.041961        304.929737        304.819441
    304.718864      304.634579        304.571035        304.530027
    304.510616      304.509457        304.521443        304.540514
    304.560537      304.576189        304.583823        304.582273
    304.573511      304.562931        304.558982        304.571927
    304.611683      304.685160        304.793827        304.932459
    305.089731      305.250643        305.399985        305.525525
    305.619729      305.679598        305.705133        305.697621
    305.658796      305.594390        305.511025        305.420138
    305.336754      305.276883        305.253599        305.273195
    305.332803      305.420253        305.516140        305.597386
    305.641323      305.629500        305.550733        305.403277
    305.196165      304.949686        304.694790        304.470896
    304.321511      304.287328        304.397313        304.659602
    305.055383      305.539332        306.048673        306.519254
    306.902857      307.178194        307.350885        307.443882
    307.484856      307.497102        307.496387        307.491883
    307.488603      307.490309        307.504169        307.547909
    307.658330      307.897208        308.348734        309.103585
    310.229568      311.736907        313.553152        315.522402
    315.522402      313.553152        311.736907        310.229568
    309.103585      308.348734        307.897208        307.658330
    307.547909      307.504169        307.490309        307.488603
    307.491883      307.496387        307.497102        307.484856
    307.443882      307.350885        307.178194        306.902857
    306.519254      306.048673        305.539332        305.055383
    304.659602      304.397313        304.287328        304.321511
    304.470896      304.694790        304.949686        305.196165
    305.403277      305.550733        305.629500        305.641323
    305.597386      305.516140        305.420253        305.332803
    305.273195      305.253599        305.276883        305.336754
    305.420138      305.511025        305.594390        305.658796
    305.697621      305.705133        305.679598        305.619729
    305.525525      305.399985        305.250643        305.089731
    304.932459      304.793827        304.685160        304.611683
    304.571927      304.558982        304.562931        304.573511
    304.582273      304.583823        304.576189        304.560537
    304.540514      304.521443        304.509457        304.510616
    304.530027      304.571035        304.634579        304.718864
    304.819441      304.929737        305.041961        305.148216
    305.241592      305.317029        305.371797        305.405538
    305.419944      305.418169        305.404156        305.382002
    305.355461      305.327631        305.300809        305.276505
    305.255534      305.238167        305.224295        305.213566
    305.129592      305.136290        305.144597        305.154442
    305.165475      305.176943        305.187561        305.195416
    305.197921      305.191870        305.173634        305.139532
    305.086357      305.012015        304.916181        304.800821
    304.670425      304.531850        304.393705        304.265361
    304.155738      304.072100        304.019098        303.998220
    304.007733      304.043064        304.097513        304.163163
    304.231857      304.296202        304.350557        304.391969
    304.420957      304.441900        304.462745        304.493773
    304.545406      304.625439        304.736464        304.874465
    305.029251      305.186781        305.332583        305.454944
    305.546682      305.605023        305.630102        305.623256
    305.586183      305.524746        305.445241        305.358854
    305.280244      305.224915        305.205305        305.226950
    305.286133      305.369780        305.457588        305.525654
    305.550681      305.513944        305.404549        305.221863
    304.977094      304.693966        304.408089        304.164375
    304.011727      303.994685        304.142808        304.460261
    304.919614      305.464013        306.019521        306.514768
    306.900309      307.159072        307.303708        307.364096
    307.373117      307.357551        307.335578        307.318096
    307.310852      307.316588        307.338826        307.388737
    307.494788      307.711633        308.121613        308.821858
    309.894706      311.368675        313.186552        315.198575
    315.198575      313.186552        311.368675        309.894706
    308.821858      308.121613        307.711633        307.494788
    307.388737      307.338826        307.316588        307.310852
    307.318096      307.335578        307.357551        307.373117
    307.364096      307.303708        307.159072        306.900309
    306.514768      306.019521        305.464013        304.919614
    304.460261      304.142808        303.994685        304.011727
    304.164375      304.408089        304.693966        304.977094
    305.221863      305.404549        305.513944        305.550681
    305.525654      305.457588        305.369780        305.286133
    305.226950      305.205305        305.224915        305.280244
    305.358854      305.445241        305.524746        305.586183
    305.623256      305.630102        305.605023        305.546682
    305.454944      305.332583        305.186781        305.029251
    304.874465      304.736464        304.625439        304.545406
    304.493773      304.462745        304.441900        304.420957
    304.391969      304.350557        304.296202        304.231857
    304.163163      304.097513        304.043064        304.007733
    303.998220      304.019098        304.072100        304.155738
    304.265361      304.393705        304.531850        304.670425
    304.800821      304.916181        305.012015        305.086357
    305.139532      305.173634        305.191870        305.197921
    305.195416      305.187561        305.176943        305.165475
    305.154442      305.144597        305.136290        305.129592
    305.025487      305.028505        305.031722        305.034685
    305.036621      305.036334        305.032120        305.021704
    305.002251      304.970479        304.922908        304.856269
    304.768052      304.657147        304.524460        304.373378
    304.209918      304.042467        303.881070        303.736337
    303.618150      303.534403        303.489997        303.486281
    303.520999      303.588693        303.681459        303.789908
    303.904221      304.015234        304.115525        304.200470
    304.269136      304.324780        304.374652        304.428828
    304.498038      304.590864        304.711049        304.855894
    305.016428      305.179466        305.330831        305.458521
    305.554632      305.615549        305.640789        305.631543
    305.589907      305.522877        305.437400        305.345491
    305.262206      305.202921        305.179487        305.196591
    305.249596      305.324602        305.400639        305.453327
    305.459105      305.399268        305.263359        305.051807
    304.777741      304.467820        304.161562        303.908335
    303.761120      303.766765        303.953853        304.321344
    304.832767      305.420519        306.001570        306.500200
    306.868540      307.095643        307.201881        307.223769
    307.198598      307.155590        307.114150        307.085720
    307.076073      307.087239        307.120587        307.182803
    307.295440      307.505472        307.890252        308.548269
    309.570982      311.001472        312.797154        314.817241
    314.817241      312.797154        311.001472        309.570982
    308.548269      307.890252        307.505472        307.295440
    307.182803      307.120587        307.087239        307.076073
    307.085720      307.114150        307.155590        307.198598
    307.223769      307.201881        307.095643        306.868540
    306.500200      306.001570        305.420519        304.832767
    304.321344      303.953853        303.766765        303.761120
    303.908335      304.161562        304.467820        304.777741
    305.051807      305.263359        305.399268        305.459105
    305.453327      305.400639        305.324602        305.249596
    305.196591      305.179487        305.202921        305.262206
    305.345491      305.437400        305.522877        305.589907
    305.631543      305.640789        305.615549        305.554632
    305.458521      305.330831        305.179466        305.016428
    304.855894      304.711049        304.590864        304.498038
    304.428828      304.374652        304.324780        304.269136
    304.200470      304.115525        304.015234        303.904221
    303.789908      303.681459        303.588693        303.520999
    303.486281      303.489997        303.534403        303.618150
    303.736337      303.881070        304.042467        304.209918
    304.373378      304.524460        304.657147        304.768052
    304.856269      304.922908        304.970479        305.002251
    305.021704      305.032120        305.036334        305.036621
    305.034685      305.031722        305.028505        305.025487
    304.900673      304.900433        304.899146        304.896019
    304.889906      304.879228        304.861918        304.835399
    304.796645      304.742342        304.669180        304.574293
    304.455824      304.313541        304.149422        303.968049
    303.776691      303.584953        303.403998        303.245394
    303.119776      303.035552        302.997888        303.008135
    303.063764      303.158779        303.284474        303.430419
    303.585551      303.739313        303.882815        304.009969
    304.118474      304.210422        304.292202        304.373437
    304.464903      304.575758        304.710790        304.868607
    305.041474      305.216974        305.380929        305.520468
    305.626197      305.692868        305.718816        305.704933
    305.654009      305.574804        305.475803        305.370652
    305.275352      305.205408        305.172133        305.179330
    305.221480      305.284026        305.345652        305.381911
    305.369381      305.289673        305.132885        304.900378
    304.606775      304.280930        303.965192        303.712004
    303.576832      303.607232        303.829550        304.237038
    304.784836      305.396527        305.982866        306.466821
    306.804386      306.991705        307.056564        307.041042
    306.985487      306.920156        306.864271        306.828576
    306.818125      306.834382        306.877778        306.952571
    307.075457      307.286583        307.656923        308.282520
    309.258777      310.638672        312.392009        314.388205
    314.388205      312.392009        310.638672        309.258777
    308.282520      307.656923        307.286583        307.075457
    306.952571      306.877778        306.834382        306.818125
    306.828576      306.864271        306.920156        306.985487
    307.041042      307.056564        306.991705        306.804386
    306.466821      305.982866        305.396527        304.784836
    304.237038      303.829550        303.607232        303.576832
    303.712004      303.965192        304.280930        304.606775
    304.900378      305.132885        305.289673        305.369381
    305.381911      305.345652        305.284026        305.221480
    305.179330      305.172133        305.205408        305.275352
    305.370652      305.475803        305.574804        305.654009
    305.704933      305.718816        305.692868        305.626197
    305.520468      305.380929        305.216974        305.041474
    304.868607      304.710790        304.575758        304.464903
    304.373437      304.292202        304.210422        304.118474
    304.009969      303.882815        303.739313        303.585551
    303.430419      303.284474        303.158779        303.063764
    303.008135      302.997888        303.035552        303.119776
    303.245394      303.403998        303.584953        303.776691
    303.968049      304.149422        304.313541        304.455824
    304.574293      304.669180        304.742342        304.796645
    304.835399      304.861918        304.879228        304.889906
    304.896019      304.899146        304.900433        304.900673
    304.754550      304.751545        304.746436        304.738149
    304.725228      304.705781        304.677451        304.637433
    304.582576      304.509582        304.415338        304.297370
    304.154408      303.986981        303.797948        303.592835
    303.379847      303.169467        302.973622        302.804515
    302.673280      302.588692        302.556150        302.577101
    302.648970      302.765540        302.917705        303.094440
    303.283899      303.474578        303.656506        303.822430
    303.968859      304.096740        304.211464        304.321934
    304.438627      304.570926        304.724385        304.898744
    305.087434      305.278786        305.458554        305.612851
    305.730530      305.804419        305.831428        305.812051
    305.749851      305.655410        305.539380        305.417318
    305.306341      305.222137        305.175491        305.169385
    305.197592      305.245223        305.291053        305.311049
    305.282369      305.187246        305.016417        304.771969
    304.469471      304.139036        303.824537        303.579881
    303.461298      303.515551        303.765894        304.200121
    304.766566      305.382754        305.956479        306.412209
    306.711341      306.857133        306.883659        306.836897
    306.758546      306.678357        306.614097        306.574919
    306.564776      306.584775        306.635295        306.719736
    306.851864      307.066449        307.427954        308.027554
    308.960232      310.284049        311.977976        313.921566
    313.921566      311.977976        310.284049        308.960232
    308.027554      307.427954        307.066449        306.851864
    306.719736      306.635295        306.584775        306.564776
    306.574919      306.614097        306.678357        306.758546
    306.836897      306.883659        306.857133        306.711341
    306.412209      305.956479        305.382754        304.766566
    304.200121      303.765894        303.515551        303.461298
    303.579881      303.824537        304.139036        304.469471
    304.771969      305.016417        305.187246        305.282369
    305.311049      305.291053        305.245223        305.197592
    305.169385      305.175491        305.222137        305.306341
    305.417318      305.539380        305.655410        305.749851
    305.812051      305.831428        305.804419        305.730530
    305.612851      305.458554        305.278786        305.087434
    304.898744      304.724385        304.570926        304.438627
    304.321934      304.211464        304.096740        303.968859
    303.822430      303.656506        303.474578        303.283899
    303.094440      302.917705        302.765540        302.648970
    302.577101      302.556150        302.588692        302.673280
    302.804515      302.973622        303.169467        303.379847
    303.592835      303.797948        303.986981        304.154408
    304.297370      304.415338        304.509582        304.582576
    304.637433      304.677451        304.705781        304.725228
    304.738149      304.746436        304.751545        304.754550
    304.586494      304.581271        304.573108        304.560708
    304.542385      304.516014        304.479035        304.428500
    304.361206      304.273928        304.163772        304.028640
    303.867774      303.682324        303.475821        303.254460
    303.027050      302.804579        302.599365        302.423901
    302.289537      302.205220        302.176512        302.205011
    302.288264      302.420125        302.591463        302.791101
    303.006892      303.226870        303.440438        303.639556
    303.819797      303.981058        304.127647        304.267484
    304.410343      304.565374        304.738451        304.930123
    305.134825      305.341656        305.536481        305.704658
    305.833567      305.914319        305.942497        305.918168
    305.845512      305.736546        305.604277        305.465932
    305.339512      305.240734        305.179840        305.159142
    305.172028      305.203732        305.233652        305.238703
    305.197077      305.091921        304.914665        304.667868
    304.367418      304.043647        303.740527        303.511731
    303.412548      303.487635        303.756745        304.203083
    304.770419      305.373406        305.920131        306.338883
    306.597229      306.704786        306.700203        306.631396
    306.539631      306.452755        306.386125        306.346809
    306.337570      306.359394        306.413207        306.502648
    306.640149      306.856697        307.210860        307.787643
    308.678202      309.941232        311.561280        313.427093
    313.427093      311.561280        309.941232        308.678202
    307.787643      307.210860        306.856697        306.640149
    306.502648      306.413207        306.359394        306.337570
    306.346809      306.386125        306.452755        306.539631
    306.631396      306.700203        306.704786        306.597229
    306.338883      305.920131        305.373406        304.770419
    304.203083      303.756745        303.487635        303.412548
    303.511731      303.740527        304.043647        304.367418
    304.667868      304.914665        305.091921        305.197077
    305.238703      305.233652        305.203732        305.172028
    305.159142      305.179840        305.240734        305.339512
    305.465932      305.604277        305.736546        305.845512
    305.918168      305.942497        305.914319        305.833567
    305.704658      305.536481        305.341656        305.134825
    304.930123      304.738451        304.565374        304.410343
    304.267484      304.127647        303.981058        303.819797
    303.639556      303.440438        303.226870        303.006892
    302.791101      302.591463        302.420125        302.288264
    302.205011      302.176512        302.205220        302.289537
    302.423901      302.599365        302.804579        303.027050
    303.254460      303.475821        303.682324        303.867774
    304.028640      304.163772        304.273928        304.361206
    304.428500      304.479035        304.516014        304.542385
    304.560708      304.573108        304.581271        304.586494
    304.395850      304.388997        304.378605        304.363230
    304.341033      304.309752        304.266720        304.208935
    304.133226      304.036500        303.916104        303.770289
    303.598726      303.403031        303.187188        302.957766
    302.723836      302.496513        302.288122        302.111085
    301.976663      301.893763        301.867992        301.901107
    301.990906      302.131550        302.314224        302.528022
    302.760972      303.001152        303.237831        303.462615
    303.670467      303.860409        304.035646        304.202899
    304.370852      304.547914        304.739755        304.947290
    305.165712      305.384914        305.591180        305.769651
    305.906868      305.992796        306.022040        305.994260
    305.913947      305.794075        305.649621        305.498864
    305.360180      305.249038        305.175114        305.140276
    305.137944      305.154000        305.169029        305.161422
    305.110827      305.001564        304.825781        304.586232
    304.298477      303.992029        303.709538        303.502804
    303.424600      303.516431        303.794497        304.238710
    304.790837      305.365898        305.875223        306.252642
    306.471964      306.547856        306.521567        306.440976
    306.345371      306.259654        306.196198        306.159751
    306.151855      306.173480        306.226445        306.315415
    306.452804      306.667363        307.012744        307.567216
    308.415590      309.613378        311.147239        312.913755
    312.913755      311.147239        309.613378        308.415590
    307.567216      307.012744        306.667363        306.452804
    306.315415      306.226445        306.173480        306.151855
    306.159751      306.196198        306.259654        306.345371
    306.440976      306.521567        306.547856        306.471964
    306.252642      305.875223        305.365898        304.790837
    304.238710      303.794497        303.516431        303.424600
    303.502804      303.709538        303.992029        304.298477
    304.586232      304.825781        305.001564        305.110827
    305.161422      305.169029        305.154000        305.137944
    305.140276      305.175114        305.249038        305.360180
    305.498864      305.649621        305.794075        305.913947
    305.994260      306.022040        305.992796        305.906868
    305.769651      305.591180        305.384914        305.165712
    304.947290      304.739755        304.547914        304.370852
    304.202899      304.035646        303.860409        303.670467
    303.462615      303.237831        303.001152        302.760972
    302.528022      302.314224        302.131550        301.990906
    301.901107      301.867992        301.893763        301.976663
    302.111085      302.288122        302.496513        302.723836
    302.957766      303.187188        303.403031        303.598726
    303.770289      303.916104        304.036500        304.133226
    304.208935      304.266720        304.309752        304.341033
    304.363230      304.378605        304.388997        304.395850
    309.090271      309.059905        309.015881        308.953469
    308.866965      308.749782        308.594688        308.394216
    308.141270      307.829917        307.456307        307.019668
    306.523235      305.974990        305.388069        304.780691
    304.175547      303.598613        303.077447        302.639113
    302.307922      302.103228        302.037504        302.114895
    302.330372      302.669576        303.109366        303.619099
    304.162644      304.701146        305.196484        305.615230
    305.932709      306.136469        306.228367        306.224464
    306.152318      306.045896        305.939028        305.858936
    305.821437      305.829046        305.872335        305.933975
    305.994220      306.036367        306.050962        306.038025
    306.007050      305.974931        305.962254        305.988640
    306.068028      306.204905        306.392294        306.611954
    306.836645      307.033902        307.170450        307.216527
    307.149583      306.957245        306.639627        306.211157
    305.701832      305.157353        304.637058        304.208268
    303.936058      303.868989        304.023882        304.375315
    304.856226      305.372960        305.831492        306.164676
    306.348347      306.399581        306.360345        306.276979
    306.185637      306.107572        306.051851        306.020796
    306.014670      306.034404        306.082845        306.166187
    306.297828      306.505595        306.839225        307.370108
    308.174923      309.302984        310.740124        312.389423
    312.389423      310.740124        309.302984        308.174923
    307.370108      306.839225        306.505595        306.297828
    306.166187      306.082845        306.034404        306.014670
    306.020796      306.051851        306.107572        306.185637
    306.276979      306.360345        306.399581        306.348347
    306.164676      305.831492        305.372960        304.856226
    304.375315      304.023882        303.868989        303.936058
    304.208268      304.637058        305.157353        305.701832
    306.211157      306.639627        306.957245        307.149583
    307.216527      307.170450        307.033902        306.836645
    306.611954      306.392294        306.204905        306.068028
    305.988640      305.962254        305.974931        306.007050
    306.038025      306.050962        306.036367        305.994220
    305.933975      305.872335        305.829046        305.821437
    305.858936      305.939028        306.045896        306.152318
    306.224464      306.228367        306.136469        305.932709
    305.615230      305.196484        304.701146        304.162644
    303.619099      303.109366        302.669576        302.330372
    302.114895      302.037504        302.103228        302.307922
    302.639113      303.077447        303.598613        304.175547
    304.780691      305.388069        305.974990        306.523235
    307.019668      307.456307        307.829917        308.141270
    308.394216      308.594688        308.749782        308.866965
    308.953469      309.015881        309.059905        309.090271
    308.882814      308.851870        308.806995        308.743354
    308.655119      308.535552        308.377251        308.172563
    307.914208      307.596080        307.214202        306.767733
    306.259938      305.698946        305.098178        304.476284
    303.856521      303.265536        302.731620        302.282569
    301.943367      301.733928        301.667140        301.747416
    301.969888      302.320305        302.775671        303.305582
    303.874263      304.443273        304.974796        305.435341
    305.799486      306.053085        306.195244        306.238393
    306.206088      306.128671        306.037572        305.959474
    305.911755      305.900294        305.920108        305.958488
    305.999669      306.029760        306.040747        306.032734
    306.014045      305.999300        306.005926        306.049901
    306.141633      306.282889        306.465405        306.671412
    306.875857      307.049732        307.163845        307.192413
    307.116155      306.924813        306.619234        306.213110
    305.734260      305.224873        304.739659        304.340585
    304.087295      304.023775        304.164244        304.483650
    304.918712      305.382451        305.788875        306.078115
    306.230708      306.265081        306.221631        306.143353
    306.062456      305.996460        305.951349        305.927232
    305.923179      305.940040        305.981648        306.055887
    306.177659      306.374704        306.693595        307.198850
    307.957849      309.011596        310.342979        311.860608
    311.860608      310.342979        309.011596        307.957849
    307.198850      306.693595        306.374704        306.177659
    306.055887      305.981648        305.940040        305.923179
    305.927232      305.951349        305.996460        306.062456
    306.143353      306.221631        306.265081        306.230708
    306.078115      305.788875        305.382451        304.918712
    304.483650      304.164244        304.023775        304.087295
    304.340585      304.739659        305.224873        305.734260
    306.213110      306.619234        306.924813        307.116155
    307.192413      307.163845        307.049732        306.875857
    306.671412      306.465405        306.282889        306.141633
    306.049901      306.005926        305.999300        306.014045
    306.032734      306.040747        306.029760        305.999669
    305.958488      305.920108        305.900294        305.911755
    305.959474      306.037572        306.128671        306.206088
    306.238393      306.195244        306.053085        305.799486
    305.435341      304.974796        304.443273        303.874263
    303.305582      302.775671        302.320305        301.969888
    301.747416      301.667140        301.733928        301.943367
    302.282569      302.731620        303.265536        303.856521
    304.476284      305.098178        305.698946        306.259938
    306.767733      307.214202        307.596080        307.914208
    308.172563      308.377251        308.535552        308.655119
    308.743354      308.806995        308.851870        308.882814
    308.652219      308.621373        308.576631        308.513170
    308.425168      308.305897        308.147958        307.943702
    307.685842      307.368261        306.986963        306.541082
    306.033854      305.473380        304.873058        304.251524
    303.632035      303.041248        302.507473        302.058529
    301.719425      301.510104        301.443508        301.524155
    301.747386      302.099329        302.557592        303.092641
    303.669823      304.251963        304.802444        305.288596
    305.685058      305.976658        306.160210        306.244696
    306.249510      306.200880        306.127043        306.053196
    305.997358      305.968112        305.964686        305.979228
    306.000535      306.018205        306.026145        306.024604
    306.020355      306.025050        306.052228        306.113723
    306.216299      306.359291        306.533720        306.722978
    306.904830      307.054221        307.146345        307.159544
    307.077808      306.892886        306.606121        306.230074
    305.789788      305.323117        304.879131        304.513382
    304.279231      304.215777        304.335158        304.614126
    304.995250      305.400309        305.752691        305.999944
    306.126280      306.149826        306.107847        306.039026
    305.971377      305.918951        305.885128        305.868247
    305.866433      305.880451        305.914917        305.979174
    306.089595      306.274074        306.576335        307.054006
    307.764500      308.739330        309.957318        311.332219
    311.332219      309.957318        308.739330        307.764500
    307.054006      306.576335        306.274074        306.089595
    305.979174      305.914917        305.880451        305.866433
    305.868247      305.885128        305.918951        305.971377
    306.039026      306.107847        306.149826        306.126280
    305.999944      305.752691        305.400309        304.995250
    304.614126      304.335158        304.215777        304.279231
    304.513382      304.879131        305.323117        305.789788
    306.230074      306.606121        306.892886        307.077808
    307.159544      307.146345        307.054221        306.904830
    306.722978      306.533720        306.359291        306.216299
    306.113723      306.052228        306.025050        306.020355
    306.024604      306.026145        306.018205        306.000535
    305.979228      305.964686        305.968112        305.997358
    306.053196      306.127043        306.200880        306.249510
    306.244696      306.160210        305.976658        305.685058
    305.288596      304.802444        304.251963        303.669823
    303.092641      302.557592        302.099329        301.747386
    301.524155      301.443508        301.510104        301.719425
    302.058529      302.507473        303.041248        303.632035
    304.251524      304.873058        305.473380        306.033854
    306.541082      306.986963        307.368261        307.685842
    307.943702      308.147958        308.305897        308.425168
    308.513170      308.576631        308.621373        308.652219
    308.397907      308.367865        308.324288        308.262472
    308.176745      308.060548        307.906668        307.707643
    307.456366      307.146865        306.775233        306.340617
    305.846157      305.299744        304.714434        304.108398
    303.504315      302.928187        302.407624        301.969761
    301.638984      301.434743        301.369675        301.448247
    301.666066      302.009897        302.458401        302.983515
    303.552423      304.130004        304.681671        305.176396
    305.589678      305.906033        306.120579        306.239251
    306.277437      306.257085        306.202751        306.137377
    306.078701      306.037104        306.015312        306.009907
    306.014131      306.021143        306.026877        306.031753
    306.040888      306.062817        306.107128        306.181638
    306.289839      306.429194        306.590627        306.759239
    306.915994      307.039964        307.110729        307.110631
    307.026750      306.852630        306.589875        306.249623
    305.853758      305.435294        305.037050        304.707529
    304.493317      304.428499        304.523542        304.757979
    305.081568      305.426101        305.725032        305.933143
    306.037357      306.054183        306.016629        305.958524
    305.903820      305.863732        305.839840        305.829405
    305.829985      305.842246        305.871227        305.927194
    306.027500      306.199892        306.485100        306.933706
    307.592902      308.484401        309.582840        310.807363
    310.807363      309.582840        308.484401        307.592902
    306.933706      306.485100        306.199892        306.027500
    305.927194      305.871227        305.842246        305.829985
    305.829405      305.839840        305.863732        305.903820
    305.958524      306.016629        306.054183        306.037357
    305.933143      305.725032        305.426101        305.081568
    304.757979      304.523542        304.428499        304.493317
    304.707529      305.037050        305.435294        305.853758
    306.249623      306.589875        306.852630        307.026750
    307.110631      307.110729        307.039964        306.915994
    306.759239      306.590627        306.429194        306.289839
    306.181638      306.107128        306.062817        306.040888
    306.031753      306.026877        306.021143        306.014131
    306.009907      306.015312        306.037104        306.078701
    306.137377      306.202751        306.257085        306.277437
    306.239251      306.120579        305.906033        305.589678
    305.176396      304.681671        304.130004        303.552423
    302.983515      302.458401        302.009897        301.666066
    301.448247      301.369675        301.434743        301.638984
    301.969761      302.407624        302.928187        303.504315
    304.108398      304.714434        305.299744        305.846157
    306.340617      306.775233        307.146865        307.456366
    307.707643      307.906668        308.060548        308.176745
    308.262472      308.324288        308.367865        308.397907
    308.119195      308.090640        308.049219        307.990460
    307.908970      307.798515        307.652234        307.463035
    307.224157      306.929921        306.576611        306.163410
    305.693305      305.173794        304.617289        304.041066
    303.466687      302.918868        302.423857        302.007438
    301.692778      301.498351        301.436163        301.510491
    301.717260      302.044114        302.471168        302.972360
    303.517328      304.073681        304.609559        305.096288
    305.510929      305.838383        306.072715        306.217371
    306.284122      306.290770        306.258009        306.205996
    306.151363      306.105283        306.072949        306.054478
    306.046872      306.046427        306.050901        306.060865
    306.079921      306.113788        306.168566        306.248687
    306.355088      306.484068        306.627038        306.771177
    306.900764      306.998893        307.049269        307.037908
    306.954657      306.794588        306.559355        306.258511
    305.910623      305.543683        305.194047        304.902962
    304.710098      304.644548        304.715368        304.905357
    305.172036      305.457650        305.705802        305.878124
    305.963497      305.975943        305.943556        305.895128
    305.850916      305.820099        305.803427        305.797900
    305.800957      305.813145        305.839505        305.890553
    305.983864      306.146338        306.415165        306.833612
    307.438728      308.242911        309.217352        310.287346
    310.287346      309.217352        308.242911        307.438728
    306.833612      306.415165        306.146338        305.983864
    305.890553      305.839505        305.813145        305.800957
    305.797900      305.803427        305.820099        305.850916
    305.895128      305.943556        305.975943        305.963497
    305.878124      305.705802        305.457650        305.172036
    304.905357      304.715368        304.644548        304.710098
    304.902962      305.194047        305.543683        305.910623
    306.258511      306.559355        306.794588        306.954657
    307.037908      307.049269        306.998893        306.900764
    306.771177      306.627038        306.484068        306.355088
    306.248687      306.168566        306.113788        306.079921
    306.060865      306.050901        306.046427        306.046872
    306.054478      306.072949        306.105283        306.151363
    306.205996      306.258009        306.290770        306.284122
    306.217371      306.072715        305.838383        305.510929
    305.096288      304.609559        304.073681        303.517328
    302.972360      302.471168        302.044114        301.717260
    301.510491      301.436163        301.498351        301.692778
    302.007438      302.423857        302.918868        303.466687
    304.041066      304.617289        305.173794        305.693305
    306.163410      306.576611        306.929921        307.224157
    307.463035      307.652234        307.798515        307.908970
    307.990460      308.049219        308.090640        308.119195
    307.815302      307.788839        307.750453        307.696000
    307.620484      307.518126        307.382572        307.207247
    306.985889      306.713239        306.385852        306.002977
    305.567379      305.086010        304.570370        304.036464
    303.504266      302.996669        302.537975        302.152052
    301.860336      301.679913        301.621883        301.690217
    301.881210      302.183588        302.579250        303.044562
    303.552103      304.072726        304.577828        305.041633
    305.443328      305.768791        306.011657        306.173500
    306.263005      306.294193        306.283968        306.249426
    306.205448      306.163046        306.128754        306.105081
    306.091797      306.087601        306.091677        306.104701
    306.129049      306.168197        306.225547        306.303037
    306.399920      306.512055        306.631816        306.748638
    306.850011      306.922729        306.954185        306.933611
    306.853225      306.709345        306.503521        306.243685
    305.945139      305.630973        305.331233        305.080075
    304.910435      304.846572        304.896248        305.045554
    305.259655      305.490964        305.692799        305.833142
    305.902354      305.911619        305.883958        305.843231
    305.806418      305.781364        305.768833        305.766326
    305.771627      305.785241        305.811902        305.861750
    305.951730      306.106953        306.360286        306.747382
    307.295589      308.009106        308.857058        309.771932
    309.771932      308.857058        308.009106        307.295589
    306.747382      306.360286        306.106953        305.951730
    305.861750      305.811902        305.785241        305.771627
    305.766326      305.768833        305.781364        305.806418
    305.843231      305.883958        305.911619        305.902354
    305.833142      305.692799        305.490964        305.259655
    305.045554      304.896248        304.846572        304.910435
    305.080075      305.331233        305.630973        305.945139
    306.243685      306.503521        306.709345        306.853225
    306.933611      306.954185        306.922729        306.850011
    306.748638      306.631816        306.512055        306.399920
    306.303037      306.225547        306.168197        306.129049
    306.104701      306.091677        306.087601        306.091797
    306.105081      306.128754        306.163046        306.205448
    306.249426      306.283968        306.294193        306.263005
    306.173500      306.011657        305.768791        305.443328
    305.041633      304.577828        304.072726        303.552103
    303.044562      302.579250        302.183588        301.881210
    301.690217      301.621883        301.679913        301.860336
    302.152052      302.537975        302.996669        303.504266
    304.036464      304.570370        305.086010        305.567379
    306.002977      306.385852        306.713239        306.985889
    307.207247      307.382572        307.518126        307.620484
    307.696000      307.750453        307.788839        307.815302
    307.485361      307.461477        307.426831        307.377685
    307.309531      307.217154        307.094820        306.936600
    306.736845      306.490811        306.195394        305.849920
    305.456887      305.022572        304.557349        304.075659
    303.595515      303.137560        302.723702        302.375448
    302.112107      301.949058        301.896291        301.957384
    302.129041      302.401224        302.757862        303.178049
    303.637633      304.111049        304.573286        305.001815
    305.378334      305.690150        305.930998        306.101168
    306.206850      306.258772        306.270323        306.255491
    306.226985      306.194882        306.166025        306.144181
    306.130825      306.126234        306.130550        306.144494
    306.169554      306.207631        306.260307        306.327954
    306.408989      306.499447        306.592988        306.681306
    306.754836      306.803617        306.818197        306.790512
    306.714745      306.588199        306.412229        306.193226
    305.943463      305.681489        305.431489        305.221019
    305.076711      305.018279        305.052202        305.167533
    305.336416      305.520562        305.682155        305.794930
    305.850514      305.857381        305.833804        305.799086
    305.767311      305.745407        305.734624        305.733459
    305.740442      305.756242        305.785198        305.836628
    305.926052      306.075808        306.313644        306.667465
    307.155733      307.776041        308.497162        309.259818
    309.259818      308.497162        307.776041        307.155733
    306.667465      306.313644        306.075808        305.926052
    305.836628      305.785198        305.756242        305.740442
    305.733459      305.734624        305.745407        305.767311
    305.799086      305.833804        305.857381        305.850514
    305.794930      305.682155        305.520562        305.336416
    305.167533      305.052202        305.018279        305.076711
    305.221019      305.431489        305.681489        305.943463
    306.193226      306.412229        306.588199        306.714745
    306.790512      306.818197        306.803617        306.754836
    306.681306      306.592988        306.499447        306.408989
    306.327954      306.260307        306.207631        306.169554
    306.144494      306.130550        306.126234        306.130825
    306.144181      306.166025        306.194882        306.226985
    306.255491      306.270323        306.258772        306.206850
    306.101168      305.930998        305.690150        305.378334
    305.001815      304.573286        304.111049        303.637633
    303.178049      302.757862        302.401224        302.129041
    301.957384      301.896291        301.949058        302.112107
    302.375448      302.723702        303.137560        303.595515
    304.075659      304.557349        305.022572        305.456887
    305.849920      306.195394        306.490811        306.736845
    306.936600      307.094820        307.217154        307.309531
    307.377685      307.426831        307.461477        307.485361
    307.128455      307.107483        307.077064        307.033917
    306.974082      306.892984        306.785590        306.646698
    306.471353      306.255392        305.996095        305.692875
    305.347928      304.966765        304.558494        304.135783
    303.714437      303.312559        302.949359        302.643687
    302.412460      302.269144        302.222480        302.275602
    302.425652      302.663925        302.976520        303.345427
    303.749925      304.168183        304.578922        304.963008
    305.304851      305.593468        305.823095        305.993241
    306.108168      306.175853        306.206567        306.211333
    306.200500      306.182687        306.164239        306.149231
    306.139905      306.137367        306.142273        306.155328
    306.177447      306.209573        306.252252        306.305104
    306.366387      306.432761        306.499319        306.559879
    306.607447      306.634800        306.635085        306.602443
    306.532637      306.423740        306.276893        306.097116
    305.894023      305.682157        305.480514        305.310762
    305.193871      305.145392        305.170492        305.260630
    305.393897      305.540025        305.668900        305.759316
    305.804099      305.809481        305.789698        305.760137
    305.732380      305.712589        305.702561        305.701883
    305.710029      305.728042        305.759940        305.813987
    305.903670      306.047766        306.268358        306.585810
    307.010886      307.536430        308.132613        308.749169
    308.749169      308.132613        307.536430        307.010886
    306.585810      306.268358        306.047766        305.903670
    305.813987      305.759940        305.728042        305.710029
    305.701883      305.702561        305.712589        305.732380
    305.760137      305.789698        305.809481        305.804099
    305.759316      305.668900        305.540025        305.393897
    305.260630      305.170492        305.145392        305.193871
    305.310762      305.480514        305.682157        305.894023
    306.097116      306.276893        306.423740        306.532637
    306.602443      306.635085        306.634800        306.607447
    306.559879      306.499319        306.432761        306.366387
    306.305104      306.252252        306.209573        306.177447
    306.155328      306.142273        306.137367        306.139905
    306.149231      306.164239        306.182687        306.200500
    306.211333      306.206567        306.175853        306.108168
    305.993241      305.823095        305.593468        305.304851
    304.963008      304.578922        304.168183        303.749925
    303.345427      302.976520        302.663925        302.425652
    302.275602      302.222480        302.269144        302.412460
    302.643687      302.949359        303.312559        303.714437
    304.135783      304.558494        304.966765        305.347928
    305.692875      305.996095        306.255392        306.471353
    306.646698      306.785590        306.892984        306.974082
    307.033917      307.077064        307.107483        307.128455
    306.743634      306.725749        306.699807        306.663010
    306.611985      306.542829        306.451253        306.332823
    306.183315      305.999185        305.778116        305.519609
    305.225543      304.900616        304.552593        304.192273
    303.833123      303.490567        303.180965        302.920368
    302.723173      302.600837        302.560789        302.605700
    302.733160      302.935830        303.202025        303.516656
    303.862441      304.221256        304.575509        304.909432
    305.210164      305.468559        305.679601        305.842414
    305.959833      306.037606        306.083349        306.105399
    306.111770      306.109357        306.103490        306.097870
    306.094810      306.095652        306.101219        306.112146
    306.129023      306.152316        306.182137        306.217946
    306.258305      306.300742        306.341782        306.377123
    306.401931      306.411203        306.400168        306.364713
    306.301858      306.210285        306.090952        305.947749
    305.788076      305.623119        305.467481        305.337802
    305.250155      305.216402        305.240369        305.315268
    305.423928      305.542599        305.647511        305.721699
    305.759127      305.764379        305.748576        305.724035
    305.700327      305.682933        305.674005        305.673984
    305.683180      305.703059        305.737382        305.793252
    305.881775      306.017730        306.217430        306.494333
    306.852995      307.283433        307.758747        308.238041
    308.238041      307.758747        307.283433        306.852995
    306.494333      306.217430        306.017730        305.881775
    305.793252      305.737382        305.703059        305.683180
    305.673984      305.674005        305.682933        305.700327
    305.724035      305.748576        305.764379        305.759127
    305.721699      305.647511        305.542599        305.423928
    305.315268      305.240369        305.216402        305.250155
    305.337802      305.467481        305.623119        305.788076
    305.947749      306.090952        306.210285        306.301858
    306.364713      306.400168        306.411203        306.401931
    306.377123      306.341782        306.300742        306.258305
    306.217946      306.182137        306.152316        306.129023
    306.112146      306.101219        306.095652        306.094810
    306.097870      306.103490        306.109357        306.111770
    306.105399      306.083349        306.037606        305.959833
    305.842414      305.679601        305.468559        305.210164
    304.909432      304.575509        304.221256        303.862441
    303.516656      303.202025        302.935830        302.733160
    302.605700      302.560789        302.600837        302.723173
    302.920368      303.180965        303.490567        303.833123
    304.192273      304.552593        304.900616        305.225543
    305.519609      305.778116        305.999185        306.183315
    306.332823      306.451253        306.542829        306.611985
    306.663010      306.699807        306.725749        306.743634
    306.329957      306.315169        306.293720        306.263297
    306.221111      306.163938        306.088232        305.990328
    305.866738      305.714533        305.531801        305.318133
    305.075082      304.806535        304.518910        304.221130
    303.924324      303.641231        303.385363        303.169974
    303.006946      302.905732        302.872462        302.909342
    303.014409      303.181666        303.401584        303.661904
    303.948640      304.247197        304.543476        304.824885
    305.081174      305.305004        305.492235        305.641877
    305.755742      305.837838        305.893589        305.929016
    305.949984      305.961627        305.968020        305.972099
    305.975799      305.980316        305.986398        305.994577
    306.005284      306.018825        306.035270        306.054279
    306.074958      306.095772        306.114547        306.128564
    306.134726      306.129780        306.110572        306.074353
    306.019131      305.944092        305.850083        305.740136
    305.619920      305.497946        305.385275        305.294439
    305.237444      305.222992        305.253581        305.323540
    305.419201      305.521779        305.612399        305.677416
    305.711755      305.718865        305.707657        305.688294
    305.668960      305.654651        305.647696        305.649043
    305.659517      305.680815        305.716353        305.771964
    305.856213      305.979813        306.153652        306.385320
    306.674843      307.011226        307.371676        307.724571
    307.724571      307.371676        307.011226        306.674843
    306.385320      306.153652        305.979813        305.856213
    305.771964      305.716353        305.680815        305.659517
    305.649043      305.647696        305.654651        305.668960
    305.688294      305.707657        305.718865        305.711755
    305.677416      305.612399        305.521779        305.419201
    305.323540      305.253581        305.222992        305.237444
    305.294439      305.385275        305.497946        305.619920
    305.740136      305.850083        305.944092        306.019131
    306.074353      306.110572        306.129780        306.134726
    306.128564      306.114547        306.095772        306.074958
    306.054279      306.035270        306.018825        306.005284
    305.994577      305.986398        305.980316        305.975799
    305.972099      305.968020        305.961627        305.949984
    305.929016      305.893589        305.837838        305.755742
    305.641877      305.492235        305.305004        305.081174
    304.824885      304.543476        304.247197        303.948640
    303.661904      303.401584        303.181666        303.014409
    302.909342      302.872462        302.905732        303.006946
    303.169974      303.385363        303.641231        303.924324
    304.221130      304.518910        304.806535        305.075082
    305.318133      305.531801        305.714533        305.866738
    305.990328      306.088232        306.163938        306.221111
    306.263297      306.293720        306.315169        306.329957
    305.886511      305.874688        305.857539        305.833216
    305.799489      305.753781        305.693259        305.614994
    305.516198      305.394532        305.248468        305.077682
    304.883417      304.668781        304.438903        304.200917
    303.963713      303.737471        303.532983        303.360834
    303.230514      303.149569        303.122895        303.152263
    303.236129      303.369762        303.545650        303.754161
    303.984353      304.224858        304.464751        304.694323
    304.905693      305.093206        305.253609        305.385970
    305.491393      305.572556        305.633142        305.677260
    305.708916      305.731625        305.748184        305.760617
    305.770271      305.777989        305.784317        305.789660
    305.794384      305.798816        305.803180        305.807496
    305.811477      305.814452        305.815341        305.812689
    305.804743      305.789579        305.765277        305.730139
    305.682957      305.623350        305.552153        305.471816
    305.386749      305.303463        305.230306        305.176613
    305.151163      305.160060        305.204545        305.279520
    305.373688      305.471759        305.558328        305.622075
    305.658548      305.670350        305.664880        305.650966
    305.636075      305.625085        305.620544        305.623690
    305.635523      305.657639        305.692825        305.745435
    305.821399      305.927557        306.070069        306.251975
    306.470508      306.715264        306.968338        307.206894
    307.206894      306.968338        306.715264        306.470508
    306.251975      306.070069        305.927557        305.821399
    305.745435      305.692825        305.657639        305.635523
    305.623690      305.620544        305.625085        305.636075
    305.650966      305.664880        305.670350        305.658548
    305.622075      305.558328        305.471759        305.373688
    305.279520      305.204545        305.160060        305.151163
    305.176613      305.230306        305.303463        305.386749
    305.471816      305.552153        305.623350        305.682957
    305.730139      305.765277        305.789579        305.804743
    305.812689      305.815341        305.814452        305.811477
    305.807496      305.803180        305.798816        305.794384
    305.789660      305.784317        305.777989        305.770271
    305.760617      305.748184        305.731625        305.708916
    305.677260      305.633142        305.572556        305.491393
    305.385970      305.253609        305.093206        304.905693
    304.694323      304.464751        304.224858        303.984353
    303.754161      303.545650        303.369762        303.236129
    303.152263      303.122895        303.149569        303.230514
    303.360834      303.532983        303.737471        303.963713
    304.200917      304.438903        304.668781        304.883417
    305.077682      305.248468        305.394532        305.516198
    305.614994      305.693259        305.753781        305.799489
    305.833216      305.857539        305.874688        305.886511
    305.412437      305.403328        305.390118        305.371382
    305.345402      305.310195        305.263577        305.203295
    305.127200      305.033492        304.920998        304.789466
    304.639856      304.474562        304.297536        304.114269
    303.931609      303.757393        303.599929        303.467367
    303.367010      303.304668        303.284116        303.306729
    303.371348      303.474380        303.610131        303.771317
    303.949693      304.136737        304.324303        304.505193
    304.673589      304.825322        304.957961        305.070722
    305.164236      305.240192        305.300937        305.349067
    305.387077      305.417104        305.440800        305.459310
    305.473353      305.483358        305.489620        305.492417
    305.492091      305.489053        305.483747        305.476565
    305.467763      305.457381        305.445192        305.430689
    305.413113      305.391526        305.364926        305.332416
    305.293421      305.247958        305.196944        305.142509
    305.088240      305.039257        305.001968        304.983363
    304.989793      305.025336        305.090116        305.179205
    305.282735      305.387624        305.480635        305.551775
    305.596718      305.617240        305.619616        305.611903
    305.601429      305.593418        305.590903        305.595442
    305.608029      305.629821        305.662592        305.708910
    305.772000      305.855187        305.960837        306.088905
    306.235506      306.392147        306.546209        306.682838
    306.682838      306.546209        306.392147        306.235506
    306.088905      305.960837        305.855187        305.772000
    305.708910      305.662592        305.629821        305.608029
    305.595442      305.590903        305.593418        305.601429
    305.611903      305.619616        305.617240        305.596718
    305.551775      305.480635        305.387624        305.282735
    305.179205      305.090116        305.025336        304.989793
    304.983363      305.001968        305.039257        305.088240
    305.142509      305.196944        305.247958        305.293421
    305.332416      305.364926        305.391526        305.413113
    305.430689      305.445192        305.457381        305.467763
    305.476565      305.483747        305.489053        305.492091
    305.492417      305.489620        305.483358        305.473353
    305.459310      305.440800        305.417104        305.387077
    305.349067      305.300937        305.240192        305.164236
    305.070722      304.957961        304.825322        304.673589
    304.505193      304.324303        304.136737        303.949693
    303.771317      303.610131        303.474380        303.371348
    303.306729      303.284116        303.304668        303.367010
    303.467367      303.599929        303.757393        303.931609
    304.114269      304.297536        304.474562        304.639856
    304.789466      304.920998        305.033492        305.127200
    305.203295      305.263577        305.310195        305.345402
    305.371382      305.390118        305.403328        305.412437
    304.906936      304.900212        304.890460        304.876629
    304.857452      304.831462        304.797051        304.752554
    304.696387      304.627220        304.544188        304.447108
    304.336686      304.214692        304.084042        303.948790
    303.813989      303.685422        303.569222        303.471403
    303.397356      303.351374        303.336249        303.353013
    303.400841      303.477130        303.577754        303.697445
    303.830266      303.970108        304.111169        304.248353
    304.377569      304.495897        304.601620        304.694136
    304.773765      304.841487        304.898659        304.946735
    304.987048      305.020653        305.048269        305.070297
    305.086902      305.098134        305.104045        305.104798
    305.100718      305.092303        305.080186        305.065061
    305.047600      305.028362        305.007728        304.985859
    304.962697      304.938004        304.911452        304.882755
    304.851855      304.819145        304.785716        304.753600
    304.725933      304.706980        304.701877        304.716028
    304.754089      304.818667        304.908991        305.020056
    305.142724      305.265101        305.375013        305.462873
    305.523898      305.558808        305.572806        305.573406
    305.568125      305.562910        305.561621        305.566342
    305.578054      305.597260        305.624393        305.659978
    305.704585      305.758569        305.821601        305.892052
    305.966412      306.039076        306.102748        306.149524
    306.149524      306.102748        306.039076        305.966412
    305.892052      305.821601        305.758569        305.704585
    305.659978      305.624393        305.597260        305.578054
    305.566342      305.561621        305.562910        305.568125
    305.573406      305.572806        305.558808        305.523898
    305.462873      305.375013        305.265101        305.142724
    305.020056      304.908991        304.818667        304.754089
    304.716028      304.701877        304.706980        304.725933
    304.753600      304.785716        304.819145        304.851855
    304.882755      304.911452        304.938004        304.962697
    304.985859      305.007728        305.028362        305.047600
    305.065061      305.080186        305.092303        305.100718
    305.104798      305.104045        305.098134        305.086902
    305.070297      305.048269        305.020653        304.987048
    304.946735      304.898659        304.841487        304.773765
    304.694136      304.601620        304.495897        304.377569
    304.248353      304.111169        303.970108        303.830266
    303.697445      303.577754        303.477130        303.400841
    303.353013      303.336249        303.351374        303.397356
    303.471403      303.569222        303.685422        303.813989
    303.948790      304.084042        304.214692        304.336686
    304.447108      304.544188        304.627220        304.696387
    304.752554      304.797051        304.831462        304.857452
    304.876629      304.890460        304.900212        304.906936
    304.369280      304.364564        304.357723        304.348022
    304.334570      304.316341        304.292205        304.260996
    304.221601      304.173089        304.114854        304.046767
    303.969325      303.883768        303.792143        303.697293
    303.602761      303.512606        303.431128        303.362548
    303.310651      303.278453        303.267925        303.279811
    303.313560      303.367395        303.438489        303.523241
    303.617607      303.717449        303.818864        303.918453
    304.013512      304.102121        304.183154        304.256182
    304.321331      304.379090        304.430112        304.475035
    304.514349      304.548321        304.576980        304.600168
    304.617622      304.629090        304.634435        304.633716
    304.627238      304.615551        304.599410        304.579704
    304.557370      304.533298        304.508254        304.482834
    304.457442      304.432321        304.407623        304.383530
    304.360413      304.339024        304.320701        304.307551
    304.302564      304.309579        304.333022        304.377348
    304.446167      304.541137        304.660873        304.800224
    304.950344      305.099805        305.236671        305.350995
    305.436954      305.493821        305.525482        305.538767
    305.541354      305.540001        305.539578        305.542887
    305.550990      305.563696        305.580001        305.598411
    305.617189      305.634529        305.648644        305.657744
    305.659913      305.653015        305.634758        305.603003
    305.603003      305.634758        305.653015        305.659913
    305.657744      305.648644        305.634529        305.617189
    305.598411      305.580001        305.563696        305.550990
    305.542887      305.539578        305.540001        305.541354
    305.538767      305.525482        305.493821        305.436954
    305.350995      305.236671        305.099805        304.950344
    304.800224      304.660873        304.541137        304.446167
    304.377348      304.333022        304.309579        304.302564
    304.307551      304.320701        304.339024        304.360413
    304.383530      304.407623        304.432321        304.457442
    304.482834      304.508254        304.533298        304.557370
    304.579704      304.599410        304.615551        304.627238
    304.633716      304.634435        304.629090        304.617622
    304.600168      304.576980        304.548321        304.514349
    304.475035      304.430112        304.379090        304.321331
    304.256182      304.183154        304.102121        304.013512
    303.918453      303.818864        303.717449        303.617607
    303.523241      303.438489        303.367395        303.313560
    303.279811      303.267925        303.278453        303.310651
    303.362548      303.431128        303.512606        303.602761
    303.697293      303.792143        303.883768        303.969325
    304.046767      304.114854        304.173089        304.221601
    304.260996      304.292205        304.316341        304.334570
    304.348022      304.357723        304.364564        304.369280
    303.798803      303.795705        303.791212        303.784839
    303.776004      303.764031        303.748178        303.727679
    303.701804      303.669942        303.631694        303.586976
    303.536115      303.479924        303.419750        303.357459
    303.295381      303.236180        303.182685        303.137670
    303.103626      303.082544        303.075733        303.083700
    303.106117      303.141861        303.189137        303.245662
    303.308884      303.376208        303.445211        303.513806
    303.580352      303.643704        303.703188        303.758530
    303.809740      303.856980        303.900428        303.940175
    303.976146      304.008079        304.035544        304.058009
    304.074927      304.085845        304.090489        304.088842
    304.081176      304.068051        304.050266        304.028799
    304.004710      303.979055        303.952810        303.926812
    303.901746      303.878168        303.856568        303.837483
    303.821641      303.810136        303.804596        303.807334
    303.821413      303.850575        303.898972        303.970625
    304.068635      304.194194        304.345615        304.517685
    304.701665      304.886190        305.059033        305.209358
    305.329808      305.417757        305.475319        305.508178
    305.523736      305.529245        305.530427        305.530800
    305.531603      305.532112        305.530147        305.522663
    305.506390      305.478468        305.436966        305.381183
    305.311644      305.229847        305.137884        305.038091
    305.038091      305.137884        305.229847        305.311644
    305.381183      305.436966        305.478468        305.506390
    305.522663      305.530147        305.532112        305.531603
    305.530800      305.530427        305.529245        305.523736
    305.508178      305.475319        305.417757        305.329808
    305.209358      305.059033        304.886190        304.701665
    304.517685      304.345615        304.194194        304.068635
    303.970625      303.898972        303.850575        303.821413
    303.807334      303.804596        303.810136        303.821641
    303.837483      303.856568        303.878168        303.901746
    303.926812      303.952810        303.979055        304.004710
    304.028799      304.050266        304.068051        304.081176
    304.088842      304.090489        304.085845        304.074927
    304.058009      304.035544        304.008079        303.976146
    303.940175      303.900428        303.856980        303.809740
    303.758530      303.703188        303.643704        303.580352
    303.513806      303.445211        303.376208        303.308884
    303.245662      303.189137        303.141861        303.106117
    303.083700      303.075733        303.082544        303.103626
    303.137670      303.182685        303.236180        303.295381
    303.357459      303.419750        303.479924        303.536115
    303.586976      303.631694        303.669942        303.701804
    303.727679      303.748178        303.764031        303.776004
    303.784839      303.791212        303.795705        303.798803
    303.798803      303.795705        303.791212        303.784839
    303.776004      303.764031        303.748178        303.727679
    303.701804      303.669942        303.631694        303.586976
    303.536115      303.479924        303.419750        303.357459
    303.295381      303.236180        303.182685        303.137670
    303.103626      303.082544        303.075733        303.083700
    303.106117      303.141861        303.189137        303.245662
    303.308884      303.376208        303.445211        303.513806
    303.580352      303.643704        303.703188        303.758530
    303.809740      303.856980        303.900428        303.940175
    303.976146      304.008079        304.035544        304.058009
    304.074927      304.085845        304.090489        304.088842
    304.081176      304.068051        304.050266        304.028799
    304.004710      303.979055        303.952810        303.926812
    303.901746      303.878168        303.856568        303.837483
    303.821641      303.810136        303.804596        303.807334
    303.821413      303.850575        303.898972        303.970625
    304.068635      304.194194        304.345615        304.517685
    304.701665      304.886190        305.059033        305.209358
    305.329808      305.417757        305.475319        305.508178
    305.523736      305.529245        305.530427        305.530800
    305.531603      305.532112        305.530147        305.522663
    305.506390      305.478468        305.436966        305.381183
    305.311644      305.229847        305.137884        305.038091
    305.038091      305.137884        305.229847        305.311644
    305.381183      305.436966        305.478468        305.506390
    305.522663      305.530147        305.532112        305.531603
    305.530800      305.530427        305.529245        305.523736
    305.508178      305.475319        305.417757        305.329808
    305.209358      305.059033        304.886190        304.701665
    304.517685      304.345615        304.194194        304.068635
    303.970625      303.898972        303.850575        303.821413
    303.807334      303.804596        303.810136        303.821641
    303.837483      303.856568        303.878168        303.901746
    303.926812      303.952810        303.979055        304.004710
    304.028799      304.050266        304.068051        304.081176
    304.088842      304.090489        304.085845        304.074927
    304.058009      304.035544        304.008079        303.976146
    303.940175      303.900428        303.856980        303.809740
    303.758530      303.703188        303.643704        303.580352
    303.513806      303.445211        303.376208        303.308884
    303.245662      303.189137        303.141861        303.106117
    303.083700      303.075733        303.082544        303.103626
    303.137670      303.182685        303.236180        303.295381
    303.357459      303.419750        303.479924        303.536115
    303.586976      303.631694        303.669942        303.701804
    303.727679      303.748178        303.764031        303.776004
    303.784839      303.791212        303.795705        303.798803
    303.887911      303.885020        303.880826        303.874879
    303.866633      303.855458        303.840662        303.821529
    303.797380      303.767642        303.731944        303.690207
    303.642736      303.590292        303.534129        303.475991
    303.418051      303.362797        303.312868        303.270854
    303.239080      303.219404        303.213046        303.220482
    303.241405      303.274766        303.318890        303.371647
    303.430654      303.493490        303.557893        303.621914
    303.684024      303.743153        303.798671        303.850324
    303.898120      303.942210        303.982762        304.019859
    304.053432      304.083236        304.108870        304.129837
    304.145628      304.155817        304.160152        304.158615
    304.151460      304.139209        304.122611        304.102575
    304.080092      304.056147        304.031651        304.007386
    303.983992      303.961986        303.941826        303.924013
    303.909228      303.898489        303.893319        303.895874
    303.909014      303.936233        303.981402        304.048279
    304.139755      304.256943        304.398270        304.558868
    304.730583      304.902806        305.064127        305.204430
    305.316850      305.398936        305.452660        305.483328
    305.497849      305.502991        305.504094        305.504443
    305.505192      305.505667        305.503833        305.496847
    305.481660      305.455599        305.416864        305.364800
    305.299897      305.223553        305.137720        305.044580
    305.044580      305.137720        305.223553        305.299897
    305.364800      305.416864        305.455599        305.481660
    305.496847      305.503833        305.505667        305.505192
    305.504443      305.504094        305.502991        305.497849
    305.483328      305.452660        305.398936        305.316850
    305.204430      305.064127        304.902806        304.730583
    304.558868      304.398270        304.256943        304.139755
    304.048279      303.981402        303.936233        303.909014
    303.895874      303.893319        303.898489        303.909228
    303.924013      303.941826        303.961986        303.983992
    304.007386      304.031651        304.056147        304.080092
    304.102575      304.122611        304.139209        304.151460
    304.158615      304.160152        304.155817        304.145628
    304.129837      304.108870        304.083236        304.053432
    304.019859      303.982762        303.942210        303.898120
    303.850324      303.798671        303.743153        303.684024
    303.621914      303.557893        303.493490        303.430654
    303.371647      303.318890        303.274766        303.241405
    303.220482      303.213046        303.219404        303.239080
    303.270854      303.312868        303.362797        303.418051
    303.475991      303.534129        303.590292        303.642736
    303.690207      303.731944        303.767642        303.797380
    303.821529      303.840662        303.855458        303.866633
    303.874879      303.880826        303.885020        303.887911
    303.977020      303.974335        303.970441        303.964919
    303.957261      303.946885        303.933146        303.915380
    303.892955      303.865341        303.832193        303.793437
    303.749357      303.700659        303.648508        303.594523
    303.540721      303.489414        303.443051        303.404038
    303.374534      303.356263        303.350360        303.357265
    303.376693      303.407671        303.448643        303.497632
    303.552424      303.610772        303.670574        303.730023
    303.787696      303.842601        303.894154        303.942117
    303.986500      304.027440        304.065096        304.099543
    304.130718      304.158393        304.182196        304.201666
    304.216328      304.225790        304.229815        304.228387
    304.221744      304.210368        304.194955        304.176350
    304.155473      304.133239        304.110493        304.087961
    304.066238      304.045804        304.027084        304.010543
    303.996814      303.986842        303.982041        303.984414
    303.996616      304.021890        304.063833        304.125933
    304.210875      304.319692        304.450924        304.600052
    304.759501      304.919422        305.069220        305.199502
    305.303891      305.380114        305.430001        305.458479
    305.471963      305.476737        305.477762        305.478085
    305.478781      305.479222        305.477518        305.471032
    305.456929      305.432730        305.396762        305.348416
    305.288149      305.217259        305.137557        305.051070
    305.051070      305.137557        305.217259        305.288149
    305.348416      305.396762        305.432730        305.456929
    305.471032      305.477518        305.479222        305.478781
    305.478085      305.477762        305.476737        305.471963
    305.458479      305.430001        305.380114        305.303891
    305.199502      305.069220        304.919422        304.759501
    304.600052      304.450924        304.319692        304.210875
    304.125933      304.063833        304.021890        303.996616
    303.984414      303.982041        303.986842        303.996814
    304.010543      304.027084        304.045804        304.066238
    304.087961      304.110493        304.133239        304.155473
    304.176350      304.194955        304.210368        304.221744
    304.228387      304.229815        304.225790        304.216328
    304.201666      304.182196        304.158393        304.130718
    304.099543      304.065096        304.027440        303.986500
    303.942117      303.894154        303.842601        303.787696
    303.730023      303.670574        303.610772        303.552424
    303.497632      303.448643        303.407671        303.376693
    303.357265      303.350360        303.356263        303.374534
    303.404038      303.443051        303.489414        303.540721
    303.594523      303.648508        303.700659        303.749357
    303.793437      303.832193        303.865341        303.892955
    303.915380      303.933146        303.946885        303.957261
    303.964919      303.970441        303.974335        303.977020
    304.066129      304.063651        304.060056        304.054958
    304.047890      304.038312        304.025629        304.009230
    303.988530      303.963041        303.932442        303.896668
    303.855979      303.811026        303.762887        303.713054
    303.663391      303.616031        303.573235        303.537223
    303.509988      303.493122        303.487673        303.494047
    303.511981      303.540576        303.578397        303.623617
    303.674194      303.728054        303.783256        303.838131
    303.891368      303.942050        303.989637        304.033911
    304.074879      304.112671        304.147429        304.179227
    304.208004      304.233550        304.255522        304.273494
    304.287029      304.295763        304.299478        304.298160
    304.292028      304.281527        304.267300        304.250126
    304.230855      304.210331        304.189335        304.168536
    304.148484      304.129621        304.112341        304.097073
    304.084400      304.075196        304.070764        304.072954
    304.084217      304.107547        304.146264        304.203587
    304.281995      304.382442        304.503579        304.641235
    304.788419      304.936039        305.074313        305.194573
    305.290933      305.361293        305.407342        305.433629
    305.446076      305.450483        305.451429        305.451727
    305.452369      305.452777        305.451204        305.445217
    305.432199      305.409861        305.376660        305.332033
    305.276402      305.210965        305.137394        305.057560
    305.057560      305.137394        305.210965        305.276402
    305.332033      305.376660        305.409861        305.432199
    305.445217      305.451204        305.452777        305.452369
    305.451727      305.451429        305.450483        305.446076
    305.433629      305.407342        305.361293        305.290933
    305.194573      305.074313        304.936039        304.788419
    304.641235      304.503579        304.382442        304.281995
    304.203587      304.146264        304.107547        304.084217
    304.072954      304.070764        304.075196        304.084400
    304.097073      304.112341        304.129621        304.148484
    304.168536      304.189335        304.210331        304.230855
    304.250126      304.267300        304.281527        304.292028
    304.298160      304.299478        304.295763        304.287029
    304.273494      304.255522        304.233550        304.208004
    304.179227      304.147429        304.112671        304.074879
    304.033911      303.989637        303.942050        303.891368
    303.838131      303.783256        303.728054        303.674194
    303.623617      303.578397        303.540576        303.511981
    303.494047      303.487673        303.493122        303.509988
    303.537223      303.573235        303.616031        303.663391
    303.713054      303.762887        303.811026        303.855979
    303.896668      303.932442        303.963041        303.988530
    304.009230      304.025629        304.038312        304.047890
    304.054958      304.060056        304.063651        304.066129
    304.155238      304.152966        304.149671        304.144998
    304.138519      304.129738        304.118113        304.103081
    304.084106      304.060740        304.032692        303.999898
    303.962600      303.921394        303.877266        303.831586
    303.786062      303.742648        303.703418        303.670407
    303.645442      303.629982        303.624987        303.630829
    303.647268      303.673481        303.708150        303.749602
    303.795964      303.845335        303.895937        303.946240
    303.995041      304.041499        304.085120        304.125705
    304.163259      304.197901        304.229763        304.258911
    304.285290      304.308707        304.328848        304.345322
    304.357729      304.365735        304.369141        304.367933
    304.362312      304.352686        304.339644        304.323902
    304.306236      304.287423        304.268176        304.249111
    304.230730      304.213439        304.197599        304.183603
    304.171986      304.163549        304.159486        304.161494
    304.171819      304.193204        304.228695        304.281241
    304.353115      304.445191        304.556234        304.682418
    304.817337      304.952655        305.079407        305.189645
    305.277975      305.342471        305.384683        305.408780
    305.420189      305.424229        305.425096        305.425369
    305.425958      305.426331        305.424890        305.419402
    305.407469      305.386992        305.356558        305.315650
    305.264655      305.204671        305.137231        305.064049
    305.064049      305.137231        305.204671        305.264655
    305.315650      305.356558        305.386992        305.407469
    305.419402      305.424890        305.426331        305.425958
    305.425369      305.425096        305.424229        305.420189
    305.408780      305.384683        305.342471        305.277975
    305.189645      305.079407        304.952655        304.817337
    304.682418      304.556234        304.445191        304.353115
    304.281241      304.228695        304.193204        304.171819
    304.161494      304.159486        304.163549        304.171986
    304.183603      304.197599        304.213439        304.230730
    304.249111      304.268176        304.287423        304.306236
    304.323902      304.339644        304.352686        304.362312
    304.367933      304.369141        304.365735        304.357729
    304.345322      304.328848        304.308707        304.285290
    304.258911      304.229763        304.197901        304.163259
    304.125705      304.085120        304.041499        303.995041
    303.946240      303.895937        303.845335        303.795964
    303.749602      303.708150        303.673481        303.647268
    303.630829      303.624987        303.629982        303.645442
    303.670407      303.703418        303.742648        303.786062
    303.831586      303.877266        303.921394        303.962600
    303.999898      304.032692        304.060740        304.084106
    304.103081      304.118113        304.129738        304.138519
    304.144998      304.149671        304.152966        304.155238
    304.244347      304.242281        304.239286        304.235038
    304.229148      304.221165        304.210597        304.196931
    304.179681      304.158440        304.132941        304.103129
    304.069221      304.031761        303.991645        303.950118
    303.908732      303.869265        303.833601        303.803591
    303.780896      303.766841        303.762300        303.767611
    303.782556      303.806385        303.837903        303.875586
    303.917734      303.962617        304.008619        304.054349
    304.098713      304.140947        304.180604        304.217498
    304.251638      304.283131        304.312097        304.338595
    304.362575      304.383864        304.402174        304.417151
    304.428430      304.435708        304.438804        304.437706
    304.432596      304.423845        304.411989        304.397678
    304.381618      304.364515        304.347018        304.329686
    304.312976      304.297257        304.282857        304.270133
    304.259572      304.251902        304.248209        304.250034
    304.259420      304.278862        304.311126        304.358895
    304.424235      304.507941        304.608888        304.723602
    304.846255      304.969271        305.084500        305.184717
    305.265017      305.323650        305.362024        305.383930
    305.394302      305.397975        305.398763        305.399012
    305.399547      305.399886        305.398576        305.393587
    305.382738      305.364124        305.336456        305.299267
    305.252907      305.198376        305.137067        305.070539
    305.070539      305.137067        305.198376        305.252907
    305.299267      305.336456        305.364124        305.382738
    305.393587      305.398576        305.399886        305.399547
    305.399012      305.398763        305.397975        305.394302
    305.383930      305.362024        305.323650        305.265017
    305.184717      305.084500        304.969271        304.846255
    304.723602      304.608888        304.507941        304.424235
    304.358895      304.311126        304.278862        304.259420
    304.250034      304.248209        304.251902        304.259572
    304.270133      304.282857        304.297257        304.312976
    304.329686      304.347018        304.364515        304.381618
    304.397678      304.411989        304.423845        304.432596
    304.437706      304.438804        304.435708        304.428430
    304.417151      304.402174        304.383864        304.362575
    304.338595      304.312097        304.283131        304.251638
    304.217498      304.180604        304.140947        304.098713
    304.054349      304.008619        303.962617        303.917734
    303.875586      303.837903        303.806385        303.782556
    303.767611      303.762300        303.766841        303.780896
    303.803591      303.833601        303.869265        303.908732
    303.950118      303.991645        304.031761        304.069221
    304.103129      304.132941        304.158440        304.179681
    304.196931      304.210597        304.221165        304.229148
    304.235038      304.239286        304.242281        304.244347
    304.333455      304.331597        304.328901        304.325077
    304.319776      304.312592        304.303081        304.290781
    304.275256      304.256139        304.233190        304.206359
    304.175843      304.142128        304.106024        304.068649
    304.031402      303.995882        303.963785        303.936776
    303.916349      303.903700        303.899613        303.904394
    303.917844      303.939290        303.967656        304.001571
    304.039504      304.079899        304.121301        304.162457
    304.202385      304.240396        304.276087        304.309292
    304.340018      304.368362        304.394431        304.418279
    304.439861      304.459021        304.475500        304.488979
    304.499130      304.505681        304.508467        304.507479
    304.502880      304.495004        304.484334        304.471453
    304.457000      304.441607        304.425860        304.410261
    304.395222      304.381075        304.368115        304.356664
    304.347159      304.340255        304.336932        304.338574
    304.347022      304.364519        304.393557        304.436549
    304.495355      304.570690        304.661543        304.764785
    304.875173      304.985888        305.089594        305.179789
    305.252059      305.304828        305.339365        305.359081
    305.368415      305.371721        305.372430        305.372654
    305.373136      305.373441        305.372262        305.367771
    305.358008      305.341255        305.316354        305.282883
    305.241160      305.192082        305.136904        305.077028
    305.077028      305.136904        305.192082        305.241160
    305.282883      305.316354        305.341255        305.358008
    305.367771      305.372262        305.373441        305.373136
    305.372654      305.372430        305.371721        305.368415
    305.359081      305.339365        305.304828        305.252059
    305.179789      305.089594        304.985888        304.875173
    304.764785      304.661543        304.570690        304.495355
    304.436549      304.393557        304.364519        304.347022
    304.338574      304.336932        304.340255        304.347159
    304.356664      304.368115        304.381075        304.395222
    304.410261      304.425860        304.441607        304.457000
    304.471453      304.484334        304.495004        304.502880
    304.507479      304.508467        304.505681        304.499130
    304.488979      304.475500        304.459021        304.439861
    304.418279      304.394431        304.368362        304.340018
    304.309292      304.276087        304.240396        304.202385
    304.162457      304.121301        304.079899        304.039504
    304.001571      303.967656        303.939290        303.917844
    303.904394      303.899613        303.903700        303.916349
    303.936776      303.963785        303.995882        304.031402
    304.068649      304.106024        304.142128        304.175843
    304.206359      304.233190        304.256139        304.275256
    304.290781      304.303081        304.312592        304.319776
    304.325077      304.328901        304.331597        304.333455
    304.422564      304.420912        304.418516        304.415117
    304.410405      304.404019        304.395564        304.384632
    304.370832      304.353839        304.333440        304.309590
    304.282464      304.252496        304.220403        304.187181
    304.154072      304.122499        304.093968        304.069960
    304.051803      304.040560        304.036927        304.041176
    304.053132      304.072195        304.097409        304.127556
    304.161274      304.197181        304.233982        304.270566
    304.306057      304.339845        304.371570        304.401086
    304.428398      304.453592        304.476764        304.497963
    304.517147      304.534178        304.548826        304.560807
    304.569831      304.575653        304.578130        304.577252
    304.573163      304.566163        304.556678        304.545229
    304.532381      304.518699        304.504701        304.490836
    304.477467      304.464892        304.453372        304.443194
    304.434745      304.428609        304.425654        304.427114
    304.434623      304.450176        304.475988        304.514203
    304.566475      304.633439        304.714198        304.805968
    304.904091      305.002504        305.094687        305.174860
    305.239100      305.286007        305.316706        305.334231
    305.342529      305.345467        305.346097        305.346296
    305.346724      305.346996        305.345948        305.341956
    305.333278      305.318386        305.296251        305.266500
    305.229413      305.185788        305.136741        305.083518
    305.083518      305.136741        305.185788        305.229413
    305.266500      305.296251        305.318386        305.333278
    305.341956      305.345948        305.346996        305.346724
    305.346296      305.346097        305.345467        305.342529
    305.334231      305.316706        305.286007        305.239100
    305.174860      305.094687        305.002504        304.904091
    304.805968      304.714198        304.633439        304.566475
    304.514203      304.475988        304.450176        304.434623
    304.427114      304.425654        304.428609        304.434745
    304.443194      304.453372        304.464892        304.477467
    304.490836      304.504701        304.518699        304.532381
    304.545229      304.556678        304.566163        304.573163
    304.577252      304.578130        304.575653        304.569831
    304.560807      304.548826        304.534178        304.517147
    304.497963      304.476764        304.453592        304.428398
    304.401086      304.371570        304.339845        304.306057
    304.270566      304.233982        304.197181        304.161274
    304.127556      304.097409        304.072195        304.053132
    304.041176      304.036927        304.040560        304.051803
    304.069960      304.093968        304.122499        304.154072
    304.187181      304.220403        304.252496        304.282464
    304.309590      304.333440        304.353839        304.370832
    304.384632      304.395564        304.404019        304.410405
    304.415117      304.418516        304.420912        304.422564
    304.511673      304.510227        304.508130        304.505157
    304.501034      304.495446        304.488048        304.478482
    304.466407      304.451538        304.433689        304.412821
    304.389085      304.362863        304.334782        304.305713
    304.276743      304.249116        304.224151        304.203144
    304.187257      304.177419        304.174240        304.177958
    304.188420      304.205100        304.227162        304.253541
    304.283044      304.314462        304.346664        304.378674
    304.409729      304.439294        304.467053        304.492879
    304.516777      304.538822        304.559098        304.577647
    304.594433      304.609335        304.622152        304.632636
    304.640531      304.645626        304.647793        304.647025
    304.643447      304.637322        304.629023        304.619005
    304.607763      304.595791        304.583543        304.571410
    304.559713      304.548710        304.538630        304.529724
    304.522331      304.516962        304.514377        304.515654
    304.522224      304.535834        304.558418        304.591857
    304.637595      304.696189        304.766852        304.847151
    304.933009      305.019120        305.099781        305.169932
    305.226142      305.267185        305.294047        305.309381
    305.316642      305.319213        305.319764        305.319939
    305.320313      305.320551        305.319634        305.316141
    305.308547      305.295517        305.276149        305.250117
    305.217666      305.179494        305.136577        305.090007
    305.090007      305.136577        305.179494        305.217666
    305.250117      305.276149        305.295517        305.308547
    305.316141      305.319634        305.320551        305.320313
    305.319939      305.319764        305.319213        305.316642
    305.309381      305.294047        305.267185        305.226142
    305.169932      305.099781        305.019120        304.933009
    304.847151      304.766852        304.696189        304.637595
    304.591857      304.558418        304.535834        304.522224
    304.515654      304.514377        304.516962        304.522331
    304.529724      304.538630        304.548710        304.559713
    304.571410      304.583543        304.595791        304.607763
    304.619005      304.629023        304.637322        304.643447
    304.647025      304.647793        304.645626        304.640531
    304.632636      304.622152        304.609335        304.594433
    304.577647      304.559098        304.538822        304.516777
    304.492879      304.467053        304.439294        304.409729
    304.378674      304.346664        304.314462        304.283044
    304.253541      304.227162        304.205100        304.188420
    304.177958      304.174240        304.177419        304.187257
    304.203144      304.224151        304.249116        304.276743
    304.305713      304.334782        304.362863        304.389085
    304.412821      304.433689        304.451538        304.466407
    304.478482      304.488048        304.495446        304.501034
    304.505157      304.508130        304.510227        304.511673
    304.600782      304.599543        304.597745        304.595196
    304.591662      304.586873        304.580532        304.572332
    304.561982      304.549238        304.533938        304.516051
    304.495707      304.473230        304.449161        304.424244
    304.399413      304.375733        304.354335        304.336329
    304.322711      304.314278        304.311554        304.314741
    304.323707      304.338005        304.356916        304.379526
    304.404814      304.431744        304.459345        304.486783
    304.513401      304.538742        304.562536        304.584673
    304.605157      304.624053        304.641432        304.657331
    304.671719      304.684492        304.695478        304.704464
    304.711232      304.715599        304.717456        304.716797
    304.713731      304.708481        304.701367        304.692780
    304.683145      304.672883        304.662385        304.651985
    304.641959      304.632528        304.623888        304.616254
    304.609917      304.605315        304.603099        304.604194
    304.609826      304.621491        304.640849        304.669511
    304.708715      304.758938        304.819507        304.888335
    304.961927      305.035736        305.104874        305.165004
    305.213184      305.248364        305.271388        305.284532
    305.290755      305.292959        305.293432        305.293581
    305.293902      305.294106        305.293319        305.290326
    305.283817      305.272648        305.256047        305.233734
    305.205918      305.173200        305.136414        305.096497
    305.096497      305.136414        305.173200        305.205918
    305.233734      305.256047        305.272648        305.283817
    305.290326      305.293319        305.294106        305.293902
    305.293581      305.293432        305.292959        305.290755
    305.284532      305.271388        305.248364        305.213184
    305.165004      305.104874        305.035736        304.961927
    304.888335      304.819507        304.758938        304.708715
    304.669511      304.640849        304.621491        304.609826
    304.604194      304.603099        304.605315        304.609917
    304.616254      304.623888        304.632528        304.641959
    304.651985      304.662385        304.672883        304.683145
    304.692780      304.701367        304.708481        304.713731
    304.716797      304.717456        304.715599        304.711232
    304.704464      304.695478        304.684492        304.671719
    304.657331      304.641432        304.624053        304.605157
    304.584673      304.562536        304.538742        304.513401
    304.486783      304.459345        304.431744        304.404814
    304.379526      304.356916        304.338005        304.323707
    304.314741      304.311554        304.314278        304.322711
    304.336329      304.354335        304.375733        304.399413
    304.424244      304.449161        304.473230        304.495707
    304.516051      304.533938        304.549238        304.561982
    304.572332      304.580532        304.586873        304.591662
    304.595196      304.597745        304.599543        304.600782
    304.689891      304.688858        304.687360        304.685236
    304.682291      304.678300        304.673016        304.666183
    304.657558      304.646937        304.634188        304.619282
    304.602328      304.583598        304.563540        304.542776
    304.522083      304.502350        304.484518        304.469513
    304.458165      304.451138        304.448867        304.451523
    304.458995      304.470910        304.486669        304.505510
    304.526584      304.549026        304.572027        304.594892
    304.617074      304.638191        304.658019        304.676466
    304.693536      304.709283        304.723766        304.737015
    304.749005      304.759649        304.768804        304.776293
    304.781932      304.785571        304.787119        304.786570
    304.784015      304.779640        304.773712        304.766556
    304.758526      304.749975        304.741226        304.732560
    304.724205      304.716346        304.709146        304.702784
    304.697503      304.693668        304.691822        304.692734
    304.697427      304.707148        304.723280        304.747165
    304.779835      304.821688        304.872161        304.929518
    304.990845      305.052353        305.109967        305.160076
    305.200226      305.229542        305.248729        305.259682
    305.264868      305.266705        305.267099        305.267223
    305.267491      305.267660        305.267005        305.264510
    305.259086      305.249779        305.235945        305.217351
    305.194171      305.166905        305.136251        305.102987
    305.102987      305.136251        305.166905        305.194171
    305.217351      305.235945        305.249779        305.259086
    305.264510      305.267005        305.267660        305.267491
    305.267223      305.267099        305.266705        305.264868
    305.259682      305.248729        305.229542        305.200226
    305.160076      305.109967        305.052353        304.990845
    304.929518      304.872161        304.821688        304.779835
    304.747165      304.723280        304.707148        304.697427
    304.692734      304.691822        304.693668        304.697503
    304.702784      304.709146        304.716346        304.724205
    304.732560      304.741226        304.749975        304.758526
    304.766556      304.773712        304.779640        304.784015
    304.786570      304.787119        304.785571        304.781932
    304.776293      304.768804        304.759649        304.749005
    304.737015      304.723766        304.709283        304.693536
    304.676466      304.658019        304.638191        304.617074
    304.594892      304.572027        304.549026        304.526584
    304.505510      304.486669        304.470910        304.458995
    304.451523      304.448867        304.451138        304.458165
    304.469513      304.484518        304.502350        304.522083
    304.542776      304.563540        304.583598        304.602328
    304.619282      304.634188        304.646937        304.657558
    304.666183      304.673016        304.678300        304.682291
    304.685236      304.687360        304.688858        304.689891
    304.778999      304.778173        304.776975        304.775276
    304.772920      304.769727        304.765499        304.760033
    304.753133      304.744637        304.734437        304.722512
    304.708949      304.693965        304.677919        304.661308
    304.644753      304.628967        304.614701        304.602697
    304.593619      304.587997        304.586181        304.588305
    304.594283      304.603815        304.616422        304.631495
    304.648354      304.666307        304.684708        304.703000
    304.720746      304.737640        304.753502        304.768260
    304.781916      304.794513        304.806099        304.816699
    304.826291      304.834806        304.842130        304.848121
    304.852633      304.855544        304.856782        304.856343
    304.854299      304.850799        304.846056        304.840332
    304.833908      304.827067        304.820068        304.813135
    304.806451      304.800163        304.794403        304.789314
    304.785090      304.782022        304.780544        304.781274
    304.785029      304.792805        304.805711        304.824819
    304.850955      304.884437        304.924816        304.970701
    305.019763      305.068969        305.115061        305.155147
    305.187267      305.210721        305.226070        305.234833
    305.238982      305.240451        305.240766        305.240865
    305.241079      305.241215        305.240691        305.238695
    305.234356      305.226910        305.215843        305.200967
    305.182424      305.160611        305.136088        305.109476
    305.109476      305.136088        305.160611        305.182424
    305.200967      305.215843        305.226910        305.234356
    305.238695      305.240691        305.241215        305.241079
    305.240865      305.240766        305.240451        305.238982
    305.234833      305.226070        305.210721        305.187267
    305.155147      305.115061        305.068969        305.019763
    304.970701      304.924816        304.884437        304.850955
    304.824819      304.805711        304.792805        304.785029
    304.781274      304.780544        304.782022        304.785090
    304.789314      304.794403        304.800163        304.806451
    304.813135      304.820068        304.827067        304.833908
    304.840332      304.846056        304.850799        304.854299
    304.856343      304.856782        304.855544        304.852633
    304.848121      304.842130        304.834806        304.826291
    304.816699      304.806099        304.794513        304.781916
    304.768260      304.753502        304.737640        304.720746
    304.703000      304.684708        304.666307        304.648354
    304.631495      304.616422        304.603815        304.594283
    304.588305      304.586181        304.587997        304.593619
    304.602697      304.614701        304.628967        304.644753
    304.661308      304.677919        304.693965        304.708949
    304.722512      304.734437        304.744637        304.753133
    304.760033      304.765499        304.769727        304.772920
    304.775276      304.776975        304.778173        304.778999
    304.868108      304.867489        304.866590        304.865315
    304.863548      304.861154        304.857983        304.853883
    304.848708      304.842336        304.834686        304.825743
    304.815571      304.804332        304.792298        304.779839
    304.767424      304.755584        304.744885        304.735882
    304.729073      304.724856        304.723494        304.725088
    304.729571      304.736720        304.746175        304.757480
    304.770124      304.783589        304.797390        304.811109
    304.824418      304.837088        304.848985        304.860054
    304.870296      304.879744        304.888433        304.896383
    304.903577      304.909963        304.915456        304.919949
    304.923333      304.925517        304.926445        304.926116
    304.924583      304.921958        304.918401        304.914107
    304.909290      304.904159        304.898910        304.893710
    304.888697      304.883981        304.879661        304.875844
    304.872676      304.870375        304.869267        304.869814
    304.872630      304.878463        304.888142        304.902473
    304.922075      304.947186        304.977471        305.011885
    305.048681      305.085585        305.120154        305.150219
    305.174309      305.191899        305.203411        305.209983
    305.213095      305.214197        305.214433        305.214508
    305.214668      305.214770        305.214377        305.212880
    305.209626      305.204041        305.195741        305.184584
    305.170676      305.154317        305.135924        305.115966
    305.115966      305.135924        305.154317        305.170676
    305.184584      305.195741        305.204041        305.209626
    305.212880      305.214377        305.214770        305.214668
    305.214508      305.214433        305.214197        305.213095
    305.209983      305.203411        305.191899        305.174309
    305.150219      305.120154        305.085585        305.048681
    305.011885      304.977471        304.947186        304.922075
    304.902473      304.888142        304.878463        304.872630
    304.869814      304.869267        304.870375        304.872676
    304.875844      304.879661        304.883981        304.888697
    304.893710      304.898910        304.904159        304.909290
    304.914107      304.918401        304.921958        304.924583
    304.926116      304.926445        304.925517        304.923333
    304.919949      304.915456        304.909963        304.903577
    304.896383      304.888433        304.879744        304.870296
    304.860054      304.848985        304.837088        304.824418
    304.811109      304.797390        304.783589        304.770124
    304.757480      304.746175        304.736720        304.729571
    304.725088      304.723494        304.724856        304.729073
    304.735882      304.744885        304.755584        304.767424
    304.779839      304.792298        304.804332        304.815571
    304.825743      304.834686        304.842336        304.848708
    304.853883      304.857983        304.861154        304.863548
    304.865315      304.866590        304.867489        304.868108
    304.957217      304.956804        304.956205        304.955355
    304.954177      304.952581        304.950467        304.947734
    304.944284      304.940036        304.934936        304.928973
    304.922192      304.914700        304.906677        304.898371
    304.890094      304.882201        304.875068        304.869066
    304.864527      304.861716        304.860808        304.861870
    304.864859      304.869625        304.875928        304.883465
    304.891894      304.900871        304.910071        304.919217
    304.928090      304.936537        304.944468        304.951847
    304.958675      304.964974        304.970767        304.976067
    304.980863      304.985120        304.988782        304.991778
    304.994034      304.995489        304.996108        304.995889
    304.994867      304.993117        304.990745        304.987883
    304.984671      304.981251        304.977751        304.974285
    304.970943      304.967799        304.964919        304.962374
    304.960262      304.958728        304.957989        304.958354
    304.960232      304.964120        304.970573        304.980127
    304.993195      305.009936        305.030125        305.053068
    305.077599      305.102202        305.125248        305.145291
    305.161351      305.173078        305.180752        305.185134
    305.187208      305.187943        305.188100        305.188150
    305.188257      305.188325        305.188063        305.187065
    305.184895      305.181172        305.175639        305.168201
    305.158929      305.148023        305.135761        305.122455
    305.122455      305.135761        305.148023        305.158929
    305.168201      305.175639        305.181172        305.184895
    305.187065      305.188063        305.188325        305.188257
    305.188150      305.188100        305.187943        305.187208
    305.185134      305.180752        305.173078        305.161351
    305.145291      305.125248        305.102202        305.077599
    305.053068      305.030125        305.009936        304.993195
    304.980127      304.970573        304.964120        304.960232
    304.958354      304.957989        304.958728        304.960262
    304.962374      304.964919        304.967799        304.970943
    304.974285      304.977751        304.981251        304.984671
    304.987883      304.990745        304.993117        304.994867
    304.995889      304.996108        304.995489        304.994034
    304.991778      304.988782        304.985120        304.980863
    304.976067      304.970767        304.964974        304.958675
    304.951847      304.944468        304.936537        304.928090
    304.919217      304.910071        304.900871        304.891894
    304.883465      304.875928        304.869625        304.864859
    304.861870      304.860808        304.861716        304.864527
    304.869066      304.875068        304.882201        304.890094
    304.898371      304.906677        304.914700        304.922192
    304.928973      304.934936        304.940036        304.944284
    304.947734      304.950467        304.952581        304.954177
    304.955355      304.956205        304.956804        304.957217
    305.046326      305.046119        305.045820        305.045395
    305.044806      305.044008        305.042951        305.041584
    305.039859      305.037735        305.035185        305.032204
    305.028813      305.025067        305.021056        305.016903
    305.012764      305.008818        305.005251        305.002250
    304.999981      304.998575        304.998121        304.998652
    305.000147      305.002530        305.005681        305.009450
    305.013664      305.018153        305.022753        305.027326
    305.031762      305.035986        305.039951        305.043641
    305.047055      305.050204        305.053101        305.055750
    305.058149      305.060277        305.062108        305.063606
    305.064734      305.065462        305.065771        305.065662
    305.065151      305.064276        305.063090        305.061659
    305.060053      305.058343        305.056593        305.054860
    305.053189      305.051617        305.050177        305.048904
    305.047848      305.047081        305.046712        305.046894
    305.047833      305.049777        305.053004        305.057781
    305.064315      305.072685        305.082780        305.094251
    305.106516      305.118818        305.130341        305.140363
    305.148393      305.154256        305.158093        305.160284
    305.161321      305.161689        305.161767        305.161792
    305.161846      305.161880        305.161749        305.161250
    305.160165      305.158303        305.155537        305.151818
    305.147182      305.141729        305.135598        305.128945
    305.128945      305.135598        305.141729        305.147182
    305.151818      305.155537        305.158303        305.160165
    305.161250      305.161749        305.161880        305.161846
    305.161792      305.161767        305.161689        305.161321
    305.160284      305.158093        305.154256        305.148393
    305.140363      305.130341        305.118818        305.106516
    305.094251      305.082780        305.072685        305.064315
    305.057781      305.053004        305.049777        305.047833
    305.046894      305.046712        305.047081        305.047848
    305.048904      305.050177        305.051617        305.053189
    305.054860      305.056593        305.058343        305.060053
    305.061659      305.063090        305.064276        305.065151
    305.065662      305.065771        305.065462        305.064734
    305.063606      305.062108        305.060277        305.058149
    305.055750      305.053101        305.050204        305.047055
    305.043641      305.039951        305.035986        305.031762
    305.027326      305.022753        305.018153        305.013664
    305.009450      305.005681        305.002530        305.000147
    304.998652      304.998121        304.998575        304.999981
    305.002250      305.005251        305.008818        305.012764
    305.016903      305.021056        305.025067        305.028813
    305.032204      305.035185        305.037735        305.039859
    305.041584      305.042951        305.044008        305.044806
    305.045395      305.045820        305.046119        305.046326
    305.135434      305.135434        305.135434        305.135434
    305.135434      305.135434        305.135434        305.135434
    305.135434      305.135434        305.135434        305.135434
    305.135434      305.135434        305.135434        305.135434
    305.135434      305.135434        305.135434        305.135434
    305.135434      305.135434        305.135434        305.135434
    305.135434      305.135434        305.135434        305.135434
    305.135434      305.135434        305.135434        305.135434
    305.135434      305.135434        305.135434        305.135434
    305.135434      305.135434        305.135434        305.135434
    305.135434      305.135434        305.135434        305.135434
    305.135434      305.135434        305.135434        305.135434
    305.135434      305.135434        305.135434        305.135434
    305.135434      305.135434        305.135434        305.135434
    305.135434      305.135434        305.135434        305.135434
    305.135434      305.135434        305.135434        305.135434
    305.135434      305.135434        305.135434        305.135434
    305.135434      305.135434        305.135434        305.135434
    305.135434      305.135434        305.135434        305.135434
    305.135434      305.135434        305.135434        305.135434
    305.135434      305.135434        305.135434        305.135434
    305.135434      305.135434        305.135434        305.135434
    305.135434      305.135434        305.135434        305.135434
    305.135434      305.135434        305.135434        305.135434
    305.135434      305.135434        305.135434        305.135434
    305.135434      305.135434        305.135434        305.135434
    305.135434      305.135434        305.135434        305.135434
    305.135434      305.135434        305.135434        305.135434
    305.135434      305.135434        305.135434        305.135434
    305.135434      305.135434        305.135434        305.135434
    305.135434      305.135434        305.135434        305.135434
    305.135434      305.135434        305.135434        305.135434
    305.135434      305.135434        305.135434        305.135434
    305.135434      305.135434        305.135434        305.135434
    305.135434      305.135434        305.135434        305.135434
    305.135434      305.135434        305.135434        305.135434
    305.135434      305.135434        305.135434        305.135434
    305.135434      305.135434        305.135434        305.135434
    305.135434      305.135434        305.135434        305.135434
    305.135434      305.135434        305.135434        305.135434
    305.135434      305.135434        305.135434        305.135434
    305.135434      305.135434        305.135434        305.135434
    305.135434      305.135434        305.135434        305.135434
    305.135434      305.135434        305.135434        305.135434
    305.135434      305.135434        305.135434        305.135434
    305.135434      305.135434        305.135434        305.135434
    305.135434      305.135434        305.135434        305.135434
    305.135434      305.135434        305.135434        305.135434
    305.135434      305.135434        305.135434        305.135434
    305.135434      305.135434        305.135434        305.135434
    305.135434      305.135434        305.135434        305.135434
    305.135434      305.135434        305.135434        305.135434
    305.135434      305.135434        305.135434        305.135434
    305.135434      305.135434        305.135434        305.135434
    305.135434      305.135434        305.135434        305.135434
    305.135434      305.135434        305.135434        305.135434
    305.135434      305.135434        305.135434        305.135434
    305.135434      305.135434        305.135434        305.135434
    305.135434      305.135434        305.135434        305.135434
    305.135434      305.135434        305.135434        305.135434
    305.135434      305.135434        305.135434        305.135434
    305.135434      305.135434        305.135434        305.135434
    305.135434      305.135434        305.135434        305.135434
    305.135434      305.135434        305.135434        305.135434
    305.135434      305.135434        305.135434        305.135434
    305.135434      305.135434        305.135434        305.135434
    305.135434      305.135434        305.135434        305.135434
    305.135434      305.135434        305.135434        305.135434
    305.135434      305.135434        305.135434        305.135434
    305.135434      305.135434        305.135434        305.135434
    305.135434      305.135434        305.135434        305.135434
    305.135434      305.135434        305.135434        305.135434
    305.135434      305.135434        305.135434        305.135434
    305.135434      305.135434        305.135434        305.135434
    305.135434      305.135434        305.135434        305.135434
    305.135434      305.135434        305.135434        305.135434
    305.135434      305.135434        305.135434        305.135434
    305.135434      305.135434        305.135434        305.135434
    305.135434      305.135434        305.135434        305.135434
    305.135434      305.135434        305.135434        305.135434
    305.135434      305.135434        305.135434        305.135434
    305.135434      305.135434        305.135434        305.135434
    305.135434      305.135434        305.135434        305.135434
    305.135434      305.135434        305.135434        305.135434
    305.135434      305.135434        305.135434        305.135434
    305.135434      305.135434        305.135434        305.135434
    305.135434      305.135434        305.135434        305.135434
    305.135434      305.135434        305.135434        305.135434
    305.135434      305.135434        305.135434        305.135434
    305.135434      305.135434        305.135434        305.135434
    305.135434      305.135434        305.135434        305.135434
    305.135434      305.135434        305.135434        305.135434
    305.135434      305.135434        305.135434        305.135434
    305.135434      305.135434        305.135434        305.135434
    305.135434      305.135434        305.135434        305.135434
    305.135434      305.135434        305.135434        305.135434
    305.135434      305.135434        305.135434        305.135434
    305.135434      305.135434        305.135434        305.135434
    305.135434      305.135434        305.135434        305.135434
    305.135434      305.135434        305.135434        305.135434
    305.135434      305.135434        305.135434        305.135434
    305.135434      305.135434        305.135434        305.135434
    305.135434      305.135434        305.135434        305.135434
    305.135434      305.135434        305.135434        305.135434
    305.135434      305.135434        305.135434        305.135434
    305.135434      305.135434        305.135434        305.135434
    305.135434      305.135434        305.135434        305.135434
    305.135434      305.135434        305.135434        305.135434
    305.135434      305.135434        305.135434        305.135434
    305.135434      305.135434        305.135434        305.135434
    305.135434      305.135434        305.135434        305.135434
    305.135434      305.135434        305.135434        305.135434
    305.135434      305.135434        305.135434        305.135434
    305.135434      305.135434        305.135434        305.135434
    305.135434      305.135434        305.135434        305.135434
    305.135434      305.135434        305.135434        305.135434
    305.135434      305.135434        305.135434        305.135434
    305.135434      305.135434        305.135434        305.135434
    305.135434      305.135434        305.135434        305.135434
    305.135434      305.135434        305.135434        305.135434
    305.135434      305.135434        305.135434        305.135434
    305.135434      305.135434        305.135434        305.135434
    305.135434      305.135434        305.135434        305.135434
    305.135434      305.135434        305.135434        305.135434
    305.135434      305.135434        305.135434        305.135434
    305.135434      305.135434        305.135434        305.135434
    305.135434      305.135434        305.135434        305.135434
    305.135434      305.135434        305.135434        305.135434
    305.135434      305.135434        305.135434        305.135434
    305.135434      305.135434        305.135434        305.135434
    305.135434      305.135434        305.135434        305.135434
    305.135434      305.135434        305.135434        305.135434
    305.135434      305.135434        305.135434        305.135434
    305.135434      305.135434        305.135434        305.135434
    305.135434      305.135434        305.135434        305.135434
    305.135434      305.135434        305.135434        305.135434
    305.135434      305.135434        305.135434        305.135434
    305.135434      305.135434        305.135434        305.135434
    305.135434      305.135434        305.135434        305.135434
    305.135434      305.135434        305.135434        305.135434
    305.135434      305.135434        305.135434        305.135434
    305.135434      305.135434        305.135434        305.135434
    305.135434      305.135434        305.135434        305.135434
    305.135434      305.135434        305.135434        305.135434
    305.135434      305.135434        305.135434        305.135434
    305.135434      305.135434        305.135434        305.135434
    305.135434      305.135434        305.135434        305.135434
    305.135434      305.135434        305.135434        305.135434
    305.135434      305.135434        305.135434        305.135434
    305.135434      305.135434        305.135434        305.135434
    305.135434      305.135434        305.135434        305.135434
    305.135434      305.135434        305.135434        305.135434
    305.135434      305.135434        305.135434        305.135434
    305.135434      305.135434        305.135434        305.135434
    305.135434      305.135434        305.135434        305.135434
    305.135434      305.135434        305.135434        305.135434
    305.135434      305.135434        305.135434        305.135434
    305.135434      305.135434        305.135434        305.135434
    305.135434      305.135434        305.135434        305.135434
    305.135434      305.135434        305.135434        305.135434
    305.135434      305.135434        305.135434        305.135434
    305.135434      305.135434        305.135434        305.135434
    305.135434      305.135434        305.135434        305.135434
    305.135434      305.135434        305.135434        305.135434
    305.135434      305.135434        305.135434        305.135434
    305.135434      305.135434        305.135434        305.135434
    305.135434      305.135434        305.135434        305.135434
    305.135434      305.135434        305.135434        305.135434
    305.135434      305.135434        305.135434        305.135434
    305.135434      305.135434        305.135434        305.135434
    305.135434      305.135434        305.135434        305.135434
    305.135434      305.135434        305.135434        305.135434
    305.135434      305.135434        305.135434        305.135434
    305.135434      305.135434        305.135434        305.135434
    305.135434      305.135434        305.135434        305.135434
    305.135434      305.135434        305.135434        305.135434
    305.135434      305.135434        305.135434        305.135434
    305.135434      305.135434        305.135434        305.135434
    305.135434      305.135434        305.135434        305.135434
    305.135434      305.135434        305.135434        305.135434
    305.135434      305.135434        305.135434        305.135434
    305.135434      305.135434        305.135434        305.135434
    305.135434      305.135434        305.135434        305.135434
    305.135434      305.135434        305.135434        305.135434
    305.135434      305.135434        305.135434        305.135434
    305.135434      305.135434        305.135434        305.135434
    305.135434      305.135434        305.135434        305.135434
    305.135434      305.135434        305.135434        305.135434
    305.135434      305.135434        305.135434        305.135434
    305.135434      305.135434        305.135434        305.135434
    305.135434      305.135434        305.135434        305.135434
    305.135434      305.135434        305.135434        305.135434
    305.135434      305.135434        305.135434        305.135434
    305.135434      305.135434        305.135434        305.135434
    305.135434      305.135434        305.135434        305.135434
    305.135434      305.135434        305.135434        305.135434
    305.135434      305.135434        305.135434        305.135434
    305.135434      305.135434        305.135434        305.135434
    305.135434      305.135434        305.135434        305.135434
    305.135434      305.135434        305.135434        305.135434
    305.135434      305.135434        305.135434        305.135434
    305.135434      305.135434        305.135434        305.135434
    305.135434      305.135434        305.135434        305.135434
    305.135434      305.135434        305.135434        305.135434
    305.135434      305.135434        305.135434        305.135434
    305.135434      305.135434        305.135434        305.135434
    305.135434      305.135434        305.135434        305.135434
    305.135434      305.135434        305.135434        305.135434
    305.135434      305.135434        305.135434        305.135434
    305.135434      305.135434        305.135434        305.135434
    305.135434      305.135434        305.135434        305.135434
    305.135434      305.135434        305.135434        305.135434
    305.135434      305.135434        305.135434        305.135434
    305.135434      305.135434        305.135434        305.135434
    305.135434      305.135434        305.135434        305.135434
    305.135434      305.135434        305.135434        305.135434
    305.135434      305.135434        305.135434        305.135434
    305.135434      305.135434        305.135434        305.135434
    305.135434      305.135434        305.135434        305.135434
    305.135434      305.135434        305.135434        305.135434
    305.135434      305.135434        305.135434        305.135434
    305.135434      305.135434        305.135434        305.135434
    305.135434      305.135434        305.135434        305.135434
    305.135434      305.135434        305.135434        305.135434
    305.135434      305.135434        305.135434        305.135434
    305.135434      305.135434        305.135434        305.135434
    305.135434      305.135434        305.135434        305.135434
    305.135434      305.135434        305.135434        305.135434
    305.135434      305.135434        305.135434        305.135434
    305.135434      305.135434        305.135434        305.135434
    305.135434      305.135434        305.135434        305.135434
    305.135434      305.135434        305.135434        305.135434
    305.135434      305.135434        305.135434        305.135434
    305.135434      305.135434        305.135434        305.135434
    305.135434      305.135434        305.135434        305.135434
    305.135434      305.135434        305.135434        305.135434
    305.135434      305.135434        305.135434        305.135434
    305.135434      305.135434        305.135434        305.135434
    305.135434      305.135434        305.135434        305.135434
    305.135434      305.135434        305.135434        305.135434
    305.135434      305.135434        305.135434        305.135434
    305.135434      305.135434        305.135434        305.135434
    305.135434      305.135434        305.135434        305.135434
    305.135434      305.135434        305.135434        305.135434
    305.135434      305.135434        305.135434        305.135434
    305.135434      305.135434        305.135434        305.135434
    305.135434      305.135434        305.135434        305.135434
    305.135434      305.135434        305.135434        305.135434
    305.135434      305.135434        305.135434        305.135434
    305.135434      305.135434        305.135434        305.135434
    305.135434      305.135434        305.135434        305.135434
    305.135434      305.135434        305.135434        305.135434
    305.135434      305.135434        305.135434        305.135434
    305.135434      305.135434        305.135434        305.135434
    305.135434      305.135434        305.135434        305.135434
    305.135434      305.135434        305.135434        305.135434
    305.135434      305.135434        305.135434        305.135434
    305.135434      305.135434        305.135434        305.135434
    305.135434      305.135434        305.135434        305.135434
    305.135434      305.135434        305.135434        305.135434
    305.135434      305.135434        305.135434        305.135434
    305.135434      305.135434        305.135434        305.135434
    305.135434      305.135434        305.135434        305.135434
    305.135434      305.135434        305.135434        305.135434
    305.135434      305.135434        305.135434        305.135434
    305.135434      305.135434        305.135434        305.135434
    305.135434      305.135434        305.135434        305.135434
    305.135434      305.135434        305.135434        305.135434
    305.135434      305.135434        305.135434        305.135434
    305.135434      305.135434        305.135434        305.135434
    305.135434      305.135434        305.135434        305.135434
    305.135434      305.135434        305.135434        305.135434
    305.135434      305.135434        305.135434        305.135434
    305.135434      305.135434        305.135434        305.135434
    305.135434      305.135434        305.135434        305.135434
    305.135434      305.135434        305.135434        305.135434
    305.135434      305.135434        305.135434        305.135434
    305.135434      305.135434        305.135434        305.135434
    305.135434      305.135434        305.135434        305.135434
    305.135434      305.135434        305.135434        305.135434
    305.135434      305.135434        305.135434        305.135434
    305.135434      305.135434        305.135434        305.135434
    305.135434      305.135434        305.135434        305.135434
    305.135434      305.135434        305.135434        305.135434
    305.135434      305.135434        305.135434        305.135434
    305.135434      305.135434        305.135434        305.135434
    305.135434      305.135434        305.135434        305.135434
    305.135434      305.135434        305.135434        305.135434
    305.135434      305.135434        305.135434        305.135434
    305.135434      305.135434        305.135434        305.135434
    305.135434      305.135434        305.135434        305.135434
    305.135434      305.135434        305.135434        305.135434
    305.135434      305.135434        305.135434        305.135434
    305.135434      305.135434        305.135434        305.135434
    305.135434      305.135434        305.135434        305.135434
    305.135434      305.135434        305.135434        305.135434
    305.135434      305.135434        305.135434        305.135434
    305.135434      305.135434        305.135434        305.135434
    305.135434      305.135434        305.135434        305.135434
    305.135434      305.135434        305.135434        305.135434
    305.135434      305.135434        305.135434        305.135434
    305.135434      305.135434        305.135434        305.135434
    305.135434      305.135434        305.135434        305.135434
    305.135434      305.135434        305.135434        305.135434
    305.135434      305.135434        305.135434        305.135434
    305.135434      305.135434        305.135434        305.135434
    305.135434      305.135434        305.135434        305.135434
    305.135434      305.135434        305.135434        305.135434
    305.135434      305.135434        305.135434        305.135434
    305.135434      305.135434        305.135434        305.135434
    305.135434      305.135434        305.135434        305.135434
    305.135434      305.135434        305.135434        305.135434
    305.135434      305.135434        305.135434        305.135434
    305.135434      305.135434        305.135434        305.135434
    305.135434      305.135434        305.135434        305.135434
    305.135434      305.135434        305.135434        305.135434
    305.135434      305.135434        305.135434        305.135434
    305.135434      305.135434        305.135434        305.135434
    305.135434      305.135434        305.135434        305.135434
    305.135434      305.135434        305.135434        305.135434
    305.135434      305.135434        305.135434        305.135434
    305.135434      305.135434        305.135434        305.135434
    305.135434      305.135434        305.135434        305.135434
    305.135434      305.135434        305.135434        305.135434
    305.135434      305.135434        305.135434        305.135434
    305.135434      305.135434        305.135434        305.135434
    305.135434      305.135434        305.135434        305.135434
    305.135434      305.135434        305.135434        305.135434
    305.135434      305.135434        305.135434        305.135434
    305.135434      305.135434        305.135434        305.135434
    305.135434      305.135434        305.135434        305.135434
    305.135434      305.135434        305.135434        305.135434
    305.135434      305.135434        305.135434        305.135434
    305.135434      305.135434        305.135434        305.135434
    305.135434      305.135434        305.135434        305.135434
    305.135434      305.135434        305.135434        305.135434
    305.135434      305.135434        305.135434        305.135434
    305.135434      305.135434        305.135434        305.135434
    305.135434      305.135434        305.135434        305.135434
    305.135434      305.135434        305.135434        305.135434
    305.135434      305.135434        305.135434        305.135434
    305.135434      305.135434        305.135434        305.135434
    305.135434      305.135434        305.135434        305.135434
    305.135434      305.135434        305.135434        305.135434
    305.135434      305.135434        305.135434        305.135434
    305.135434      305.135434        305.135434        305.135434
    305.135434      305.135434        305.135434        305.135434
    305.135434      305.135434        305.135434        305.135434
    305.135434      305.135434        305.135434        305.135434
    305.135434      305.135434        305.135434        305.135434
    305.135434      305.135434        305.135434        305.135434
    305.135434      305.135434        305.135434        305.135434
    305.135434      305.135434        305.135434        305.135434
    305.135434      305.135434        305.135434        305.135434
    305.135434      305.135434        305.135434        305.135434
    305.135434      305.135434        305.135434        305.135434
    305.135434      305.135434        305.135434        305.135434
    305.135434      305.135434        305.135434        305.135434
    305.135434      305.135434        305.135434        305.135434
    305.135434      305.135434        305.135434        305.135434
    305.135434      305.135434        305.135434        305.135434
    305.135434      305.135434        305.135434        305.135434
    305.135434      305.135434        305.135434        305.135434
    305.135434      305.135434        305.135434        305.135434
    305.135434      305.135434        305.135434        305.135434
    305.135434      305.135434        305.135434        305.135434
    305.135434      305.135434        305.135434        305.135434
    305.135434      305.135434        305.135434        305.135434
    305.135434      305.135434        305.135434        305.135434
    305.135434      305.135434        305.135434        305.135434
    305.135434      305.135434        305.135434        305.135434
    305.135434      305.135434        305.135434        305.135434
    305.135434      305.135434        305.135434        305.135434
    305.135434      305.135434        305.135434        305.135434
    305.135434      305.135434        305.135434        305.135434
    305.135434      305.135434        305.135434        305.135434
    305.135434      305.135434        305.135434        305.135434
    305.135434      305.135434        305.135434        305.135434
    305.135434      305.135434        305.135434        305.135434
    305.135434      305.135434        305.135434        305.135434
    305.135434      305.135434        305.135434        305.135434
    305.135434      305.135434        305.135434        305.135434
    305.135434      305.135434        305.135434        305.135434
    305.135434      305.135434        305.135434        305.135434
    305.135434      305.135434        305.135434        305.135434
    305.135434      305.135434        305.135434        305.135434
    305.135434      305.135434        305.135434        305.135434
    305.135434      305.135434        305.135434        305.135434
    305.135434      305.135434        305.135434        305.135434
    305.135434      305.135434        305.135434        305.135434
    305.135434      305.135434        305.135434        305.135434
    305.135434      305.135434        305.135434        305.135434
    305.135434      305.135434        305.135434        305.135434
    305.135434      305.135434        305.135434        305.135434
    305.135434      305.135434        305.135434        305.135434
    305.135434      305.135434        305.135434        305.135434
    305.135434      305.135434        305.135434        305.135434
    305.135434      305.135434        305.135434        305.135434
    305.135434      305.135434        305.135434        305.135434
    305.135434      305.135434        305.135434        305.135434
    305.135434      305.135434        305.135434        305.135434
    305.135434      305.135434        305.135434        305.135434
    305.135434      305.135434        305.135434        305.135434
    305.135434      305.135434        305.135434        305.135434
    305.135434      305.135434        305.135434        305.135434
    305.135434      305.135434        305.135434        305.135434
    305.135434      305.135434        305.135434        305.135434
    305.135434      305.135434        305.135434        305.135434
    305.135434      305.135434        305.135434        305.135434
    305.135434      305.135434        305.135434        305.135434
    305.135434      305.135434        305.135434        305.135434
    305.135434      305.135434        305.135434        305.135434
    305.135434      305.135434        305.135434        305.135434
    305.135434      305.135434        305.135434        305.135434
    305.135434      305.135434        305.135434        305.135434
    305.135434      305.135434        305.135434        305.135434
    305.135434      305.135434        305.135434        305.135434
    305.135434      305.135434        305.135434        305.135434
    305.135434      305.135434        305.135434        305.135434
    305.135434      305.135434        305.135434        305.135434
    305.135434      305.135434        305.135434        305.135434
    305.135434      305.135434        305.135434        305.135434
    305.135434      305.135434        305.135434        305.135434
    305.135434      305.135434        305.135434        305.135434
    305.135434      305.135434        305.135434        305.135434
    305.135434      305.135434        305.135434        305.135434
    305.135434      305.135434        305.135434        305.135434
    305.135434      305.135434        305.135434        305.135434
    305.135434      305.135434        305.135434        305.135434
    305.135434      305.135434        305.135434        305.135434
    305.135434      305.135434        305.135434        305.135434
    305.135434      305.135434        305.135434        305.135434
    305.135434      305.135434        305.135434        305.135434
    305.135434      305.135434        305.135434        305.135434
    305.135434      305.135434        305.135434        305.135434
    305.135434      305.135434        305.135434        305.135434
    305.135434      305.135434        305.135434        305.135434
    305.135434      305.135434        305.135434        305.135434
    305.135434      305.135434        305.135434        305.135434
    305.135434      305.135434        305.135434        305.135434
    305.135434      305.135434        305.135434        305.135434
    305.135434      305.135434        305.135434        305.135434
    305.135434      305.135434        305.135434        305.135434
    305.135434      305.135434        305.135434        305.135434
    305.135434      305.135434        305.135434        305.135434
    305.135434      305.135434        305.135434        305.135434
    305.135434      305.135434        305.135434        305.135434
    305.135434      305.135434        305.135434        305.135434
    305.135434      305.135434        305.135434        305.135434
    305.135434      305.135434        305.135434        305.135434
    305.135434      305.135434        305.135434        305.135434
    305.135434      305.135434        305.135434        305.135434
    305.135434      305.135434        305.135434        305.135434
    305.135434      305.135434        305.135434        305.135434
    305.135434      305.135434        305.135434        305.135434
    305.135434      305.135434        305.135434        305.135434
    305.135434      305.135434        305.135434        305.135434
    305.135434      305.135434        305.135434        305.135434
    305.135434      305.135434        305.135434        305.135434
    305.135434      305.135434        305.135434        305.135434
    305.135434      305.135434        305.135434        305.135434
    305.135434      305.135434        305.135434        305.135434
    305.135434      305.135434        305.135434        305.135434
    305.135434      305.135434        305.135434        305.135434
    305.135434      305.135434        305.135434        305.135434
    305.135434      305.135434        305.135434        305.135434
    305.135434      305.135434        305.135434        305.135434
    305.135434      305.135434        305.135434        305.135434
    305.135434      305.135434        305.135434        305.135434
    305.135434      305.135434        305.135434        305.135434
    305.135434      305.135434        305.135434        305.135434
    305.135434      305.135434        305.135434        305.135434
    305.135434      305.135434        305.135434        305.135434
    305.135434      305.135434        305.135434        305.135434
    305.135434      305.135434        305.135434        305.135434
    305.135434      305.135434        305.135434        305.135434
    305.135434      305.135434        305.135434        305.135434
    305.135434      305.135434        305.135434        305.135434
    305.135434      305.135434        305.135434        305.135434
    305.135434      305.135434        305.135434        305.135434
    305.135434      305.135434        305.135434        305.135434
    305.135434      305.135434        305.135434        305.135434
    305.135434      305.135434        305.135434        305.135434
    305.135434      305.135434        305.135434        305.135434
    305.135434      305.135434        305.135434        305.135434
    305.135434      305.135434        305.135434        305.135434
    305.135434      305.135434        305.135434        305.135434
    305.135434      305.135434        305.135434        305.135434
    305.135434      305.135434        305.135434        305.135434
    305.135434      305.135434        305.135434        305.135434
    305.135434      305.135434        305.135434        305.135434
    305.135434      305.135434        305.135434        305.135434
    305.135434      305.135434        305.135434        305.135434
    305.135434      305.135434        305.135434        305.135434
    305.135434      305.135434        305.135434        305.135434
    305.135434      305.135434        305.135434        305.135434
    305.135434      305.135434        305.135434        305.135434
    305.135434      305.135434        305.135434        305.135434
    305.135434      305.135434        305.135434        305.135434
    305.135434      305.135434        305.135434        305.135434
    305.135434      305.135434        305.135434        305.135434
    305.135434      305.135434        305.135434        305.135434
    305.135434      305.135434        305.135434        305.135434
    305.135434      305.135434        305.135434        305.135434
    305.135434      305.135434        305.135434        305.135434
    305.135434      305.135434        305.135434        305.135434
    305.135434      305.135434        305.135434        305.135434
    305.135434      305.135434        305.135434        305.135434
    305.135434      305.135434        305.135434        305.135434
    305.135434      305.135434        305.135434        305.135434
    305.135434      305.135434        305.135434        305.135434
    305.135434      305.135434        305.135434        305.135434
    305.135434      305.135434        305.135434        305.135434
    305.135434      305.135434        305.135434        305.135434
    305.135434      305.135434        305.135434        305.135434
    305.135434      305.135434        305.135434        305.135434
    305.135434      305.135434        305.135434        305.135434
    305.135434      305.135434        305.135434        305.135434
    305.135434      305.135434        305.135434        305.135434
    305.135434      305.135434        305.135434        305.135434
    305.135434      305.135434        305.135434        305.135434
    305.135434      305.135434        305.135434        305.135434
    305.135434      305.135434        305.135434        305.135434
    305.135434      305.135434        305.135434        305.135434
    305.135434      305.135434        305.135434        305.135434
    305.135434      305.135434        305.135434        305.135434
    305.135434      305.135434        305.135434        305.135434
    305.135434      305.135434        305.135434        305.135434
    305.135434      305.135434        305.135434        305.135434
    305.135434      305.135434        305.135434        305.135434
    305.135434      305.135434        305.135434        305.135434
    305.135434      305.135434        305.135434        305.135434
    305.135434      305.135434        305.135434        305.135434
    305.135434      305.135434        305.135434        305.135434
    305.135434      305.135434        305.135434        305.135434
    305.135434      305.135434        305.135434        305.135434
    305.135434      305.135434        305.135434        305.135434
    305.135434      305.135434        305.135434        305.135434
    305.135434      305.135434        305.135434        305.135434
    305.135434      305.135434        305.135434        305.135434
    305.135434      305.135434        305.135434        305.135434
    305.135434      305.135434        305.135434        305.135434
    305.135434      305.135434        305.135434        305.135434
    305.135434      305.135434        305.135434        305.135434
    305.135434      305.135434        305.135434        305.135434
    305.135434      305.135434        305.135434        305.135434
    305.135434      305.135434        305.135434        305.135434
    305.135434      305.135434        305.135434        305.135434
    305.135434      305.135434        305.135434        305.135434
    305.135434      305.135434        305.135434        305.135434
    305.135434      305.135434        305.135434        305.135434
    305.135434      305.135434        305.135434        305.135434
    305.135434      305.135434        305.135434        305.135434
    305.135434      305.135434        305.135434        305.135434
    305.135434      305.135434        305.135434        305.135434
    305.135434      305.135434        305.135434        305.135434
    305.135434      305.135434        305.135434        305.135434
    305.135434      305.135434        305.135434        305.135434
    305.135434      305.135434        305.135434        305.135434
    305.135434      305.135434        305.135434        305.135434
    305.135434      305.135434        305.135434        305.135434
    305.135434      305.135434        305.135434        305.135434
    305.135434      305.135434        305.135434        305.135434
    305.135434      305.135434        305.135434        305.135434
    305.135434      305.135434        305.135434        305.135434
    305.135434      305.135434        305.135434        305.135434
    305.135434      305.135434        305.135434        305.135434
    305.135434      305.135434        305.135434        305.135434
    305.135434      305.135434        305.135434        305.135434
    305.135434      305.135434        305.135434        305.135434
    305.135434      305.135434        305.135434        305.135434
    305.135434      305.135434        305.135434        305.135434
    305.135434      305.135434        305.135434        305.135434
    305.135434      305.135434        305.135434        305.135434
    305.135434      305.135434        305.135434        305.135434
    305.135434      305.135434        305.135434        305.135434
    305.135434      305.135434        305.135434        305.135434
    305.135434      305.135434        305.135434        305.135434
    305.135434      305.135434        305.135434        305.135434
    305.135434      305.135434        305.135434        305.135434
    305.135434      305.135434        305.135434        305.135434
    305.135434      305.135434        305.135434        305.135434
    305.135434      305.135434        305.135434        305.135434
    305.135434      305.135434        305.135434        305.135434
    305.135434      305.135434        305.135434        305.135434
    305.135434      305.135434        305.135434        305.135434
    305.135434      305.135434        305.135434        305.135434
    305.135434      305.135434        305.135434        305.135434
    305.135434      305.135434        305.135434        305.135434
    305.135434      305.135434        305.135434        305.135434
    305.135434      305.135434        305.135434        305.135434
    305.135434      305.135434        305.135434        305.135434
    305.135434      305.135434        305.135434        305.135434
    305.135434      305.135434        305.135434        305.135434
    305.135434      305.135434        305.135434        305.135434
    305.135434      305.135434        305.135434        305.135434
    305.135434      305.135434        305.135434        305.135434
    305.135434      305.135434        305.135434        305.135434
    305.135434      305.135434        305.135434        305.135434
    305.135434      305.135434        305.135434        305.135434
    305.135434      305.135434        305.135434        305.135434
    305.135434      305.135434        305.135434        305.135434
    305.135434      305.135434        305.135434        305.135434
    305.135434      305.135434        305.135434        305.135434
    305.135434      305.135434        305.135434        305.135434
    305.135434      305.135434        305.135434        305.135434
    305.135434      305.135434        305.135434        305.135434
    305.135434      305.135434        305.135434        305.135434
    305.135434      305.135434        305.135434        305.135434
    305.135434      305.135434        305.135434        305.135434
    305.135434      305.135434        305.135434        305.135434
    305.135434      305.135434        305.135434        305.135434
    305.135434      305.135434        305.135434        305.135434
    305.135434      305.135434        305.135434        305.135434
    305.135434      305.135434        305.135434        305.135434
    305.135434      305.135434        305.135434        305.135434
    305.135434      305.135434        305.135434        305.135434
    305.135434      305.135434        305.135434        305.135434
    305.135434      305.135434        305.135434        305.135434
    305.135434      305.135434        305.135434        305.135434
    305.135434      305.135434        305.135434        305.135434
    305.135434      305.135434        305.135434        305.135434
    305.135434      305.135434        305.135434        305.135434
    305.135434      305.135434        305.135434        305.135434
    305.135434      305.135434        305.135434        305.135434
    305.135434      305.135434        305.135434        305.135434
    305.135434      305.135434        305.135434        305.135434
    305.135434      305.135434        305.135434        305.135434
    305.135434      305.135434        305.135434        305.135434
    305.135434      305.135434        305.135434        305.135434
    305.135434      305.135434        305.135434        305.135434
    305.135434      305.135434        305.135434        305.135434
    305.135434      305.135434        305.135434        305.135434
    305.135434      305.135434        305.135434        305.135434
    305.135434      305.135434        305.135434        305.135434
    305.135434      305.135434        305.135434        305.135434
    305.135434      305.135434        305.135434        305.135434
    305.135434      305.135434        305.135434        305.135434
    305.135434      305.135434        305.135434        305.135434
    305.135434      305.135434        305.135434        305.135434
    305.135434      305.135434        305.135434        305.135434
    305.135434      305.135434        305.135434        305.135434
    305.135434      305.135434        305.135434        305.135434
    305.135434      305.135434        305.135434        305.135434
    305.135434      305.135434        305.135434        305.135434
    305.135434      305.135434        305.135434        305.135434
    305.135434      305.135434        305.135434        305.135434
    305.135434      305.135434        305.135434        305.135434
    305.135434      305.135434        305.135434        305.135434
    305.135434      305.135434        305.135434        305.135434
    305.135434      305.135434        305.135434        305.135434
    305.135434      305.135434        305.135434        305.135434
    305.135434      305.135434        305.135434        305.135434
    305.135434      305.135434        305.135434        305.135434
    305.135434      305.135434        305.135434        305.135434
    305.135434      305.135434        305.135434        305.135434
    305.135434      305.135434        305.135434        305.135434
    305.135434      305.135434        305.135434        305.135434
    305.135434      305.135434        305.135434        305.135434
    305.135434      305.135434        305.135434        305.135434
    305.135434      305.135434        305.135434        305.135434
    305.135434      305.135434        305.135434        305.135434
    305.135434      305.135434        305.135434        305.135434
    305.135434      305.135434        305.135434        305.135434
    305.135434      305.135434        305.135434        305.135434
    305.135434      305.135434        305.135434        305.135434
    305.135434      305.135434        305.135434        305.135434
    305.135434      305.135434        305.135434        305.135434
    305.135434      305.135434        305.135434        305.135434
    305.135434      305.135434        305.135434        305.135434
    305.135434      305.135434        305.135434        305.135434
    305.135434      305.135434        305.135434        305.135434
    305.135434      305.135434        305.135434        305.135434
    305.135434      305.135434        305.135434        305.135434
    305.135434      305.135434        305.135434        305.135434
    305.135434      305.135434        305.135434        305.135434
    305.135434      305.135434        305.135434        305.135434
    305.135434      305.135434        305.135434        305.135434
    305.135434      305.135434        305.135434        305.135434
    305.135434      305.135434        305.135434        305.135434
    305.135434      305.135434        305.135434        305.135434
    305.135434      305.135434        305.135434        305.135434
    305.135434      305.135434        305.135434        305.135434
    305.135434      305.135434        305.135434        305.135434
    305.135434      305.135434        305.135434        305.135434
    305.135434      305.135434        305.135434        305.135434
    305.135434      305.135434        305.135434        305.135434
    305.135434      305.135434        305.135434        305.135434
    305.135434      305.135434        305.135434        305.135434
    305.135434      305.135434        305.135434        305.135434
    305.135434      305.135434        305.135434        305.135434
    305.135434      305.135434        305.135434        305.135434
    305.135434      305.135434        305.135434        305.135434
    305.135434      305.135434        305.135434        305.135434
    305.135434      305.135434        305.135434        305.135434
    305.135434      305.135434        305.135434        305.135434
    305.135434      305.135434        305.135434        305.135434
    305.135434      305.135434        305.135434        305.135434
    305.135434      305.135434        305.135434        305.135434
    305.135434      305.135434        305.135434        305.135434
    305.135434      305.135434        305.135434        305.135434
    305.135434      305.135434        305.135434        305.135434
    305.135434      305.135434        305.135434        305.135434
    305.135434      305.135434        305.135434        305.135434
    305.135434      305.135434        305.135434        305.135434
    305.135434      305.135434        305.135434        305.135434
    305.135434      305.135434        305.135434        305.135434
    305.135434      305.135434        305.135434        305.135434
    305.135434      305.135434        305.135434        305.135434
    305.135434      305.135434        305.135434        305.135434
    305.135434      305.135434        305.135434        305.135434
    305.135434      305.135434        305.135434        305.135434
    305.135434      305.135434        305.135434        305.135434
    305.135434      305.135434        305.135434        305.135434
    305.135434      305.135434        305.135434        305.135434
    305.135434      305.135434        305.135434        305.135434
    305.135434      305.135434        305.135434        305.135434
    305.135434      305.135434        305.135434        305.135434
    305.135434      305.135434        305.135434        305.135434
    305.135434      305.135434        305.135434        305.135434
    305.135434      305.135434        305.135434        305.135434
    305.135434      305.135434        305.135434        305.135434
    305.135434      305.135434        305.135434        305.135434
    305.135434      305.135434        305.135434        305.135434
    305.135434      305.135434        305.135434        305.135434
    305.135434      305.135434        305.135434        305.135434
    305.135434      305.135434        305.135434        305.135434
    305.135434      305.135434        305.135434        305.135434
    305.135434      305.135434        305.135434        305.135434
    305.135434      305.135434        305.135434        305.135434
    305.135434      305.135434        305.135434        305.135434
    305.135434      305.135434        305.135434        305.135434
    305.135434      305.135434        305.135434        305.135434
    305.135434      305.135434        305.135434        305.135434
    305.135434      305.135434        305.135434        305.135434
    305.135434      305.135434        305.135434        305.135434
    305.135434      305.135434        305.135434        305.135434
    305.135434      305.135434        305.135434        305.135434
    305.135434      305.135434        305.135434        305.135434
    305.135434      305.135434        305.135434        305.135434
    305.135434      305.135434        305.135434        305.135434
    305.135434      305.135434        305.135434        305.135434
    305.135434      305.135434        305.135434        305.135434
    305.135434      305.135434        305.135434        305.135434
    305.135434      305.135434        305.135434        305.135434
    305.135434      305.135434        305.135434        305.135434
    305.135434      305.135434        305.135434        305.135434
    305.135434      305.135434        305.135434        305.135434
    305.135434      305.135434        305.135434        305.135434
    305.135434      305.135434        305.135434        305.135434
    305.135434      305.135434        305.135434        305.135434
    305.135434      305.135434        305.135434        305.135434
    305.135434      305.135434        305.135434        305.135434
    305.135434      305.135434        305.135434        305.135434
    305.135434      305.135434        305.135434        305.135434
    305.135434      305.135434        305.135434        305.135434
    305.135434      305.135434        305.135434        305.135434
    305.135434      305.135434        305.135434        305.135434
    305.135434      305.135434        305.135434        305.135434
    305.135434      305.135434        305.135434        305.135434
    305.135434      305.135434        305.135434        305.135434
    305.135434      305.135434        305.135434        305.135434
    305.135434      305.135434        305.135434        305.135434
    305.135434      305.135434        305.135434        305.135434
    305.135434      305.135434        305.135434        305.135434
    305.135434      305.135434        305.135434        305.135434
    305.135434      305.135434        305.135434        305.135434
    305.135434      305.135434        305.135434        305.135434
    305.135434      305.135434        305.135434        305.135434
    305.135434      305.135434        305.135434        305.135434
    305.135434      305.135434        305.135434        305.135434
    305.135434      305.135434        305.135434        305.135434
    305.135434      305.135434        305.135434        305.135434
    305.135434      305.135434        305.135434        305.135434
    305.135434      305.135434        305.135434        305.135434
    305.135434      305.135434        305.135434        305.135434
    305.135434      305.135434        305.135434        305.135434
    305.135434      305.135434        305.135434        305.135434
    305.135434      305.135434        305.135434        305.135434
    305.135434      305.135434        305.135434        305.135434
    305.135434      305.135434        305.135434        305.135434
    305.135434      305.135434        305.135434        305.135434
    305.135434      305.135434        305.135434        305.135434
    305.135434      305.135434        305.135434        305.135434
    305.135434      305.135434        305.135434        305.135434
    305.135434      305.135434        305.135434        305.135434
    305.135434      305.135434        305.135434        305.135434
    305.135434      305.135434        305.135434        305.135434
    305.135434      305.135434        305.135434        305.135434
    305.135434      305.135434        305.135434        305.135434
    305.135434      305.135434        305.135434        305.135434
    305.135434      305.135434        305.135434        305.135434
    305.135434      305.135434        305.135434        305.135434
    305.135434      305.135434        305.135434        305.135434
    305.135434      305.135434        305.135434        305.135434
    305.135434      305.135434        305.135434        305.135434
    305.135434      305.135434        305.135434        305.135434
    305.135434      305.135434        305.135434        305.135434
    305.135434      305.135434        305.135434        305.135434
    305.135434      305.135434        305.135434        305.135434
    305.135434      305.135434        305.135434        305.135434
    305.135434      305.135434        305.135434        305.135434
    305.135434      305.135434        305.135434        305.135434
    305.135434      305.135434        305.135434        305.135434
    305.135434      305.135434        305.135434        305.135434
    305.135434      305.135434        305.135434        305.135434
    305.135434      305.135434        305.135434        305.135434
    305.135434      305.135434        305.135434        305.135434
    305.135434      305.135434        305.135434        305.135434
    305.135434      305.135434        305.135434        305.135434
    305.135434      305.135434        305.135434        305.135434
    305.135434      305.135434        305.135434        305.135434
    305.135434      305.135434        305.135434        305.135434
    305.135434      305.135434        305.135434        305.135434
    305.135434      305.135434        305.135434        305.135434
    305.135434      305.135434        305.135434        305.135434
    305.135434      305.135434        305.135434        305.135434
    305.135434      305.135434        305.135434        305.135434
    305.135434      305.135434        305.135434        305.135434
    305.135434      305.135434        305.135434        305.135434
    305.135434      305.135434        305.135434        305.135434
    305.135434      305.135434        305.135434        305.135434
    305.135434      305.135434        305.135434        305.135434
    305.135434      305.135434        305.135434        305.135434
    305.135434      305.135434        305.135434        305.135434
    305.135434      305.135434        305.135434        305.135434
    305.135434      305.135434        305.135434        305.135434
    305.135434      305.135434        305.135434        305.135434
    305.135434      305.135434        305.135434        305.135434
    305.135434      305.135434        305.135434        305.135434
    305.135434      305.135434        305.135434        305.135434
    305.135434      305.135434        305.135434        305.135434
    305.135434      305.135434        305.135434        305.135434
    305.135434      305.135434        305.135434        305.135434
    305.135434      305.135434        305.135434        305.135434
    305.135434      305.135434        305.135434        305.135434
    305.135434      305.135434        305.135434        305.135434
    305.135434      305.135434        305.135434        305.135434
    305.135434      305.135434        305.135434        305.135434
    305.135434      305.135434        305.135434        305.135434
    305.135434      305.135434        305.135434        305.135434
    305.135434      305.135434        305.135434        305.135434
    305.135434      305.135434        305.135434        305.135434
    305.135434      305.135434        305.135434        305.135434
    305.135434      305.135434        305.135434        305.135434
    305.135434      305.135434        305.135434        305.135434
    305.135434      305.135434        305.135434        305.135434
    305.135434      305.135434        305.135434        305.135434
    305.135434      305.135434        305.135434        305.135434
    305.135434      305.135434        305.135434        305.135434
    305.135434      305.135434        305.135434        305.135434
    305.135434      305.135434        305.135434        305.135434
    305.135434      305.135434        305.135434        305.135434
    305.135434      305.135434        305.135434        305.135434
    305.135434      305.135434        305.135434        305.135434
    305.135434      305.135434        305.135434        305.135434
    305.135434      305.135434        305.135434        305.135434
    305.135434      305.135434        305.135434        305.135434
    305.135434      305.135434        305.135434        305.135434
    305.135434      305.135434        305.135434        305.135434
    305.135434      305.135434        305.135434        305.135434
    305.135434      305.135434        305.135434        305.135434
    305.135434      305.135434        305.135434        305.135434
    305.135434      305.135434        305.135434        305.135434
    305.135434      305.135434        305.135434        305.135434
    305.135434      305.135434        305.135434        305.135434
    305.135434      305.135434        305.135434        305.135434
    305.135434      305.135434        305.135434        305.135434
    305.135434      305.135434        305.135434        305.135434
    305.135434      305.135434        305.135434        305.135434
    305.135434      305.135434        305.135434        305.135434
    305.135434      305.135434        305.135434        305.135434
    305.135434      305.135434        305.135434        305.135434
    305.135434      305.135434        305.135434        305.135434
    305.135434      305.135434        305.135434        305.135434
    305.135434      305.135434        305.135434        305.135434
    305.135434      305.135434        305.135434        305.135434
    305.135434      305.135434        305.135434        305.135434
    305.135434      305.135434        305.135434        305.135434
    305.135434      305.135434        305.135434        305.135434
    305.135434      305.135434        305.135434        305.135434
    305.135434      305.135434        305.135434        305.135434
    305.135434      305.135434        305.135434        305.135434
    305.135434      305.135434        305.135434        305.135434
    305.135434      305.135434        305.135434        305.135434
    305.135434      305.135434        305.135434        305.135434
    305.135434      305.135434        305.135434        305.135434
    305.135434      305.135434        305.135434        305.135434
    305.135434      305.135434        305.135434        305.135434
    305.135434      305.135434        305.135434        305.135434
    305.135434      305.135434        305.135434        305.135434
    305.135434      305.135434        305.135434        305.135434
    305.135434      305.135434        305.135434        305.135434
    305.135434      305.135434        305.135434        305.135434
    305.135434      305.135434        305.135434        305.135434
    305.135434      305.135434        305.135434        305.135434
    305.135434      305.135434        305.135434        305.135434
    305.135434      305.135434        305.135434        305.135434
    305.135434      305.135434        305.135434        305.135434
    305.135434      305.135434        305.135434        305.135434
    305.135434      305.135434        305.135434        305.135434
    305.135434      305.135434        305.135434        305.135434
    305.135434      305.135434        305.135434        305.135434
    305.135434      305.135434        305.135434        305.135434
    305.135434      305.135434        305.135434        305.135434
    305.135434      305.135434        305.135434        305.135434
    305.135434      305.135434        305.135434        305.135434
    305.135434      305.135434        305.135434        305.135434
    305.135434      305.135434        305.135434        305.135434
    305.135434      305.135434        305.135434        305.135434
    305.135434      305.135434        305.135434        305.135434
    305.135434      305.135434        305.135434        305.135434
    305.135434      305.135434        305.135434        305.135434
    305.135434      305.135434        305.135434        305.135434
    305.135434      305.135434        305.135434        305.135434
    305.135434      305.135434        305.135434        305.135434
    305.135434      305.135434        305.135434        305.135434
    305.135434      305.135434        305.135434        305.135434
    305.135434      305.135434        305.135434        305.135434
    305.135434      305.135434        305.135434        305.135434
    305.135434      305.135434        305.135434        305.135434
    305.135434      305.135434        305.135434        305.135434
    305.135434      305.135434        305.135434        305.135434
    305.135434      305.135434        305.135434        305.135434
    305.135434      305.135434        305.135434        305.135434
    305.135434      305.135434        305.135434        305.135434
    305.135434      305.135434        305.135434        305.135434
    305.135434      305.135434        305.135434        305.135434
    305.135434      305.135434        305.135434        305.135434
    305.135434      305.135434        305.135434        305.135434
    305.135434      305.135434        305.135434        305.135434
    305.135434      305.135434        305.135434        305.135434
    305.135434      305.135434        305.135434        305.135434
    305.135434      305.135434        305.135434        305.135434
    305.135434      305.135434        305.135434        305.135434
    305.135434      305.135434        305.135434        305.135434
    305.135434      305.135434        305.135434        305.135434
    305.135434      305.135434        305.135434        305.135434
    305.135434      305.135434        305.135434        305.135434
    305.135434      305.135434        305.135434        305.135434
    305.135434      305.135434        305.135434        305.135434
    305.135434      305.135434        305.135434        305.135434
    305.135434      305.135434        305.135434        305.135434
    305.135434      305.135434        305.135434        305.135434
    305.135434      305.135434        305.135434        305.135434
    305.135434      305.135434        305.135434        305.135434
    305.135434      305.135434        305.135434        305.135434
    305.135434      305.135434        305.135434        305.135434
    305.135434      305.135434        305.135434        305.135434
    305.135434      305.135434        305.135434        305.135434
    305.135434      305.135434        305.135434        305.135434
    305.135434      305.135434        305.135434        305.135434
    305.135434      305.135434        305.135434        305.135434
    305.135434      305.135434        305.135434        305.135434
    305.135434      305.135434        305.135434        305.135434
    305.135434      305.135434        305.135434        305.135434
    305.135434      305.135434        305.135434        305.135434
    305.135434      305.135434        305.135434        305.135434
    305.135434      305.135434        305.135434        305.135434
    305.135434      305.135434        305.135434        305.135434
    305.135434      305.135434        305.135434        305.135434
    305.135434      305.135434        305.135434        305.135434
    305.135434      305.135434        305.135434        305.135434
    305.135434      305.135434        305.135434        305.135434
    305.135434      305.135434        305.135434        305.135434
    305.135434      305.135434        305.135434        305.135434
    305.135434      305.135434        305.135434        305.135434
    305.135434      305.135434        305.135434        305.135434
    305.135434      305.135434        305.135434        305.135434
    305.135434      305.135434        305.135434        305.135434
    305.135434      305.135434        305.135434        305.135434
    305.135434      305.135434        305.135434        305.135434
    305.135434      305.135434        305.135434        305.135434
    305.135434      305.135434        305.135434        305.135434
    305.135434      305.135434        305.135434        305.135434
    305.135434      305.135434        305.135434        305.135434
    305.135434      305.135434        305.135434        305.135434
    305.135434      305.135434        305.135434        305.135434
    305.135434      305.135434        305.135434        305.135434
    305.135434      305.135434        305.135434        305.135434
    305.135434      305.135434        305.135434        305.135434
    305.135434      305.135434        305.135434        305.135434
    305.135434      305.135434        305.135434        305.135434
    305.135434      305.135434        305.135434        305.135434
    305.135434      305.135434        305.135434        305.135434
    305.135434      305.135434        305.135434        305.135434
    305.135434      305.135434        305.135434        305.135434
    305.135434      305.135434        305.135434        305.135434
    305.135434      305.135434        305.135434        305.135434
    305.135434      305.135434        305.135434        305.135434
    305.135434      305.135434        305.135434        305.135434
    305.135434      305.135434        305.135434        305.135434
    305.135434      305.135434        305.135434        305.135434
    305.135434      305.135434        305.135434        305.135434
    305.135434      305.135434        305.135434        305.135434
    305.135434      305.135434        305.135434        305.135434
    305.135434      305.135434        305.135434        305.135434
    305.135434      305.135434        305.135434        305.135434
    305.135434      305.135434        305.135434        305.135434
    305.135434      305.135434        305.135434        305.135434
    305.135434      305.135434        305.135434        305.135434
    305.135434      305.135434        305.135434        305.135434
    305.135434      305.135434        305.135434        305.135434
    305.135434      305.135434        305.135434        305.135434
    305.135434      305.135434        305.135434        305.135434
    305.135434      305.135434        305.135434        305.135434
    305.135434      305.135434        305.135434        305.135434
    305.135434      305.135434        305.135434        305.135434
    305.135434      305.135434        305.135434        305.135434
    305.135434      305.135434        305.135434        305.135434
    305.135434      305.135434        305.135434        305.135434
    305.135434      305.135434        305.135434        305.135434
    305.135434      305.135434        305.135434        305.135434
    305.135434      305.135434        305.135434        305.135434
    305.135434      305.135434        305.135434        305.135434
    305.135434      305.135434        305.135434        305.135434
    305.135434      305.135434        305.135434        305.135434
    305.135434      305.135434        305.135434        305.135434
    305.135434      305.135434        305.135434        305.135434
    305.135434      305.135434        305.135434        305.135434
    305.135434      305.135434        305.135434        305.135434
    305.135434      305.135434        305.135434        305.135434
    305.135434      305.135434        305.135434        305.135434
    305.135434      305.135434        305.135434        305.135434
    305.135434      305.135434        305.135434        305.135434
    305.135434      305.135434        305.135434        305.135434
    305.135434      305.135434        305.135434        305.135434
    305.135434      305.135434        305.135434        305.135434
    305.135434      305.135434        305.135434        305.135434
    305.135434      305.135434        305.135434        305.135434
    305.135434      305.135434        305.135434        305.135434
    305.135434      305.135434        305.135434        305.135434
    305.135434      305.135434        305.135434        305.135434
    305.135434      305.135434        305.135434        305.135434
    305.135434      305.135434        305.135434        305.135434
    305.135434      305.135434        305.135434        305.135434
    305.135434      305.135434        305.135434        305.135434
    305.135434      305.135434        305.135434        305.135434
    305.135434      305.135434        305.135434        305.135434
    305.135434      305.135434        305.135434        305.135434
    305.135434      305.135434        305.135434        305.135434
    305.135434      305.135434        305.135434        305.135434
    305.135434      305.135434        305.135434        305.135434
    305.135434      305.135434        305.135434        305.135434
    305.135434      305.135434        305.135434        305.135434
    305.135434      305.135434        305.135434        305.135434
    305.135434      305.135434        305.135434        305.135434
    305.135434      305.135434        305.135434        305.135434
    305.135434      305.135434        305.135434        305.135434
    305.135434      305.135434        305.135434        305.135434
    305.135434      305.135434        305.135434        305.135434
    305.135434      305.135434        305.135434        305.135434
    305.135434      305.135434        305.135434        305.135434
    305.135434      305.135434        305.135434        305.135434
    305.135434      305.135434        305.135434        305.135434
    305.135434      305.135434        305.135434        305.135434
    305.135434      305.135434        305.135434        305.135434
    305.135434      305.135434        305.135434        305.135434
    305.135434      305.135434        305.135434        305.135434
    305.135434      305.135434        305.135434        305.135434
    305.135434      305.135434        305.135434        305.135434
    305.135434      305.135434        305.135434        305.135434
    305.135434      305.135434        305.135434        305.135434
    305.135434      305.135434        305.135434        305.135434
    305.135434      305.135434        305.135434        305.135434
    305.135434      305.135434        305.135434        305.135434
    305.135434      305.135434        305.135434        305.135434
    305.135434      305.135434        305.135434        305.135434
    305.135434      305.135434        305.135434        305.135434
    305.135434      305.135434        305.135434        305.135434
    305.135434      305.135434        305.135434        305.135434
    305.135434      305.135434        305.135434        305.135434
    305.135434      305.135434        305.135434        305.135434
    305.135434      305.135434        305.135434        305.135434
    305.135434      305.135434        305.135434        305.135434
    305.135434      305.135434        305.135434        305.135434
    305.135434      305.135434        305.135434        305.135434
    305.135434      305.135434        305.135434        305.135434
    305.135434      305.135434        305.135434        305.135434
    305.135434      305.135434        305.135434        305.135434
    305.135434      305.135434        305.135434        305.135434
    305.135434      305.135434        305.135434        305.135434
    305.135434      305.135434        305.135434        305.135434
    305.135434      305.135434        305.135434        305.135434
    305.135434      305.135434        305.135434        305.135434
    305.135434      305.135434        305.135434        305.135434
    305.135434      305.135434        305.135434        305.135434
    305.135434      305.135434        305.135434        305.135434
    305.135434      305.135434        305.135434        305.135434
    305.135434      305.135434        305.135434        305.135434
    305.135434      305.135434        305.135434        305.135434
    305.135434      305.135434        305.135434        305.135434
    305.135434      305.135434        305.135434        305.135434
    305.135434      305.135434        305.135434        305.135434
    305.135434      305.135434        305.135434        305.135434
    305.135434      305.135434        305.135434        305.135434
    305.135434      305.135434        305.135434        305.135434
    305.135434      305.135434        305.135434        305.135434
    305.135434      305.135434        305.135434        305.135434
    305.135434      305.135434        305.135434        305.135434
    305.135434      305.135434        305.135434        305.135434
    305.135434      305.135434        305.135434        305.135434
    305.135434      305.135434        305.135434        305.135434
    305.135434      305.135434        305.135434        305.135434
    305.135434      305.135434        305.135434        305.135434
    305.135434      305.135434        305.135434        305.135434
    305.135434      305.135434        305.135434        305.135434
    305.135434      305.135434        305.135434        305.135434
    305.135434      305.135434        305.135434        305.135434
    305.135434      305.135434        305.135434        305.135434
    305.135434      305.135434        305.135434        305.135434
    305.135434      305.135434        305.135434        305.135434
    305.135434      305.135434        305.135434        305.135434
    305.135434      305.135434        305.135434        305.135434
    305.135434      305.135434        305.135434        305.135434
    305.135434      305.135434        305.135434        305.135434
    305.135434      305.135434        305.135434        305.135434
    305.135434      305.135434        305.135434        305.135434
    305.135434      305.135434        305.135434        305.135434
    305.135434      305.135434        305.135434        305.135434
    305.135434      305.135434        305.135434        305.135434
    305.135434      305.135434        305.135434        305.135434
    305.135434      305.135434        305.135434        305.135434
    305.135434      305.135434        305.135434        305.135434
    305.135434      305.135434        305.135434        305.135434
    305.135434      305.135434        305.135434        305.135434
    305.135434      305.135434        305.135434        305.135434
    305.135434      305.135434        305.135434        305.135434
    305.135434      305.135434        305.135434        305.135434
    305.135434      305.135434        305.135434        305.135434
    305.135434      305.135434        305.135434        305.135434
    305.135434      305.135434        305.135434        305.135434
    305.135434      305.135434        305.135434        305.135434
    305.135434      305.135434        305.135434        305.135434
    305.135434      305.135434        305.135434        305.135434
    305.135434      305.135434        305.135434        305.135434
    305.135434      305.135434        305.135434        305.135434
    305.135434      305.135434        305.135434        305.135434
    305.135434      305.135434        305.135434        305.135434
    305.135434      305.135434        305.135434        305.135434
    305.135434      305.135434        305.135434        305.135434
    305.135434      305.135434        305.135434        305.135434
    305.135434      305.135434        305.135434        305.135434
    305.135434      305.135434        305.135434        305.135434
    305.135434      305.135434        305.135434        305.135434
    305.135434      305.135434        305.135434        305.135434
    305.135434      305.135434        305.135434        305.135434
    305.135434      305.135434        305.135434        305.135434
    305.135434      305.135434        305.135434        305.135434
    305.135434      305.135434        305.135434        305.135434
    305.135434      305.135434        305.135434        305.135434
    305.135434      305.135434        305.135434        305.135434
    305.135434      305.135434        305.135434        305.135434
    305.135434      305.135434        305.135434        305.135434
    305.135434      305.135434        305.135434        305.135434
    305.135434      305.135434        305.135434        305.135434
    305.135434      305.135434        305.135434        305.135434
    305.135434      305.135434        305.135434        305.135434
    305.135434      305.135434        305.135434        305.135434
    305.135434      305.135434        305.135434        305.135434
    305.135434      305.135434        305.135434        305.135434
    305.135434      305.135434        305.135434        305.135434
    305.135434      305.135434        305.135434        305.135434
    305.135434      305.135434        305.135434        305.135434
    305.135434      305.135434        305.135434        305.135434
    305.135434      305.135434        305.135434        305.135434
    305.135434      305.135434        305.135434        305.135434
    305.135434      305.135434        305.135434        305.135434
    305.135434      305.135434        305.135434        305.135434
    305.135434      305.135434        305.135434        305.135434
    305.135434      305.135434        305.135434        305.135434
    305.135434      305.135434        305.135434        305.135434
    305.135434      305.135434        305.135434        305.135434
    305.135434      305.135434        305.135434        305.135434
    305.135434      305.135434        305.135434        305.135434
    305.135434      305.135434        305.135434        305.135434
    305.135434      305.135434        305.135434        305.135434
    305.135434      305.135434        305.135434        305.135434
    305.135434      305.135434        305.135434        305.135434
    305.135434      305.135434        305.135434        305.135434
    305.135434      305.135434        305.135434        305.135434
    305.135434      305.135434        305.135434        305.135434
    305.135434      305.135434        305.135434        305.135434
    305.135434      305.135434        305.135434        305.135434
    305.135434      305.135434        305.135434        305.135434
    305.135434      305.135434        305.135434        305.135434
    305.135434      305.135434        305.135434        305.135434
    305.135434      305.135434        305.135434        305.135434
    305.135434      305.135434        305.135434        305.135434
    305.135434      305.135434        305.135434        305.135434
    305.135434      305.135434        305.135434        305.135434
    305.135434      305.135434        305.135434        305.135434
    305.135434      305.135434        305.135434        305.135434
    305.135434      305.135434        305.135434        305.135434
    305.135434      305.135434        305.135434        305.135434
    305.135434      305.135434        305.135434        305.135434
    305.135434      305.135434        305.135434        305.135434
    305.135434      305.135434        305.135434        305.135434
    305.135434      305.135434        305.135434        305.135434
    305.135434      305.135434        305.135434        305.135434
    305.135434      305.135434        305.135434        305.135434
    305.135434      305.135434        305.135434        305.135434
    305.135434      305.135434        305.135434        305.135434
    305.135434      305.135434        305.135434        305.135434
    305.135434      305.135434        305.135434        305.135434
    305.135434      305.135434        305.135434        305.135434
    305.135434      305.135434        305.135434        305.135434
    305.135434      305.135434        305.135434        305.135434
    305.135434      305.135434        305.135434        305.135434
    305.135434      305.135434        305.135434        305.135434
    305.135434      305.135434        305.135434        305.135434
    305.135434      305.135434        305.135434        305.135434
    305.135434      305.135434        305.135434        305.135434
    305.135434      305.135434        305.135434        305.135434
    305.135434      305.135434        305.135434        305.135434
    305.135434      305.135434        305.135434        305.135434
    305.135434      305.135434        305.135434        305.135434
    305.135434      305.135434        305.135434        305.135434
    305.135434      305.135434        305.135434        305.135434
    305.135434      305.135434        305.135434        305.135434
    305.135434      305.135434        305.135434        305.135434
    305.135434      305.135434        305.135434        305.135434
    305.135434      305.135434        305.135434        305.135434
    305.135434      305.135434        305.135434        305.135434
    305.135434      305.135434        305.135434        305.135434
    305.135434      305.135434        305.135434        305.135434
    305.135434      305.135434        305.135434        305.135434
    305.135434      305.135434        305.135434        305.135434
    305.135434      305.135434        305.135434        305.135434
    305.135434      305.135434        305.135434        305.135434
    305.135434      305.135434        305.135434        305.135434
    305.135434      305.135434        305.135434        305.135434
    305.135434      305.135434        305.135434        305.135434
    305.135434      305.135434        305.135434        305.135434
    305.135434      305.135434        305.135434        305.135434
    305.135434      305.135434        305.135434        305.135434
    305.135434      305.135434        305.135434        305.135434
    305.135434      305.135434        305.135434        305.135434
    305.135434      305.135434        305.135434        305.135434
    305.135434      305.135434        305.135434        305.135434
    305.135434      305.135434        305.135434        305.135434
    305.135434      305.135434        305.135434        305.135434
    305.135434      305.135434        305.135434        305.135434
    305.135434      305.135434        305.135434        305.135434
    305.135434      305.135434        305.135434        305.135434
    305.135434      305.135434        305.135434        305.135434
    305.135434      305.135434        305.135434        305.135434
    305.135434      305.135434        305.135434        305.135434
    305.135434      305.135434        305.135434        305.135434
    305.135434      305.135434        305.135434        305.135434
    305.135434      305.135434        305.135434        305.135434
    305.135434      305.135434        305.135434        305.135434
    305.135434      305.135434        305.135434        305.135434
    305.135434      305.135434        305.135434        305.135434
    305.135434      305.135434        305.135434        305.135434
    305.135434      305.135434        305.135434        305.135434
    305.135434      305.135434        305.135434        305.135434
    305.135434      305.135434        305.135434        305.135434
    305.135434      305.135434        305.135434        305.135434
    305.135434      305.135434        305.135434        305.135434
    305.135434      305.135434        305.135434        305.135434
    305.135434      305.135434        305.135434        305.135434
    305.135434      305.135434        305.135434        305.135434
    305.135434      305.135434        305.135434        305.135434
    305.135434      305.135434        305.135434        305.135434
    305.135434      305.135434        305.135434        305.135434
    305.135434      305.135434        305.135434        305.135434
    305.135434      305.135434        305.135434        305.135434
    305.135434      305.135434        305.135434        305.135434
    305.135434      305.135434        305.135434        305.135434
    305.135434      305.135434        305.135434        305.135434
    305.135434      305.135434        305.135434        305.135434
    305.135434      305.135434        305.135434        305.135434
    305.135434      305.135434        305.135434        305.135434
    305.135434      305.135434        305.135434        305.135434
    305.135434      305.135434        305.135434        305.135434
    305.135434      305.135434        305.135434        305.135434
    305.135434      305.135434        305.135434        305.135434
    305.135434      305.135434        305.135434        305.135434
    305.135434      305.135434        305.135434        305.135434
    305.135434      305.135434        305.135434        305.135434
    305.135434      305.135434        305.135434        305.135434
    305.135434      305.135434        305.135434        305.135434
    305.135434      305.135434        305.135434        305.135434
    305.135434      305.135434        305.135434        305.135434
    305.135434      305.135434        305.135434        305.135434
    305.135434      305.135434        305.135434        305.135434
    305.135434      305.135434        305.135434        305.135434
    305.135434      305.135434        305.135434        305.135434
    305.135434      305.135434        305.135434        305.135434
    305.135434      305.135434        305.135434        305.135434
    305.135434      305.135434        305.135434        305.135434
    305.135434      305.135434        305.135434        305.135434
    305.135434      305.135434        305.135434        305.135434
    305.135434      305.135434        305.135434        305.135434
    305.135434      305.135434        305.135434        305.135434
    305.135434      305.135434        305.135434        305.135434
    305.135434      305.135434        305.135434        305.135434
    305.135434      305.135434        305.135434        305.135434
    305.135434      305.135434        305.135434        305.135434
    305.135434      305.135434        305.135434        305.135434
    305.135434      305.135434        305.135434        305.135434
    305.135434      305.135434        305.135434        305.135434
    305.135434      305.135434        305.135434        305.135434
    305.135434      305.135434        305.135434        305.135434
    305.135434      305.135434        305.135434        305.135434
    305.135434      305.135434        305.135434        305.135434
    305.135434      305.135434        305.135434        305.135434
    305.135434      305.135434        305.135434        305.135434
    305.135434      305.135434        305.135434        305.135434
    305.135434      305.135434        305.135434        305.135434
    305.135434      305.135434        305.135434        305.135434
    305.135434      305.135434        305.135434        305.135434
    305.135434      305.135434        305.135434        305.135434
    305.135434      305.135434        305.135434        305.135434
    305.135434      305.135434        305.135434        305.135434
    305.135434      305.135434        305.135434        305.135434
    305.135434      305.135434        305.135434        305.135434
    305.135434      305.135434        305.135434        305.135434
    305.135434      305.135434        305.135434        305.135434
    305.135434      305.135434        305.135434        305.135434
    305.135434      305.135434        305.135434        305.135434
    305.135434      305.135434        305.135434        305.135434
    305.135434      305.135434        305.135434        305.135434
    305.135434      305.135434        305.135434        305.135434
    305.135434      305.135434        305.135434        305.135434
    305.135434      305.135434        305.135434        305.135434
    305.135434      305.135434        305.135434        305.135434
    305.135434      305.135434        305.135434        305.135434
    305.135434      305.135434        305.135434        305.135434
    305.135434      305.135434        305.135434        305.135434
    305.135434      305.135434        305.135434        305.135434
    305.135434      305.135434        305.135434        305.135434
    305.135434      305.135434        305.135434        305.135434
    305.135434      305.135434        305.135434        305.135434
    305.135434      305.135434        305.135434        305.135434
    305.135434      305.135434        305.135434        305.135434
    305.135434      305.135434        305.135434        305.135434
    305.135434      305.135434        305.135434        305.135434
    305.135434      305.135434        305.135434        305.135434
    305.135434      305.135434        305.135434        305.135434
    305.135434      305.135434        305.135434        305.135434
    305.135434      305.135434        305.135434        305.135434
    305.135434      305.135434        305.135434        305.135434
    305.135434      305.135434        305.135434        305.135434
    305.135434      305.135434        305.135434        305.135434
    305.135434      305.135434        305.135434        305.135434
    305.135434      305.135434        305.135434        305.135434
    305.135434      305.135434        305.135434        305.135434
    305.135434      305.135434        305.135434        305.135434
    305.135434      305.135434        305.135434        305.135434
    305.135434      305.135434        305.135434        305.135434
    305.135434      305.135434        305.135434        305.135434
    305.135434      305.135434        305.135434        305.135434
    305.135434      305.135434        305.135434        305.135434
    305.135434      305.135434        305.135434        305.135434
    305.135434      305.135434        305.135434        305.135434
    305.135434      305.135434        305.135434        305.135434
    305.135434      305.135434        305.135434        305.135434
    305.135434      305.135434        305.135434        305.135434
    305.135434      305.135434        305.135434        305.135434
    305.135434      305.135434        305.135434        305.135434
    305.135434      305.135434        305.135434        305.135434
    305.135434      305.135434        305.135434        305.135434
    305.135434      305.135434        305.135434        305.135434
    305.135434      305.135434        305.135434        305.135434
    305.135434      305.135434        305.135434        305.135434
    305.135434      305.135434        305.135434        305.135434
    305.135434      305.135434        305.135434        305.135434
    305.135434      305.135434        305.135434        305.135434
    305.135434      305.135434        305.135434        305.135434
    305.135434      305.135434        305.135434        305.135434
    305.135434      305.135434        305.135434        305.135434
    305.135434      305.135434        305.135434        305.135434
    305.135434      305.135434        305.135434        305.135434
    305.135434      305.135434        305.135434        305.135434
    305.135434      305.135434        305.135434        305.135434
    305.135434      305.135434        305.135434        305.135434
    305.135434      305.135434        305.135434        305.135434
    305.135434      305.135434        305.135434        305.135434
    305.135434      305.135434        305.135434        305.135434
    305.135434      305.135434        305.135434        305.135434
    305.135434      305.135434        305.135434        305.135434
    305.135434      305.135434        305.135434        305.135434
    305.135434      305.135434        305.135434        305.135434
    305.135434      305.135434        305.135434        305.135434
    305.135434      305.135434        305.135434        305.135434
    305.135434      305.135434        305.135434        305.135434
    305.135434      305.135434        305.135434        305.135434
    305.135434      305.135434        305.135434        305.135434
    305.135434      305.135434        305.135434        305.135434
    305.135434      305.135434        305.135434        305.135434
    305.135434      305.135434        305.135434        305.135434
    305.135434      305.135434        305.135434        305.135434
    305.135434      305.135434        305.135434        305.135434
    305.135434      305.135434        305.135434        305.135434
    305.135434      305.135434        305.135434        305.135434
    305.135434      305.135434        305.135434        305.135434
    305.135434      305.135434        305.135434        305.135434
    305.135434      305.135434        305.135434        305.135434
    305.135434      305.135434        305.135434        305.135434
    305.135434      305.135434        305.135434        305.135434
    305.135434      305.135434        305.135434        305.135434
    305.135434      305.135434        305.135434        305.135434
    305.135434      305.135434        305.135434        305.135434
    305.135434      305.135434        305.135434        305.135434
    305.135434      305.135434        305.135434        305.135434
    305.135434      305.135434        305.135434        305.135434
    305.135434      305.135434        305.135434        305.135434
    305.135434      305.135434        305.135434        305.135434
    305.135434      305.135434        305.135434        305.135434
    305.135434      305.135434        305.135434        305.135434
    305.135434      305.135434        305.135434        305.135434
    305.135434      305.135434        305.135434        305.135434
    305.135434      305.135434        305.135434        305.135434
    305.135434      305.135434        305.135434        305.135434
    305.135434      305.135434        305.135434        305.135434
    305.135434      305.135434        305.135434        305.135434
    305.135434      305.135434        305.135434        305.135434
    305.135434      305.135434        305.135434        305.135434
    305.135434      305.135434        305.135434        305.135434
    305.135434      305.135434        305.135434        305.135434
    305.135434      305.135434        305.135434        305.135434
    305.135434      305.135434        305.135434        305.135434
    305.135434      305.135434        305.135434        305.135434
    305.135434      305.135434        305.135434        305.135434
    305.135434      305.135434        305.135434        305.135434
    305.135434      305.135434        305.135434        305.135434
    305.135434      305.135434        305.135434        305.135434
    305.135434      305.135434        305.135434        305.135434
    305.135434      305.135434        305.135434        305.135434
    305.135434      305.135434        305.135434        305.135434
    305.135434      305.135434        305.135434        305.135434
    305.135434      305.135434        305.135434        305.135434
    305.135434      305.135434        305.135434        305.135434
    305.135434      305.135434        305.135434        305.135434
    305.135434      305.135434        305.135434        305.135434
    305.135434      305.135434        305.135434        305.135434
    305.135434      305.135434        305.135434        305.135434
    305.135434      305.135434        305.135434        305.135434
    305.135434      305.135434        305.135434        305.135434
    305.135434      305.135434        305.135434        305.135434
    305.135434      305.135434        305.135434        305.135434
    305.135434      305.135434        305.135434        305.135434
    305.135434      305.135434        305.135434        305.135434
    305.135434      305.135434        305.135434        305.135434
    305.135434      305.135434        305.135434        305.135434
    305.135434      305.135434        305.135434        305.135434
    305.135434      305.135434        305.135434        305.135434
    305.135434      305.135434        305.135434        305.135434
    305.135434      305.135434        305.135434        305.135434
    305.135434      305.135434        305.135434        305.135434
    305.135434      305.135434        305.135434        305.135434
    305.135434      305.135434        305.135434        305.135434
    305.135434      305.135434        305.135434        305.135434
    305.135434      305.135434        305.135434        305.135434
    305.135434      305.135434        305.135434        305.135434
    305.135434      305.135434        305.135434        305.135434
    305.135434      305.135434        305.135434        305.135434
    305.135434      305.135434        305.135434        305.135434
    305.135434      305.135434        305.135434        305.135434
    305.135434      305.135434        305.135434        305.135434
    305.135434      305.135434        305.135434        305.135434
    305.135434      305.135434        305.135434        305.135434
    305.135434      305.135434        305.135434        305.135434
    305.135434      305.135434        305.135434        305.135434
    305.135434      305.135434        305.135434        305.135434
    305.135434      305.135434        305.135434        305.135434
    305.135434      305.135434        305.135434        305.135434
    305.135434      305.135434        305.135434        305.135434
    305.135434      305.135434        305.135434        305.135434
    305.135434      305.135434        305.135434        305.135434
    305.135434      305.135434        305.135434        305.135434
    305.135434      305.135434        305.135434        305.135434
    305.135434      305.135434        305.135434        305.135434
    305.135434      305.135434        305.135434        305.135434
    305.135434      305.135434        305.135434        305.135434
    305.135434      305.135434        305.135434        305.135434
    305.135434      305.135434        305.135434        305.135434
    305.135434      305.135434        305.135434        305.135434
    305.135434      305.135434        305.135434        305.135434
    305.135434      305.135434        305.135434        305.135434
    305.135434      305.135434        305.135434        305.135434
    305.135434      305.135434        305.135434        305.135434
    305.135434      305.135434        305.135434        305.135434
    305.135434      305.135434        305.135434        305.135434
    305.135434      305.135434        305.135434        305.135434
    305.135434      305.135434        305.135434        305.135434
    305.135434      305.135434        305.135434        305.135434
    305.135434      305.135434        305.135434        305.135434
    305.135434      305.135434        305.135434        305.135434
    305.135434      305.135434        305.135434        305.135434
    305.135434      305.135434        305.135434        305.135434
    305.135434      305.135434        305.135434        305.135434
    305.135434      305.135434        305.135434        305.135434
    305.135434      305.135434        305.135434        305.135434
    305.135434      305.135434        305.135434        305.135434
    305.135434      305.135434        305.135434        305.135434
    305.135434      305.135434        305.135434        305.135434
    305.135434      305.135434        305.135434        305.135434
    305.135434      305.135434        305.135434        305.135434
    305.135434      305.135434        305.135434        305.135434
    305.135434      305.135434        305.135434        305.135434
    305.135434      305.135434        305.135434        305.135434
    305.135434      305.135434        305.135434        305.135434
    305.135434      305.135434        305.135434        305.135434
    305.135434      305.135434        305.135434        305.135434
    305.135434      305.135434        305.135434        305.135434
    305.135434      305.135434        305.135434        305.135434
    305.135434      305.135434        305.135434        305.135434
    305.135434      305.135434        305.135434        305.135434
    305.135434      305.135434        305.135434        305.135434
    305.135434      305.135434        305.135434        305.135434
    305.135434      305.135434        305.135434        305.135434
    305.135434      305.135434        305.135434        305.135434
    305.135434      305.135434        305.135434        305.135434
    305.135434      305.135434        305.135434        305.135434
    305.135434      305.135434        305.135434        305.135434
    305.135434      305.135434        305.135434        305.135434
    305.135434      305.135434        305.135434        305.135434
    305.135434      305.135434        305.135434        305.135434
    305.135434      305.135434        305.135434        305.135434
    305.135434      305.135434        305.135434        305.135434
    305.135434      305.135434        305.135434        305.135434
    305.135434      305.135434        305.135434        305.135434
    305.135434      305.135434        305.135434        305.135434
    305.135434      305.135434        305.135434        305.135434
    305.135434      305.135434        305.135434        305.135434
    305.135434      305.135434        305.135434        305.135434
    305.135434      305.135434        305.135434        305.135434
    305.135434      305.135434        305.135434        305.135434
    305.135434      305.135434        305.135434        305.135434
    305.135434      305.135434        305.135434        305.135434
    305.135434      305.135434        305.135434        305.135434
    305.135434      305.135434        305.135434        305.135434
    305.135434      305.135434        305.135434        305.135434
    305.135434      305.135434        305.135434        305.135434
    305.135434      305.135434        305.135434        305.135434
    305.135434      305.135434        305.135434        305.135434
    305.135434      305.135434        305.135434        305.135434
    305.135434      305.135434        305.135434        305.135434
    305.135434      305.135434        305.135434        305.135434
    305.135434      305.135434        305.135434        305.135434
    305.135434      305.135434        305.135434        305.135434
    305.135434      305.135434        305.135434        305.135434
    305.135434      305.135434        305.135434        305.135434
    305.135434      305.135434        305.135434        305.135434
    305.135434      305.135434        305.135434        305.135434
    305.135434      305.135434        305.135434        305.135434
    305.135434      305.135434        305.135434        305.135434
    305.135434      305.135434        305.135434        305.135434
    305.135434      305.135434        305.135434        305.135434
    305.135434      305.135434        305.135434        305.135434
    305.135434      305.135434        305.135434        305.135434
    305.135434      305.135434        305.135434        305.135434
    305.135434      305.135434        305.135434        305.135434
    305.135434      305.135434        305.135434        305.135434
    305.135434      305.135434        305.135434        305.135434
    305.135434      305.135434        305.135434        305.135434
    305.135434      305.135434        305.135434        305.135434
    305.135434      305.135434        305.135434        305.135434
    305.135434      305.135434        305.135434        305.135434
    305.135434      305.135434        305.135434        305.135434
    305.135434      305.135434        305.135434        305.135434
    305.135434      305.135434        305.135434        305.135434
    305.135434      305.135434        305.135434        305.135434
    305.135434      305.135434        305.135434        305.135434
    305.135434      305.135434        305.135434        305.135434
    305.135434      305.135434        305.135434        305.135434
    305.135434      305.135434        305.135434        305.135434
    305.135434      305.135434        305.135434        305.135434
    305.135434      305.135434        305.135434        305.135434
    305.135434      305.135434        305.135434        305.135434
    305.135434      305.135434        305.135434        305.135434
    305.135434      305.135434        305.135434        305.135434
    305.135434      305.135434        305.135434        305.135434
    305.135434      305.135434        305.135434        305.135434
    305.135434      305.135434        305.135434        305.135434
    305.135434      305.135434        305.135434        305.135434
    305.135434      305.135434        305.135434        305.135434
    305.135434      305.135434        305.135434        305.135434
    305.135434      305.135434        305.135434        305.135434
    305.135434      305.135434        305.135434        305.135434
    305.135434      305.135434        305.135434        305.135434
    305.135434      305.135434        305.135434        305.135434
    305.135434      305.135434        305.135434        305.135434
    305.135434      305.135434        305.135434        305.135434
    305.135434      305.135434        305.135434        305.135434
    305.135434      305.135434        305.135434        305.135434
    305.135434      305.135434        305.135434        305.135434
    305.135434      305.135434        305.135434        305.135434
    305.135434      305.135434        305.135434        305.135434
    305.135434      305.135434        305.135434        305.135434
    305.135434      305.135434        305.135434        305.135434
    305.135434      305.135434        305.135434        305.135434
    305.135434      305.135434        305.135434        305.135434
    305.135434      305.135434        305.135434        305.135434
    305.135434      305.135434        305.135434        305.135434
    305.135434      305.135434        305.135434        305.135434
    305.135434      305.135434        305.135434        305.135434
    305.135434      305.135434        305.135434        305.135434
    305.135434      305.135434        305.135434        305.135434
    305.135434      305.135434        305.135434        305.135434
    305.135434      305.135434        305.135434        305.135434
    305.135434      305.135434        305.135434        305.135434
    305.135434      305.135434        305.135434        305.135434
    305.135434      305.135434        305.135434        305.135434
    305.135434      305.135434        305.135434        305.135434
    305.135434      305.135434        305.135434        305.135434
    305.135434      305.135434        305.135434        305.135434
    305.135434      305.135434        305.135434        305.135434
    305.135434      305.135434        305.135434        305.135434
    305.135434      305.135434        305.135434        305.135434
    305.135434      305.135434        305.135434        305.135434
    305.135434      305.135434        305.135434        305.135434
    305.135434      305.135434        305.135434        305.135434
    305.135434      305.135434        305.135434        305.135434
    305.135434      305.135434        305.135434        305.135434
    305.135434      305.135434        305.135434        305.135434
    305.135434      305.135434        305.135434        305.135434
    305.135434      305.135434        305.135434        305.135434
    305.135434      305.135434        305.135434        305.135434
    305.135434      305.135434        305.135434        305.135434
    305.135434      305.135434        305.135434        305.135434
    305.135434      305.135434        305.135434        305.135434
    305.135434      305.135434        305.135434        305.135434
    305.135434      305.135434        305.135434        305.135434
    305.135434      305.135434        305.135434        305.135434
    305.135434      305.135434        305.135434        305.135434
    305.135434      305.135434        305.135434        305.135434
    305.135434      305.135434        305.135434        305.135434
    305.135434      305.135434        305.135434        305.135434
    305.135434      305.135434        305.135434        305.135434
    305.135434      305.135434        305.135434        305.135434
    305.135434      305.135434        305.135434        305.135434
    305.135434      305.135434        305.135434        305.135434
    305.135434      305.135434        305.135434        305.135434
    305.135434      305.135434        305.135434        305.135434
    305.135434      305.135434        305.135434        305.135434
    305.135434      305.135434        305.135434        305.135434
    305.135434      305.135434        305.135434        305.135434
    305.135434      305.135434        305.135434        305.135434
    305.135434      305.135434        305.135434        305.135434
    305.135434      305.135434        305.135434        305.135434
    305.135434      305.135434        305.135434        305.135434
    305.135434      305.135434        305.135434        305.135434
    305.135434      305.135434        305.135434        305.135434
    305.135434      305.135434        305.135434        305.135434
    305.135434      305.135434        305.135434        305.135434
    305.135434      305.135434        305.135434        305.135434
    305.135434      305.135434        305.135434        305.135434
    305.135434      305.135434        305.135434        305.135434
    305.135434      305.135434        305.135434        305.135434
    305.135434      305.135434        305.135434        305.135434
    305.135434      305.135434        305.135434        305.135434
    305.135434      305.135434        305.135434        305.135434
    305.135434      305.135434        305.135434        305.135434
    305.135434      305.135434        305.135434        305.135434
    305.135434      305.135434        305.135434        305.135434
    305.135434      305.135434        305.135434        305.135434
    305.135434      305.135434        305.135434        305.135434
    305.135434      305.135434        305.135434        305.135434
    305.135434      305.135434        305.135434        305.135434
    305.135434      305.135434        305.135434        305.135434
    305.135434      305.135434        305.135434        305.135434
    305.135434      305.135434        305.135434        305.135434
    305.135434      305.135434        305.135434        305.135434
    305.135434      305.135434        305.135434        305.135434
    305.135434      305.135434        305.135434        305.135434
    305.135434      305.135434        305.135434        305.135434
    305.135434      305.135434        305.135434        305.135434
    305.135434      305.135434        305.135434        305.135434
    305.135434      305.135434        305.135434        305.135434
    305.135434      305.135434        305.135434        305.135434
    305.135434      305.135434        305.135434        305.135434
    305.135434      305.135434        305.135434        305.135434
    305.135434      305.135434        305.135434        305.135434
    305.135434      305.135434        305.135434        305.135434
    305.135434      305.135434        305.135434        305.135434
    305.135434      305.135434        305.135434        305.135434
    305.135434      305.135434        305.135434        305.135434
    305.135434      305.135434        305.135434        305.135434
    305.135434      305.135434        305.135434        305.135434
    305.135434      305.135434        305.135434        305.135434
    305.135434      305.135434        305.135434        305.135434
    305.135434      305.135434        305.135434        305.135434
    305.135434      305.135434        305.135434        305.135434
    305.135434      305.135434        305.135434        305.135434
    305.135434      305.135434        305.135434        305.135434
    305.135434      305.135434        305.135434        305.135434
    305.135434      305.135434        305.135434        305.135434
    305.135434      305.135434        305.135434        305.135434
    305.135434      305.135434        305.135434        305.135434
    305.135434      305.135434        305.135434        305.135434
    305.135434      305.135434        305.135434        305.135434
    305.135434      305.135434        305.135434        305.135434
    305.135434      305.135434        305.135434        305.135434
    305.135434      305.135434        305.135434        305.135434
    305.135434      305.135434        305.135434        305.135434
    305.135434      305.135434        305.135434        305.135434
    305.135434      305.135434        305.135434        305.135434
    305.135434      305.135434        305.135434        305.135434
    305.135434      305.135434        305.135434        305.135434
    305.135434      305.135434        305.135434        305.135434
    305.135434      305.135434        305.135434        305.135434
    305.135434      305.135434        305.135434        305.135434
    305.135434      305.135434        305.135434        305.135434
    305.135434      305.135434        305.135434        305.135434
    305.135434      305.135434        305.135434        305.135434
    305.135434      305.135434        305.135434        305.135434
    305.135434      305.135434        305.135434        305.135434
    305.135434      305.135434        305.135434        305.135434
    305.135434      305.135434        305.135434        305.135434
    305.135434      305.135434        305.135434        305.135434
    305.135434      305.135434        305.135434        305.135434
    305.135434      305.135434        305.135434        305.135434
    305.135434      305.135434        305.135434        305.135434
    305.135434      305.135434        305.135434        305.135434
    305.135434      305.135434        305.135434        305.135434
    305.135434      305.135434        305.135434        305.135434
    305.135434      305.135434        305.135434        305.135434
    305.135434      305.135434        305.135434        305.135434
    305.135434      305.135434        305.135434        305.135434
    305.135434      305.135434        305.135434        305.135434
    305.135434      305.135434        305.135434        305.135434
    305.135434      305.135434        305.135434        305.135434
    305.135434      305.135434        305.135434        305.135434
    305.135434      305.135434        305.135434        305.135434
    305.135434      305.135434        305.135434        305.135434
    305.135434      305.135434        305.135434        305.135434
    305.135434      305.135434        305.135434        305.135434
    305.135434      305.135434        305.135434        305.135434
    305.135434      305.135434        305.135434        305.135434
    305.135434      305.135434        305.135434        305.135434
    305.135434      305.135434        305.135434        305.135434
    305.135434      305.135434        305.135434        305.135434
    305.135434      305.135434        305.135434        305.135434
    305.135434      305.135434        305.135434        305.135434
    305.135434      305.135434        305.135434        305.135434
    305.135434      305.135434        305.135434        305.135434
    305.135434      305.135434        305.135434        305.135434
    305.135434      305.135434        305.135434        305.135434
    305.135434      305.135434        305.135434        305.135434
    305.135434      305.135434        305.135434        305.135434
    305.135434      305.135434        305.135434        305.135434
    305.135434      305.135434        305.135434        305.135434
    305.135434      305.135434        305.135434        305.135434
    305.135434      305.135434        305.135434        305.135434
    305.135434      305.135434        305.135434        305.135434
    305.135434      305.135434        305.135434        305.135434
    305.135434      305.135434        305.135434        305.135434
    305.135434      305.135434        305.135434        305.135434
    305.135434      305.135434        305.135434        305.135434
    305.135434      305.135434        305.135434        305.135434
    305.135434      305.135434        305.135434        305.135434
    305.135434      305.135434        305.135434        305.135434
    305.135434      305.135434        305.135434        305.135434
    305.135434      305.135434        305.135434        305.135434
    305.135434      305.135434        305.135434        305.135434
    305.135434      305.135434        305.135434        305.135434
    305.135434      305.135434        305.135434        305.135434
    305.135434      305.135434        305.135434        305.135434
    305.135434      305.135434        305.135434        305.135434
    305.135434      305.135434        305.135434        305.135434
    305.135434      305.135434        305.135434        305.135434
    305.135434      305.135434        305.135434        305.135434
    305.135434      305.135434        305.135434        305.135434
    305.135434      305.135434        305.135434        305.135434
    305.135434      305.135434        305.135434        305.135434
    305.135434      305.135434        305.135434        305.135434
    305.135434      305.135434        305.135434        305.135434
    305.135434      305.135434        305.135434        305.135434
    305.135434      305.135434        305.135434        305.135434
    305.135434      305.135434        305.135434        305.135434
    305.135434      305.135434        305.135434        305.135434
    305.135434      305.135434        305.135434        305.135434
    305.135434      305.135434        305.135434        305.135434
    305.135434      305.135434        305.135434        305.135434
    305.135434      305.135434        305.135434        305.135434
    305.135434      305.135434        305.135434        305.135434
    305.135434      305.135434        305.135434        305.135434
    305.135434      305.135434        305.135434        305.135434
    305.135434      305.135434        305.135434        305.135434
    305.135434      305.135434        305.135434        305.135434
    305.135434      305.135434        305.135434        305.135434
    305.135434      305.135434        305.135434        305.135434
    305.135434      305.135434        305.135434        305.135434
    305.135434      305.135434        305.135434        305.135434
    305.135434      305.135434        305.135434        305.135434
    305.135434      305.135434        305.135434        305.135434
    305.135434      305.135434        305.135434        305.135434
    305.135434      305.135434        305.135434        305.135434
    305.135434      305.135434        305.135434        305.135434
    305.135434      305.135434        305.135434        305.135434
    305.135434      305.135434        305.135434        305.135434
    305.135434      305.135434        305.135434        305.135434
    305.135434      305.135434        305.135434        305.135434
    305.135434      305.135434        305.135434        305.135434
    305.135434      305.135434        305.135434        305.135434
    305.135434      305.135434        305.135434        305.135434
    305.135434      305.135434        305.135434        305.135434
    305.135434      305.135434        305.135434        305.135434
    305.135434      305.135434        305.135434        305.135434
    305.135434      305.135434        305.135434        305.135434
    305.135434      305.135434        305.135434        305.135434
    305.135434      305.135434        305.135434        305.135434
    305.135434      305.135434        305.135434        305.135434
    305.135434      305.135434        305.135434        305.135434
    305.135434      305.135434        305.135434        305.135434
    305.135434      305.135434        305.135434        305.135434
    305.135434      305.135434        305.135434        305.135434
    305.135434      305.135434        305.135434        305.135434
    305.135434      305.135434        305.135434        305.135434
    305.135434      305.135434        305.135434        305.135434
    305.135434      305.135434        305.135434        305.135434
    305.135434      305.135434        305.135434        305.135434
    305.135434      305.135434        305.135434        305.135434
    305.135434      305.135434        305.135434        305.135434
    305.135434      305.135434        305.135434        305.135434
    305.135434      305.135434        305.135434        305.135434
    305.135434      305.135434        305.135434        305.135434
    305.135434      305.135434        305.135434        305.135434
    305.135434      305.135434        305.135434        305.135434
    305.135434      305.135434        305.135434        305.135434
    305.135434      305.135434        305.135434        305.135434
    305.135434      305.135434        305.135434        305.135434
    305.135434      305.135434        305.135434        305.135434
    305.135434      305.135434        305.135434        305.135434
    305.135434      305.135434        305.135434        305.135434
    305.135434      305.135434        305.135434        305.135434
    305.135434      305.135434        305.135434        305.135434
    305.135434      305.135434        305.135434        305.135434
    305.135434      305.135434        305.135434        305.135434
    305.135434      305.135434        305.135434        305.135434
    305.135434      305.135434        305.135434        305.135434
    305.135434      305.135434        305.135434        305.135434
    305.135434      305.135434        305.135434        305.135434
    305.135434      305.135434        305.135434        305.135434
    305.135434      305.135434        305.135434        305.135434
    305.135434      305.135434        305.135434        305.135434
    305.135434      305.135434        305.135434        305.135434
    305.135434      305.135434        305.135434        305.135434
    305.135434      305.135434        305.135434        305.135434
    305.135434      305.135434        305.135434        305.135434
    305.135434      305.135434        305.135434        305.135434
    305.135434      305.135434        305.135434        305.135434
    305.135434      305.135434        305.135434        305.135434
    305.135434      305.135434        305.135434        305.135434
    305.135434      305.135434        305.135434        305.135434
    305.135434      305.135434        305.135434        305.135434
    305.135434      305.135434        305.135434        305.135434
    305.135434      305.135434        305.135434        305.135434
    305.135434      305.135434        305.135434        305.135434
    305.135434      305.135434        305.135434        305.135434
    305.135434      305.135434        305.135434        305.135434
    305.135434      305.135434        305.135434        305.135434
    305.135434      305.135434        305.135434        305.135434
    305.135434      305.135434        305.135434        305.135434
    305.135434      305.135434        305.135434        305.135434
    305.135434      305.135434        305.135434        305.135434
    305.135434      305.135434        305.135434        305.135434
    305.135434      305.135434        305.135434        305.135434
    305.135434      305.135434        305.135434        305.135434
    305.135434      305.135434        305.135434        305.135434
    305.135434      305.135434        305.135434        305.135434
    305.135434      305.135434        305.135434        305.135434
    305.135434      305.135434        305.135434        305.135434
    305.135434      305.135434        305.135434        305.135434
    305.135434      305.135434        305.135434        305.135434
    305.135434      305.135434        305.135434        305.135434
    305.135434      305.135434        305.135434        305.135434
    305.135434      305.135434        305.135434        305.135434
    305.135434      305.135434        305.135434        305.135434
    305.135434      305.135434        305.135434        305.135434
    305.135434      305.135434        305.135434        305.135434
    305.135434      305.135434        305.135434        305.135434
    305.135434      305.135434        305.135434        305.135434
    305.135434      305.135434        305.135434        305.135434
    305.135434      305.135434        305.135434        305.135434
    305.135434      305.135434        305.135434        305.135434
    305.135434      305.135434        305.135434        305.135434
    305.135434      305.135434        305.135434        305.135434
    305.135434      305.135434        305.135434        305.135434
    305.135434      305.135434        305.135434        305.135434
    305.135434      305.135434        305.135434        305.135434
    305.135434      305.135434        305.135434        305.135434
    305.135434      305.135434        305.135434        305.135434
    305.135434      305.135434        305.135434        305.135434
    305.135434      305.135434        305.135434        305.135434
    305.135434      305.135434        305.135434        305.135434
    305.135434      305.135434        305.135434        305.135434
    305.135434      305.135434        305.135434        305.135434
    305.135434      305.135434        305.135434        305.135434
    305.135434      305.135434        305.135434        305.135434
    305.135434      305.135434        305.135434        305.135434
    305.135434      305.135434        305.135434        305.135434
    305.135434      305.135434        305.135434        305.135434
    305.135434      305.135434        305.135434        305.135434
    305.135434      305.135434        305.135434        305.135434
    305.135434      305.135434        305.135434        305.135434
    305.135434      305.135434        305.135434        305.135434
    305.135434      305.135434        305.135434        305.135434
    305.135434      305.135434        305.135434        305.135434
    305.135434      305.135434        305.135434        305.135434
    305.135434      305.135434        305.135434        305.135434
    305.135434      305.135434        305.135434        305.135434
    305.135434      305.135434        305.135434        305.135434
    305.135434      305.135434        305.135434        305.135434
    305.135434      305.135434        305.135434        305.135434
    305.135434      305.135434        305.135434        305.135434
    305.135434      305.135434        305.135434        305.135434
    305.135434      305.135434        305.135434        305.135434
    305.135434      305.135434        305.135434        305.135434
    305.135434      305.135434        305.135434        305.135434
    305.135434      305.135434        305.135434        305.135434
    305.135434      305.135434        305.135434        305.135434
    305.135434      305.135434        305.135434        305.135434
    305.135434      305.135434        305.135434        305.135434
    305.135434      305.135434        305.135434        305.135434
    305.135434      305.135434        305.135434        305.135434
    305.135434      305.135434        305.135434        305.135434
    305.135434      305.135434        305.135434        305.135434
    305.135434      305.135434        305.135434        305.135434
    305.135434      305.135434        305.135434        305.135434
    305.135434      305.135434        305.135434        305.135434
    305.135434      305.135434        305.135434        305.135434
    305.135434      305.135434        305.135434        305.135434
    305.135434      305.135434        305.135434        305.135434
    305.135434      305.135434        305.135434        305.135434
    305.135434      305.135434        305.135434        305.135434
    305.135434      305.135434        305.135434        305.135434
    305.135434      305.135434        305.135434        305.135434
    305.135434      305.135434        305.135434        305.135434
    305.135434      305.135434        305.135434        305.135434
    305.135434      305.135434        305.135434        305.135434
    305.135434      305.135434        305.135434        305.135434
    305.135434      305.135434        305.135434        305.135434
    305.135434      305.135434        305.135434        305.135434
    305.135434      305.135434        305.135434        305.135434
    305.135434      305.135434        305.135434        305.135434
    305.135434      305.135434        305.135434        305.135434
    305.135434      305.135434        305.135434        305.135434
    305.135434      305.135434        305.135434        305.135434
    305.135434      305.135434        305.135434        305.135434
    305.135434      305.135434        305.135434        305.135434
    305.135434      305.135434        305.135434        305.135434
    305.135434      305.135434        305.135434        305.135434
    305.135434      305.135434        305.135434        305.135434
    305.135434      305.135434        305.135434        305.135434
    305.135434      305.135434        305.135434        305.135434
    305.135434      305.135434        305.135434        305.135434
    305.135434      305.135434        305.135434        305.135434
    305.135434      305.135434        305.135434        305.135434
    305.135434      305.135434        305.135434        305.135434
    305.135434      305.135434        305.135434        305.135434
    305.135434      305.135434        305.135434        305.135434
    305.135434      305.135434        305.135434        305.135434
    305.135434      305.135434        305.135434        305.135434
    305.135434      305.135434        305.135434        305.135434
    305.135434      305.135434        305.135434        305.135434
    305.135434      305.135434        305.135434        305.135434
    305.135434      305.135434        305.135434        305.135434
    305.135434      305.135434        305.135434        305.135434
    305.135434      305.135434        305.135434        305.135434
    305.135434      305.135434        305.135434        305.135434
    305.135434      305.135434        305.135434        305.135434
    305.135434      305.135434        305.135434        305.135434
    305.135434      305.135434        305.135434        305.135434
    305.135434      305.135434        305.135434        305.135434
    305.135434      305.135434        305.135434        305.135434
    305.135434      305.135434        305.135434        305.135434
    305.135434      305.135434        305.135434        305.135434
    305.135434      305.135434        305.135434        305.135434
    305.135434      305.135434        305.135434        305.135434
    305.135434      305.135434        305.135434        305.135434
    305.135434      305.135434        305.135434        305.135434
    305.135434      305.135434        305.135434        305.135434
    305.135434      305.135434        305.135434        305.135434
    305.135434      305.135434        305.135434        305.135434
    305.135434      305.135434        305.135434        305.135434
    305.135434      305.135434        305.135434        305.135434
    305.135434      305.135434        305.135434        305.135434
    305.135434      305.135434        305.135434        305.135434
    305.135434      305.135434        305.135434        305.135434
    305.135434      305.135434        305.135434        305.135434
    305.135434      305.135434        305.135434        305.135434
    305.135434      305.135434        305.135434        305.135434
    305.135434      305.135434        305.135434        305.135434
    305.135434      305.135434        305.135434        305.135434
    305.135434      305.135434        305.135434        305.135434
    305.135434      305.135434        305.135434        305.135434
    305.135434      305.135434        305.135434        305.135434
    305.135434      305.135434        305.135434        305.135434
    305.135434      305.135434        305.135434        305.135434
    305.135434      305.135434        305.135434        305.135434
    305.135434      305.135434        305.135434        305.135434
    305.135434      305.135434        305.135434        305.135434
    305.135434      305.135434        305.135434        305.135434
    305.135434      305.135434        305.135434        305.135434
    305.135434      305.135434        305.135434        305.135434
    305.135434      305.135434        305.135434        305.135434
    305.135434      305.135434        305.135434        305.135434
    305.135434      305.135434        305.135434        305.135434
    305.135434      305.135434        305.135434        305.135434
    305.135434      305.135434        305.135434        305.135434
    305.135434      305.135434        305.135434        305.135434
    305.135434      305.135434        305.135434        305.135434
    305.135434      305.135434        305.135434        305.135434
    305.135434      305.135434        305.135434        305.135434
    305.135434      305.135434        305.135434        305.135434
    305.135434      305.135434        305.135434        305.135434
    305.135434      305.135434        305.135434        305.135434
    305.135434      305.135434        305.135434        305.135434
    305.135434      305.135434        305.135434        305.135434
    305.135434      305.135434        305.135434        305.135434
    305.135434      305.135434        305.135434        305.135434
    305.135434      305.135434        305.135434        305.135434
    305.135434      305.135434        305.135434        305.135434
    305.135434      305.135434        305.135434        305.135434
    305.135434      305.135434        305.135434        305.135434
    305.135434      305.135434        305.135434        305.135434
    305.135434      305.135434        305.135434        305.135434
    305.135434      305.135434        305.135434        305.135434
    305.135434      305.135434        305.135434        305.135434
    305.135434      305.135434        305.135434        305.135434
    305.135434      305.135434        305.135434        305.135434
    305.135434      305.135434        305.135434        305.135434
    305.135434      305.135434        305.135434        305.135434
    305.135434      305.135434        305.135434        305.135434
    305.135434      305.135434        305.135434        305.135434
    305.135434      305.135434        305.135434        305.135434
    305.135434      305.135434        305.135434        305.135434
    305.135434      305.135434        305.135434        305.135434
    305.135434      305.135434        305.135434        305.135434
    305.135434      305.135434        305.135434        305.135434
    305.135434      305.135434        305.135434        305.135434
    305.135434      305.135434        305.135434        305.135434
    305.135434      305.135434        305.135434        305.135434
    305.135434      305.135434        305.135434        305.135434
    305.135434      305.135434        305.135434        305.135434
    305.135434      305.135434        305.135434        305.135434
    305.135434      305.135434        305.135434        305.135434
    305.135434      305.135434        305.135434        305.135434
    305.135434      305.135434        305.135434        305.135434
    305.135434      305.135434        305.135434        305.135434
    305.135434      305.135434        305.135434        305.135434
    305.135434      305.135434        305.135434        305.135434
    305.135434      305.135434        305.135434        305.135434
    305.135434      305.135434        305.135434        305.135434
    305.135434      305.135434        305.135434        305.135434
    305.135434      305.135434        305.135434        305.135434
    305.135434      305.135434        305.135434        305.135434
    305.135434      305.135434        305.135434        305.135434
    305.135434      305.135434        305.135434        305.135434
    305.135434      305.135434        305.135434        305.135434
    305.135434      305.135434        305.135434        305.135434
    305.135434      305.135434        305.135434        305.135434
    305.135434      305.135434        305.135434        305.135434
    305.135434      305.135434        305.135434        305.135434
    305.135434      305.135434        305.135434        305.135434
    305.135434      305.135434        305.135434        305.135434
    305.135434      305.135434        305.135434        305.135434
    305.135434      305.135434        305.135434        305.135434
    305.135434      305.135434        305.135434        305.135434
    305.135434      305.135434        305.135434        305.135434
    305.135434      305.135434        305.135434        305.135434
    305.135434      305.135434        305.135434        305.135434
    305.135434      305.135434        305.135434        305.135434
    305.135434      305.135434        305.135434        305.135434
    305.135434      305.135434        305.135434        305.135434
    305.135434      305.135434        305.135434        305.135434
    305.135434      305.135434        305.135434        305.135434
    305.135434      305.135434        305.135434        305.135434
    305.135434      305.135434        305.135434        305.135434
    305.135434      305.135434        305.135434        305.135434
    305.135434      305.135434        305.135434        305.135434
    305.135434      305.135434        305.135434        305.135434
    305.135434      305.135434        305.135434        305.135434
    305.135434      305.135434        305.135434        305.135434
    305.135434      305.135434        305.135434        305.135434
    305.135434      305.135434        305.135434        305.135434
    305.135434      305.135434        305.135434        305.135434
    305.135434      305.135434        305.135434        305.135434
    305.135434      305.135434        305.135434        305.135434
    305.135434      305.135434        305.135434        305.135434
    305.135434      305.135434        305.135434        305.135434
    305.135434      305.135434        305.135434        305.135434
    305.135434      305.135434        305.135434        305.135434
    305.135434      305.135434        305.135434        305.135434
    305.135434      305.135434        305.135434        305.135434
    305.135434      305.135434        305.135434        305.135434
    305.135434      305.135434        305.135434        305.135434
    305.135434      305.135434        305.135434        305.135434
    305.135434      305.135434        305.135434        305.135434
    305.135434      305.135434        305.135434        305.135434
    305.135434      305.135434        305.135434        305.135434
    305.135434      305.135434        305.135434        305.135434
    305.135434      305.135434        305.135434        305.135434
    305.135434      305.135434        305.135434        305.135434
    305.135434      305.135434        305.135434        305.135434
    305.135434      305.135434        305.135434        305.135434
    305.135434      305.135434        305.135434        305.135434
    305.135434      305.135434        305.135434        305.135434
    305.135434      305.135434        305.135434        305.135434
    305.135434      305.135434        305.135434        305.135434
    305.135434      305.135434        305.135434        305.135434
    305.135434      305.135434        305.135434        305.135434
    305.135434      305.135434        305.135434        305.135434
    305.135434      305.135434        305.135434        305.135434
    305.135434      305.135434        305.135434        305.135434
    305.135434      305.135434        305.135434        305.135434
    305.135434      305.135434        305.135434        305.135434
    305.135434      305.135434        305.135434        305.135434
    305.135434      305.135434        305.135434        305.135434
    305.135434      305.135434        305.135434        305.135434
    305.135434      305.135434        305.135434        305.135434
    305.135434      305.135434        305.135434        305.135434
    305.135434      305.135434        305.135434        305.135434
    305.135434      305.135434        305.135434        305.135434
    305.135434      305.135434        305.135434        305.135434
    305.135434      305.135434        305.135434        305.135434
    305.135434      305.135434        305.135434        305.135434
    305.135434      305.135434        305.135434        305.135434
    305.135434      305.135434        305.135434        305.135434
    305.135434      305.135434        305.135434        305.135434
    305.135434      305.135434        305.135434        305.135434
    305.135434      305.135434        305.135434        305.135434
    305.135434      305.135434        305.135434        305.135434
    305.135434      305.135434        305.135434        305.135434
    305.135434      305.135434        305.135434        305.135434
    305.135434      305.135434        305.135434        305.135434
    305.135434      305.135434        305.135434        305.135434
    305.135434      305.135434        305.135434        305.135434
    305.135434      305.135434        305.135434        305.135434
    305.135434      305.135434        305.135434        305.135434
    305.135434      305.135434        305.135434        305.135434
    305.135434      305.135434        305.135434        305.135434
    305.135434      305.135434        305.135434        305.135434
    305.135434      305.135434        305.135434        305.135434
    305.135434      305.135434        305.135434        305.135434
    305.135434      305.135434        305.135434        305.135434
    305.135434      305.135434        305.135434        305.135434
    305.135434      305.135434        305.135434        305.135434
    305.135434      305.135434        305.135434        305.135434
    305.135434      305.135434        305.135434        305.135434
    305.135434      305.135434        305.135434        305.135434
    305.135434      305.135434        305.135434        305.135434
    305.135434      305.135434        305.135434        305.135434
    305.135434      305.135434        305.135434        305.135434
    305.135434      305.135434        305.135434        305.135434
    305.135434      305.135434        305.135434        305.135434
    305.135434      305.135434        305.135434        305.135434
    305.135434      305.135434        305.135434        305.135434
    305.135434      305.135434        305.135434        305.135434
    305.135434      305.135434        305.135434        305.135434
    305.135434      305.135434        305.135434        305.135434
    305.135434      305.135434        305.135434        305.135434
    305.135434      305.135434        305.135434        305.135434
    305.135434      305.135434        305.135434        305.135434
    305.135434      305.135434        305.135434        305.135434
    305.135434      305.135434        305.135434        305.135434
    305.135434      305.135434        305.135434        305.135434
    305.135434      305.135434        305.135434        305.135434
    305.135434      305.135434        305.135434        305.135434
    305.135434      305.135434        305.135434        305.135434
    305.135434      305.135434        305.135434        305.135434
    305.135434      305.135434        305.135434        305.135434
    305.135434      305.135434        305.135434        305.135434
    305.135434      305.135434        305.135434        305.135434
    305.135434      305.135434        305.135434        305.135434
    305.135434      305.135434        305.135434        305.135434
    305.135434      305.135434        305.135434        305.135434
    305.135434      305.135434        305.135434        305.135434
    305.135434      305.135434        305.135434        305.135434
    305.135434      305.135434        305.135434        305.135434
    305.135434      305.135434        305.135434        305.135434
    305.135434      305.135434        305.135434        305.135434
    305.135434      305.135434        305.135434        305.135434
    305.135434      305.135434        305.135434        305.135434
    305.135434      305.135434        305.135434        305.135434
    305.135434      305.135434        305.135434        305.135434
    305.135434      305.135434        305.135434        305.135434
    305.135434      305.135434        305.135434        305.135434
    305.135434      305.135434        305.135434        305.135434
    305.135434      305.135434        305.135434        305.135434
    305.135434      305.135434        305.135434        305.135434
    305.135434      305.135434        305.135434        305.135434
    305.135434      305.135434        305.135434        305.135434
    305.135434      305.135434        305.135434        305.135434
    305.135434      305.135434        305.135434        305.135434
    305.135434      305.135434        305.135434        305.135434
    305.135434      305.135434        305.135434        305.135434
    305.135434      305.135434        305.135434        305.135434
    305.135434      305.135434        305.135434        305.135434
    305.135434      305.135434        305.135434        305.135434
    305.135434      305.135434        305.135434        305.135434
    305.135434      305.135434        305.135434        305.135434
    305.135434      305.135434        305.135434        305.135434
    305.135434      305.135434        305.135434        305.135434
    305.135434      305.135434        305.135434        305.135434
    305.135434      305.135434        305.135434        305.135434
    305.135434      305.135434        305.135434        305.135434
    305.135434      305.135434        305.135434        305.135434
    305.135434      305.135434        305.135434        305.135434
    305.135434      305.135434        305.135434        305.135434
    305.135434      305.135434        305.135434        305.135434
    305.135434      305.135434        305.135434        305.135434
    305.135434      305.135434        305.135434        305.135434
    305.135434      305.135434        305.135434        305.135434
    305.135434      305.135434        305.135434        305.135434
    305.135434      305.135434        305.135434        305.135434
    305.135434      305.135434        305.135434        305.135434
    305.135434      305.135434        305.135434        305.135434
    305.135434      305.135434        305.135434        305.135434
    305.135434      305.135434        305.135434        305.135434
    305.135434      305.135434        305.135434        305.135434
    305.135434      305.135434        305.135434        305.135434
    305.135434      305.135434        305.135434        305.135434
    305.135434      305.135434        305.135434        305.135434
    305.135434      305.135434        305.135434        305.135434
    305.135434      305.135434        305.135434        305.135434
    305.135434      305.135434        305.135434        305.135434
    305.135434      305.135434        305.135434        305.135434
    305.135434      305.135434        305.135434        305.135434
    305.135434      305.135434        305.135434        305.135434
    305.135434      305.135434        305.135434        305.135434
    305.135434      305.135434        305.135434        305.135434
    305.135434      305.135434        305.135434        305.135434
    305.135434      305.135434        305.135434        305.135434
    305.135434      305.135434        305.135434        305.135434
    305.135434      305.135434        305.135434        305.135434
    305.135434      305.135434        305.135434        305.135434
    305.135434      305.135434        305.135434        305.135434
    305.135434      305.135434        305.135434        305.135434
    305.135434      305.135434        305.135434        305.135434
    305.135434      305.135434        305.135434        305.135434
    305.135434      305.135434        305.135434        305.135434
    305.135434      305.135434        305.135434        305.135434
    305.135434      305.135434        305.135434        305.135434
    305.135434      305.135434        305.135434        305.135434
    305.135434      305.135434        305.135434        305.135434
    305.135434      305.135434        305.135434        305.135434
    305.135434      305.135434        305.135434        305.135434
    305.135434      305.135434        305.135434        305.135434
    305.135434      305.135434        305.135434        305.135434
    305.135434      305.135434        305.135434        305.135434
    305.135434      305.135434        305.135434        305.135434
    305.135434      305.135434        305.135434        305.135434
    305.135434      305.135434        305.135434        305.135434
    305.135434      305.135434        305.135434        305.135434
    305.135434      305.135434        305.135434        305.135434
    305.135434      305.135434        305.135434        305.135434
    305.135434      305.135434        305.135434        305.135434
    305.135434      305.135434        305.135434        305.135434
    305.135434      305.135434        305.135434        305.135434
    305.135434      305.135434        305.135434        305.135434
    305.135434      305.135434        305.135434        305.135434
    305.135434      305.135434        305.135434        305.135434
    305.135434      305.135434        305.135434        305.135434
    305.135434      305.135434        305.135434        305.135434
    305.135434      305.135434        305.135434        305.135434
    305.135434      305.135434        305.135434        305.135434
    305.135434      305.135434        305.135434        305.135434
    305.135434      305.135434        305.135434        305.135434
    305.135434      305.135434        305.135434        305.135434
    305.135434      305.135434        305.135434        305.135434
    305.135434      305.135434        305.135434        305.135434
    305.135434      305.135434        305.135434        305.135434
    305.135434      305.135434        305.135434        305.135434
    305.135434      305.135434        305.135434        305.135434
    305.135434      305.135434        305.135434        305.135434
    305.135434      305.135434        305.135434        305.135434
    305.135434      305.135434        305.135434        305.135434
    305.135434      305.135434        305.135434        305.135434
    305.135434      305.135434        305.135434        305.135434
    305.135434      305.135434        305.135434        305.135434
    305.135434      305.135434        305.135434        305.135434
    305.135434      305.135434        305.135434        305.135434
    305.135434      305.135434        305.135434        305.135434
    305.135434      305.135434        305.135434        305.135434
    305.135434      305.135434        305.135434        305.135434
    305.135434      305.135434        305.135434        305.135434
    305.135434      305.135434        305.135434        305.135434
    305.135434      305.135434        305.135434        305.135434
    305.135434      305.135434        305.135434        305.135434
    305.135434      305.135434        305.135434        305.135434
    305.135434      305.135434        305.135434        305.135434
    305.135434      305.135434        305.135434        305.135434
    305.135434      305.135434        305.135434        305.135434
    305.135434      305.135434        305.135434        305.135434
    305.135434      305.135434        305.135434        305.135434
    305.135434      305.135434        305.135434        305.135434
    305.135434      305.135434        305.135434        305.135434
    305.135434      305.135434        305.135434        305.135434
    305.135434      305.135434        305.135434        305.135434
    305.135434      305.135434        305.135434        305.135434
    305.135434      305.135434        305.135434        305.135434
    305.135434      305.135434        305.135434        305.135434
    305.135434      305.135434        305.135434        305.135434
    305.135434      305.135434        305.135434        305.135434
    305.135434      305.135434        305.135434        305.135434
    305.135434      305.135434        305.135434        305.135434
    305.135434      305.135434        305.135434        305.135434
    305.135434      305.135434        305.135434        305.135434
    305.135434      305.135434        305.135434        305.135434
    305.135434      305.135434        305.135434        305.135434
    305.135434      305.135434        305.135434        305.135434
    305.135434      305.135434        305.135434        305.135434
    305.135434      305.135434        305.135434        305.135434
    305.135434      305.135434        305.135434        305.135434
    305.135434      305.135434        305.135434        305.135434
    305.135434      305.135434        305.135434        305.135434
    305.135434      305.135434        305.135434        305.135434
    305.135434      305.135434        305.135434        305.135434
    305.135434      305.135434        305.135434        305.135434
    305.135434      305.135434        305.135434        305.135434
    305.135434      305.135434        305.135434        305.135434
    305.135434      305.135434        305.135434        305.135434
    305.135434      305.135434        305.135434        305.135434
    305.135434      305.135434        305.135434        305.135434
    305.135434      305.135434        305.135434        305.135434
    305.135434      305.135434        305.135434        305.135434
    305.135434      305.135434        305.135434        305.135434
    305.135434      305.135434        305.135434        305.135434
    305.135434      305.135434        305.135434        305.135434
    305.135434      305.135434        305.135434        305.135434
    305.135434      305.135434        305.135434        305.135434
    305.135434      305.135434        305.135434        305.135434
    305.135434      305.135434        305.135434        305.135434
    305.135434      305.135434        305.135434        305.135434
    305.135434      305.135434        305.135434        305.135434
    305.135434      305.135434        305.135434        305.135434
    305.135434      305.135434        305.135434        305.135434
    305.135434      305.135434        305.135434        305.135434
    305.135434      305.135434        305.135434        305.135434
    305.135434      305.135434        305.135434        305.135434
    305.135434      305.135434        305.135434        305.135434
    305.135434      305.135434        305.135434        305.135434
    305.135434      305.135434        305.135434        305.135434
    305.135434      305.135434        305.135434        305.135434
    305.135434      305.135434        305.135434        305.135434
    305.135434      305.135434        305.135434        305.135434
    305.135434      305.135434        305.135434        305.135434
    305.135434      305.135434        305.135434        305.135434
    305.135434      305.135434        305.135434        305.135434
    305.135434      305.135434        305.135434        305.135434
    305.135434      305.135434        305.135434        305.135434
    305.135434      305.135434        305.135434        305.135434
    305.135434      305.135434        305.135434        305.135434
    305.135434      305.135434        305.135434        305.135434
    305.135434      305.135434        305.135434        305.135434
    305.135434      305.135434        305.135434        305.135434
    305.135434      305.135434        305.135434        305.135434
    305.135434      305.135434        305.135434        305.135434
    305.135434      305.135434        305.135434        305.135434
    305.135434      305.135434        305.135434        305.135434
    305.135434      305.135434        305.135434        305.135434
    305.135434      305.135434        305.135434        305.135434
    305.135434      305.135434        305.135434        305.135434
    305.135434      305.135434        305.135434        305.135434
    305.135434      305.135434        305.135434        305.135434
    305.135434      305.135434        305.135434        305.135434
    305.135434      305.135434        305.135434        305.135434
    305.135434      305.135434        305.135434        305.135434
    305.135434      305.135434        305.135434        305.135434
    305.135434      305.135434        305.135434        305.135434
    305.135434      305.135434        305.135434        305.135434
    305.135434      305.135434        305.135434        305.135434
    305.135434      305.135434        305.135434        305.135434
    305.135434      305.135434        305.135434        305.135434
    305.135434      305.135434        305.135434        305.135434
    305.135434      305.135434        305.135434        305.135434
    305.135434      305.135434        305.135434        305.135434
    305.135434      305.135434        305.135434        305.135434
    305.135434      305.135434        305.135434        305.135434
    305.135434      305.135434        305.135434        305.135434
    305.135434      305.135434        305.135434        305.135434
    305.135434      305.135434        305.135434        305.135434
    305.135434      305.135434        305.135434        305.135434
    305.135434      305.135434        305.135434        305.135434
    305.135434      305.135434        305.135434        305.135434
    305.135434      305.135434        305.135434        305.135434
    305.135434      305.135434        305.135434        305.135434
    305.135434      305.135434        305.135434        305.135434
    305.135434      305.135434        305.135434        305.135434
    305.135434      305.135434        305.135434        305.135434
    305.135434      305.135434        305.135434        305.135434
    305.135434      305.135434        305.135434        305.135434
    305.135434      305.135434        305.135434        305.135434
    305.135434      305.135434        305.135434        305.135434
    305.135434      305.135434        305.135434        305.135434
    305.135434      305.135434        305.135434        305.135434
    305.135434      305.135434        305.135434        305.135434
    305.135434      305.135434        305.135434        305.135434
    305.135434      305.135434        305.135434        305.135434
    305.135434      305.135434        305.135434        305.135434
    305.135434      305.135434        305.135434        305.135434
    305.135434      305.135434        305.135434        305.135434
    305.135434      305.135434        305.135434        305.135434
    305.135434      305.135434        305.135434        305.135434
    305.135434      305.135434        305.135434        305.135434
    305.135434      305.135434        305.135434        305.135434
    305.135434      305.135434        305.135434        305.135434
    305.135434      305.135434        305.135434        305.135434
    305.135434      305.135434        305.135434        305.135434
    305.135434      305.135434        305.135434        305.135434
    305.135434      305.135434        305.135434        305.135434
    305.135434      305.135434        305.135434        305.135434
    305.135434      305.135434        305.135434        305.135434
    305.135434      305.135434        305.135434        305.135434
    305.135434      305.135434        305.135434        305.135434
    305.135434      305.135434        305.135434        305.135434
    305.135434      305.135434        305.135434        305.135434
    305.135434      305.135434        305.135434        305.135434
    305.135434      305.135434        305.135434        305.135434
    305.135434      305.135434        305.135434        305.135434
    305.135434      305.135434        305.135434        305.135434
    305.135434      305.135434        305.135434        305.135434
    305.135434      305.135434        305.135434        305.135434
    305.135434      305.135434        305.135434        305.135434
    305.135434      305.135434        305.135434        305.135434
    305.135434      305.135434        305.135434        305.135434
    305.135434      305.135434        305.135434        305.135434
    305.135434      305.135434        305.135434        305.135434
    305.135434      305.135434        305.135434        305.135434
    305.135434      305.135434        305.135434        305.135434
    305.135434      305.135434        305.135434        305.135434
    305.135434      305.135434        305.135434        305.135434
    305.135434      305.135434        305.135434        305.135434
    305.135434      305.135434        305.135434        305.135434
    305.135434      305.135434        305.135434        305.135434
    305.135434      305.135434        305.135434        305.135434
    305.135434      305.135434        305.135434        305.135434
    305.135434      305.135434        305.135434        305.135434
    305.135434      305.135434        305.135434        305.135434
    305.135434      305.135434        305.135434        305.135434
    305.135434      305.135434        305.135434        305.135434
    305.135434      305.135434        305.135434        305.135434
    305.135434      305.135434        305.135434        305.135434
    305.135434      305.135434        305.135434        305.135434
    305.135434      305.135434        305.135434        305.135434
    305.135434      305.135434        305.135434        305.135434
    305.135434      305.135434        305.135434        305.135434
    305.135434      305.135434        305.135434        305.135434
    305.135434      305.135434        305.135434        305.135434
    305.135434      305.135434        305.135434        305.135434
    305.135434      305.135434        305.135434        305.135434
    305.135434      305.135434        305.135434        305.135434
    305.135434      305.135434        305.135434        305.135434
    305.135434      305.135434        305.135434        305.135434
    305.135434      305.135434        305.135434        305.135434
    305.135434      305.135434        305.135434        305.135434
    305.135434      305.135434        305.135434        305.135434
    305.135434      305.135434        305.135434        305.135434
    305.135434      305.135434        305.135434        305.135434
    305.135434      305.135434        305.135434        305.135434
    305.135434      305.135434        305.135434        305.135434
    305.135434      305.135434        305.135434        305.135434
    305.135434      305.135434        305.135434        305.135434
    305.135434      305.135434        305.135434        305.135434
    305.135434      305.135434        305.135434        305.135434
    305.135434      305.135434        305.135434        305.135434
    305.135434      305.135434        305.135434        305.135434
    305.135434      305.135434        305.135434        305.135434
    305.135434      305.135434        305.135434        305.135434
    305.135434      305.135434        305.135434        305.135434
    305.135434      305.135434        305.135434        305.135434
    305.135434      305.135434        305.135434        305.135434
    305.135434      305.135434        305.135434        305.135434
    305.135434      305.135434        305.135434        305.135434
    305.135434      305.135434        305.135434        305.135434
    305.135434      305.135434        305.135434        305.135434
    305.135434      305.135434        305.135434        305.135434
    305.135434      305.135434        305.135434        305.135434
    305.135434      305.135434        305.135434        305.135434
    305.135434      305.135434        305.135434        305.135434
    305.135434      305.135434        305.135434        305.135434
    305.135434      305.135434        305.135434        305.135434
    305.135434      305.135434        305.135434        305.135434
    305.135434      305.135434        305.135434        305.135434
    305.135434      305.135434        305.135434        305.135434
    305.135434      305.135434        305.135434        305.135434
    305.135434      305.135434        305.135434        305.135434
    305.135434      305.135434        305.135434        305.135434
    305.135434      305.135434        305.135434        305.135434
    305.135434      305.135434        305.135434        305.135434
    305.135434      305.135434        305.135434        305.135434
    305.135434      305.135434        305.135434        305.135434
    305.135434      305.135434        305.135434        305.135434
    305.135434      305.135434        305.135434        305.135434
    305.135434      305.135434        305.135434        305.135434
    305.135434      305.135434        305.135434        305.135434
    305.135434      305.135434        305.135434        305.135434
    305.135434      305.135434        305.135434        305.135434
    305.135434      305.135434        305.135434        305.135434
    305.135434      305.135434        305.135434        305.135434
    305.135434      305.135434        305.135434        305.135434
    305.135434      305.135434        305.135434        305.135434
    305.135434      305.135434        305.135434        305.135434
    305.135434      305.135434        305.135434        305.135434
    305.135434      305.135434        305.135434        305.135434
    305.135434      305.135434        305.135434        305.135434
    305.135434      305.135434        305.135434        305.135434
    305.135434      305.135434        305.135434        305.135434
    305.135434      305.135434        305.135434        305.135434
    305.135434      305.135434        305.135434        305.135434
    305.135434      305.135434        305.135434        305.135434
    305.135434      305.135434        305.135434        305.135434
    305.135434      305.135434        305.135434        305.135434
    305.135434      305.135434        305.135434        305.135434
    305.135434      305.135434        305.135434        305.135434
    305.135434      305.135434        305.135434        305.135434
    305.135434      305.135434        305.135434        305.135434
    305.135434      305.135434        305.135434        305.135434
    305.135434      305.135434        305.135434        305.135434
    305.135434      305.135434        305.135434        305.135434
    305.135434      305.135434        305.135434        305.135434
    305.135434      305.135434        305.135434        305.135434
    305.135434      305.135434        305.135434        305.135434
    305.135434      305.135434        305.135434        305.135434
    305.135434      305.135434        305.135434        305.135434
    305.135434      305.135434        305.135434        305.135434
    305.135434      305.135434        305.135434        305.135434
    305.135434      305.135434        305.135434        305.135434
    305.135434      305.135434        305.135434        305.135434
    305.135434      305.135434        305.135434        305.135434
    305.135434      305.135434        305.135434        305.135434
    305.135434      305.135434        305.135434        305.135434
    305.135434      305.135434        305.135434        305.135434
    305.135434      305.135434        305.135434        305.135434
    305.135434      305.135434        305.135434        305.135434
    305.135434      305.135434        305.135434        305.135434
    305.135434      305.135434        305.135434        305.135434
    305.135434      305.135434        305.135434        305.135434
    305.135434      305.135434        305.135434        305.135434
    305.135434      305.135434        305.135434        305.135434
    305.135434      305.135434        305.135434        305.135434
    305.135434      305.135434        305.135434        305.135434
    305.135434      305.135434        305.135434        305.135434
    305.135434      305.135434        305.135434        305.135434
    305.135434      305.135434        305.135434        305.135434
    305.135434      305.135434        305.135434        305.135434
    305.135434      305.135434        305.135434        305.135434
    305.135434      305.135434        305.135434        305.135434
    305.135434      305.135434        305.135434        305.135434
    305.135434      305.135434        305.135434        305.135434
    305.135434      305.135434        305.135434        305.135434
    305.135434      305.135434        305.135434        305.135434
    305.135434      305.135434        305.135434        305.135434
    305.135434      305.135434        305.135434        305.135434
    305.135434      305.135434        305.135434        305.135434
    305.135434      305.135434        305.135434        305.135434
    305.135434      305.135434        305.135434        305.135434
    305.135434      305.135434        305.135434        305.135434
    305.135434      305.135434        305.135434        305.135434
    305.135434      305.135434        305.135434        305.135434
    305.135434      305.135434        305.135434        305.135434
    305.135434      305.135434        305.135434        305.135434
    305.135434      305.135434        305.135434        305.135434
    305.135434      305.135434        305.135434        305.135434
    305.135434      305.135434        305.135434        305.135434
    305.135434      305.135434        305.135434        305.135434
    305.135434      305.135434        305.135434        305.135434
    305.135434      305.135434        305.135434        305.135434
    305.135434      305.135434        305.135434        305.135434
    305.135434      305.135434        305.135434        305.135434
    305.135434      305.135434        305.135434        305.135434
    305.135434      305.135434        305.135434        305.135434
    305.135434      305.135434        305.135434        305.135434
    305.135434      305.135434        305.135434        305.135434
    305.135434      305.135434        305.135434        305.135434
    305.135434      305.135434        305.135434        305.135434
    305.135434      305.135434        305.135434        305.135434
    305.135434      305.135434        305.135434        305.135434
    305.135434      305.135434        305.135434        305.135434
    305.135434      305.135434        305.135434        305.135434
    305.135434      305.135434        305.135434        305.135434
    305.135434      305.135434        305.135434        305.135434
    305.135434      305.135434        305.135434        305.135434
    305.135434      305.135434        305.135434        305.135434
    305.135434      305.135434        305.135434        305.135434
    305.135434      305.135434        305.135434        305.135434
    305.135434      305.135434        305.135434        305.135434
    305.135434      305.135434        305.135434        305.135434
    305.135434      305.135434        305.135434        305.135434
    305.135434      305.135434        305.135434        305.135434
    305.135434      305.135434        305.135434        305.135434
    305.135434      305.135434        305.135434        305.135434
    305.135434      305.135434        305.135434        305.135434
    305.135434      305.135434        305.135434        305.135434
    305.135434      305.135434        305.135434        305.135434
    305.135434      305.135434        305.135434        305.135434
    305.135434      305.135434        305.135434        305.135434
    305.135434      305.135434        305.135434        305.135434
    305.135434      305.135434        305.135434        305.135434
    305.135434      305.135434        305.135434        305.135434
    305.135434      305.135434        305.135434        305.135434
    305.135434      305.135434        305.135434        305.135434
    305.135434      305.135434        305.135434        305.135434
    305.135434      305.135434        305.135434        305.135434
    305.135434      305.135434        305.135434        305.135434
    305.135434      305.135434        305.135434        305.135434
    305.135434      305.135434        305.135434        305.135434
    305.135434      305.135434        305.135434        305.135434
    305.135434      305.135434        305.135434        305.135434
    305.135434      305.135434        305.135434        305.135434
    305.135434      305.135434        305.135434        305.135434
    305.135434      305.135434        305.135434        305.135434
    305.135434      305.135434        305.135434        305.135434
    305.135434      305.135434        305.135434        305.135434
    305.135434      305.135434        305.135434        305.135434
    305.135434      305.135434        305.135434        305.135434
    305.135434      305.135434        305.135434        305.135434
    305.135434      305.135434        305.135434        305.135434
    305.135434      305.135434        305.135434        305.135434
    305.135434      305.135434        305.135434        305.135434
    305.135434      305.135434        305.135434        305.135434
    305.135434      305.135434        305.135434        305.135434
    305.135434      305.135434        305.135434        305.135434
    305.135434      305.135434        305.135434        305.135434
    305.135434      305.135434        305.135434        305.135434
    305.135434      305.135434        305.135434        305.135434
    305.135434      305.135434        305.135434        305.135434
    305.135434      305.135434        305.135434        305.135434
    305.135434      305.135434        305.135434        305.135434
    305.135434      305.135434        305.135434        305.135434
    305.135434      305.135434        305.135434        305.135434
    305.135434      305.135434        305.135434        305.135434
    305.135434      305.135434        305.135434        305.135434
    305.135434      305.135434        305.135434        305.135434
    305.135434      305.135434        305.135434        305.135434
    305.135434      305.135434        305.135434        305.135434
    305.135434      305.135434        305.135434        305.135434
    305.135434      305.135434        305.135434        305.135434
    305.135434      305.135434        305.135434        305.135434
    305.135434      305.135434        305.135434        305.135434
    305.135434      305.135434        305.135434        305.135434
    305.135434      305.135434        305.135434        305.135434
    305.135434      305.135434        305.135434        305.135434
    305.135434      305.135434        305.135434        305.135434
    305.135434      305.135434        305.135434        305.135434
    305.135434      305.135434        305.135434        305.135434
    305.135434      305.135434        305.135434        305.135434
    305.135434      305.135434        305.135434        305.135434
    305.135434      305.135434        305.135434        305.135434
    305.135434      305.135434        305.135434        305.135434
    305.135434      305.135434        305.135434        305.135434
    305.135434      305.135434        305.135434        305.135434
    305.135434      305.135434        305.135434        305.135434
    305.135434      305.135434        305.135434        305.135434
    305.135434      305.135434        305.135434        305.135434
    305.135434      305.135434        305.135434        305.135434
    305.135434      305.135434        305.135434        305.135434
    305.135434      305.135434        305.135434        305.135434
    305.135434      305.135434        305.135434        305.135434
    305.135434      305.135434        305.135434        305.135434
    305.135434      305.135434        305.135434        305.135434
    305.135434      305.135434        305.135434        305.135434
    305.135434      305.135434        305.135434        305.135434
    305.135434      305.135434        305.135434        305.135434
    305.135434      305.135434        305.135434        305.135434
    305.135434      305.135434        305.135434        305.135434
    305.135434      305.135434        305.135434        305.135434
    305.135434      305.135434        305.135434        305.135434
    305.135434      305.135434        305.135434        305.135434
    305.135434      305.135434        305.135434        305.135434
    305.135434      305.135434        305.135434        305.135434
    305.135434      305.135434        305.135434        305.135434
    305.135434      305.135434        305.135434        305.135434
    305.135434      305.135434        305.135434        305.135434
    305.135434      305.135434        305.135434        305.135434
    305.135434      305.135434        305.135434        305.135434
    305.135434      305.135434        305.135434        305.135434
    305.135434      305.135434        305.135434        305.135434
    305.135434      305.135434        305.135434        305.135434
    305.135434      305.135434        305.135434        305.135434
    305.135434      305.135434        305.135434        305.135434
    305.135434      305.135434        305.135434        305.135434
    305.135434      305.135434        305.135434        305.135434
    305.135434      305.135434        305.135434        305.135434
    305.135434      305.135434        305.135434        305.135434
    305.135434      305.135434        305.135434        305.135434
    305.135434      305.135434        305.135434        305.135434
    305.135434      305.135434        305.135434        305.135434
    305.135434      305.135434        305.135434        305.135434
    305.135434      305.135434        305.135434        305.135434
    305.135434      305.135434        305.135434        305.135434
    305.135434      305.135434        305.135434        305.135434
    305.135434      305.135434        305.135434        305.135434
    305.135434      305.135434        305.135434        305.135434
    305.135434      305.135434        305.135434        305.135434
    305.135434      305.135434        305.135434        305.135434
    305.135434      305.135434        305.135434        305.135434
    305.135434      305.135434        305.135434        305.135434
    305.135434      305.135434        305.135434        305.135434
    305.135434      305.135434        305.135434        305.135434
    305.135434      305.135434        305.135434        305.135434
    305.135434      305.135434        305.135434        305.135434
    305.135434      305.135434        305.135434        305.135434
    305.135434      305.135434        305.135434        305.135434
    305.135434      305.135434        305.135434        305.135434
    305.135434      305.135434        305.135434        305.135434
    305.135434      305.135434        305.135434        305.135434
    305.135434      305.135434        305.135434        305.135434
    305.135434      305.135434        305.135434        305.135434
    305.135434      305.135434        305.135434        305.135434
    305.135434      305.135434        305.135434        305.135434
    305.135434      305.135434        305.135434        305.135434
    305.135434      305.135434        305.135434        305.135434
    305.135434      305.135434        305.135434        305.135434
    305.135434      305.135434        305.135434        305.135434
    305.135434      305.135434        305.135434        305.135434
    305.135434      305.135434        305.135434        305.135434
    305.135434      305.135434        305.135434        305.135434
    305.135434      305.135434        305.135434        305.135434
    305.135434      305.135434        305.135434        305.135434
    305.135434      305.135434        305.135434        305.135434
    305.135434      305.135434        305.135434        305.135434
    305.135434      305.135434        305.135434        305.135434
    305.135434      305.135434        305.135434        305.135434
    305.135434      305.135434        305.135434        305.135434
    305.135434      305.135434        305.135434        305.135434
    305.135434      305.135434        305.135434        305.135434
    305.135434      305.135434        305.135434        305.135434
    305.135434      305.135434        305.135434        305.135434
    305.135434      305.135434        305.135434        305.135434
    305.135434      305.135434        305.135434        305.135434
    305.135434      305.135434        305.135434        305.135434
    305.135434      305.135434        305.135434        305.135434
    305.135434      305.135434        305.135434        305.135434
    305.135434      305.135434        305.135434        305.135434
    305.135434      305.135434        305.135434        305.135434
    305.135434      305.135434        305.135434        305.135434
    305.135434      305.135434        305.135434        305.135434
    305.135434      305.135434        305.135434        305.135434
    305.135434      305.135434        305.135434        305.135434
    305.135434      305.135434        305.135434        305.135434
    305.135434      305.135434        305.135434        305.135434
    305.135434      305.135434        305.135434        305.135434
    305.135434      305.135434        305.135434        305.135434
    305.135434      305.135434        305.135434        305.135434
    305.135434      305.135434        305.135434        305.135434
    305.135434      305.135434        305.135434        305.135434
    305.135434      305.135434        305.135434        305.135434
    305.135434      305.135434        305.135434        305.135434
    305.135434      305.135434        305.135434        305.135434
    305.135434      305.135434        305.135434        305.135434
    305.135434      305.135434        305.135434        305.135434
    305.135434      305.135434        305.135434        305.135434
    305.135434      305.135434        305.135434        305.135434
    305.135434      305.135434        305.135434        305.135434
    305.135434      305.135434        305.135434        305.135434
    305.135434      305.135434        305.135434        305.135434
    305.135434      305.135434        305.135434        305.135434
    305.135434      305.135434        305.135434        305.135434
    305.135434      305.135434        305.135434        305.135434
    305.135434      305.135434        305.135434        305.135434
    305.135434      305.135434        305.135434        305.135434
    305.135434      305.135434        305.135434        305.135434
    305.135434      305.135434        305.135434        305.135434
    305.135434      305.135434        305.135434        305.135434
    305.135434      305.135434        305.135434        305.135434
    305.135434      305.135434        305.135434        305.135434
    305.135434      305.135434        305.135434        305.135434
    305.135434      305.135434        305.135434        305.135434
    305.135434      305.135434        305.135434        305.135434
    305.135434      305.135434        305.135434        305.135434
    305.135434      305.135434        305.135434        305.135434
    305.135434      305.135434        305.135434        305.135434
    305.135434      305.135434        305.135434        305.135434
    305.135434      305.135434        305.135434        305.135434
    305.135434      305.135434        305.135434        305.135434
    305.135434      305.135434        305.135434        305.135434
    305.135434      305.135434        305.135434        305.135434
    305.135434      305.135434        305.135434        305.135434
    305.135434      305.135434        305.135434        305.135434
    305.135434      305.135434        305.135434        305.135434
    305.135434      305.135434        305.135434        305.135434
    305.135434      305.135434        305.135434        305.135434
    305.135434      305.135434        305.135434        305.135434
    305.135434      305.135434        305.135434        305.135434
    305.135434      305.135434        305.135434        305.135434
    305.135434      305.135434        305.135434        305.135434
    305.135434      305.135434        305.135434        305.135434
    305.135434      305.135434        305.135434        305.135434
    305.135434      305.135434        305.135434        305.135434
    305.135434      305.135434        305.135434        305.135434
    305.135434      305.135434        305.135434        305.135434
    305.135434      305.135434        305.135434        305.135434
    305.135434      305.135434        305.135434        305.135434
    305.135434      305.135434        305.135434        305.135434
    305.135434      305.135434        305.135434        305.135434
    305.135434      305.135434        305.135434        305.135434
    305.135434      305.135434        305.135434        305.135434
    305.135434      305.135434        305.135434        305.135434
    305.135434      305.135434        305.135434        305.135434
    305.135434      305.135434        305.135434        305.135434
    305.135434      305.135434        305.135434        305.135434
    305.135434      305.135434        305.135434        305.135434
    305.135434      305.135434        305.135434        305.135434
    305.135434      305.135434        305.135434        305.135434
    305.135434      305.135434        305.135434        305.135434
    305.135434      305.135434        305.135434        305.135434
    305.135434      305.135434        305.135434        305.135434
    305.135434      305.135434        305.135434        305.135434
    305.135434      305.135434        305.135434        305.135434
    305.135434      305.135434        305.135434        305.135434
    305.135434      305.135434        305.135434        305.135434
    305.135434      305.135434        305.135434        305.135434
    305.135434      305.135434        305.135434        305.135434
    305.135434      305.135434        305.135434        305.135434
    305.135434      305.135434        305.135434        305.135434
    305.135434      305.135434        305.135434        305.135434
    305.135434      305.135434        305.135434        305.135434
    305.135434      305.135434        305.135434        305.135434
    305.135434      305.135434        305.135434        305.135434
    305.135434      305.135434        305.135434        305.135434
    305.135434      305.135434        305.135434        305.135434
    305.135434      305.135434        305.135434        305.135434
    305.135434      305.135434        305.135434        305.135434
    305.135434      305.135434        305.135434        305.135434
    305.135434      305.135434        305.135434        305.135434
    305.135434      305.135434        305.135434        305.135434
    305.135434      305.135434        305.135434        305.135434
    305.135434      305.135434        305.135434        305.135434
    305.135434      305.135434        305.135434        305.135434
    305.135434      305.135434        305.135434        305.135434
    305.135434      305.135434        305.135434        305.135434
    305.135434      305.135434        305.135434        305.135434
    305.135434      305.135434        305.135434        305.135434
    305.135434      305.135434        305.135434        305.135434
    305.135434      305.135434        305.135434        305.135434
    305.135434      305.135434        305.135434        305.135434
    305.135434      305.135434        305.135434        305.135434
    305.135434      305.135434        305.135434        305.135434
    305.135434      305.135434        305.135434        305.135434
    305.135434      305.135434        305.135434        305.135434
    305.135434      305.135434        305.135434        305.135434
    305.135434      305.135434        305.135434        305.135434
    305.135434      305.135434        305.135434        305.135434
    305.135434      305.135434        305.135434        305.135434
    305.135434      305.135434        305.135434        305.135434
    305.135434      305.135434        305.135434        305.135434
    305.135434      305.135434        305.135434        305.135434
    305.135434      305.135434        305.135434        305.135434
    305.135434      305.135434        305.135434        305.135434
    305.135434      305.135434        305.135434        305.135434
    305.135434      305.135434        305.135434        305.135434
    305.135434      305.135434        305.135434        305.135434
    305.135434      305.135434        305.135434        305.135434
    305.135434      305.135434        305.135434        305.135434
    305.135434      305.135434        305.135434        305.135434
    305.135434      305.135434        305.135434        305.135434
    305.135434      305.135434        305.135434        305.135434
    305.135434      305.135434        305.135434        305.135434
    305.135434      305.135434        305.135434        305.135434
    305.135434      305.135434        305.135434        305.135434
    305.135434      305.135434        305.135434        305.135434
    305.135434      305.135434        305.135434        305.135434
    305.135434      305.135434        305.135434        305.135434
    305.135434      305.135434        305.135434        305.135434
    305.135434      305.135434        305.135434        305.135434
    305.135434      305.135434        305.135434        305.135434
    305.135434      305.135434        305.135434        305.135434
    305.135434      305.135434        305.135434        305.135434
    305.135434      305.135434        305.135434        305.135434
    305.135434      305.135434        305.135434        305.135434
    305.135434      305.135434        305.135434        305.135434
    305.135434      305.135434        305.135434        305.135434
    305.135434      305.135434        305.135434        305.135434
    305.135434      305.135434        305.135434        305.135434
    305.135434      305.135434        305.135434        305.135434
    305.135434      305.135434        305.135434        305.135434
    305.135434      305.135434        305.135434        305.135434
    305.135434      305.135434        305.135434        305.135434
    305.135434      305.135434        305.135434        305.135434
    305.135434      305.135434        305.135434        305.135434
    305.135434      305.135434        305.135434        305.135434
    305.135434      305.135434        305.135434        305.135434
    305.135434      305.135434        305.135434        305.135434
